# Overlay Gate A -- MVP_Run (Story 5.28, pipeline 3)
# Genere par RoadRage/Traffic V2/Compiler le modele authore ; coordonnees monde en centimetres ; box = centre ; demi-dimensions.

instance GlobalObjectId_V1-2-ee081d5cbff641bb9dd499b4f13a8d62-1470702659269911219-1045154302 TunnelPortal_SouthWest (TunnelPortal)
corridor 4d1d749db78465cdc4e90ee844e3d898 [centre] -4473,0,-4756 -3801,0,-4084
corridor 4d1d749db78465cdc4e90ee844e3d898 [bord gauche] -4614,0,-4614 -3942,0,-3942
corridor 4d1d749db78465cdc4e90ee844e3d898 [bord droit] -4331,0,-4897 -3660,0,-4225
corridor 456446f0213cdfedcbcb6d32f7ee7db6 [centre] -4084,0,-3801 -4756,0,-4473
corridor 456446f0213cdfedcbcb6d32f7ee7db6 [bord gauche] -3942,0,-3942 -4614,0,-4614
corridor 456446f0213cdfedcbcb6d32f7ee7db6 [bord droit] -4225,0,-3660 -4897,0,-4331
portail 49d29d3fd771ae4966aca755b3442cbc [Exit] -4455,0,-4455 -4614,0,-4614 -4897,0,-4331 -4738,0,-4172 -4455,0,-4455
portail 4889b9d5d0f80bc3ce3c3514a5d6f7aa [Entry] -4614,0,-4614 -4455,0,-4455 -4172,0,-4738 -4331,0,-4897 -4614,0,-4614

instance GlobalObjectId_V1-2-ee081d5cbff641bb9dd499b4f13a8d62-1470702659269911219-1574439523 TunnelPortal_NorthEast (TunnelPortal)
corridor 4feeebdeeefd1a0f872a7e456b3a5287 [centre] 4473,0,4756 3801,0,4084
corridor 4feeebdeeefd1a0f872a7e456b3a5287 [bord gauche] 4614,0,4614 3942,0,3942
corridor 4feeebdeeefd1a0f872a7e456b3a5287 [bord droit] 4331,0,4897 3660,0,4225
corridor 4dc46e84668993d38378e9cfd4f366b4 [centre] 4084,0,3801 4756,0,4473
corridor 4dc46e84668993d38378e9cfd4f366b4 [bord gauche] 3942,0,3942 4614,0,4614
corridor 4dc46e84668993d38378e9cfd4f366b4 [bord droit] 4225,0,3660 4897,0,4331
portail 436d9a1a58c93bd19cdf0014de309f98 [Exit] 4455,0,4455 4614,0,4614 4897,0,4331 4738,0,4172 4455,0,4455
portail 4ce14124d3729e5b3ad1174c8653a99d [Entry] 4614,0,4614 4455,0,4455 4172,0,4738 4331,0,4897 4614,0,4614

instance GlobalObjectId_V1-2-ee081d5cbff641bb9dd499b4f13a8d62-1470702659269911219-234956567 TunnelPortal_NorthWest (TunnelPortal)
corridor 4f3543b1218b82af65b5b8fc58457fb3 [centre] -4756,0,4473 -4084,0,3801
corridor 4f3543b1218b82af65b5b8fc58457fb3 [bord gauche] -4614,0,4614 -3942,0,3942
corridor 4f3543b1218b82af65b5b8fc58457fb3 [bord droit] -4897,0,4331 -4225,0,3660
corridor 4097b38e7bf2ad82edd9087f6d56ae8b [centre] -3801,0,4084 -4473,0,4756
corridor 4097b38e7bf2ad82edd9087f6d56ae8b [bord gauche] -3942,0,3942 -4614,0,4614
corridor 4097b38e7bf2ad82edd9087f6d56ae8b [bord droit] -3660,0,4225 -4331,0,4897
portail 48090a5d359625c04fb6050a2407f292 [Exit] -4455,0,4455 -4614,0,4614 -4331,0,4897 -4172,0,4738 -4455,0,4455
portail 4882b42dcf37410f4f629825c30f5f99 [Entry] -4614,0,4614 -4455,0,4455 -4738,0,4172 -4897,0,4331 -4614,0,4614

instance GlobalObjectId_V1-2-ee081d5cbff641bb9dd499b4f13a8d62-1470702659269911219-75338410 TunnelPortal_SouthEast (TunnelPortal)
corridor 4403c568617df5ea8f9a2fdf743748ad [centre] 4756,0,-4473 4084,0,-3801
corridor 4403c568617df5ea8f9a2fdf743748ad [bord gauche] 4614,0,-4614 3942,0,-3942
corridor 4403c568617df5ea8f9a2fdf743748ad [bord droit] 4897,0,-4331 4225,0,-3660
corridor 4d0941441253fa2a0e6c10dfc9caea8e [centre] 3801,0,-4084 4473,0,-4756
corridor 4d0941441253fa2a0e6c10dfc9caea8e [bord gauche] 3942,0,-3942 4614,0,-4614
corridor 4d0941441253fa2a0e6c10dfc9caea8e [bord droit] 3660,0,-4225 4331,0,-4897
portail 4dcf9641f7a714b8bc785696d1709798 [Exit] 4455,0,-4455 4614,0,-4614 4331,0,-4897 4172,0,-4738 4455,0,-4455
portail 48d96a31a823c14dc3c3c55e08da6bbb [Entry] 4614,0,-4614 4455,0,-4455 4738,0,-4172 4897,0,-4331 4614,0,-4614

instance GlobalObjectId_V1-2-ee081d5cbff641bb9dd499b4f13a8d62-2174360367984508665-1056351953 TJunction_East (TJunction)
frontiere 4e5a1a75c3a9e48af02ad41483e25491 [TJunction] 2900,0,0 ; 700,200,1000
mouvement 489d4a3b8777534a9bdbd8fb0c6cfc8f [centre] 3400,0,-800 3400,0,-794 3400,0,-788 3400,0,-781 3400,0,-775 3400,0,-769 3400,0,-763 3400,0,-756 3400,0,-750 3400,0,-744 3400,0,-738 3400,0,-731 3400,0,-725 3400,0,-719 3400,0,-713 3400,0,-706 3400,0,-700 3400,0,-694 3400,0,-688 3400,0,-681 3400,0,-675 3400,0,-669 3400,0,-663 3400,0,-656 3400,0,-650 3400,0,-644 3400,0,-638 3400,0,-631 3400,0,-625 3400,0,-619 3400,0,-613 3400,0,-606 3400,0,-600 3400,0,-594 3400,0,-588 3400,0,-581 3400,0,-575 3400,0,-569 3400,0,-563 3400,0,-556 3400,0,-550 3400,0,-544 3400,0,-538 3400,0,-531 3400,0,-525 3400,0,-519 3400,0,-513 3400,0,-506 3400,0,-500 3400,0,-494 3400,0,-488 3400,0,-481 3400,0,-475 3400,0,-469 3400,0,-463 3400,0,-456 3400,0,-450 3400,0,-444 3400,0,-438 3400,0,-431 3400,0,-425 3400,0,-419 3400,0,-413 3400,0,-406 3400,0,-400 3400,0,-394 3400,0,-388 3400,0,-381 3400,0,-375 3400,0,-369 3400,0,-363 3400,0,-356 3400,0,-350 3400,0,-344 3400,0,-338 3400,0,-331 3400,0,-325 3400,0,-319 3400,0,-313 3400,0,-306 3400,0,-300 3400,0,-294 3400,0,-288 3400,0,-281 3400,0,-275 3400,0,-269 3400,0,-263 3400,0,-256 3400,0,-250 3400,0,-244 3400,0,-238 3400,0,-231 3400,0,-225 3400,0,-219 3400,0,-213 3400,0,-206 3400,0,-200 3400,0,-194 3400,0,-188 3400,0,-181 3400,0,-175 3400,0,-169 3400,0,-163 3400,0,-156 3400,0,-150 3400,0,-144 3400,0,-138 3400,0,-131 3400,0,-125 3400,0,-119 3400,0,-113 3400,0,-106 3400,0,-100 3400,0,-94 3400,0,-88 3400,0,-81 3400,0,-75 3400,0,-69 3400,0,-63 3400,0,-56 3400,0,-50 3400,0,-44 3400,0,-38 3400,0,-31 3400,0,-25 3400,0,-19 3400,0,-13 3400,0,-6 3400,0,0 3400,0,6 3400,0,13 3400,0,19 3400,0,25 3400,0,31 3400,0,38 3400,0,44 3400,0,50 3400,0,56 3400,0,63 3400,0,69 3400,0,75 3400,0,81 3400,0,88 3400,0,94 3400,0,100 3400,0,106 3400,0,113 3400,0,119 3400,0,125 3400,0,131 3400,0,138 3400,0,144 3400,0,150 3400,0,156 3400,0,163 3400,0,169 3400,0,175 3400,0,181 3400,0,188 3400,0,194 3400,0,200 3400,0,206 3400,0,213 3400,0,219 3400,0,225 3400,0,231 3400,0,238 3400,0,244 3400,0,250 3400,0,256 3400,0,263 3400,0,269 3400,0,275 3400,0,281 3400,0,288 3400,0,294 3400,0,300 3400,0,306 3400,0,313 3400,0,319 3400,0,325 3400,0,331 3400,0,338 3400,0,344 3400,0,350 3400,0,356 3400,0,363 3400,0,369 3400,0,375 3400,0,381 3400,0,388 3400,0,394 3400,0,400 3400,0,406 3400,0,413 3400,0,419 3400,0,425 3400,0,431 3400,0,438 3400,0,444 3400,0,450 3400,0,456 3400,0,463 3400,0,469 3400,0,475 3400,0,481 3400,0,488 3400,0,494 3400,0,500 3400,0,506 3400,0,513 3400,0,519 3400,0,525 3400,0,531 3400,0,538 3400,0,544 3400,0,550 3400,0,556 3400,0,563 3400,0,569 3400,0,575 3400,0,581 3400,0,588 3400,0,594 3400,0,600 3400,0,606 3400,0,613 3400,0,619 3400,0,625 3400,0,631 3400,0,638 3400,0,644 3400,0,650 3400,0,656 3400,0,663 3400,0,669 3400,0,675 3400,0,681 3400,0,688 3400,0,694 3400,0,700 3400,0,706 3400,0,713 3400,0,719 3400,0,725 3400,0,731 3400,0,738 3400,0,744 3400,0,750 3400,0,756 3400,0,763 3400,0,769 3400,0,775 3400,0,781 3400,0,788 3400,0,794 3400,0,800
mouvement 489d4a3b8777534a9bdbd8fb0c6cfc8f [bord gauche] 3200,0,-800 3200,0,-794 3200,0,-788 3200,0,-781 3200,0,-775 3200,0,-769 3200,0,-763 3200,0,-756 3200,0,-750 3200,0,-744 3200,0,-738 3200,0,-731 3200,0,-725 3200,0,-719 3200,0,-713 3200,0,-706 3200,0,-700 3200,0,-694 3200,0,-688 3200,0,-681 3200,0,-675 3200,0,-669 3200,0,-663 3200,0,-656 3200,0,-650 3200,0,-644 3200,0,-638 3200,0,-631 3200,0,-625 3200,0,-619 3200,0,-613 3200,0,-606 3200,0,-600 3200,0,-594 3200,0,-588 3200,0,-581 3200,0,-575 3200,0,-569 3200,0,-563 3200,0,-556 3200,0,-550 3200,0,-544 3200,0,-538 3200,0,-531 3200,0,-525 3200,0,-519 3200,0,-513 3200,0,-506 3200,0,-500 3200,0,-494 3200,0,-488 3200,0,-481 3200,0,-475 3200,0,-469 3200,0,-463 3200,0,-456 3200,0,-450 3200,0,-444 3200,0,-438 3200,0,-431 3200,0,-425 3200,0,-419 3200,0,-413 3200,0,-406 3200,0,-400 3200,0,-394 3200,0,-388 3200,0,-381 3200,0,-375 3200,0,-369 3200,0,-363 3200,0,-356 3200,0,-350 3200,0,-344 3200,0,-338 3200,0,-331 3200,0,-325 3200,0,-319 3200,0,-313 3200,0,-306 3200,0,-300 3200,0,-294 3200,0,-288 3200,0,-281 3200,0,-275 3200,0,-269 3200,0,-263 3200,0,-256 3200,0,-250 3200,0,-244 3200,0,-238 3200,0,-231 3200,0,-225 3200,0,-219 3200,0,-213 3200,0,-206 3200,0,-200 3200,0,-194 3200,0,-188 3200,0,-181 3200,0,-175 3200,0,-169 3200,0,-163 3200,0,-156 3200,0,-150 3200,0,-144 3200,0,-138 3200,0,-131 3200,0,-125 3200,0,-119 3200,0,-113 3200,0,-106 3200,0,-100 3200,0,-94 3200,0,-88 3200,0,-81 3200,0,-75 3200,0,-69 3200,0,-63 3200,0,-56 3200,0,-50 3200,0,-44 3200,0,-38 3200,0,-31 3200,0,-25 3200,0,-19 3200,0,-13 3200,0,-6 3200,0,0 3200,0,6 3200,0,13 3200,0,19 3200,0,25 3200,0,31 3200,0,38 3200,0,44 3200,0,50 3200,0,56 3200,0,63 3200,0,69 3200,0,75 3200,0,81 3200,0,88 3200,0,94 3200,0,100 3200,0,106 3200,0,113 3200,0,119 3200,0,125 3200,0,131 3200,0,138 3200,0,144 3200,0,150 3200,0,156 3200,0,163 3200,0,169 3200,0,175 3200,0,181 3200,0,188 3200,0,194 3200,0,200 3200,0,206 3200,0,213 3200,0,219 3200,0,225 3200,0,231 3200,0,238 3200,0,244 3200,0,250 3200,0,256 3200,0,263 3200,0,269 3200,0,275 3200,0,281 3200,0,288 3200,0,294 3200,0,300 3200,0,306 3200,0,313 3200,0,319 3200,0,325 3200,0,331 3200,0,338 3200,0,344 3200,0,350 3200,0,356 3200,0,363 3200,0,369 3200,0,375 3200,0,381 3200,0,388 3200,0,394 3200,0,400 3200,0,406 3200,0,413 3200,0,419 3200,0,425 3200,0,431 3200,0,438 3200,0,444 3200,0,450 3200,0,456 3200,0,463 3200,0,469 3200,0,475 3200,0,481 3200,0,488 3200,0,494 3200,0,500 3200,0,506 3200,0,513 3200,0,519 3200,0,525 3200,0,531 3200,0,538 3200,0,544 3200,0,550 3200,0,556 3200,0,563 3200,0,569 3200,0,575 3200,0,581 3200,0,588 3200,0,594 3200,0,600 3200,0,606 3200,0,613 3200,0,619 3200,0,625 3200,0,631 3200,0,638 3200,0,644 3200,0,650 3200,0,656 3200,0,663 3200,0,669 3200,0,675 3200,0,681 3200,0,688 3200,0,694 3200,0,700 3200,0,706 3200,0,713 3200,0,719 3200,0,725 3200,0,731 3200,0,738 3200,0,744 3200,0,750 3200,0,756 3200,0,763 3200,0,769 3200,0,775 3200,0,781 3200,0,788 3200,0,794 3200,0,800
mouvement 489d4a3b8777534a9bdbd8fb0c6cfc8f [bord droit] 3600,0,-800 3600,0,-794 3600,0,-788 3600,0,-781 3600,0,-775 3600,0,-769 3600,0,-763 3600,0,-756 3600,0,-750 3600,0,-744 3600,0,-738 3600,0,-731 3600,0,-725 3600,0,-719 3600,0,-713 3600,0,-706 3600,0,-700 3600,0,-694 3600,0,-688 3600,0,-681 3600,0,-675 3600,0,-669 3600,0,-663 3600,0,-656 3600,0,-650 3600,0,-644 3600,0,-638 3600,0,-631 3600,0,-625 3600,0,-619 3600,0,-613 3600,0,-606 3600,0,-600 3600,0,-594 3600,0,-588 3600,0,-581 3600,0,-575 3600,0,-569 3600,0,-563 3600,0,-556 3600,0,-550 3600,0,-544 3600,0,-538 3600,0,-531 3600,0,-525 3600,0,-519 3600,0,-513 3600,0,-506 3600,0,-500 3600,0,-494 3600,0,-488 3600,0,-481 3600,0,-475 3600,0,-469 3600,0,-463 3600,0,-456 3600,0,-450 3600,0,-444 3600,0,-438 3600,0,-431 3600,0,-425 3600,0,-419 3600,0,-413 3600,0,-406 3600,0,-400 3600,0,-394 3600,0,-388 3600,0,-381 3600,0,-375 3600,0,-369 3600,0,-363 3600,0,-356 3600,0,-350 3600,0,-344 3600,0,-338 3600,0,-331 3600,0,-325 3600,0,-319 3600,0,-313 3600,0,-306 3600,0,-300 3600,0,-294 3600,0,-288 3600,0,-281 3600,0,-275 3600,0,-269 3600,0,-263 3600,0,-256 3600,0,-250 3600,0,-244 3600,0,-238 3600,0,-231 3600,0,-225 3600,0,-219 3600,0,-213 3600,0,-206 3600,0,-200 3600,0,-194 3600,0,-188 3600,0,-181 3600,0,-175 3600,0,-169 3600,0,-163 3600,0,-156 3600,0,-150 3600,0,-144 3600,0,-138 3600,0,-131 3600,0,-125 3600,0,-119 3600,0,-113 3600,0,-106 3600,0,-100 3600,0,-94 3600,0,-88 3600,0,-81 3600,0,-75 3600,0,-69 3600,0,-63 3600,0,-56 3600,0,-50 3600,0,-44 3600,0,-38 3600,0,-31 3600,0,-25 3600,0,-19 3600,0,-13 3600,0,-6 3600,0,0 3600,0,6 3600,0,13 3600,0,19 3600,0,25 3600,0,31 3600,0,38 3600,0,44 3600,0,50 3600,0,56 3600,0,63 3600,0,69 3600,0,75 3600,0,81 3600,0,88 3600,0,94 3600,0,100 3600,0,106 3600,0,113 3600,0,119 3600,0,125 3600,0,131 3600,0,138 3600,0,144 3600,0,150 3600,0,156 3600,0,163 3600,0,169 3600,0,175 3600,0,181 3600,0,188 3600,0,194 3600,0,200 3600,0,206 3600,0,213 3600,0,219 3600,0,225 3600,0,231 3600,0,238 3600,0,244 3600,0,250 3600,0,256 3600,0,263 3600,0,269 3600,0,275 3600,0,281 3600,0,288 3600,0,294 3600,0,300 3600,0,306 3600,0,313 3600,0,319 3600,0,325 3600,0,331 3600,0,338 3600,0,344 3600,0,350 3600,0,356 3600,0,363 3600,0,369 3600,0,375 3600,0,381 3600,0,388 3600,0,394 3600,0,400 3600,0,406 3600,0,413 3600,0,419 3600,0,425 3600,0,431 3600,0,438 3600,0,444 3600,0,450 3600,0,456 3600,0,463 3600,0,469 3600,0,475 3600,0,481 3600,0,488 3600,0,494 3600,0,500 3600,0,506 3600,0,513 3600,0,519 3600,0,525 3600,0,531 3600,0,538 3600,0,544 3600,0,550 3600,0,556 3600,0,563 3600,0,569 3600,0,575 3600,0,581 3600,0,588 3600,0,594 3600,0,600 3600,0,606 3600,0,613 3600,0,619 3600,0,625 3600,0,631 3600,0,638 3600,0,644 3600,0,650 3600,0,656 3600,0,663 3600,0,669 3600,0,675 3600,0,681 3600,0,688 3600,0,694 3600,0,700 3600,0,706 3600,0,713 3600,0,719 3600,0,725 3600,0,731 3600,0,738 3600,0,744 3600,0,750 3600,0,756 3600,0,763 3600,0,769 3600,0,775 3600,0,781 3600,0,788 3600,0,794 3600,0,800
mouvement 4f4973455028fea27294a19295e2e091 [centre] 3400,0,-800 3400,0,-794 3400,0,-787 3400,0,-781 3400,0,-774 3400,0,-768 3400,0,-761 3400,0,-755 3400,0,-748 3400,0,-742 3400,0,-735 3400,0,-729 3400,0,-723 3400,0,-716 3400,0,-710 3399,0,-703 3399,0,-697 3399,0,-690 3399,0,-684 3399,0,-677 3399,0,-671 3399,0,-664 3398,0,-658 3398,0,-652 3398,0,-645 3398,0,-639 3397,0,-632 3397,0,-626 3397,0,-619 3396,0,-613 3396,0,-606 3396,0,-600 3395,0,-594 3395,0,-587 3394,0,-581 3394,0,-574 3393,0,-568 3393,0,-561 3392,0,-555 3392,0,-549 3391,0,-542 3390,0,-536 3389,0,-529 3389,0,-523 3388,0,-516 3387,0,-510 3386,0,-504 3385,0,-497 3385,0,-491 3384,0,-484 3383,0,-478 3382,0,-472 3380,0,-465 3379,0,-459 3378,0,-453 3377,0,-446 3376,0,-440 3375,0,-434 3373,0,-427 3372,0,-421 3371,0,-415 3369,0,-408 3368,0,-402 3366,0,-396 3365,0,-390 3363,0,-383 3361,0,-377 3360,0,-371 3358,0,-365 3356,0,-358 3354,0,-352 3353,0,-346 3351,0,-340 3349,0,-334 3347,0,-328 3345,0,-321 3343,0,-315 3341,0,-309 3338,0,-303 3336,0,-297 3334,0,-291 3331,0,-285 3329,0,-279 3327,0,-273 3324,0,-267 3322,0,-261 3319,0,-255 3317,0,-249 3314,0,-243 3311,0,-238 3308,0,-232 3306,0,-226 3303,0,-220 3300,0,-214 3297,0,-209 3294,0,-203 3291,0,-197 3288,0,-192 3285,0,-186 3281,0,-180 3278,0,-175 3275,0,-169 3271,0,-164 3268,0,-158 3265,0,-153 3261,0,-147 3258,0,-142 3254,0,-137 3250,0,-131 3247,0,-126 3243,0,-121 3239,0,-115 3235,0,-110 3231,0,-105 3228,0,-100 3224,0,-95 3220,0,-90 3216,0,-85 3211,0,-80 3207,0,-75 3203,0,-70 3199,0,-65 3195,0,-60 3190,0,-55 3186,0,-51 3181,0,-46 3177,0,-41 3172,0,-37 3168,0,-32 3163,0,-28 3159,0,-23 3154,0,-19 3149,0,-14 3145,0,-10 3140,0,-5 3135,0,-1 3130,0,3 3125,0,7 3120,0,11 3115,0,16 3110,0,20 3105,0,24 3100,0,28 3095,0,31 3090,0,35 3085,0,39 3079,0,43 3074,0,47 3069,0,50 3063,0,54 3058,0,58 3053,0,61 3047,0,65 3042,0,68 3036,0,71 3031,0,75 3025,0,78 3020,0,81 3014,0,85 3008,0,88 3003,0,91 2997,0,94 2991,0,97 2986,0,100 2980,0,103 2974,0,106 2968,0,108 2962,0,111 2957,0,114 2951,0,117 2945,0,119 2939,0,122 2933,0,124 2927,0,127 2921,0,129 2915,0,131 2909,0,134 2903,0,136 2897,0,138 2891,0,141 2885,0,143 2879,0,145 2872,0,147 2866,0,149 2860,0,151 2854,0,153 2848,0,154 2842,0,156 2835,0,158 2829,0,160 2823,0,161 2817,0,163 2810,0,165 2804,0,166 2798,0,168 2792,0,169 2785,0,171 2779,0,172 2773,0,173 2766,0,175 2760,0,176 2754,0,177 2747,0,178 2741,0,179 2735,0,180 2728,0,182 2722,0,183 2716,0,184 2709,0,185 2703,0,185 2696,0,186 2690,0,187 2684,0,188 2677,0,189 2671,0,189 2664,0,190 2658,0,191 2651,0,192 2645,0,192 2639,0,193 2632,0,193 2626,0,194 2619,0,194 2613,0,195 2606,0,195 2600,0,196 2594,0,196 2587,0,196 2581,0,197 2574,0,197 2568,0,197 2561,0,198 2555,0,198 2548,0,198 2542,0,198 2536,0,199 2529,0,199 2523,0,199 2516,0,199 2510,0,199 2503,0,199 2497,0,199 2490,0,200 2484,0,200 2477,0,200 2471,0,200 2465,0,200 2458,0,200 2452,0,200 2445,0,200 2439,0,200 2432,0,200 2426,0,200 2419,0,200 2413,0,200 2406,0,200 2400,0,200
mouvement 4f4973455028fea27294a19295e2e091 [bord gauche] 3200,0,-800 3200,0,-794 3200,0,-787 3200,0,-781 3200,0,-774 3200,0,-768 3200,0,-762 3200,0,-756 3200,0,-749 3200,0,-743 3200,0,-737 3200,0,-731 3200,0,-725 3200,0,-718 3200,0,-712 3200,0,-706 3199,0,-700 3199,0,-694 3199,0,-688 3199,0,-682 3199,0,-676 3199,0,-670 3199,0,-665 3198,0,-659 3198,0,-653 3198,0,-647 3198,0,-641 3197,0,-635 3197,0,-630 3197,0,-624 3196,0,-618 3196,0,-613 3196,0,-607 3195,0,-601 3195,0,-596 3194,0,-590 3194,0,-585 3194,0,-579 3193,0,-574 3192,0,-568 3192,0,-563 3191,0,-557 3191,0,-552 3190,0,-546 3189,0,-541 3189,0,-536 3188,0,-530 3187,0,-525 3187,0,-520 3186,0,-514 3185,0,-509 3184,0,-504 3183,0,-499 3182,0,-494 3181,0,-488 3181,0,-483 3180,0,-478 3179,0,-473 3178,0,-468 3176,0,-463 3175,0,-458 3174,0,-453 3173,0,-448 3172,0,-443 3171,0,-438 3169,0,-433 3168,0,-428 3167,0,-423 3165,0,-419 3164,0,-414 3163,0,-409 3161,0,-404 3160,0,-399 3158,0,-395 3157,0,-390 3155,0,-385 3154,0,-381 3152,0,-376 3150,0,-371 3149,0,-367 3147,0,-362 3145,0,-358 3143,0,-353 3142,0,-349 3140,0,-344 3138,0,-340 3136,0,-335 3134,0,-331 3132,0,-327 3130,0,-322 3128,0,-318 3126,0,-314 3124,0,-309 3122,0,-305 3119,0,-301 3117,0,-297 3115,0,-293 3113,0,-288 3110,0,-284 3108,0,-280 3106,0,-276 3103,0,-272 3101,0,-268 3098,0,-264 3096,0,-260 3093,0,-256 3091,0,-252 3088,0,-248 3086,0,-245 3083,0,-241 3080,0,-237 3078,0,-233 3075,0,-229 3072,0,-226 3069,0,-222 3066,0,-218 3063,0,-215 3061,0,-211 3058,0,-208 3055,0,-204 3052,0,-201 3049,0,-197 3046,0,-194 3042,0,-190 3039,0,-187 3036,0,-183 3033,0,-180 3030,0,-177 3027,0,-173 3023,0,-170 3020,0,-167 3017,0,-164 3013,0,-161 3010,0,-158 3006,0,-154 3003,0,-151 2999,0,-148 2996,0,-145 2992,0,-142 2989,0,-139 2985,0,-137 2982,0,-134 2978,0,-131 2974,0,-128 2971,0,-125 2967,0,-122 2963,0,-120 2959,0,-117 2955,0,-114 2952,0,-112 2948,0,-109 2944,0,-107 2940,0,-104 2936,0,-102 2932,0,-99 2928,0,-97 2924,0,-94 2920,0,-92 2916,0,-90 2912,0,-87 2907,0,-85 2903,0,-83 2899,0,-81 2895,0,-78 2891,0,-76 2886,0,-74 2882,0,-72 2878,0,-70 2873,0,-68 2869,0,-66 2865,0,-64 2860,0,-62 2856,0,-60 2851,0,-58 2847,0,-57 2842,0,-55 2838,0,-53 2833,0,-51 2829,0,-50 2824,0,-48 2819,0,-46 2815,0,-45 2810,0,-43 2805,0,-42 2801,0,-40 2796,0,-39 2791,0,-37 2786,0,-36 2781,0,-35 2777,0,-33 2772,0,-32 2767,0,-31 2762,0,-29 2757,0,-28 2752,0,-27 2747,0,-26 2742,0,-25 2737,0,-24 2732,0,-22 2727,0,-21 2722,0,-20 2717,0,-19 2712,0,-19 2706,0,-18 2701,0,-17 2696,0,-16 2691,0,-15 2686,0,-14 2680,0,-13 2675,0,-13 2670,0,-12 2664,0,-11 2659,0,-11 2654,0,-10 2648,0,-9 2643,0,-9 2637,0,-8 2632,0,-8 2626,0,-7 2621,0,-6 2615,0,-6 2610,0,-6 2604,0,-5 2599,0,-5 2593,0,-4 2587,0,-4 2582,0,-4 2576,0,-3 2570,0,-3 2565,0,-3 2559,0,-2 2553,0,-2 2547,0,-2 2541,0,-2 2535,0,-1 2530,0,-1 2524,0,-1 2518,0,-1 2512,0,-1 2506,0,-1 2500,0,-1 2494,0,0 2488,0,0 2482,0,0 2475,0,0 2469,0,0 2463,0,0 2457,0,0 2451,0,0 2444,0,0 2438,0,0 2432,0,0 2426,0,0 2419,0,0 2413,0,0 2406,0,0 2400,0,0
mouvement 4f4973455028fea27294a19295e2e091 [bord droit] 3600,0,-800 3600,0,-794 3600,0,-787 3600,0,-781 3600,0,-774 3600,0,-767 3600,0,-761 3600,0,-754 3600,0,-747 3600,0,-741 3600,0,-734 3600,0,-727 3600,0,-721 3600,0,-714 3600,0,-707 3599,0,-700 3599,0,-693 3599,0,-686 3599,0,-679 3599,0,-672 3599,0,-665 3599,0,-658 3598,0,-651 3598,0,-644 3598,0,-637 3598,0,-630 3597,0,-623 3597,0,-616 3597,0,-609 3596,0,-602 3596,0,-594 3595,0,-587 3595,0,-580 3594,0,-573 3594,0,-566 3593,0,-558 3593,0,-551 3592,0,-544 3591,0,-536 3591,0,-529 3590,0,-522 3589,0,-514 3588,0,-507 3587,0,-499 3586,0,-492 3586,0,-484 3585,0,-477 3583,0,-469 3582,0,-462 3581,0,-454 3580,0,-447 3579,0,-439 3578,0,-432 3576,0,-424 3575,0,-417 3574,0,-409 3572,0,-402 3571,0,-394 3569,0,-386 3568,0,-379 3566,0,-371 3564,0,-364 3562,0,-356 3561,0,-349 3559,0,-341 3557,0,-333 3555,0,-326 3553,0,-318 3551,0,-311 3548,0,-303 3546,0,-295 3544,0,-288 3542,0,-280 3539,0,-273 3537,0,-265 3534,0,-257 3532,0,-250 3529,0,-242 3526,0,-235 3524,0,-227 3521,0,-220 3518,0,-212 3515,0,-205 3512,0,-197 3509,0,-190 3506,0,-182 3502,0,-175 3499,0,-168 3496,0,-160 3492,0,-153 3489,0,-145 3485,0,-138 3482,0,-131 3478,0,-124 3474,0,-116 3470,0,-109 3467,0,-102 3463,0,-95 3459,0,-88 3455,0,-80 3450,0,-73 3446,0,-66 3442,0,-59 3438,0,-52 3433,0,-45 3429,0,-38 3424,0,-31 3420,0,-25 3415,0,-18 3410,0,-11 3406,0,-4 3401,0,2 3396,0,9 3391,0,16 3386,0,22 3381,0,29 3376,0,35 3370,0,42 3365,0,48 3360,0,54 3355,0,61 3349,0,67 3344,0,73 3338,0,79 3332,0,85 3327,0,92 3321,0,98 3315,0,103 3309,0,109 3303,0,115 3298,0,121 3292,0,127 3285,0,132 3279,0,138 3273,0,144 3267,0,149 3261,0,155 3254,0,160 3248,0,165 3242,0,170 3235,0,176 3229,0,181 3222,0,186 3216,0,191 3209,0,196 3202,0,201 3196,0,206 3189,0,210 3182,0,215 3175,0,220 3169,0,224 3162,0,229 3155,0,233 3148,0,238 3141,0,242 3134,0,246 3127,0,250 3120,0,255 3112,0,259 3105,0,263 3098,0,267 3091,0,270 3084,0,274 3076,0,278 3069,0,282 3062,0,285 3055,0,289 3047,0,292 3040,0,296 3032,0,299 3025,0,302 3018,0,306 3010,0,309 3003,0,312 2995,0,315 2988,0,318 2980,0,321 2973,0,324 2965,0,326 2958,0,329 2950,0,332 2943,0,334 2935,0,337 2927,0,339 2920,0,342 2912,0,344 2905,0,346 2897,0,348 2889,0,351 2882,0,353 2874,0,355 2867,0,357 2859,0,359 2851,0,361 2844,0,362 2836,0,364 2829,0,366 2821,0,368 2814,0,369 2806,0,371 2798,0,372 2791,0,374 2783,0,375 2776,0,376 2768,0,378 2761,0,379 2753,0,380 2746,0,381 2738,0,382 2731,0,383 2723,0,385 2716,0,386 2708,0,386 2701,0,387 2693,0,388 2686,0,389 2678,0,390 2671,0,391 2664,0,391 2656,0,392 2649,0,393 2642,0,393 2634,0,394 2627,0,394 2620,0,395 2613,0,395 2606,0,396 2598,0,396 2591,0,397 2584,0,397 2577,0,397 2570,0,398 2563,0,398 2556,0,398 2549,0,398 2542,0,399 2535,0,399 2528,0,399 2521,0,399 2514,0,399 2507,0,399 2500,0,399 2493,0,400 2486,0,400 2479,0,400 2473,0,400 2466,0,400 2459,0,400 2453,0,400 2446,0,400 2439,0,400 2433,0,400 2426,0,400 2419,0,400 2413,0,400 2406,0,400 2400,0,400
mouvement 4562eaa3091e578cd4e9524af6f7908b [centre] 3000,0,800 3000,0,796 3000,0,792 3000,0,788 3000,0,785 3000,0,781 3000,0,777 3000,0,773 3000,0,769 3000,0,765 3000,0,761 3000,0,757 3000,0,754 3000,0,750 3000,0,746 3000,0,742 3000,0,738 3000,0,734 2999,0,730 2999,0,726 2999,0,723 2999,0,719 2999,0,715 2999,0,711 2999,0,707 2999,0,703 2998,0,699 2998,0,695 2998,0,692 2998,0,688 2998,0,684 2997,0,680 2997,0,676 2997,0,672 2997,0,668 2996,0,665 2996,0,661 2996,0,657 2995,0,653 2995,0,649 2995,0,645 2994,0,641 2994,0,638 2993,0,634 2993,0,630 2992,0,626 2992,0,622 2991,0,618 2991,0,615 2990,0,611 2990,0,607 2989,0,603 2988,0,599 2988,0,595 2987,0,592 2986,0,588 2986,0,584 2985,0,580 2984,0,576 2983,0,573 2982,0,569 2982,0,565 2981,0,561 2980,0,557 2979,0,554 2978,0,550 2977,0,546 2976,0,542 2975,0,539 2974,0,535 2973,0,531 2972,0,528 2970,0,524 2969,0,520 2968,0,517 2967,0,513 2966,0,509 2964,0,506 2963,0,502 2962,0,498 2960,0,495 2959,0,491 2957,0,487 2956,0,484 2955,0,480 2953,0,477 2951,0,473 2950,0,470 2948,0,466 2947,0,463 2945,0,459 2943,0,456 2942,0,452 2940,0,449 2938,0,445 2936,0,442 2934,0,438 2933,0,435 2931,0,432 2929,0,428 2927,0,425 2925,0,422 2923,0,418 2921,0,415 2919,0,412 2917,0,408 2915,0,405 2912,0,402 2910,0,399 2908,0,396 2906,0,392 2904,0,389 2901,0,386 2899,0,383 2897,0,380 2894,0,377 2892,0,374 2889,0,371 2887,0,368 2884,0,365 2882,0,362 2879,0,359 2877,0,356 2874,0,353 2872,0,350 2869,0,348 2866,0,345 2863,0,342 2861,0,339 2858,0,337 2855,0,334 2852,0,331 2850,0,328 2847,0,326 2844,0,323 2841,0,321 2838,0,318 2835,0,316 2832,0,313 2829,0,311 2826,0,308 2823,0,306 2820,0,303 2817,0,301 2814,0,299 2811,0,296 2808,0,294 2804,0,292 2801,0,290 2798,0,288 2795,0,285 2792,0,283 2788,0,281 2785,0,279 2782,0,277 2778,0,275 2775,0,273 2772,0,271 2768,0,269 2765,0,267 2762,0,266 2758,0,264 2755,0,262 2751,0,260 2748,0,258 2744,0,257 2741,0,255 2737,0,253 2734,0,252 2730,0,250 2727,0,249 2723,0,247 2720,0,245 2716,0,244 2713,0,243 2709,0,241 2705,0,240 2702,0,238 2698,0,237 2694,0,236 2691,0,234 2687,0,233 2683,0,232 2680,0,231 2676,0,230 2672,0,228 2669,0,227 2665,0,226 2661,0,225 2658,0,224 2654,0,223 2650,0,222 2646,0,221 2643,0,220 2639,0,219 2635,0,218 2631,0,218 2627,0,217 2624,0,216 2620,0,215 2616,0,214 2612,0,214 2608,0,213 2605,0,212 2601,0,212 2597,0,211 2593,0,210 2589,0,210 2585,0,209 2582,0,209 2578,0,208 2574,0,208 2570,0,207 2566,0,207 2562,0,206 2559,0,206 2555,0,205 2551,0,205 2547,0,205 2543,0,204 2539,0,204 2535,0,204 2532,0,203 2528,0,203 2524,0,203 2520,0,203 2516,0,202 2512,0,202 2508,0,202 2505,0,202 2501,0,202 2497,0,201 2493,0,201 2489,0,201 2485,0,201 2481,0,201 2477,0,201 2474,0,201 2470,0,201 2466,0,200 2462,0,200 2458,0,200 2454,0,200 2450,0,200 2446,0,200 2443,0,200 2439,0,200 2435,0,200 2431,0,200 2427,0,200 2423,0,200 2419,0,200 2415,0,200 2412,0,200 2408,0,200 2404,0,200 2400,0,200
mouvement 4562eaa3091e578cd4e9524af6f7908b [bord gauche] 3200,0,800 3200,0,796 3200,0,792 3200,0,788 3200,0,784 3200,0,780 3200,0,776 3200,0,772 3200,0,768 3200,0,764 3200,0,760 3200,0,756 3200,0,752 3200,0,747 3200,0,743 3200,0,739 3200,0,735 3200,0,730 3199,0,726 3199,0,721 3199,0,717 3199,0,713 3199,0,708 3199,0,704 3199,0,699 3198,0,695 3198,0,690 3198,0,686 3198,0,681 3198,0,677 3197,0,672 3197,0,667 3197,0,663 3196,0,658 3196,0,653 3196,0,649 3195,0,644 3195,0,639 3194,0,634 3194,0,629 3193,0,625 3193,0,620 3192,0,615 3192,0,610 3191,0,605 3191,0,600 3190,0,595 3189,0,591 3189,0,586 3188,0,581 3187,0,576 3186,0,571 3185,0,566 3185,0,561 3184,0,556 3183,0,551 3182,0,546 3181,0,541 3180,0,536 3179,0,531 3178,0,525 3176,0,520 3175,0,515 3174,0,510 3173,0,505 3172,0,500 3170,0,495 3169,0,490 3167,0,485 3166,0,480 3164,0,474 3163,0,469 3161,0,464 3160,0,459 3158,0,454 3156,0,449 3155,0,444 3153,0,439 3151,0,434 3149,0,428 3147,0,423 3145,0,418 3143,0,413 3141,0,408 3139,0,403 3137,0,398 3135,0,393 3132,0,388 3130,0,383 3128,0,378 3125,0,373 3123,0,368 3121,0,363 3118,0,358 3116,0,353 3113,0,348 3110,0,343 3108,0,338 3105,0,333 3102,0,328 3099,0,323 3096,0,319 3093,0,314 3090,0,309 3087,0,304 3084,0,299 3081,0,295 3078,0,290 3075,0,285 3072,0,281 3068,0,276 3065,0,271 3062,0,267 3058,0,262 3055,0,258 3051,0,253 3048,0,249 3044,0,244 3041,0,240 3037,0,236 3033,0,231 3030,0,227 3026,0,223 3022,0,218 3018,0,214 3014,0,210 3010,0,206 3006,0,202 3002,0,198 2998,0,194 2994,0,190 2990,0,186 2986,0,182 2982,0,178 2977,0,174 2973,0,170 2969,0,167 2964,0,163 2960,0,159 2956,0,156 2951,0,152 2947,0,149 2942,0,145 2938,0,142 2933,0,138 2929,0,135 2924,0,132 2919,0,128 2915,0,125 2910,0,122 2905,0,119 2901,0,116 2896,0,113 2891,0,110 2886,0,107 2881,0,104 2877,0,101 2872,0,98 2867,0,95 2862,0,92 2857,0,90 2852,0,87 2847,0,84 2842,0,82 2837,0,79 2832,0,77 2827,0,75 2822,0,72 2817,0,70 2812,0,68 2807,0,65 2802,0,63 2797,0,61 2792,0,59 2787,0,57 2782,0,55 2777,0,53 2772,0,51 2766,0,49 2761,0,47 2756,0,45 2751,0,44 2746,0,42 2741,0,40 2736,0,39 2731,0,37 2726,0,36 2720,0,34 2715,0,33 2710,0,31 2705,0,30 2700,0,28 2695,0,27 2690,0,26 2685,0,25 2680,0,24 2675,0,22 2669,0,21 2664,0,20 2659,0,19 2654,0,18 2649,0,17 2644,0,16 2639,0,15 2634,0,15 2629,0,14 2624,0,13 2619,0,12 2614,0,11 2609,0,11 2605,0,10 2600,0,9 2595,0,9 2590,0,8 2585,0,8 2580,0,7 2575,0,7 2571,0,6 2566,0,6 2561,0,5 2556,0,5 2551,0,4 2547,0,4 2542,0,4 2537,0,3 2533,0,3 2528,0,3 2523,0,2 2519,0,2 2514,0,2 2510,0,2 2505,0,2 2501,0,1 2496,0,1 2492,0,1 2487,0,1 2483,0,1 2479,0,1 2474,0,1 2470,0,0 2465,0,0 2461,0,0 2457,0,0 2453,0,0 2448,0,0 2444,0,0 2440,0,0 2436,0,0 2432,0,0 2428,0,0 2424,0,0 2420,0,0 2416,0,0 2412,0,0 2408,0,0 2404,0,0 2400,0,0
mouvement 4562eaa3091e578cd4e9524af6f7908b [bord droit] 2800,0,800 2800,0,796 2800,0,792 2800,0,789 2800,0,785 2800,0,781 2800,0,777 2800,0,774 2800,0,770 2800,0,766 2800,0,763 2800,0,759 2800,0,756 2800,0,752 2800,0,748 2800,0,745 2800,0,742 2800,0,738 2800,0,735 2799,0,731 2799,0,728 2799,0,725 2799,0,721 2799,0,718 2799,0,715 2799,0,712 2799,0,708 2799,0,705 2798,0,702 2798,0,699 2798,0,696 2798,0,693 2798,0,690 2797,0,687 2797,0,684 2797,0,681 2797,0,678 2796,0,675 2796,0,672 2796,0,669 2796,0,666 2795,0,663 2795,0,660 2795,0,657 2794,0,654 2794,0,652 2794,0,649 2793,0,646 2793,0,643 2792,0,641 2792,0,638 2792,0,635 2791,0,633 2791,0,630 2790,0,627 2790,0,625 2789,0,622 2789,0,620 2788,0,617 2788,0,615 2787,0,612 2787,0,610 2786,0,607 2785,0,605 2785,0,602 2784,0,600 2784,0,598 2783,0,595 2782,0,593 2782,0,590 2781,0,588 2780,0,586 2780,0,584 2779,0,581 2778,0,579 2777,0,577 2777,0,575 2776,0,572 2775,0,570 2774,0,568 2773,0,566 2773,0,564 2772,0,562 2771,0,560 2770,0,557 2769,0,555 2768,0,553 2767,0,551 2766,0,549 2766,0,547 2765,0,545 2764,0,543 2763,0,541 2762,0,539 2761,0,537 2760,0,536 2759,0,534 2758,0,532 2757,0,530 2756,0,528 2754,0,526 2753,0,524 2752,0,523 2751,0,521 2750,0,519 2749,0,517 2748,0,516 2747,0,514 2745,0,512 2744,0,510 2743,0,509 2742,0,507 2741,0,505 2739,0,504 2738,0,502 2737,0,500 2736,0,499 2734,0,497 2733,0,496 2732,0,494 2730,0,493 2729,0,491 2728,0,490 2726,0,488 2725,0,487 2724,0,485 2722,0,484 2721,0,482 2719,0,481 2718,0,479 2716,0,478 2715,0,476 2713,0,475 2712,0,474 2710,0,472 2709,0,471 2707,0,470 2706,0,468 2704,0,467 2703,0,466 2701,0,464 2700,0,463 2698,0,462 2696,0,461 2695,0,459 2693,0,458 2691,0,457 2690,0,456 2688,0,455 2686,0,453 2684,0,452 2683,0,451 2681,0,450 2679,0,449 2677,0,448 2676,0,447 2674,0,446 2672,0,444 2670,0,443 2668,0,442 2666,0,441 2664,0,440 2663,0,439 2661,0,438 2659,0,437 2657,0,436 2655,0,435 2653,0,434 2651,0,434 2649,0,433 2647,0,432 2645,0,431 2643,0,430 2640,0,429 2638,0,428 2636,0,427 2634,0,427 2632,0,426 2630,0,425 2628,0,424 2625,0,423 2623,0,423 2621,0,422 2619,0,421 2616,0,420 2614,0,420 2612,0,419 2610,0,418 2607,0,418 2605,0,417 2602,0,416 2600,0,416 2598,0,415 2595,0,415 2593,0,414 2590,0,413 2588,0,413 2585,0,412 2583,0,412 2580,0,411 2578,0,411 2575,0,410 2573,0,410 2570,0,409 2567,0,409 2565,0,408 2562,0,408 2559,0,408 2557,0,407 2554,0,407 2551,0,406 2548,0,406 2546,0,406 2543,0,405 2540,0,405 2537,0,405 2534,0,404 2531,0,404 2528,0,404 2525,0,404 2522,0,403 2519,0,403 2516,0,403 2513,0,403 2510,0,402 2507,0,402 2504,0,402 2501,0,402 2498,0,402 2495,0,401 2492,0,401 2488,0,401 2485,0,401 2482,0,401 2479,0,401 2475,0,401 2472,0,401 2469,0,401 2465,0,400 2462,0,400 2458,0,400 2455,0,400 2452,0,400 2448,0,400 2444,0,400 2441,0,400 2437,0,400 2434,0,400 2430,0,400 2426,0,400 2423,0,400 2419,0,400 2415,0,400 2411,0,400 2408,0,400 2404,0,400 2400,0,400
mouvement 4bbce8157214fb0cc7c56ffb4818e38a [centre] 3000,0,800 3000,0,794 3000,0,788 3000,0,781 3000,0,775 3000,0,769 3000,0,763 3000,0,756 3000,0,750 3000,0,744 3000,0,738 3000,0,731 3000,0,725 3000,0,719 3000,0,713 3000,0,706 3000,0,700 3000,0,694 3000,0,688 3000,0,681 3000,0,675 3000,0,669 3000,0,663 3000,0,656 3000,0,650 3000,0,644 3000,0,638 3000,0,631 3000,0,625 3000,0,619 3000,0,613 3000,0,606 3000,0,600 3000,0,594 3000,0,588 3000,0,581 3000,0,575 3000,0,569 3000,0,563 3000,0,556 3000,0,550 3000,0,544 3000,0,538 3000,0,531 3000,0,525 3000,0,519 3000,0,513 3000,0,506 3000,0,500 3000,0,494 3000,0,488 3000,0,481 3000,0,475 3000,0,469 3000,0,463 3000,0,456 3000,0,450 3000,0,444 3000,0,438 3000,0,431 3000,0,425 3000,0,419 3000,0,413 3000,0,406 3000,0,400 3000,0,394 3000,0,388 3000,0,381 3000,0,375 3000,0,369 3000,0,363 3000,0,356 3000,0,350 3000,0,344 3000,0,338 3000,0,331 3000,0,325 3000,0,319 3000,0,313 3000,0,306 3000,0,300 3000,0,294 3000,0,288 3000,0,281 3000,0,275 3000,0,269 3000,0,263 3000,0,256 3000,0,250 3000,0,244 3000,0,238 3000,0,231 3000,0,225 3000,0,219 3000,0,213 3000,0,206 3000,0,200 3000,0,194 3000,0,188 3000,0,181 3000,0,175 3000,0,169 3000,0,163 3000,0,156 3000,0,150 3000,0,144 3000,0,138 3000,0,131 3000,0,125 3000,0,119 3000,0,113 3000,0,106 3000,0,100 3000,0,94 3000,0,88 3000,0,81 3000,0,75 3000,0,69 3000,0,63 3000,0,56 3000,0,50 3000,0,44 3000,0,38 3000,0,31 3000,0,25 3000,0,19 3000,0,13 3000,0,6 3000,0,0 3000,0,-6 3000,0,-13 3000,0,-19 3000,0,-25 3000,0,-31 3000,0,-38 3000,0,-44 3000,0,-50 3000,0,-56 3000,0,-63 3000,0,-69 3000,0,-75 3000,0,-81 3000,0,-88 3000,0,-94 3000,0,-100 3000,0,-106 3000,0,-113 3000,0,-119 3000,0,-125 3000,0,-131 3000,0,-138 3000,0,-144 3000,0,-150 3000,0,-156 3000,0,-163 3000,0,-169 3000,0,-175 3000,0,-181 3000,0,-188 3000,0,-194 3000,0,-200 3000,0,-206 3000,0,-213 3000,0,-219 3000,0,-225 3000,0,-231 3000,0,-238 3000,0,-244 3000,0,-250 3000,0,-256 3000,0,-263 3000,0,-269 3000,0,-275 3000,0,-281 3000,0,-288 3000,0,-294 3000,0,-300 3000,0,-306 3000,0,-313 3000,0,-319 3000,0,-325 3000,0,-331 3000,0,-338 3000,0,-344 3000,0,-350 3000,0,-356 3000,0,-363 3000,0,-369 3000,0,-375 3000,0,-381 3000,0,-388 3000,0,-394 3000,0,-400 3000,0,-406 3000,0,-413 3000,0,-419 3000,0,-425 3000,0,-431 3000,0,-438 3000,0,-444 3000,0,-450 3000,0,-456 3000,0,-463 3000,0,-469 3000,0,-475 3000,0,-481 3000,0,-488 3000,0,-494 3000,0,-500 3000,0,-506 3000,0,-513 3000,0,-519 3000,0,-525 3000,0,-531 3000,0,-538 3000,0,-544 3000,0,-550 3000,0,-556 3000,0,-563 3000,0,-569 3000,0,-575 3000,0,-581 3000,0,-588 3000,0,-594 3000,0,-600 3000,0,-606 3000,0,-613 3000,0,-619 3000,0,-625 3000,0,-631 3000,0,-638 3000,0,-644 3000,0,-650 3000,0,-656 3000,0,-663 3000,0,-669 3000,0,-675 3000,0,-681 3000,0,-688 3000,0,-694 3000,0,-700 3000,0,-706 3000,0,-713 3000,0,-719 3000,0,-725 3000,0,-731 3000,0,-738 3000,0,-744 3000,0,-750 3000,0,-756 3000,0,-763 3000,0,-769 3000,0,-775 3000,0,-781 3000,0,-788 3000,0,-794 3000,0,-800
mouvement 4bbce8157214fb0cc7c56ffb4818e38a [bord gauche] 3200,0,800 3200,0,794 3200,0,788 3200,0,781 3200,0,775 3200,0,769 3200,0,763 3200,0,756 3200,0,750 3200,0,744 3200,0,738 3200,0,731 3200,0,725 3200,0,719 3200,0,713 3200,0,706 3200,0,700 3200,0,694 3200,0,688 3200,0,681 3200,0,675 3200,0,669 3200,0,663 3200,0,656 3200,0,650 3200,0,644 3200,0,638 3200,0,631 3200,0,625 3200,0,619 3200,0,613 3200,0,606 3200,0,600 3200,0,594 3200,0,588 3200,0,581 3200,0,575 3200,0,569 3200,0,563 3200,0,556 3200,0,550 3200,0,544 3200,0,538 3200,0,531 3200,0,525 3200,0,519 3200,0,513 3200,0,506 3200,0,500 3200,0,494 3200,0,488 3200,0,481 3200,0,475 3200,0,469 3200,0,463 3200,0,456 3200,0,450 3200,0,444 3200,0,438 3200,0,431 3200,0,425 3200,0,419 3200,0,413 3200,0,406 3200,0,400 3200,0,394 3200,0,388 3200,0,381 3200,0,375 3200,0,369 3200,0,363 3200,0,356 3200,0,350 3200,0,344 3200,0,338 3200,0,331 3200,0,325 3200,0,319 3200,0,313 3200,0,306 3200,0,300 3200,0,294 3200,0,288 3200,0,281 3200,0,275 3200,0,269 3200,0,263 3200,0,256 3200,0,250 3200,0,244 3200,0,238 3200,0,231 3200,0,225 3200,0,219 3200,0,213 3200,0,206 3200,0,200 3200,0,194 3200,0,188 3200,0,181 3200,0,175 3200,0,169 3200,0,163 3200,0,156 3200,0,150 3200,0,144 3200,0,138 3200,0,131 3200,0,125 3200,0,119 3200,0,113 3200,0,106 3200,0,100 3200,0,94 3200,0,88 3200,0,81 3200,0,75 3200,0,69 3200,0,63 3200,0,56 3200,0,50 3200,0,44 3200,0,38 3200,0,31 3200,0,25 3200,0,19 3200,0,13 3200,0,6 3200,0,0 3200,0,-6 3200,0,-13 3200,0,-19 3200,0,-25 3200,0,-31 3200,0,-38 3200,0,-44 3200,0,-50 3200,0,-56 3200,0,-63 3200,0,-69 3200,0,-75 3200,0,-81 3200,0,-88 3200,0,-94 3200,0,-100 3200,0,-106 3200,0,-113 3200,0,-119 3200,0,-125 3200,0,-131 3200,0,-138 3200,0,-144 3200,0,-150 3200,0,-156 3200,0,-163 3200,0,-169 3200,0,-175 3200,0,-181 3200,0,-188 3200,0,-194 3200,0,-200 3200,0,-206 3200,0,-213 3200,0,-219 3200,0,-225 3200,0,-231 3200,0,-238 3200,0,-244 3200,0,-250 3200,0,-256 3200,0,-263 3200,0,-269 3200,0,-275 3200,0,-281 3200,0,-288 3200,0,-294 3200,0,-300 3200,0,-306 3200,0,-313 3200,0,-319 3200,0,-325 3200,0,-331 3200,0,-338 3200,0,-344 3200,0,-350 3200,0,-356 3200,0,-363 3200,0,-369 3200,0,-375 3200,0,-381 3200,0,-388 3200,0,-394 3200,0,-400 3200,0,-406 3200,0,-413 3200,0,-419 3200,0,-425 3200,0,-431 3200,0,-438 3200,0,-444 3200,0,-450 3200,0,-456 3200,0,-463 3200,0,-469 3200,0,-475 3200,0,-481 3200,0,-488 3200,0,-494 3200,0,-500 3200,0,-506 3200,0,-513 3200,0,-519 3200,0,-525 3200,0,-531 3200,0,-538 3200,0,-544 3200,0,-550 3200,0,-556 3200,0,-563 3200,0,-569 3200,0,-575 3200,0,-581 3200,0,-588 3200,0,-594 3200,0,-600 3200,0,-606 3200,0,-613 3200,0,-619 3200,0,-625 3200,0,-631 3200,0,-638 3200,0,-644 3200,0,-650 3200,0,-656 3200,0,-663 3200,0,-669 3200,0,-675 3200,0,-681 3200,0,-688 3200,0,-694 3200,0,-700 3200,0,-706 3200,0,-713 3200,0,-719 3200,0,-725 3200,0,-731 3200,0,-738 3200,0,-744 3200,0,-750 3200,0,-756 3200,0,-763 3200,0,-769 3200,0,-775 3200,0,-781 3200,0,-788 3200,0,-794 3200,0,-800
mouvement 4bbce8157214fb0cc7c56ffb4818e38a [bord droit] 2800,0,800 2800,0,794 2800,0,788 2800,0,781 2800,0,775 2800,0,769 2800,0,763 2800,0,756 2800,0,750 2800,0,744 2800,0,738 2800,0,731 2800,0,725 2800,0,719 2800,0,713 2800,0,706 2800,0,700 2800,0,694 2800,0,688 2800,0,681 2800,0,675 2800,0,669 2800,0,663 2800,0,656 2800,0,650 2800,0,644 2800,0,638 2800,0,631 2800,0,625 2800,0,619 2800,0,613 2800,0,606 2800,0,600 2800,0,594 2800,0,588 2800,0,581 2800,0,575 2800,0,569 2800,0,563 2800,0,556 2800,0,550 2800,0,544 2800,0,538 2800,0,531 2800,0,525 2800,0,519 2800,0,513 2800,0,506 2800,0,500 2800,0,494 2800,0,488 2800,0,481 2800,0,475 2800,0,469 2800,0,463 2800,0,456 2800,0,450 2800,0,444 2800,0,438 2800,0,431 2800,0,425 2800,0,419 2800,0,413 2800,0,406 2800,0,400 2800,0,394 2800,0,388 2800,0,381 2800,0,375 2800,0,369 2800,0,363 2800,0,356 2800,0,350 2800,0,344 2800,0,338 2800,0,331 2800,0,325 2800,0,319 2800,0,313 2800,0,306 2800,0,300 2800,0,294 2800,0,288 2800,0,281 2800,0,275 2800,0,269 2800,0,263 2800,0,256 2800,0,250 2800,0,244 2800,0,238 2800,0,231 2800,0,225 2800,0,219 2800,0,213 2800,0,206 2800,0,200 2800,0,194 2800,0,188 2800,0,181 2800,0,175 2800,0,169 2800,0,163 2800,0,156 2800,0,150 2800,0,144 2800,0,138 2800,0,131 2800,0,125 2800,0,119 2800,0,113 2800,0,106 2800,0,100 2800,0,94 2800,0,88 2800,0,81 2800,0,75 2800,0,69 2800,0,63 2800,0,56 2800,0,50 2800,0,44 2800,0,38 2800,0,31 2800,0,25 2800,0,19 2800,0,13 2800,0,6 2800,0,0 2800,0,-6 2800,0,-13 2800,0,-19 2800,0,-25 2800,0,-31 2800,0,-38 2800,0,-44 2800,0,-50 2800,0,-56 2800,0,-63 2800,0,-69 2800,0,-75 2800,0,-81 2800,0,-88 2800,0,-94 2800,0,-100 2800,0,-106 2800,0,-113 2800,0,-119 2800,0,-125 2800,0,-131 2800,0,-138 2800,0,-144 2800,0,-150 2800,0,-156 2800,0,-163 2800,0,-169 2800,0,-175 2800,0,-181 2800,0,-188 2800,0,-194 2800,0,-200 2800,0,-206 2800,0,-213 2800,0,-219 2800,0,-225 2800,0,-231 2800,0,-238 2800,0,-244 2800,0,-250 2800,0,-256 2800,0,-263 2800,0,-269 2800,0,-275 2800,0,-281 2800,0,-288 2800,0,-294 2800,0,-300 2800,0,-306 2800,0,-313 2800,0,-319 2800,0,-325 2800,0,-331 2800,0,-338 2800,0,-344 2800,0,-350 2800,0,-356 2800,0,-363 2800,0,-369 2800,0,-375 2800,0,-381 2800,0,-388 2800,0,-394 2800,0,-400 2800,0,-406 2800,0,-413 2800,0,-419 2800,0,-425 2800,0,-431 2800,0,-438 2800,0,-444 2800,0,-450 2800,0,-456 2800,0,-463 2800,0,-469 2800,0,-475 2800,0,-481 2800,0,-488 2800,0,-494 2800,0,-500 2800,0,-506 2800,0,-513 2800,0,-519 2800,0,-525 2800,0,-531 2800,0,-538 2800,0,-544 2800,0,-550 2800,0,-556 2800,0,-563 2800,0,-569 2800,0,-575 2800,0,-581 2800,0,-588 2800,0,-594 2800,0,-600 2800,0,-606 2800,0,-613 2800,0,-619 2800,0,-625 2800,0,-631 2800,0,-638 2800,0,-644 2800,0,-650 2800,0,-656 2800,0,-663 2800,0,-669 2800,0,-675 2800,0,-681 2800,0,-688 2800,0,-694 2800,0,-700 2800,0,-706 2800,0,-713 2800,0,-719 2800,0,-725 2800,0,-731 2800,0,-738 2800,0,-744 2800,0,-750 2800,0,-756 2800,0,-763 2800,0,-769 2800,0,-775 2800,0,-781 2800,0,-788 2800,0,-794 2800,0,-800
mouvement 40518565227156c444c481089e3df481 [centre] 2400,0,-200 2404,0,-200 2408,0,-200 2412,0,-200 2415,0,-200 2419,0,-200 2423,0,-200 2427,0,-200 2431,0,-200 2435,0,-200 2439,0,-200 2443,0,-200 2446,0,-200 2450,0,-200 2454,0,-200 2458,0,-200 2462,0,-200 2466,0,-200 2470,0,-201 2474,0,-201 2477,0,-201 2481,0,-201 2485,0,-201 2489,0,-201 2493,0,-201 2497,0,-201 2501,0,-202 2505,0,-202 2508,0,-202 2512,0,-202 2516,0,-202 2520,0,-203 2524,0,-203 2528,0,-203 2532,0,-203 2535,0,-204 2539,0,-204 2543,0,-204 2547,0,-205 2551,0,-205 2555,0,-205 2559,0,-206 2562,0,-206 2566,0,-207 2570,0,-207 2574,0,-208 2578,0,-208 2582,0,-209 2585,0,-209 2589,0,-210 2593,0,-210 2597,0,-211 2601,0,-212 2605,0,-212 2608,0,-213 2612,0,-214 2616,0,-214 2620,0,-215 2624,0,-216 2627,0,-217 2631,0,-218 2635,0,-218 2639,0,-219 2643,0,-220 2646,0,-221 2650,0,-222 2654,0,-223 2658,0,-224 2661,0,-225 2665,0,-226 2669,0,-227 2672,0,-228 2676,0,-230 2680,0,-231 2683,0,-232 2687,0,-233 2691,0,-234 2694,0,-236 2698,0,-237 2702,0,-238 2705,0,-240 2709,0,-241 2713,0,-243 2716,0,-244 2720,0,-245 2723,0,-247 2727,0,-249 2730,0,-250 2734,0,-252 2737,0,-253 2741,0,-255 2744,0,-257 2748,0,-258 2751,0,-260 2755,0,-262 2758,0,-264 2762,0,-266 2765,0,-267 2768,0,-269 2772,0,-271 2775,0,-273 2778,0,-275 2782,0,-277 2785,0,-279 2788,0,-281 2792,0,-283 2795,0,-285 2798,0,-288 2801,0,-290 2804,0,-292 2808,0,-294 2811,0,-296 2814,0,-299 2817,0,-301 2820,0,-303 2823,0,-306 2826,0,-308 2829,0,-311 2832,0,-313 2835,0,-316 2838,0,-318 2841,0,-321 2844,0,-323 2847,0,-326 2850,0,-328 2852,0,-331 2855,0,-334 2858,0,-337 2861,0,-339 2863,0,-342 2866,0,-345 2869,0,-348 2872,0,-350 2874,0,-353 2877,0,-356 2879,0,-359 2882,0,-362 2884,0,-365 2887,0,-368 2889,0,-371 2892,0,-374 2894,0,-377 2897,0,-380 2899,0,-383 2901,0,-386 2904,0,-389 2906,0,-392 2908,0,-396 2910,0,-399 2912,0,-402 2915,0,-405 2917,0,-408 2919,0,-412 2921,0,-415 2923,0,-418 2925,0,-422 2927,0,-425 2929,0,-428 2931,0,-432 2933,0,-435 2934,0,-438 2936,0,-442 2938,0,-445 2940,0,-449 2942,0,-452 2943,0,-456 2945,0,-459 2947,0,-463 2948,0,-466 2950,0,-470 2951,0,-473 2953,0,-477 2955,0,-480 2956,0,-484 2957,0,-487 2959,0,-491 2960,0,-495 2962,0,-498 2963,0,-502 2964,0,-506 2966,0,-509 2967,0,-513 2968,0,-517 2969,0,-520 2970,0,-524 2972,0,-528 2973,0,-531 2974,0,-535 2975,0,-539 2976,0,-542 2977,0,-546 2978,0,-550 2979,0,-554 2980,0,-557 2981,0,-561 2982,0,-565 2982,0,-569 2983,0,-573 2984,0,-576 2985,0,-580 2986,0,-584 2986,0,-588 2987,0,-592 2988,0,-595 2988,0,-599 2989,0,-603 2990,0,-607 2990,0,-611 2991,0,-615 2991,0,-618 2992,0,-622 2992,0,-626 2993,0,-630 2993,0,-634 2994,0,-638 2994,0,-641 2995,0,-645 2995,0,-649 2995,0,-653 2996,0,-657 2996,0,-661 2996,0,-665 2997,0,-668 2997,0,-672 2997,0,-676 2997,0,-680 2998,0,-684 2998,0,-688 2998,0,-692 2998,0,-695 2998,0,-699 2999,0,-703 2999,0,-707 2999,0,-711 2999,0,-715 2999,0,-719 2999,0,-723 2999,0,-726 2999,0,-730 3000,0,-734 3000,0,-738 3000,0,-742 3000,0,-746 3000,0,-750 3000,0,-754 3000,0,-757 3000,0,-761 3000,0,-765 3000,0,-769 3000,0,-773 3000,0,-777 3000,0,-781 3000,0,-785 3000,0,-788 3000,0,-792 3000,0,-796 3000,0,-800
mouvement 40518565227156c444c481089e3df481 [bord gauche] 2400,0,0 2404,0,0 2408,0,0 2412,0,0 2416,0,0 2420,0,0 2424,0,0 2428,0,0 2432,0,0 2436,0,0 2440,0,0 2444,0,0 2448,0,0 2453,0,0 2457,0,0 2461,0,0 2465,0,0 2470,0,0 2474,0,-1 2479,0,-1 2483,0,-1 2487,0,-1 2492,0,-1 2496,0,-1 2501,0,-1 2505,0,-2 2510,0,-2 2514,0,-2 2519,0,-2 2523,0,-2 2528,0,-3 2533,0,-3 2537,0,-3 2542,0,-4 2547,0,-4 2551,0,-4 2556,0,-5 2561,0,-5 2566,0,-6 2571,0,-6 2575,0,-7 2580,0,-7 2585,0,-8 2590,0,-8 2595,0,-9 2600,0,-9 2605,0,-10 2609,0,-11 2614,0,-11 2619,0,-12 2624,0,-13 2629,0,-14 2634,0,-15 2639,0,-15 2644,0,-16 2649,0,-17 2654,0,-18 2659,0,-19 2664,0,-20 2669,0,-21 2675,0,-22 2680,0,-24 2685,0,-25 2690,0,-26 2695,0,-27 2700,0,-28 2705,0,-30 2710,0,-31 2715,0,-33 2720,0,-34 2726,0,-36 2731,0,-37 2736,0,-39 2741,0,-40 2746,0,-42 2751,0,-44 2756,0,-45 2761,0,-47 2766,0,-49 2772,0,-51 2777,0,-53 2782,0,-55 2787,0,-57 2792,0,-59 2797,0,-61 2802,0,-63 2807,0,-65 2812,0,-68 2817,0,-70 2822,0,-72 2827,0,-75 2832,0,-77 2837,0,-79 2842,0,-82 2847,0,-84 2852,0,-87 2857,0,-90 2862,0,-92 2867,0,-95 2872,0,-98 2877,0,-101 2881,0,-104 2886,0,-107 2891,0,-110 2896,0,-113 2901,0,-116 2905,0,-119 2910,0,-122 2915,0,-125 2919,0,-128 2924,0,-132 2929,0,-135 2933,0,-138 2938,0,-142 2942,0,-145 2947,0,-149 2951,0,-152 2956,0,-156 2960,0,-159 2964,0,-163 2969,0,-167 2973,0,-170 2977,0,-174 2982,0,-178 2986,0,-182 2990,0,-186 2994,0,-190 2998,0,-194 3002,0,-198 3006,0,-202 3010,0,-206 3014,0,-210 3018,0,-214 3022,0,-218 3026,0,-223 3030,0,-227 3033,0,-231 3037,0,-236 3041,0,-240 3044,0,-244 3048,0,-249 3051,0,-253 3055,0,-258 3058,0,-262 3062,0,-267 3065,0,-271 3068,0,-276 3072,0,-281 3075,0,-285 3078,0,-290 3081,0,-295 3084,0,-299 3087,0,-304 3090,0,-309 3093,0,-314 3096,0,-319 3099,0,-323 3102,0,-328 3105,0,-333 3108,0,-338 3110,0,-343 3113,0,-348 3116,0,-353 3118,0,-358 3121,0,-363 3123,0,-368 3125,0,-373 3128,0,-378 3130,0,-383 3132,0,-388 3135,0,-393 3137,0,-398 3139,0,-403 3141,0,-408 3143,0,-413 3145,0,-418 3147,0,-423 3149,0,-428 3151,0,-434 3153,0,-439 3155,0,-444 3156,0,-449 3158,0,-454 3160,0,-459 3161,0,-464 3163,0,-469 3164,0,-474 3166,0,-480 3167,0,-485 3169,0,-490 3170,0,-495 3172,0,-500 3173,0,-505 3174,0,-510 3175,0,-515 3176,0,-520 3178,0,-525 3179,0,-531 3180,0,-536 3181,0,-541 3182,0,-546 3183,0,-551 3184,0,-556 3185,0,-561 3185,0,-566 3186,0,-571 3187,0,-576 3188,0,-581 3189,0,-586 3189,0,-591 3190,0,-595 3191,0,-600 3191,0,-605 3192,0,-610 3192,0,-615 3193,0,-620 3193,0,-625 3194,0,-629 3194,0,-634 3195,0,-639 3195,0,-644 3196,0,-649 3196,0,-653 3196,0,-658 3197,0,-663 3197,0,-667 3197,0,-672 3198,0,-677 3198,0,-681 3198,0,-686 3198,0,-690 3198,0,-695 3199,0,-699 3199,0,-704 3199,0,-708 3199,0,-713 3199,0,-717 3199,0,-721 3199,0,-726 3200,0,-730 3200,0,-735 3200,0,-739 3200,0,-743 3200,0,-747 3200,0,-752 3200,0,-756 3200,0,-760 3200,0,-764 3200,0,-768 3200,0,-772 3200,0,-776 3200,0,-780 3200,0,-784 3200,0,-788 3200,0,-792 3200,0,-796 3200,0,-800
mouvement 40518565227156c444c481089e3df481 [bord droit] 2400,0,-400 2404,0,-400 2408,0,-400 2411,0,-400 2415,0,-400 2419,0,-400 2423,0,-400 2426,0,-400 2430,0,-400 2434,0,-400 2437,0,-400 2441,0,-400 2444,0,-400 2448,0,-400 2452,0,-400 2455,0,-400 2458,0,-400 2462,0,-400 2465,0,-400 2469,0,-401 2472,0,-401 2475,0,-401 2479,0,-401 2482,0,-401 2485,0,-401 2488,0,-401 2492,0,-401 2495,0,-401 2498,0,-402 2501,0,-402 2504,0,-402 2507,0,-402 2510,0,-402 2513,0,-403 2516,0,-403 2519,0,-403 2522,0,-403 2525,0,-404 2528,0,-404 2531,0,-404 2534,0,-404 2537,0,-405 2540,0,-405 2543,0,-405 2546,0,-406 2548,0,-406 2551,0,-406 2554,0,-407 2557,0,-407 2559,0,-408 2562,0,-408 2565,0,-408 2567,0,-409 2570,0,-409 2573,0,-410 2575,0,-410 2578,0,-411 2580,0,-411 2583,0,-412 2585,0,-412 2588,0,-413 2590,0,-413 2593,0,-414 2595,0,-415 2598,0,-415 2600,0,-416 2602,0,-416 2605,0,-417 2607,0,-418 2610,0,-418 2612,0,-419 2614,0,-420 2616,0,-420 2619,0,-421 2621,0,-422 2623,0,-423 2625,0,-423 2628,0,-424 2630,0,-425 2632,0,-426 2634,0,-427 2636,0,-427 2638,0,-428 2640,0,-429 2643,0,-430 2645,0,-431 2647,0,-432 2649,0,-433 2651,0,-434 2653,0,-434 2655,0,-435 2657,0,-436 2659,0,-437 2661,0,-438 2663,0,-439 2664,0,-440 2666,0,-441 2668,0,-442 2670,0,-443 2672,0,-444 2674,0,-446 2676,0,-447 2677,0,-448 2679,0,-449 2681,0,-450 2683,0,-451 2684,0,-452 2686,0,-453 2688,0,-455 2690,0,-456 2691,0,-457 2693,0,-458 2695,0,-459 2696,0,-461 2698,0,-462 2700,0,-463 2701,0,-464 2703,0,-466 2704,0,-467 2706,0,-468 2707,0,-470 2709,0,-471 2710,0,-472 2712,0,-474 2713,0,-475 2715,0,-476 2716,0,-478 2718,0,-479 2719,0,-481 2721,0,-482 2722,0,-484 2724,0,-485 2725,0,-487 2726,0,-488 2728,0,-490 2729,0,-491 2730,0,-493 2732,0,-494 2733,0,-496 2734,0,-497 2736,0,-499 2737,0,-500 2738,0,-502 2739,0,-504 2741,0,-505 2742,0,-507 2743,0,-509 2744,0,-510 2745,0,-512 2747,0,-514 2748,0,-516 2749,0,-517 2750,0,-519 2751,0,-521 2752,0,-523 2753,0,-524 2754,0,-526 2756,0,-528 2757,0,-530 2758,0,-532 2759,0,-534 2760,0,-536 2761,0,-537 2762,0,-539 2763,0,-541 2764,0,-543 2765,0,-545 2766,0,-547 2766,0,-549 2767,0,-551 2768,0,-553 2769,0,-555 2770,0,-557 2771,0,-560 2772,0,-562 2773,0,-564 2773,0,-566 2774,0,-568 2775,0,-570 2776,0,-572 2777,0,-575 2777,0,-577 2778,0,-579 2779,0,-581 2780,0,-584 2780,0,-586 2781,0,-588 2782,0,-590 2782,0,-593 2783,0,-595 2784,0,-598 2784,0,-600 2785,0,-602 2785,0,-605 2786,0,-607 2787,0,-610 2787,0,-612 2788,0,-615 2788,0,-617 2789,0,-620 2789,0,-622 2790,0,-625 2790,0,-627 2791,0,-630 2791,0,-633 2792,0,-635 2792,0,-638 2792,0,-641 2793,0,-643 2793,0,-646 2794,0,-649 2794,0,-652 2794,0,-654 2795,0,-657 2795,0,-660 2795,0,-663 2796,0,-666 2796,0,-669 2796,0,-672 2796,0,-675 2797,0,-678 2797,0,-681 2797,0,-684 2797,0,-687 2798,0,-690 2798,0,-693 2798,0,-696 2798,0,-699 2798,0,-702 2799,0,-705 2799,0,-708 2799,0,-712 2799,0,-715 2799,0,-718 2799,0,-721 2799,0,-725 2799,0,-728 2799,0,-731 2800,0,-735 2800,0,-738 2800,0,-742 2800,0,-745 2800,0,-748 2800,0,-752 2800,0,-756 2800,0,-759 2800,0,-763 2800,0,-766 2800,0,-770 2800,0,-774 2800,0,-777 2800,0,-781 2800,0,-785 2800,0,-789 2800,0,-792 2800,0,-796 2800,0,-800
mouvement 408a596007f75c3640fb9f816f896c86 [centre] 2400,0,-200 2406,0,-200 2413,0,-200 2419,0,-200 2426,0,-200 2432,0,-200 2439,0,-200 2445,0,-200 2452,0,-200 2458,0,-200 2465,0,-200 2471,0,-200 2477,0,-200 2484,0,-200 2490,0,-200 2497,0,-199 2503,0,-199 2510,0,-199 2516,0,-199 2523,0,-199 2529,0,-199 2536,0,-199 2542,0,-198 2548,0,-198 2555,0,-198 2561,0,-198 2568,0,-197 2574,0,-197 2581,0,-197 2587,0,-196 2594,0,-196 2600,0,-196 2606,0,-195 2613,0,-195 2619,0,-194 2626,0,-194 2632,0,-193 2639,0,-193 2645,0,-192 2651,0,-192 2658,0,-191 2664,0,-190 2671,0,-189 2677,0,-189 2684,0,-188 2690,0,-187 2696,0,-186 2703,0,-185 2709,0,-185 2716,0,-184 2722,0,-183 2728,0,-182 2735,0,-180 2741,0,-179 2747,0,-178 2754,0,-177 2760,0,-176 2766,0,-175 2773,0,-173 2779,0,-172 2785,0,-171 2792,0,-169 2798,0,-168 2804,0,-166 2810,0,-165 2817,0,-163 2823,0,-161 2829,0,-160 2835,0,-158 2842,0,-156 2848,0,-154 2854,0,-153 2860,0,-151 2866,0,-149 2872,0,-147 2879,0,-145 2885,0,-143 2891,0,-141 2897,0,-138 2903,0,-136 2909,0,-134 2915,0,-131 2921,0,-129 2927,0,-127 2933,0,-124 2939,0,-122 2945,0,-119 2951,0,-117 2957,0,-114 2962,0,-111 2968,0,-108 2974,0,-106 2980,0,-103 2986,0,-100 2991,0,-97 2997,0,-94 3003,0,-91 3008,0,-88 3014,0,-85 3020,0,-81 3025,0,-78 3031,0,-75 3036,0,-71 3042,0,-68 3047,0,-65 3053,0,-61 3058,0,-58 3063,0,-54 3069,0,-50 3074,0,-47 3079,0,-43 3085,0,-39 3090,0,-35 3095,0,-31 3100,0,-28 3105,0,-24 3110,0,-20 3115,0,-16 3120,0,-11 3125,0,-7 3130,0,-3 3135,0,1 3140,0,5 3145,0,10 3149,0,14 3154,0,19 3159,0,23 3163,0,28 3168,0,32 3172,0,37 3177,0,41 3181,0,46 3186,0,51 3190,0,55 3195,0,60 3199,0,65 3203,0,70 3207,0,75 3211,0,80 3216,0,85 3220,0,90 3224,0,95 3228,0,100 3231,0,105 3235,0,110 3239,0,115 3243,0,121 3247,0,126 3250,0,131 3254,0,137 3258,0,142 3261,0,147 3265,0,153 3268,0,158 3271,0,164 3275,0,169 3278,0,175 3281,0,180 3285,0,186 3288,0,192 3291,0,197 3294,0,203 3297,0,209 3300,0,214 3303,0,220 3306,0,226 3308,0,232 3311,0,238 3314,0,243 3317,0,249 3319,0,255 3322,0,261 3324,0,267 3327,0,273 3329,0,279 3331,0,285 3334,0,291 3336,0,297 3338,0,303 3341,0,309 3343,0,315 3345,0,321 3347,0,328 3349,0,334 3351,0,340 3353,0,346 3354,0,352 3356,0,358 3358,0,365 3360,0,371 3361,0,377 3363,0,383 3365,0,390 3366,0,396 3368,0,402 3369,0,408 3371,0,415 3372,0,421 3373,0,427 3375,0,434 3376,0,440 3377,0,446 3378,0,453 3379,0,459 3380,0,465 3382,0,472 3383,0,478 3384,0,484 3385,0,491 3385,0,497 3386,0,504 3387,0,510 3388,0,516 3389,0,523 3389,0,529 3390,0,536 3391,0,542 3392,0,549 3392,0,555 3393,0,561 3393,0,568 3394,0,574 3394,0,581 3395,0,587 3395,0,594 3396,0,600 3396,0,606 3396,0,613 3397,0,619 3397,0,626 3397,0,632 3398,0,639 3398,0,645 3398,0,652 3398,0,658 3399,0,664 3399,0,671 3399,0,677 3399,0,684 3399,0,690 3399,0,697 3399,0,703 3400,0,710 3400,0,716 3400,0,723 3400,0,729 3400,0,735 3400,0,742 3400,0,748 3400,0,755 3400,0,761 3400,0,768 3400,0,774 3400,0,781 3400,0,787 3400,0,794 3400,0,800
mouvement 408a596007f75c3640fb9f816f896c86 [bord gauche] 2400,0,0 2406,0,0 2413,0,0 2419,0,0 2426,0,0 2432,0,0 2438,0,0 2444,0,0 2451,0,0 2457,0,0 2463,0,0 2469,0,0 2475,0,0 2482,0,0 2488,0,0 2494,0,0 2500,0,1 2506,0,1 2512,0,1 2518,0,1 2524,0,1 2530,0,1 2535,0,1 2541,0,2 2547,0,2 2553,0,2 2559,0,2 2565,0,3 2570,0,3 2576,0,3 2582,0,4 2587,0,4 2593,0,4 2599,0,5 2604,0,5 2610,0,6 2615,0,6 2621,0,6 2626,0,7 2632,0,8 2637,0,8 2643,0,9 2648,0,9 2654,0,10 2659,0,11 2664,0,11 2670,0,12 2675,0,13 2680,0,13 2686,0,14 2691,0,15 2696,0,16 2701,0,17 2706,0,18 2712,0,19 2717,0,19 2722,0,20 2727,0,21 2732,0,22 2737,0,24 2742,0,25 2747,0,26 2752,0,27 2757,0,28 2762,0,29 2767,0,31 2772,0,32 2777,0,33 2781,0,35 2786,0,36 2791,0,37 2796,0,39 2801,0,40 2805,0,42 2810,0,43 2815,0,45 2819,0,46 2824,0,48 2829,0,50 2833,0,51 2838,0,53 2842,0,55 2847,0,57 2851,0,58 2856,0,60 2860,0,62 2865,0,64 2869,0,66 2873,0,68 2878,0,70 2882,0,72 2886,0,74 2891,0,76 2895,0,78 2899,0,81 2903,0,83 2907,0,85 2912,0,87 2916,0,90 2920,0,92 2924,0,94 2928,0,97 2932,0,99 2936,0,102 2940,0,104 2944,0,107 2948,0,109 2952,0,112 2955,0,114 2959,0,117 2963,0,120 2967,0,122 2971,0,125 2974,0,128 2978,0,131 2982,0,134 2985,0,137 2989,0,139 2992,0,142 2996,0,145 2999,0,148 3003,0,151 3006,0,154 3010,0,158 3013,0,161 3017,0,164 3020,0,167 3023,0,170 3027,0,173 3030,0,177 3033,0,180 3036,0,183 3039,0,187 3042,0,190 3046,0,194 3049,0,197 3052,0,201 3055,0,204 3058,0,208 3061,0,211 3063,0,215 3066,0,218 3069,0,222 3072,0,226 3075,0,229 3078,0,233 3080,0,237 3083,0,241 3086,0,245 3088,0,248 3091,0,252 3093,0,256 3096,0,260 3098,0,264 3101,0,268 3103,0,272 3106,0,276 3108,0,280 3110,0,284 3113,0,288 3115,0,293 3117,0,297 3119,0,301 3122,0,305 3124,0,309 3126,0,314 3128,0,318 3130,0,322 3132,0,327 3134,0,331 3136,0,335 3138,0,340 3140,0,344 3142,0,349 3143,0,353 3145,0,358 3147,0,362 3149,0,367 3150,0,371 3152,0,376 3154,0,381 3155,0,385 3157,0,390 3158,0,395 3160,0,399 3161,0,404 3163,0,409 3164,0,414 3165,0,419 3167,0,423 3168,0,428 3169,0,433 3171,0,438 3172,0,443 3173,0,448 3174,0,453 3175,0,458 3176,0,463 3178,0,468 3179,0,473 3180,0,478 3181,0,483 3181,0,488 3182,0,494 3183,0,499 3184,0,504 3185,0,509 3186,0,514 3187,0,520 3187,0,525 3188,0,530 3189,0,536 3189,0,541 3190,0,546 3191,0,552 3191,0,557 3192,0,563 3192,0,568 3193,0,574 3194,0,579 3194,0,585 3194,0,590 3195,0,596 3195,0,601 3196,0,607 3196,0,613 3196,0,618 3197,0,624 3197,0,630 3197,0,635 3198,0,641 3198,0,647 3198,0,653 3198,0,659 3199,0,665 3199,0,670 3199,0,676 3199,0,682 3199,0,688 3199,0,694 3199,0,700 3200,0,706 3200,0,712 3200,0,718 3200,0,725 3200,0,731 3200,0,737 3200,0,743 3200,0,749 3200,0,756 3200,0,762 3200,0,768 3200,0,774 3200,0,781 3200,0,787 3200,0,794 3200,0,800
mouvement 408a596007f75c3640fb9f816f896c86 [bord droit] 2400,0,-400 2406,0,-400 2413,0,-400 2419,0,-400 2426,0,-400 2433,0,-400 2439,0,-400 2446,0,-400 2453,0,-400 2459,0,-400 2466,0,-400 2473,0,-400 2479,0,-400 2486,0,-400 2493,0,-400 2500,0,-399 2507,0,-399 2514,0,-399 2521,0,-399 2528,0,-399 2535,0,-399 2542,0,-399 2549,0,-398 2556,0,-398 2563,0,-398 2570,0,-398 2577,0,-397 2584,0,-397 2591,0,-397 2598,0,-396 2606,0,-396 2613,0,-395 2620,0,-395 2627,0,-394 2634,0,-394 2642,0,-393 2649,0,-393 2656,0,-392 2664,0,-391 2671,0,-391 2678,0,-390 2686,0,-389 2693,0,-388 2701,0,-387 2708,0,-386 2716,0,-386 2723,0,-385 2731,0,-383 2738,0,-382 2746,0,-381 2753,0,-380 2761,0,-379 2768,0,-378 2776,0,-376 2783,0,-375 2791,0,-374 2798,0,-372 2806,0,-371 2814,0,-369 2821,0,-368 2829,0,-366 2836,0,-364 2844,0,-362 2851,0,-361 2859,0,-359 2867,0,-357 2874,0,-355 2882,0,-353 2889,0,-351 2897,0,-348 2905,0,-346 2912,0,-344 2920,0,-342 2927,0,-339 2935,0,-337 2943,0,-334 2950,0,-332 2958,0,-329 2965,0,-326 2973,0,-324 2980,0,-321 2988,0,-318 2995,0,-315 3003,0,-312 3010,0,-309 3018,0,-306 3025,0,-302 3032,0,-299 3040,0,-296 3047,0,-292 3055,0,-289 3062,0,-285 3069,0,-282 3076,0,-278 3084,0,-274 3091,0,-270 3098,0,-267 3105,0,-263 3112,0,-259 3120,0,-255 3127,0,-250 3134,0,-246 3141,0,-242 3148,0,-238 3155,0,-233 3162,0,-229 3169,0,-224 3175,0,-220 3182,0,-215 3189,0,-210 3196,0,-206 3202,0,-201 3209,0,-196 3216,0,-191 3222,0,-186 3229,0,-181 3235,0,-176 3242,0,-170 3248,0,-165 3254,0,-160 3261,0,-155 3267,0,-149 3273,0,-144 3279,0,-138 3285,0,-132 3292,0,-127 3298,0,-121 3303,0,-115 3309,0,-109 3315,0,-103 3321,0,-98 3327,0,-92 3332,0,-85 3338,0,-79 3344,0,-73 3349,0,-67 3355,0,-61 3360,0,-54 3365,0,-48 3370,0,-42 3376,0,-35 3381,0,-29 3386,0,-22 3391,0,-16 3396,0,-9 3401,0,-2 3406,0,4 3410,0,11 3415,0,18 3420,0,25 3424,0,31 3429,0,38 3433,0,45 3438,0,52 3442,0,59 3446,0,66 3450,0,73 3455,0,80 3459,0,88 3463,0,95 3467,0,102 3470,0,109 3474,0,116 3478,0,124 3482,0,131 3485,0,138 3489,0,145 3492,0,153 3496,0,160 3499,0,168 3502,0,175 3506,0,182 3509,0,190 3512,0,197 3515,0,205 3518,0,212 3521,0,220 3524,0,227 3526,0,235 3529,0,242 3532,0,250 3534,0,257 3537,0,265 3539,0,273 3542,0,280 3544,0,288 3546,0,295 3548,0,303 3551,0,311 3553,0,318 3555,0,326 3557,0,333 3559,0,341 3561,0,349 3562,0,356 3564,0,364 3566,0,371 3568,0,379 3569,0,386 3571,0,394 3572,0,402 3574,0,409 3575,0,417 3576,0,424 3578,0,432 3579,0,439 3580,0,447 3581,0,454 3582,0,462 3583,0,469 3585,0,477 3586,0,484 3586,0,492 3587,0,499 3588,0,507 3589,0,514 3590,0,522 3591,0,529 3591,0,536 3592,0,544 3593,0,551 3593,0,558 3594,0,566 3594,0,573 3595,0,580 3595,0,587 3596,0,594 3596,0,602 3597,0,609 3597,0,616 3597,0,623 3598,0,630 3598,0,637 3598,0,644 3598,0,651 3599,0,658 3599,0,665 3599,0,672 3599,0,679 3599,0,686 3599,0,693 3599,0,700 3600,0,707 3600,0,714 3600,0,721 3600,0,727 3600,0,734 3600,0,741 3600,0,747 3600,0,754 3600,0,761 3600,0,767 3600,0,774 3600,0,781 3600,0,787 3600,0,794 3600,0,800
zone 433b2a4fbf3fe4c8557ecd7b832e4fb1 [408a596007f75c3640fb9f816f896c86 x 489d4a3b8777534a9bdbd8fb0c6cfc8f] 3172,0,392 ; 474,245,1000
zone 436005183adb61a537157827df3372be [489d4a3b8777534a9bdbd8fb0c6cfc8f x 4bbce8157214fb0cc7c56ffb4818e38a] 3200,0,0 ; 445,245,1393
zone 43bbfeff3c02c3bf890cd95139e295a3 [4bbce8157214fb0cc7c56ffb4818e38a x 4f4973455028fea27294a19295e2e091] 2987,0,-280 ; 658,245,1113
zone 43ebda8c3f20a8ad55ad4a9628e3edab [4562eaa3091e578cd4e9524af6f7908b x 489d4a3b8777534a9bdbd8fb0c6cfc8f] 3158,0,760 ; 487,245,632
zone 468af52ce1bbea22b1482f15af632390 [408a596007f75c3640fb9f816f896c86 x 4f4973455028fea27294a19295e2e091] 2681,0,0 ; 873,245,673
zone 46a75b0c04792a9ac17415da45f3c98f [408a596007f75c3640fb9f816f896c86 x 4562eaa3091e578cd4e9524af6f7908b] 2726,0,473 ; 919,245,919
zone 47c7fee4039145473209b7b5d87472b3 [40518565227156c444c481089e3df481 x 4bbce8157214fb0cc7c56ffb4818e38a] 2782,0,-502 ; 463,245,891
zone 489e099514f065e68f19cf4dbfe350b2 [40518565227156c444c481089e3df481 x 489d4a3b8777534a9bdbd8fb0c6cfc8f] 3158,0,-760 ; 487,245,632
zone 48dacd01988ac15ff1cf37499497f885 [4562eaa3091e578cd4e9524af6f7908b x 4f4973455028fea27294a19295e2e091] 2611,0,282 ; 804,245,554
zone 499ace82c622f81cf600719848bae693 [40518565227156c444c481089e3df481 x 4562eaa3091e578cd4e9524af6f7908b] 2440,0,0 ; 632,245,529
zone 49f9a6d925302128b2c14ee2328fabb6 [40518565227156c444c481089e3df481 x 4f4973455028fea27294a19295e2e091] 2726,0,-474 ; 919,245,919
zone 4a435f4e82a6a473eee3d534a3378fb9 [408a596007f75c3640fb9f816f896c86 x 4bbce8157214fb0cc7c56ffb4818e38a] 2987,0,280 ; 658,245,1113
controle 4370991f7408a41ba87432f030daf299 [Uncontrolled, approche 43cf13ae1ef6b701bbcd906cdea7df90, 2 mouvements] 2400,0,-200
controle 4b5be59852dbf8c943063c130a89abbe [Uncontrolled, approche 4bc735b758e931a2e6a2faa6a7cf198b, 2 mouvements] 3400,0,-800
controle 4e342ab49e0487a48fc599a311150694 [Uncontrolled, approche 4970addfd3bf6360c8191bf0f3eeafb7, 2 mouvements] 3000,0,800

instance GlobalObjectId_V1-2-ee081d5cbff641bb9dd499b4f13a8d62-2174360367984508665-1186247037 TJunction_West (TJunction)
frontiere 442bd8af1793e34f2d407ec98f9e6581 [TJunction] -2900,0,0 ; 700,200,1000
mouvement 40ca7f10a97f50a918e8c3a2a1e58493 [centre] -3400,0,800 -3400,0,794 -3400,0,788 -3400,0,781 -3400,0,775 -3400,0,769 -3400,0,763 -3400,0,756 -3400,0,750 -3400,0,744 -3400,0,738 -3400,0,731 -3400,0,725 -3400,0,719 -3400,0,713 -3400,0,706 -3400,0,700 -3400,0,694 -3400,0,688 -3400,0,681 -3400,0,675 -3400,0,669 -3400,0,663 -3400,0,656 -3400,0,650 -3400,0,644 -3400,0,638 -3400,0,631 -3400,0,625 -3400,0,619 -3400,0,613 -3400,0,606 -3400,0,600 -3400,0,594 -3400,0,588 -3400,0,581 -3400,0,575 -3400,0,569 -3400,0,563 -3400,0,556 -3400,0,550 -3400,0,544 -3400,0,538 -3400,0,531 -3400,0,525 -3400,0,519 -3400,0,513 -3400,0,506 -3400,0,500 -3400,0,494 -3400,0,488 -3400,0,481 -3400,0,475 -3400,0,469 -3400,0,463 -3400,0,456 -3400,0,450 -3400,0,444 -3400,0,438 -3400,0,431 -3400,0,425 -3400,0,419 -3400,0,413 -3400,0,406 -3400,0,400 -3400,0,394 -3400,0,388 -3400,0,381 -3400,0,375 -3400,0,369 -3400,0,363 -3400,0,356 -3400,0,350 -3400,0,344 -3400,0,338 -3400,0,331 -3400,0,325 -3400,0,319 -3400,0,313 -3400,0,306 -3400,0,300 -3400,0,294 -3400,0,288 -3400,0,281 -3400,0,275 -3400,0,269 -3400,0,263 -3400,0,256 -3400,0,250 -3400,0,244 -3400,0,238 -3400,0,231 -3400,0,225 -3400,0,219 -3400,0,213 -3400,0,206 -3400,0,200 -3400,0,194 -3400,0,188 -3400,0,181 -3400,0,175 -3400,0,169 -3400,0,163 -3400,0,156 -3400,0,150 -3400,0,144 -3400,0,138 -3400,0,131 -3400,0,125 -3400,0,119 -3400,0,113 -3400,0,106 -3400,0,100 -3400,0,94 -3400,0,88 -3400,0,81 -3400,0,75 -3400,0,69 -3400,0,63 -3400,0,56 -3400,0,50 -3400,0,44 -3400,0,38 -3400,0,31 -3400,0,25 -3400,0,19 -3400,0,13 -3400,0,6 -3400,0,0 -3400,0,-6 -3400,0,-13 -3400,0,-19 -3400,0,-25 -3400,0,-31 -3400,0,-38 -3400,0,-44 -3400,0,-50 -3400,0,-56 -3400,0,-63 -3400,0,-69 -3400,0,-75 -3400,0,-81 -3400,0,-88 -3400,0,-94 -3400,0,-100 -3400,0,-106 -3400,0,-113 -3400,0,-119 -3400,0,-125 -3400,0,-131 -3400,0,-138 -3400,0,-144 -3400,0,-150 -3400,0,-156 -3400,0,-163 -3400,0,-169 -3400,0,-175 -3400,0,-181 -3400,0,-188 -3400,0,-194 -3400,0,-200 -3400,0,-206 -3400,0,-213 -3400,0,-219 -3400,0,-225 -3400,0,-231 -3400,0,-238 -3400,0,-244 -3400,0,-250 -3400,0,-256 -3400,0,-263 -3400,0,-269 -3400,0,-275 -3400,0,-281 -3400,0,-288 -3400,0,-294 -3400,0,-300 -3400,0,-306 -3400,0,-313 -3400,0,-319 -3400,0,-325 -3400,0,-331 -3400,0,-338 -3400,0,-344 -3400,0,-350 -3400,0,-356 -3400,0,-363 -3400,0,-369 -3400,0,-375 -3400,0,-381 -3400,0,-388 -3400,0,-394 -3400,0,-400 -3400,0,-406 -3400,0,-413 -3400,0,-419 -3400,0,-425 -3400,0,-431 -3400,0,-438 -3400,0,-444 -3400,0,-450 -3400,0,-456 -3400,0,-463 -3400,0,-469 -3400,0,-475 -3400,0,-481 -3400,0,-488 -3400,0,-494 -3400,0,-500 -3400,0,-506 -3400,0,-513 -3400,0,-519 -3400,0,-525 -3400,0,-531 -3400,0,-538 -3400,0,-544 -3400,0,-550 -3400,0,-556 -3400,0,-563 -3400,0,-569 -3400,0,-575 -3400,0,-581 -3400,0,-588 -3400,0,-594 -3400,0,-600 -3400,0,-606 -3400,0,-613 -3400,0,-619 -3400,0,-625 -3400,0,-631 -3400,0,-638 -3400,0,-644 -3400,0,-650 -3400,0,-656 -3400,0,-663 -3400,0,-669 -3400,0,-675 -3400,0,-681 -3400,0,-688 -3400,0,-694 -3400,0,-700 -3400,0,-706 -3400,0,-713 -3400,0,-719 -3400,0,-725 -3400,0,-731 -3400,0,-738 -3400,0,-744 -3400,0,-750 -3400,0,-756 -3400,0,-763 -3400,0,-769 -3400,0,-775 -3400,0,-781 -3400,0,-788 -3400,0,-794 -3400,0,-800
mouvement 40ca7f10a97f50a918e8c3a2a1e58493 [bord gauche] -3200,0,800 -3200,0,794 -3200,0,788 -3200,0,781 -3200,0,775 -3200,0,769 -3200,0,763 -3200,0,756 -3200,0,750 -3200,0,744 -3200,0,738 -3200,0,731 -3200,0,725 -3200,0,719 -3200,0,713 -3200,0,706 -3200,0,700 -3200,0,694 -3200,0,688 -3200,0,681 -3200,0,675 -3200,0,669 -3200,0,663 -3200,0,656 -3200,0,650 -3200,0,644 -3200,0,638 -3200,0,631 -3200,0,625 -3200,0,619 -3200,0,613 -3200,0,606 -3200,0,600 -3200,0,594 -3200,0,588 -3200,0,581 -3200,0,575 -3200,0,569 -3200,0,563 -3200,0,556 -3200,0,550 -3200,0,544 -3200,0,538 -3200,0,531 -3200,0,525 -3200,0,519 -3200,0,513 -3200,0,506 -3200,0,500 -3200,0,494 -3200,0,488 -3200,0,481 -3200,0,475 -3200,0,469 -3200,0,463 -3200,0,456 -3200,0,450 -3200,0,444 -3200,0,438 -3200,0,431 -3200,0,425 -3200,0,419 -3200,0,413 -3200,0,406 -3200,0,400 -3200,0,394 -3200,0,388 -3200,0,381 -3200,0,375 -3200,0,369 -3200,0,363 -3200,0,356 -3200,0,350 -3200,0,344 -3200,0,338 -3200,0,331 -3200,0,325 -3200,0,319 -3200,0,313 -3200,0,306 -3200,0,300 -3200,0,294 -3200,0,288 -3200,0,281 -3200,0,275 -3200,0,269 -3200,0,263 -3200,0,256 -3200,0,250 -3200,0,244 -3200,0,238 -3200,0,231 -3200,0,225 -3200,0,219 -3200,0,213 -3200,0,206 -3200,0,200 -3200,0,194 -3200,0,188 -3200,0,181 -3200,0,175 -3200,0,169 -3200,0,163 -3200,0,156 -3200,0,150 -3200,0,144 -3200,0,138 -3200,0,131 -3200,0,125 -3200,0,119 -3200,0,113 -3200,0,106 -3200,0,100 -3200,0,94 -3200,0,88 -3200,0,81 -3200,0,75 -3200,0,69 -3200,0,63 -3200,0,56 -3200,0,50 -3200,0,44 -3200,0,38 -3200,0,31 -3200,0,25 -3200,0,19 -3200,0,13 -3200,0,6 -3200,0,0 -3200,0,-6 -3200,0,-13 -3200,0,-19 -3200,0,-25 -3200,0,-31 -3200,0,-38 -3200,0,-44 -3200,0,-50 -3200,0,-56 -3200,0,-63 -3200,0,-69 -3200,0,-75 -3200,0,-81 -3200,0,-88 -3200,0,-94 -3200,0,-100 -3200,0,-106 -3200,0,-113 -3200,0,-119 -3200,0,-125 -3200,0,-131 -3200,0,-138 -3200,0,-144 -3200,0,-150 -3200,0,-156 -3200,0,-163 -3200,0,-169 -3200,0,-175 -3200,0,-181 -3200,0,-188 -3200,0,-194 -3200,0,-200 -3200,0,-206 -3200,0,-213 -3200,0,-219 -3200,0,-225 -3200,0,-231 -3200,0,-238 -3200,0,-244 -3200,0,-250 -3200,0,-256 -3200,0,-263 -3200,0,-269 -3200,0,-275 -3200,0,-281 -3200,0,-288 -3200,0,-294 -3200,0,-300 -3200,0,-306 -3200,0,-313 -3200,0,-319 -3200,0,-325 -3200,0,-331 -3200,0,-338 -3200,0,-344 -3200,0,-350 -3200,0,-356 -3200,0,-363 -3200,0,-369 -3200,0,-375 -3200,0,-381 -3200,0,-388 -3200,0,-394 -3200,0,-400 -3200,0,-406 -3200,0,-413 -3200,0,-419 -3200,0,-425 -3200,0,-431 -3200,0,-438 -3200,0,-444 -3200,0,-450 -3200,0,-456 -3200,0,-463 -3200,0,-469 -3200,0,-475 -3200,0,-481 -3200,0,-488 -3200,0,-494 -3200,0,-500 -3200,0,-506 -3200,0,-513 -3200,0,-519 -3200,0,-525 -3200,0,-531 -3200,0,-538 -3200,0,-544 -3200,0,-550 -3200,0,-556 -3200,0,-563 -3200,0,-569 -3200,0,-575 -3200,0,-581 -3200,0,-588 -3200,0,-594 -3200,0,-600 -3200,0,-606 -3200,0,-613 -3200,0,-619 -3200,0,-625 -3200,0,-631 -3200,0,-638 -3200,0,-644 -3200,0,-650 -3200,0,-656 -3200,0,-663 -3200,0,-669 -3200,0,-675 -3200,0,-681 -3200,0,-688 -3200,0,-694 -3200,0,-700 -3200,0,-706 -3200,0,-713 -3200,0,-719 -3200,0,-725 -3200,0,-731 -3200,0,-738 -3200,0,-744 -3200,0,-750 -3200,0,-756 -3200,0,-763 -3200,0,-769 -3200,0,-775 -3200,0,-781 -3200,0,-788 -3200,0,-794 -3200,0,-800
mouvement 40ca7f10a97f50a918e8c3a2a1e58493 [bord droit] -3600,0,800 -3600,0,794 -3600,0,788 -3600,0,781 -3600,0,775 -3600,0,769 -3600,0,763 -3600,0,756 -3600,0,750 -3600,0,744 -3600,0,738 -3600,0,731 -3600,0,725 -3600,0,719 -3600,0,713 -3600,0,706 -3600,0,700 -3600,0,694 -3600,0,688 -3600,0,681 -3600,0,675 -3600,0,669 -3600,0,663 -3600,0,656 -3600,0,650 -3600,0,644 -3600,0,638 -3600,0,631 -3600,0,625 -3600,0,619 -3600,0,613 -3600,0,606 -3600,0,600 -3600,0,594 -3600,0,588 -3600,0,581 -3600,0,575 -3600,0,569 -3600,0,563 -3600,0,556 -3600,0,550 -3600,0,544 -3600,0,538 -3600,0,531 -3600,0,525 -3600,0,519 -3600,0,513 -3600,0,506 -3600,0,500 -3600,0,494 -3600,0,488 -3600,0,481 -3600,0,475 -3600,0,469 -3600,0,463 -3600,0,456 -3600,0,450 -3600,0,444 -3600,0,438 -3600,0,431 -3600,0,425 -3600,0,419 -3600,0,413 -3600,0,406 -3600,0,400 -3600,0,394 -3600,0,388 -3600,0,381 -3600,0,375 -3600,0,369 -3600,0,363 -3600,0,356 -3600,0,350 -3600,0,344 -3600,0,338 -3600,0,331 -3600,0,325 -3600,0,319 -3600,0,313 -3600,0,306 -3600,0,300 -3600,0,294 -3600,0,288 -3600,0,281 -3600,0,275 -3600,0,269 -3600,0,263 -3600,0,256 -3600,0,250 -3600,0,244 -3600,0,238 -3600,0,231 -3600,0,225 -3600,0,219 -3600,0,213 -3600,0,206 -3600,0,200 -3600,0,194 -3600,0,188 -3600,0,181 -3600,0,175 -3600,0,169 -3600,0,163 -3600,0,156 -3600,0,150 -3600,0,144 -3600,0,138 -3600,0,131 -3600,0,125 -3600,0,119 -3600,0,113 -3600,0,106 -3600,0,100 -3600,0,94 -3600,0,88 -3600,0,81 -3600,0,75 -3600,0,69 -3600,0,63 -3600,0,56 -3600,0,50 -3600,0,44 -3600,0,38 -3600,0,31 -3600,0,25 -3600,0,19 -3600,0,13 -3600,0,6 -3600,0,0 -3600,0,-6 -3600,0,-13 -3600,0,-19 -3600,0,-25 -3600,0,-31 -3600,0,-38 -3600,0,-44 -3600,0,-50 -3600,0,-56 -3600,0,-63 -3600,0,-69 -3600,0,-75 -3600,0,-81 -3600,0,-88 -3600,0,-94 -3600,0,-100 -3600,0,-106 -3600,0,-113 -3600,0,-119 -3600,0,-125 -3600,0,-131 -3600,0,-138 -3600,0,-144 -3600,0,-150 -3600,0,-156 -3600,0,-163 -3600,0,-169 -3600,0,-175 -3600,0,-181 -3600,0,-188 -3600,0,-194 -3600,0,-200 -3600,0,-206 -3600,0,-213 -3600,0,-219 -3600,0,-225 -3600,0,-231 -3600,0,-238 -3600,0,-244 -3600,0,-250 -3600,0,-256 -3600,0,-263 -3600,0,-269 -3600,0,-275 -3600,0,-281 -3600,0,-288 -3600,0,-294 -3600,0,-300 -3600,0,-306 -3600,0,-313 -3600,0,-319 -3600,0,-325 -3600,0,-331 -3600,0,-338 -3600,0,-344 -3600,0,-350 -3600,0,-356 -3600,0,-363 -3600,0,-369 -3600,0,-375 -3600,0,-381 -3600,0,-388 -3600,0,-394 -3600,0,-400 -3600,0,-406 -3600,0,-413 -3600,0,-419 -3600,0,-425 -3600,0,-431 -3600,0,-438 -3600,0,-444 -3600,0,-450 -3600,0,-456 -3600,0,-463 -3600,0,-469 -3600,0,-475 -3600,0,-481 -3600,0,-488 -3600,0,-494 -3600,0,-500 -3600,0,-506 -3600,0,-513 -3600,0,-519 -3600,0,-525 -3600,0,-531 -3600,0,-538 -3600,0,-544 -3600,0,-550 -3600,0,-556 -3600,0,-563 -3600,0,-569 -3600,0,-575 -3600,0,-581 -3600,0,-588 -3600,0,-594 -3600,0,-600 -3600,0,-606 -3600,0,-613 -3600,0,-619 -3600,0,-625 -3600,0,-631 -3600,0,-638 -3600,0,-644 -3600,0,-650 -3600,0,-656 -3600,0,-663 -3600,0,-669 -3600,0,-675 -3600,0,-681 -3600,0,-688 -3600,0,-694 -3600,0,-700 -3600,0,-706 -3600,0,-713 -3600,0,-719 -3600,0,-725 -3600,0,-731 -3600,0,-738 -3600,0,-744 -3600,0,-750 -3600,0,-756 -3600,0,-763 -3600,0,-769 -3600,0,-775 -3600,0,-781 -3600,0,-788 -3600,0,-794 -3600,0,-800
mouvement 44942dfab8e1f05d644474a6257b5e96 [centre] -3400,0,800 -3400,0,794 -3400,0,787 -3400,0,781 -3400,0,774 -3400,0,768 -3400,0,761 -3400,0,755 -3400,0,748 -3400,0,742 -3400,0,735 -3400,0,729 -3400,0,723 -3400,0,716 -3400,0,710 -3399,0,703 -3399,0,697 -3399,0,690 -3399,0,684 -3399,0,677 -3399,0,671 -3399,0,664 -3398,0,658 -3398,0,652 -3398,0,645 -3398,0,639 -3397,0,632 -3397,0,626 -3397,0,619 -3396,0,613 -3396,0,606 -3396,0,600 -3395,0,594 -3395,0,587 -3394,0,581 -3394,0,574 -3393,0,568 -3393,0,561 -3392,0,555 -3392,0,549 -3391,0,542 -3390,0,536 -3389,0,529 -3389,0,523 -3388,0,516 -3387,0,510 -3386,0,504 -3385,0,497 -3385,0,491 -3384,0,484 -3383,0,478 -3382,0,472 -3380,0,465 -3379,0,459 -3378,0,453 -3377,0,446 -3376,0,440 -3375,0,434 -3373,0,427 -3372,0,421 -3371,0,415 -3369,0,408 -3368,0,402 -3366,0,396 -3365,0,390 -3363,0,383 -3361,0,377 -3360,0,371 -3358,0,365 -3356,0,358 -3354,0,352 -3353,0,346 -3351,0,340 -3349,0,334 -3347,0,328 -3345,0,321 -3343,0,315 -3341,0,309 -3338,0,303 -3336,0,297 -3334,0,291 -3331,0,285 -3329,0,279 -3327,0,273 -3324,0,267 -3322,0,261 -3319,0,255 -3317,0,249 -3314,0,243 -3311,0,238 -3308,0,232 -3306,0,226 -3303,0,220 -3300,0,214 -3297,0,209 -3294,0,203 -3291,0,197 -3288,0,192 -3285,0,186 -3281,0,180 -3278,0,175 -3275,0,169 -3271,0,164 -3268,0,158 -3265,0,153 -3261,0,147 -3258,0,142 -3254,0,137 -3250,0,131 -3247,0,126 -3243,0,121 -3239,0,115 -3235,0,110 -3231,0,105 -3228,0,100 -3224,0,95 -3220,0,90 -3216,0,85 -3211,0,80 -3207,0,75 -3203,0,70 -3199,0,65 -3195,0,60 -3190,0,55 -3186,0,51 -3181,0,46 -3177,0,41 -3172,0,37 -3168,0,32 -3163,0,28 -3159,0,23 -3154,0,19 -3149,0,14 -3145,0,10 -3140,0,5 -3135,0,1 -3130,0,-3 -3125,0,-7 -3120,0,-11 -3115,0,-16 -3110,0,-20 -3105,0,-24 -3100,0,-28 -3095,0,-31 -3090,0,-35 -3085,0,-39 -3079,0,-43 -3074,0,-47 -3069,0,-50 -3063,0,-54 -3058,0,-58 -3053,0,-61 -3047,0,-65 -3042,0,-68 -3036,0,-71 -3031,0,-75 -3025,0,-78 -3020,0,-81 -3014,0,-85 -3008,0,-88 -3003,0,-91 -2997,0,-94 -2991,0,-97 -2986,0,-100 -2980,0,-103 -2974,0,-106 -2968,0,-108 -2962,0,-111 -2957,0,-114 -2951,0,-117 -2945,0,-119 -2939,0,-122 -2933,0,-124 -2927,0,-127 -2921,0,-129 -2915,0,-131 -2909,0,-134 -2903,0,-136 -2897,0,-138 -2891,0,-141 -2885,0,-143 -2879,0,-145 -2872,0,-147 -2866,0,-149 -2860,0,-151 -2854,0,-153 -2848,0,-154 -2842,0,-156 -2835,0,-158 -2829,0,-160 -2823,0,-161 -2817,0,-163 -2810,0,-165 -2804,0,-166 -2798,0,-168 -2792,0,-169 -2785,0,-171 -2779,0,-172 -2773,0,-173 -2766,0,-175 -2760,0,-176 -2754,0,-177 -2747,0,-178 -2741,0,-179 -2735,0,-180 -2728,0,-182 -2722,0,-183 -2716,0,-184 -2709,0,-185 -2703,0,-185 -2696,0,-186 -2690,0,-187 -2684,0,-188 -2677,0,-189 -2671,0,-189 -2664,0,-190 -2658,0,-191 -2651,0,-192 -2645,0,-192 -2639,0,-193 -2632,0,-193 -2626,0,-194 -2619,0,-194 -2613,0,-195 -2606,0,-195 -2600,0,-196 -2594,0,-196 -2587,0,-196 -2581,0,-197 -2574,0,-197 -2568,0,-197 -2561,0,-198 -2555,0,-198 -2548,0,-198 -2542,0,-198 -2536,0,-199 -2529,0,-199 -2523,0,-199 -2516,0,-199 -2510,0,-199 -2503,0,-199 -2497,0,-199 -2490,0,-200 -2484,0,-200 -2477,0,-200 -2471,0,-200 -2465,0,-200 -2458,0,-200 -2452,0,-200 -2445,0,-200 -2439,0,-200 -2432,0,-200 -2426,0,-200 -2419,0,-200 -2413,0,-200 -2406,0,-200 -2400,0,-200
mouvement 44942dfab8e1f05d644474a6257b5e96 [bord gauche] -3200,0,800 -3200,0,794 -3200,0,787 -3200,0,781 -3200,0,774 -3200,0,768 -3200,0,762 -3200,0,756 -3200,0,749 -3200,0,743 -3200,0,737 -3200,0,731 -3200,0,725 -3200,0,718 -3200,0,712 -3200,0,706 -3199,0,700 -3199,0,694 -3199,0,688 -3199,0,682 -3199,0,676 -3199,0,670 -3199,0,665 -3198,0,659 -3198,0,653 -3198,0,647 -3198,0,641 -3197,0,635 -3197,0,630 -3197,0,624 -3196,0,618 -3196,0,613 -3196,0,607 -3195,0,601 -3195,0,596 -3194,0,590 -3194,0,585 -3194,0,579 -3193,0,574 -3192,0,568 -3192,0,563 -3191,0,557 -3191,0,552 -3190,0,546 -3189,0,541 -3189,0,536 -3188,0,530 -3187,0,525 -3187,0,520 -3186,0,514 -3185,0,509 -3184,0,504 -3183,0,499 -3182,0,494 -3181,0,488 -3181,0,483 -3180,0,478 -3179,0,473 -3178,0,468 -3176,0,463 -3175,0,458 -3174,0,453 -3173,0,448 -3172,0,443 -3171,0,438 -3169,0,433 -3168,0,428 -3167,0,423 -3165,0,419 -3164,0,414 -3163,0,409 -3161,0,404 -3160,0,399 -3158,0,395 -3157,0,390 -3155,0,385 -3154,0,381 -3152,0,376 -3150,0,371 -3149,0,367 -3147,0,362 -3145,0,358 -3143,0,353 -3142,0,349 -3140,0,344 -3138,0,340 -3136,0,335 -3134,0,331 -3132,0,327 -3130,0,322 -3128,0,318 -3126,0,314 -3124,0,309 -3122,0,305 -3119,0,301 -3117,0,297 -3115,0,293 -3113,0,288 -3110,0,284 -3108,0,280 -3106,0,276 -3103,0,272 -3101,0,268 -3098,0,264 -3096,0,260 -3093,0,256 -3091,0,252 -3088,0,248 -3086,0,245 -3083,0,241 -3080,0,237 -3078,0,233 -3075,0,229 -3072,0,226 -3069,0,222 -3066,0,218 -3063,0,215 -3061,0,211 -3058,0,208 -3055,0,204 -3052,0,201 -3049,0,197 -3046,0,194 -3042,0,190 -3039,0,187 -3036,0,183 -3033,0,180 -3030,0,177 -3027,0,173 -3023,0,170 -3020,0,167 -3017,0,164 -3013,0,161 -3010,0,158 -3006,0,154 -3003,0,151 -2999,0,148 -2996,0,145 -2992,0,142 -2989,0,139 -2985,0,137 -2982,0,134 -2978,0,131 -2974,0,128 -2971,0,125 -2967,0,122 -2963,0,120 -2959,0,117 -2955,0,114 -2952,0,112 -2948,0,109 -2944,0,107 -2940,0,104 -2936,0,102 -2932,0,99 -2928,0,97 -2924,0,94 -2920,0,92 -2916,0,90 -2912,0,87 -2907,0,85 -2903,0,83 -2899,0,81 -2895,0,78 -2891,0,76 -2886,0,74 -2882,0,72 -2878,0,70 -2873,0,68 -2869,0,66 -2865,0,64 -2860,0,62 -2856,0,60 -2851,0,58 -2847,0,57 -2842,0,55 -2838,0,53 -2833,0,51 -2829,0,50 -2824,0,48 -2819,0,46 -2815,0,45 -2810,0,43 -2805,0,42 -2801,0,40 -2796,0,39 -2791,0,37 -2786,0,36 -2781,0,35 -2777,0,33 -2772,0,32 -2767,0,31 -2762,0,29 -2757,0,28 -2752,0,27 -2747,0,26 -2742,0,25 -2737,0,24 -2732,0,22 -2727,0,21 -2722,0,20 -2717,0,19 -2712,0,19 -2706,0,18 -2701,0,17 -2696,0,16 -2691,0,15 -2686,0,14 -2680,0,13 -2675,0,13 -2670,0,12 -2664,0,11 -2659,0,11 -2654,0,10 -2648,0,9 -2643,0,9 -2637,0,8 -2632,0,8 -2626,0,7 -2621,0,6 -2615,0,6 -2610,0,6 -2604,0,5 -2599,0,5 -2593,0,4 -2587,0,4 -2582,0,4 -2576,0,3 -2570,0,3 -2565,0,3 -2559,0,2 -2553,0,2 -2547,0,2 -2541,0,2 -2535,0,1 -2530,0,1 -2524,0,1 -2518,0,1 -2512,0,1 -2506,0,1 -2500,0,1 -2494,0,0 -2488,0,0 -2482,0,0 -2475,0,0 -2469,0,0 -2463,0,0 -2457,0,0 -2451,0,0 -2444,0,0 -2438,0,0 -2432,0,0 -2426,0,0 -2419,0,0 -2413,0,0 -2406,0,0 -2400,0,0
mouvement 44942dfab8e1f05d644474a6257b5e96 [bord droit] -3600,0,800 -3600,0,794 -3600,0,787 -3600,0,781 -3600,0,774 -3600,0,767 -3600,0,761 -3600,0,754 -3600,0,747 -3600,0,741 -3600,0,734 -3600,0,727 -3600,0,721 -3600,0,714 -3600,0,707 -3599,0,700 -3599,0,693 -3599,0,686 -3599,0,679 -3599,0,672 -3599,0,665 -3599,0,658 -3598,0,651 -3598,0,644 -3598,0,637 -3598,0,630 -3597,0,623 -3597,0,616 -3597,0,609 -3596,0,602 -3596,0,594 -3595,0,587 -3595,0,580 -3594,0,573 -3594,0,566 -3593,0,558 -3593,0,551 -3592,0,544 -3591,0,536 -3591,0,529 -3590,0,522 -3589,0,514 -3588,0,507 -3587,0,499 -3586,0,492 -3586,0,484 -3585,0,477 -3583,0,469 -3582,0,462 -3581,0,454 -3580,0,447 -3579,0,439 -3578,0,432 -3576,0,424 -3575,0,417 -3574,0,409 -3572,0,402 -3571,0,394 -3569,0,386 -3568,0,379 -3566,0,371 -3564,0,364 -3562,0,356 -3561,0,349 -3559,0,341 -3557,0,333 -3555,0,326 -3553,0,318 -3551,0,311 -3548,0,303 -3546,0,295 -3544,0,288 -3542,0,280 -3539,0,273 -3537,0,265 -3534,0,257 -3532,0,250 -3529,0,242 -3526,0,235 -3524,0,227 -3521,0,220 -3518,0,212 -3515,0,205 -3512,0,197 -3509,0,190 -3506,0,182 -3502,0,175 -3499,0,168 -3496,0,160 -3492,0,153 -3489,0,145 -3485,0,138 -3482,0,131 -3478,0,124 -3474,0,116 -3470,0,109 -3467,0,102 -3463,0,95 -3459,0,88 -3455,0,80 -3450,0,73 -3446,0,66 -3442,0,59 -3438,0,52 -3433,0,45 -3429,0,38 -3424,0,31 -3420,0,25 -3415,0,18 -3410,0,11 -3406,0,4 -3401,0,-2 -3396,0,-9 -3391,0,-16 -3386,0,-22 -3381,0,-29 -3376,0,-35 -3370,0,-42 -3365,0,-48 -3360,0,-54 -3355,0,-61 -3349,0,-67 -3344,0,-73 -3338,0,-79 -3332,0,-85 -3327,0,-92 -3321,0,-98 -3315,0,-103 -3309,0,-109 -3303,0,-115 -3298,0,-121 -3292,0,-127 -3285,0,-132 -3279,0,-138 -3273,0,-144 -3267,0,-149 -3261,0,-155 -3254,0,-160 -3248,0,-165 -3242,0,-170 -3235,0,-176 -3229,0,-181 -3222,0,-186 -3216,0,-191 -3209,0,-196 -3202,0,-201 -3196,0,-206 -3189,0,-210 -3182,0,-215 -3175,0,-220 -3169,0,-224 -3162,0,-229 -3155,0,-233 -3148,0,-238 -3141,0,-242 -3134,0,-246 -3127,0,-250 -3120,0,-255 -3112,0,-259 -3105,0,-263 -3098,0,-267 -3091,0,-270 -3084,0,-274 -3076,0,-278 -3069,0,-282 -3062,0,-285 -3055,0,-289 -3047,0,-292 -3040,0,-296 -3032,0,-299 -3025,0,-302 -3018,0,-306 -3010,0,-309 -3003,0,-312 -2995,0,-315 -2988,0,-318 -2980,0,-321 -2973,0,-324 -2965,0,-326 -2958,0,-329 -2950,0,-332 -2943,0,-334 -2935,0,-337 -2927,0,-339 -2920,0,-342 -2912,0,-344 -2905,0,-346 -2897,0,-348 -2889,0,-351 -2882,0,-353 -2874,0,-355 -2867,0,-357 -2859,0,-359 -2851,0,-361 -2844,0,-362 -2836,0,-364 -2829,0,-366 -2821,0,-368 -2814,0,-369 -2806,0,-371 -2798,0,-372 -2791,0,-374 -2783,0,-375 -2776,0,-376 -2768,0,-378 -2761,0,-379 -2753,0,-380 -2746,0,-381 -2738,0,-382 -2731,0,-383 -2723,0,-385 -2716,0,-386 -2708,0,-386 -2701,0,-387 -2693,0,-388 -2686,0,-389 -2678,0,-390 -2671,0,-391 -2664,0,-391 -2656,0,-392 -2649,0,-393 -2642,0,-393 -2634,0,-394 -2627,0,-394 -2620,0,-395 -2613,0,-395 -2606,0,-396 -2598,0,-396 -2591,0,-397 -2584,0,-397 -2577,0,-397 -2570,0,-398 -2563,0,-398 -2556,0,-398 -2549,0,-398 -2542,0,-399 -2535,0,-399 -2528,0,-399 -2521,0,-399 -2514,0,-399 -2507,0,-399 -2500,0,-399 -2493,0,-400 -2486,0,-400 -2479,0,-400 -2473,0,-400 -2466,0,-400 -2459,0,-400 -2453,0,-400 -2446,0,-400 -2439,0,-400 -2433,0,-400 -2426,0,-400 -2419,0,-400 -2413,0,-400 -2406,0,-400 -2400,0,-400
mouvement 4dc4e81b4c9cdd45e0484d2e9daeb888 [centre] -3000,0,-800 -3000,0,-796 -3000,0,-792 -3000,0,-788 -3000,0,-785 -3000,0,-781 -3000,0,-777 -3000,0,-773 -3000,0,-769 -3000,0,-765 -3000,0,-761 -3000,0,-757 -3000,0,-754 -3000,0,-750 -3000,0,-746 -3000,0,-742 -3000,0,-738 -3000,0,-734 -2999,0,-730 -2999,0,-726 -2999,0,-723 -2999,0,-719 -2999,0,-715 -2999,0,-711 -2999,0,-707 -2999,0,-703 -2998,0,-699 -2998,0,-695 -2998,0,-692 -2998,0,-688 -2998,0,-684 -2997,0,-680 -2997,0,-676 -2997,0,-672 -2997,0,-668 -2996,0,-665 -2996,0,-661 -2996,0,-657 -2995,0,-653 -2995,0,-649 -2995,0,-645 -2994,0,-641 -2994,0,-638 -2993,0,-634 -2993,0,-630 -2992,0,-626 -2992,0,-622 -2991,0,-618 -2991,0,-615 -2990,0,-611 -2990,0,-607 -2989,0,-603 -2988,0,-599 -2988,0,-595 -2987,0,-592 -2986,0,-588 -2986,0,-584 -2985,0,-580 -2984,0,-576 -2983,0,-573 -2982,0,-569 -2982,0,-565 -2981,0,-561 -2980,0,-557 -2979,0,-554 -2978,0,-550 -2977,0,-546 -2976,0,-542 -2975,0,-539 -2974,0,-535 -2973,0,-531 -2972,0,-528 -2970,0,-524 -2969,0,-520 -2968,0,-517 -2967,0,-513 -2966,0,-509 -2964,0,-506 -2963,0,-502 -2962,0,-498 -2960,0,-495 -2959,0,-491 -2957,0,-487 -2956,0,-484 -2955,0,-480 -2953,0,-477 -2951,0,-473 -2950,0,-470 -2948,0,-466 -2947,0,-463 -2945,0,-459 -2943,0,-456 -2942,0,-452 -2940,0,-449 -2938,0,-445 -2936,0,-442 -2934,0,-438 -2933,0,-435 -2931,0,-432 -2929,0,-428 -2927,0,-425 -2925,0,-422 -2923,0,-418 -2921,0,-415 -2919,0,-412 -2917,0,-408 -2915,0,-405 -2912,0,-402 -2910,0,-399 -2908,0,-396 -2906,0,-392 -2904,0,-389 -2901,0,-386 -2899,0,-383 -2897,0,-380 -2894,0,-377 -2892,0,-374 -2889,0,-371 -2887,0,-368 -2884,0,-365 -2882,0,-362 -2879,0,-359 -2877,0,-356 -2874,0,-353 -2872,0,-350 -2869,0,-348 -2866,0,-345 -2863,0,-342 -2861,0,-339 -2858,0,-337 -2855,0,-334 -2852,0,-331 -2850,0,-328 -2847,0,-326 -2844,0,-323 -2841,0,-321 -2838,0,-318 -2835,0,-316 -2832,0,-313 -2829,0,-311 -2826,0,-308 -2823,0,-306 -2820,0,-303 -2817,0,-301 -2814,0,-299 -2811,0,-296 -2808,0,-294 -2804,0,-292 -2801,0,-290 -2798,0,-288 -2795,0,-285 -2792,0,-283 -2788,0,-281 -2785,0,-279 -2782,0,-277 -2778,0,-275 -2775,0,-273 -2772,0,-271 -2768,0,-269 -2765,0,-267 -2762,0,-266 -2758,0,-264 -2755,0,-262 -2751,0,-260 -2748,0,-258 -2744,0,-257 -2741,0,-255 -2737,0,-253 -2734,0,-252 -2730,0,-250 -2727,0,-249 -2723,0,-247 -2720,0,-245 -2716,0,-244 -2713,0,-243 -2709,0,-241 -2705,0,-240 -2702,0,-238 -2698,0,-237 -2694,0,-236 -2691,0,-234 -2687,0,-233 -2683,0,-232 -2680,0,-231 -2676,0,-230 -2672,0,-228 -2669,0,-227 -2665,0,-226 -2661,0,-225 -2658,0,-224 -2654,0,-223 -2650,0,-222 -2646,0,-221 -2643,0,-220 -2639,0,-219 -2635,0,-218 -2631,0,-218 -2627,0,-217 -2624,0,-216 -2620,0,-215 -2616,0,-214 -2612,0,-214 -2608,0,-213 -2605,0,-212 -2601,0,-212 -2597,0,-211 -2593,0,-210 -2589,0,-210 -2585,0,-209 -2582,0,-209 -2578,0,-208 -2574,0,-208 -2570,0,-207 -2566,0,-207 -2562,0,-206 -2559,0,-206 -2555,0,-205 -2551,0,-205 -2547,0,-205 -2543,0,-204 -2539,0,-204 -2535,0,-204 -2532,0,-203 -2528,0,-203 -2524,0,-203 -2520,0,-203 -2516,0,-202 -2512,0,-202 -2508,0,-202 -2505,0,-202 -2501,0,-202 -2497,0,-201 -2493,0,-201 -2489,0,-201 -2485,0,-201 -2481,0,-201 -2477,0,-201 -2474,0,-201 -2470,0,-201 -2466,0,-200 -2462,0,-200 -2458,0,-200 -2454,0,-200 -2450,0,-200 -2446,0,-200 -2443,0,-200 -2439,0,-200 -2435,0,-200 -2431,0,-200 -2427,0,-200 -2423,0,-200 -2419,0,-200 -2415,0,-200 -2412,0,-200 -2408,0,-200 -2404,0,-200 -2400,0,-200
mouvement 4dc4e81b4c9cdd45e0484d2e9daeb888 [bord gauche] -3200,0,-800 -3200,0,-796 -3200,0,-792 -3200,0,-788 -3200,0,-784 -3200,0,-780 -3200,0,-776 -3200,0,-772 -3200,0,-768 -3200,0,-764 -3200,0,-760 -3200,0,-756 -3200,0,-752 -3200,0,-747 -3200,0,-743 -3200,0,-739 -3200,0,-735 -3200,0,-730 -3199,0,-726 -3199,0,-721 -3199,0,-717 -3199,0,-713 -3199,0,-708 -3199,0,-704 -3199,0,-699 -3198,0,-695 -3198,0,-690 -3198,0,-686 -3198,0,-681 -3198,0,-677 -3197,0,-672 -3197,0,-667 -3197,0,-663 -3196,0,-658 -3196,0,-653 -3196,0,-649 -3195,0,-644 -3195,0,-639 -3194,0,-634 -3194,0,-629 -3193,0,-625 -3193,0,-620 -3192,0,-615 -3192,0,-610 -3191,0,-605 -3191,0,-600 -3190,0,-595 -3189,0,-591 -3189,0,-586 -3188,0,-581 -3187,0,-576 -3186,0,-571 -3185,0,-566 -3185,0,-561 -3184,0,-556 -3183,0,-551 -3182,0,-546 -3181,0,-541 -3180,0,-536 -3179,0,-531 -3178,0,-525 -3176,0,-520 -3175,0,-515 -3174,0,-510 -3173,0,-505 -3172,0,-500 -3170,0,-495 -3169,0,-490 -3167,0,-485 -3166,0,-480 -3164,0,-474 -3163,0,-469 -3161,0,-464 -3160,0,-459 -3158,0,-454 -3156,0,-449 -3155,0,-444 -3153,0,-439 -3151,0,-434 -3149,0,-428 -3147,0,-423 -3145,0,-418 -3143,0,-413 -3141,0,-408 -3139,0,-403 -3137,0,-398 -3135,0,-393 -3132,0,-388 -3130,0,-383 -3128,0,-378 -3125,0,-373 -3123,0,-368 -3121,0,-363 -3118,0,-358 -3116,0,-353 -3113,0,-348 -3110,0,-343 -3108,0,-338 -3105,0,-333 -3102,0,-328 -3099,0,-323 -3096,0,-319 -3093,0,-314 -3090,0,-309 -3087,0,-304 -3084,0,-299 -3081,0,-295 -3078,0,-290 -3075,0,-285 -3072,0,-281 -3068,0,-276 -3065,0,-271 -3062,0,-267 -3058,0,-262 -3055,0,-258 -3051,0,-253 -3048,0,-249 -3044,0,-244 -3041,0,-240 -3037,0,-236 -3033,0,-231 -3030,0,-227 -3026,0,-223 -3022,0,-218 -3018,0,-214 -3014,0,-210 -3010,0,-206 -3006,0,-202 -3002,0,-198 -2998,0,-194 -2994,0,-190 -2990,0,-186 -2986,0,-182 -2982,0,-178 -2977,0,-174 -2973,0,-170 -2969,0,-167 -2964,0,-163 -2960,0,-159 -2956,0,-156 -2951,0,-152 -2947,0,-149 -2942,0,-145 -2938,0,-142 -2933,0,-138 -2929,0,-135 -2924,0,-132 -2919,0,-128 -2915,0,-125 -2910,0,-122 -2905,0,-119 -2901,0,-116 -2896,0,-113 -2891,0,-110 -2886,0,-107 -2881,0,-104 -2877,0,-101 -2872,0,-98 -2867,0,-95 -2862,0,-92 -2857,0,-90 -2852,0,-87 -2847,0,-84 -2842,0,-82 -2837,0,-79 -2832,0,-77 -2827,0,-75 -2822,0,-72 -2817,0,-70 -2812,0,-68 -2807,0,-65 -2802,0,-63 -2797,0,-61 -2792,0,-59 -2787,0,-57 -2782,0,-55 -2777,0,-53 -2772,0,-51 -2766,0,-49 -2761,0,-47 -2756,0,-45 -2751,0,-44 -2746,0,-42 -2741,0,-40 -2736,0,-39 -2731,0,-37 -2726,0,-36 -2720,0,-34 -2715,0,-33 -2710,0,-31 -2705,0,-30 -2700,0,-28 -2695,0,-27 -2690,0,-26 -2685,0,-25 -2680,0,-24 -2675,0,-22 -2669,0,-21 -2664,0,-20 -2659,0,-19 -2654,0,-18 -2649,0,-17 -2644,0,-16 -2639,0,-15 -2634,0,-15 -2629,0,-14 -2624,0,-13 -2619,0,-12 -2614,0,-11 -2609,0,-11 -2605,0,-10 -2600,0,-9 -2595,0,-9 -2590,0,-8 -2585,0,-8 -2580,0,-7 -2575,0,-7 -2571,0,-6 -2566,0,-6 -2561,0,-5 -2556,0,-5 -2551,0,-4 -2547,0,-4 -2542,0,-4 -2537,0,-3 -2533,0,-3 -2528,0,-3 -2523,0,-2 -2519,0,-2 -2514,0,-2 -2510,0,-2 -2505,0,-2 -2501,0,-1 -2496,0,-1 -2492,0,-1 -2487,0,-1 -2483,0,-1 -2479,0,-1 -2474,0,-1 -2470,0,0 -2465,0,0 -2461,0,0 -2457,0,0 -2453,0,0 -2448,0,0 -2444,0,0 -2440,0,0 -2436,0,0 -2432,0,0 -2428,0,0 -2424,0,0 -2420,0,0 -2416,0,0 -2412,0,0 -2408,0,0 -2404,0,0 -2400,0,0
mouvement 4dc4e81b4c9cdd45e0484d2e9daeb888 [bord droit] -2800,0,-800 -2800,0,-796 -2800,0,-792 -2800,0,-789 -2800,0,-785 -2800,0,-781 -2800,0,-777 -2800,0,-774 -2800,0,-770 -2800,0,-766 -2800,0,-763 -2800,0,-759 -2800,0,-756 -2800,0,-752 -2800,0,-748 -2800,0,-745 -2800,0,-742 -2800,0,-738 -2800,0,-735 -2799,0,-731 -2799,0,-728 -2799,0,-725 -2799,0,-721 -2799,0,-718 -2799,0,-715 -2799,0,-712 -2799,0,-708 -2799,0,-705 -2798,0,-702 -2798,0,-699 -2798,0,-696 -2798,0,-693 -2798,0,-690 -2797,0,-687 -2797,0,-684 -2797,0,-681 -2797,0,-678 -2796,0,-675 -2796,0,-672 -2796,0,-669 -2796,0,-666 -2795,0,-663 -2795,0,-660 -2795,0,-657 -2794,0,-654 -2794,0,-652 -2794,0,-649 -2793,0,-646 -2793,0,-643 -2792,0,-641 -2792,0,-638 -2792,0,-635 -2791,0,-633 -2791,0,-630 -2790,0,-627 -2790,0,-625 -2789,0,-622 -2789,0,-620 -2788,0,-617 -2788,0,-615 -2787,0,-612 -2787,0,-610 -2786,0,-607 -2785,0,-605 -2785,0,-602 -2784,0,-600 -2784,0,-598 -2783,0,-595 -2782,0,-593 -2782,0,-590 -2781,0,-588 -2780,0,-586 -2780,0,-584 -2779,0,-581 -2778,0,-579 -2777,0,-577 -2777,0,-575 -2776,0,-572 -2775,0,-570 -2774,0,-568 -2773,0,-566 -2773,0,-564 -2772,0,-562 -2771,0,-560 -2770,0,-557 -2769,0,-555 -2768,0,-553 -2767,0,-551 -2766,0,-549 -2766,0,-547 -2765,0,-545 -2764,0,-543 -2763,0,-541 -2762,0,-539 -2761,0,-537 -2760,0,-536 -2759,0,-534 -2758,0,-532 -2757,0,-530 -2756,0,-528 -2754,0,-526 -2753,0,-524 -2752,0,-523 -2751,0,-521 -2750,0,-519 -2749,0,-517 -2748,0,-516 -2747,0,-514 -2745,0,-512 -2744,0,-510 -2743,0,-509 -2742,0,-507 -2741,0,-505 -2739,0,-504 -2738,0,-502 -2737,0,-500 -2736,0,-499 -2734,0,-497 -2733,0,-496 -2732,0,-494 -2730,0,-493 -2729,0,-491 -2728,0,-490 -2726,0,-488 -2725,0,-487 -2724,0,-485 -2722,0,-484 -2721,0,-482 -2719,0,-481 -2718,0,-479 -2716,0,-478 -2715,0,-476 -2713,0,-475 -2712,0,-474 -2710,0,-472 -2709,0,-471 -2707,0,-470 -2706,0,-468 -2704,0,-467 -2703,0,-466 -2701,0,-464 -2700,0,-463 -2698,0,-462 -2696,0,-461 -2695,0,-459 -2693,0,-458 -2691,0,-457 -2690,0,-456 -2688,0,-455 -2686,0,-453 -2684,0,-452 -2683,0,-451 -2681,0,-450 -2679,0,-449 -2677,0,-448 -2676,0,-447 -2674,0,-446 -2672,0,-444 -2670,0,-443 -2668,0,-442 -2666,0,-441 -2664,0,-440 -2663,0,-439 -2661,0,-438 -2659,0,-437 -2657,0,-436 -2655,0,-435 -2653,0,-434 -2651,0,-434 -2649,0,-433 -2647,0,-432 -2645,0,-431 -2643,0,-430 -2640,0,-429 -2638,0,-428 -2636,0,-427 -2634,0,-427 -2632,0,-426 -2630,0,-425 -2628,0,-424 -2625,0,-423 -2623,0,-423 -2621,0,-422 -2619,0,-421 -2616,0,-420 -2614,0,-420 -2612,0,-419 -2610,0,-418 -2607,0,-418 -2605,0,-417 -2602,0,-416 -2600,0,-416 -2598,0,-415 -2595,0,-415 -2593,0,-414 -2590,0,-413 -2588,0,-413 -2585,0,-412 -2583,0,-412 -2580,0,-411 -2578,0,-411 -2575,0,-410 -2573,0,-410 -2570,0,-409 -2567,0,-409 -2565,0,-408 -2562,0,-408 -2559,0,-408 -2557,0,-407 -2554,0,-407 -2551,0,-406 -2548,0,-406 -2546,0,-406 -2543,0,-405 -2540,0,-405 -2537,0,-405 -2534,0,-404 -2531,0,-404 -2528,0,-404 -2525,0,-404 -2522,0,-403 -2519,0,-403 -2516,0,-403 -2513,0,-403 -2510,0,-402 -2507,0,-402 -2504,0,-402 -2501,0,-402 -2498,0,-402 -2495,0,-401 -2492,0,-401 -2488,0,-401 -2485,0,-401 -2482,0,-401 -2479,0,-401 -2475,0,-401 -2472,0,-401 -2469,0,-401 -2465,0,-400 -2462,0,-400 -2458,0,-400 -2455,0,-400 -2452,0,-400 -2448,0,-400 -2444,0,-400 -2441,0,-400 -2437,0,-400 -2434,0,-400 -2430,0,-400 -2426,0,-400 -2423,0,-400 -2419,0,-400 -2415,0,-400 -2411,0,-400 -2408,0,-400 -2404,0,-400 -2400,0,-400
mouvement 48af5815b3bc108d4b441d89a7823d88 [centre] -3000,0,-800 -3000,0,-794 -3000,0,-788 -3000,0,-781 -3000,0,-775 -3000,0,-769 -3000,0,-763 -3000,0,-756 -3000,0,-750 -3000,0,-744 -3000,0,-738 -3000,0,-731 -3000,0,-725 -3000,0,-719 -3000,0,-713 -3000,0,-706 -3000,0,-700 -3000,0,-694 -3000,0,-688 -3000,0,-681 -3000,0,-675 -3000,0,-669 -3000,0,-663 -3000,0,-656 -3000,0,-650 -3000,0,-644 -3000,0,-638 -3000,0,-631 -3000,0,-625 -3000,0,-619 -3000,0,-613 -3000,0,-606 -3000,0,-600 -3000,0,-594 -3000,0,-588 -3000,0,-581 -3000,0,-575 -3000,0,-569 -3000,0,-563 -3000,0,-556 -3000,0,-550 -3000,0,-544 -3000,0,-538 -3000,0,-531 -3000,0,-525 -3000,0,-519 -3000,0,-513 -3000,0,-506 -3000,0,-500 -3000,0,-494 -3000,0,-488 -3000,0,-481 -3000,0,-475 -3000,0,-469 -3000,0,-463 -3000,0,-456 -3000,0,-450 -3000,0,-444 -3000,0,-438 -3000,0,-431 -3000,0,-425 -3000,0,-419 -3000,0,-413 -3000,0,-406 -3000,0,-400 -3000,0,-394 -3000,0,-388 -3000,0,-381 -3000,0,-375 -3000,0,-369 -3000,0,-363 -3000,0,-356 -3000,0,-350 -3000,0,-344 -3000,0,-338 -3000,0,-331 -3000,0,-325 -3000,0,-319 -3000,0,-313 -3000,0,-306 -3000,0,-300 -3000,0,-294 -3000,0,-288 -3000,0,-281 -3000,0,-275 -3000,0,-269 -3000,0,-263 -3000,0,-256 -3000,0,-250 -3000,0,-244 -3000,0,-238 -3000,0,-231 -3000,0,-225 -3000,0,-219 -3000,0,-213 -3000,0,-206 -3000,0,-200 -3000,0,-194 -3000,0,-188 -3000,0,-181 -3000,0,-175 -3000,0,-169 -3000,0,-163 -3000,0,-156 -3000,0,-150 -3000,0,-144 -3000,0,-138 -3000,0,-131 -3000,0,-125 -3000,0,-119 -3000,0,-113 -3000,0,-106 -3000,0,-100 -3000,0,-94 -3000,0,-88 -3000,0,-81 -3000,0,-75 -3000,0,-69 -3000,0,-63 -3000,0,-56 -3000,0,-50 -3000,0,-44 -3000,0,-38 -3000,0,-31 -3000,0,-25 -3000,0,-19 -3000,0,-13 -3000,0,-6 -3000,0,0 -3000,0,6 -3000,0,13 -3000,0,19 -3000,0,25 -3000,0,31 -3000,0,38 -3000,0,44 -3000,0,50 -3000,0,56 -3000,0,63 -3000,0,69 -3000,0,75 -3000,0,81 -3000,0,88 -3000,0,94 -3000,0,100 -3000,0,106 -3000,0,113 -3000,0,119 -3000,0,125 -3000,0,131 -3000,0,138 -3000,0,144 -3000,0,150 -3000,0,156 -3000,0,163 -3000,0,169 -3000,0,175 -3000,0,181 -3000,0,188 -3000,0,194 -3000,0,200 -3000,0,206 -3000,0,213 -3000,0,219 -3000,0,225 -3000,0,231 -3000,0,238 -3000,0,244 -3000,0,250 -3000,0,256 -3000,0,263 -3000,0,269 -3000,0,275 -3000,0,281 -3000,0,288 -3000,0,294 -3000,0,300 -3000,0,306 -3000,0,313 -3000,0,319 -3000,0,325 -3000,0,331 -3000,0,338 -3000,0,344 -3000,0,350 -3000,0,356 -3000,0,363 -3000,0,369 -3000,0,375 -3000,0,381 -3000,0,388 -3000,0,394 -3000,0,400 -3000,0,406 -3000,0,413 -3000,0,419 -3000,0,425 -3000,0,431 -3000,0,438 -3000,0,444 -3000,0,450 -3000,0,456 -3000,0,463 -3000,0,469 -3000,0,475 -3000,0,481 -3000,0,488 -3000,0,494 -3000,0,500 -3000,0,506 -3000,0,513 -3000,0,519 -3000,0,525 -3000,0,531 -3000,0,538 -3000,0,544 -3000,0,550 -3000,0,556 -3000,0,563 -3000,0,569 -3000,0,575 -3000,0,581 -3000,0,588 -3000,0,594 -3000,0,600 -3000,0,606 -3000,0,613 -3000,0,619 -3000,0,625 -3000,0,631 -3000,0,638 -3000,0,644 -3000,0,650 -3000,0,656 -3000,0,663 -3000,0,669 -3000,0,675 -3000,0,681 -3000,0,688 -3000,0,694 -3000,0,700 -3000,0,706 -3000,0,713 -3000,0,719 -3000,0,725 -3000,0,731 -3000,0,738 -3000,0,744 -3000,0,750 -3000,0,756 -3000,0,763 -3000,0,769 -3000,0,775 -3000,0,781 -3000,0,788 -3000,0,794 -3000,0,800
mouvement 48af5815b3bc108d4b441d89a7823d88 [bord gauche] -3200,0,-800 -3200,0,-794 -3200,0,-788 -3200,0,-781 -3200,0,-775 -3200,0,-769 -3200,0,-763 -3200,0,-756 -3200,0,-750 -3200,0,-744 -3200,0,-738 -3200,0,-731 -3200,0,-725 -3200,0,-719 -3200,0,-713 -3200,0,-706 -3200,0,-700 -3200,0,-694 -3200,0,-688 -3200,0,-681 -3200,0,-675 -3200,0,-669 -3200,0,-663 -3200,0,-656 -3200,0,-650 -3200,0,-644 -3200,0,-638 -3200,0,-631 -3200,0,-625 -3200,0,-619 -3200,0,-613 -3200,0,-606 -3200,0,-600 -3200,0,-594 -3200,0,-588 -3200,0,-581 -3200,0,-575 -3200,0,-569 -3200,0,-563 -3200,0,-556 -3200,0,-550 -3200,0,-544 -3200,0,-538 -3200,0,-531 -3200,0,-525 -3200,0,-519 -3200,0,-513 -3200,0,-506 -3200,0,-500 -3200,0,-494 -3200,0,-488 -3200,0,-481 -3200,0,-475 -3200,0,-469 -3200,0,-463 -3200,0,-456 -3200,0,-450 -3200,0,-444 -3200,0,-438 -3200,0,-431 -3200,0,-425 -3200,0,-419 -3200,0,-413 -3200,0,-406 -3200,0,-400 -3200,0,-394 -3200,0,-388 -3200,0,-381 -3200,0,-375 -3200,0,-369 -3200,0,-363 -3200,0,-356 -3200,0,-350 -3200,0,-344 -3200,0,-338 -3200,0,-331 -3200,0,-325 -3200,0,-319 -3200,0,-313 -3200,0,-306 -3200,0,-300 -3200,0,-294 -3200,0,-288 -3200,0,-281 -3200,0,-275 -3200,0,-269 -3200,0,-263 -3200,0,-256 -3200,0,-250 -3200,0,-244 -3200,0,-238 -3200,0,-231 -3200,0,-225 -3200,0,-219 -3200,0,-213 -3200,0,-206 -3200,0,-200 -3200,0,-194 -3200,0,-188 -3200,0,-181 -3200,0,-175 -3200,0,-169 -3200,0,-163 -3200,0,-156 -3200,0,-150 -3200,0,-144 -3200,0,-138 -3200,0,-131 -3200,0,-125 -3200,0,-119 -3200,0,-113 -3200,0,-106 -3200,0,-100 -3200,0,-94 -3200,0,-88 -3200,0,-81 -3200,0,-75 -3200,0,-69 -3200,0,-63 -3200,0,-56 -3200,0,-50 -3200,0,-44 -3200,0,-38 -3200,0,-31 -3200,0,-25 -3200,0,-19 -3200,0,-13 -3200,0,-6 -3200,0,0 -3200,0,6 -3200,0,13 -3200,0,19 -3200,0,25 -3200,0,31 -3200,0,38 -3200,0,44 -3200,0,50 -3200,0,56 -3200,0,63 -3200,0,69 -3200,0,75 -3200,0,81 -3200,0,88 -3200,0,94 -3200,0,100 -3200,0,106 -3200,0,113 -3200,0,119 -3200,0,125 -3200,0,131 -3200,0,138 -3200,0,144 -3200,0,150 -3200,0,156 -3200,0,163 -3200,0,169 -3200,0,175 -3200,0,181 -3200,0,188 -3200,0,194 -3200,0,200 -3200,0,206 -3200,0,213 -3200,0,219 -3200,0,225 -3200,0,231 -3200,0,238 -3200,0,244 -3200,0,250 -3200,0,256 -3200,0,263 -3200,0,269 -3200,0,275 -3200,0,281 -3200,0,288 -3200,0,294 -3200,0,300 -3200,0,306 -3200,0,313 -3200,0,319 -3200,0,325 -3200,0,331 -3200,0,338 -3200,0,344 -3200,0,350 -3200,0,356 -3200,0,363 -3200,0,369 -3200,0,375 -3200,0,381 -3200,0,388 -3200,0,394 -3200,0,400 -3200,0,406 -3200,0,413 -3200,0,419 -3200,0,425 -3200,0,431 -3200,0,438 -3200,0,444 -3200,0,450 -3200,0,456 -3200,0,463 -3200,0,469 -3200,0,475 -3200,0,481 -3200,0,488 -3200,0,494 -3200,0,500 -3200,0,506 -3200,0,513 -3200,0,519 -3200,0,525 -3200,0,531 -3200,0,538 -3200,0,544 -3200,0,550 -3200,0,556 -3200,0,563 -3200,0,569 -3200,0,575 -3200,0,581 -3200,0,588 -3200,0,594 -3200,0,600 -3200,0,606 -3200,0,613 -3200,0,619 -3200,0,625 -3200,0,631 -3200,0,638 -3200,0,644 -3200,0,650 -3200,0,656 -3200,0,663 -3200,0,669 -3200,0,675 -3200,0,681 -3200,0,688 -3200,0,694 -3200,0,700 -3200,0,706 -3200,0,713 -3200,0,719 -3200,0,725 -3200,0,731 -3200,0,738 -3200,0,744 -3200,0,750 -3200,0,756 -3200,0,763 -3200,0,769 -3200,0,775 -3200,0,781 -3200,0,788 -3200,0,794 -3200,0,800
mouvement 48af5815b3bc108d4b441d89a7823d88 [bord droit] -2800,0,-800 -2800,0,-794 -2800,0,-788 -2800,0,-781 -2800,0,-775 -2800,0,-769 -2800,0,-763 -2800,0,-756 -2800,0,-750 -2800,0,-744 -2800,0,-738 -2800,0,-731 -2800,0,-725 -2800,0,-719 -2800,0,-713 -2800,0,-706 -2800,0,-700 -2800,0,-694 -2800,0,-688 -2800,0,-681 -2800,0,-675 -2800,0,-669 -2800,0,-663 -2800,0,-656 -2800,0,-650 -2800,0,-644 -2800,0,-638 -2800,0,-631 -2800,0,-625 -2800,0,-619 -2800,0,-613 -2800,0,-606 -2800,0,-600 -2800,0,-594 -2800,0,-588 -2800,0,-581 -2800,0,-575 -2800,0,-569 -2800,0,-563 -2800,0,-556 -2800,0,-550 -2800,0,-544 -2800,0,-538 -2800,0,-531 -2800,0,-525 -2800,0,-519 -2800,0,-513 -2800,0,-506 -2800,0,-500 -2800,0,-494 -2800,0,-488 -2800,0,-481 -2800,0,-475 -2800,0,-469 -2800,0,-463 -2800,0,-456 -2800,0,-450 -2800,0,-444 -2800,0,-438 -2800,0,-431 -2800,0,-425 -2800,0,-419 -2800,0,-413 -2800,0,-406 -2800,0,-400 -2800,0,-394 -2800,0,-388 -2800,0,-381 -2800,0,-375 -2800,0,-369 -2800,0,-363 -2800,0,-356 -2800,0,-350 -2800,0,-344 -2800,0,-338 -2800,0,-331 -2800,0,-325 -2800,0,-319 -2800,0,-313 -2800,0,-306 -2800,0,-300 -2800,0,-294 -2800,0,-288 -2800,0,-281 -2800,0,-275 -2800,0,-269 -2800,0,-263 -2800,0,-256 -2800,0,-250 -2800,0,-244 -2800,0,-238 -2800,0,-231 -2800,0,-225 -2800,0,-219 -2800,0,-213 -2800,0,-206 -2800,0,-200 -2800,0,-194 -2800,0,-188 -2800,0,-181 -2800,0,-175 -2800,0,-169 -2800,0,-163 -2800,0,-156 -2800,0,-150 -2800,0,-144 -2800,0,-138 -2800,0,-131 -2800,0,-125 -2800,0,-119 -2800,0,-113 -2800,0,-106 -2800,0,-100 -2800,0,-94 -2800,0,-88 -2800,0,-81 -2800,0,-75 -2800,0,-69 -2800,0,-63 -2800,0,-56 -2800,0,-50 -2800,0,-44 -2800,0,-38 -2800,0,-31 -2800,0,-25 -2800,0,-19 -2800,0,-13 -2800,0,-6 -2800,0,0 -2800,0,6 -2800,0,13 -2800,0,19 -2800,0,25 -2800,0,31 -2800,0,38 -2800,0,44 -2800,0,50 -2800,0,56 -2800,0,63 -2800,0,69 -2800,0,75 -2800,0,81 -2800,0,88 -2800,0,94 -2800,0,100 -2800,0,106 -2800,0,113 -2800,0,119 -2800,0,125 -2800,0,131 -2800,0,138 -2800,0,144 -2800,0,150 -2800,0,156 -2800,0,163 -2800,0,169 -2800,0,175 -2800,0,181 -2800,0,188 -2800,0,194 -2800,0,200 -2800,0,206 -2800,0,213 -2800,0,219 -2800,0,225 -2800,0,231 -2800,0,238 -2800,0,244 -2800,0,250 -2800,0,256 -2800,0,263 -2800,0,269 -2800,0,275 -2800,0,281 -2800,0,288 -2800,0,294 -2800,0,300 -2800,0,306 -2800,0,313 -2800,0,319 -2800,0,325 -2800,0,331 -2800,0,338 -2800,0,344 -2800,0,350 -2800,0,356 -2800,0,363 -2800,0,369 -2800,0,375 -2800,0,381 -2800,0,388 -2800,0,394 -2800,0,400 -2800,0,406 -2800,0,413 -2800,0,419 -2800,0,425 -2800,0,431 -2800,0,438 -2800,0,444 -2800,0,450 -2800,0,456 -2800,0,463 -2800,0,469 -2800,0,475 -2800,0,481 -2800,0,488 -2800,0,494 -2800,0,500 -2800,0,506 -2800,0,513 -2800,0,519 -2800,0,525 -2800,0,531 -2800,0,538 -2800,0,544 -2800,0,550 -2800,0,556 -2800,0,563 -2800,0,569 -2800,0,575 -2800,0,581 -2800,0,588 -2800,0,594 -2800,0,600 -2800,0,606 -2800,0,613 -2800,0,619 -2800,0,625 -2800,0,631 -2800,0,638 -2800,0,644 -2800,0,650 -2800,0,656 -2800,0,663 -2800,0,669 -2800,0,675 -2800,0,681 -2800,0,688 -2800,0,694 -2800,0,700 -2800,0,706 -2800,0,713 -2800,0,719 -2800,0,725 -2800,0,731 -2800,0,738 -2800,0,744 -2800,0,750 -2800,0,756 -2800,0,763 -2800,0,769 -2800,0,775 -2800,0,781 -2800,0,788 -2800,0,794 -2800,0,800
mouvement 4a16b65f562a0a5d8a44e286ca088493 [centre] -2400,0,200 -2404,0,200 -2408,0,200 -2412,0,200 -2415,0,200 -2419,0,200 -2423,0,200 -2427,0,200 -2431,0,200 -2435,0,200 -2439,0,200 -2443,0,200 -2446,0,200 -2450,0,200 -2454,0,200 -2458,0,200 -2462,0,200 -2466,0,200 -2470,0,201 -2474,0,201 -2477,0,201 -2481,0,201 -2485,0,201 -2489,0,201 -2493,0,201 -2497,0,201 -2501,0,202 -2505,0,202 -2508,0,202 -2512,0,202 -2516,0,202 -2520,0,203 -2524,0,203 -2528,0,203 -2532,0,203 -2535,0,204 -2539,0,204 -2543,0,204 -2547,0,205 -2551,0,205 -2555,0,205 -2559,0,206 -2562,0,206 -2566,0,207 -2570,0,207 -2574,0,208 -2578,0,208 -2582,0,209 -2585,0,209 -2589,0,210 -2593,0,210 -2597,0,211 -2601,0,212 -2605,0,212 -2608,0,213 -2612,0,214 -2616,0,214 -2620,0,215 -2624,0,216 -2627,0,217 -2631,0,218 -2635,0,218 -2639,0,219 -2643,0,220 -2646,0,221 -2650,0,222 -2654,0,223 -2658,0,224 -2661,0,225 -2665,0,226 -2669,0,227 -2672,0,228 -2676,0,230 -2680,0,231 -2683,0,232 -2687,0,233 -2691,0,234 -2694,0,236 -2698,0,237 -2702,0,238 -2705,0,240 -2709,0,241 -2713,0,243 -2716,0,244 -2720,0,245 -2723,0,247 -2727,0,249 -2730,0,250 -2734,0,252 -2737,0,253 -2741,0,255 -2744,0,257 -2748,0,258 -2751,0,260 -2755,0,262 -2758,0,264 -2762,0,266 -2765,0,267 -2768,0,269 -2772,0,271 -2775,0,273 -2778,0,275 -2782,0,277 -2785,0,279 -2788,0,281 -2792,0,283 -2795,0,285 -2798,0,288 -2801,0,290 -2804,0,292 -2808,0,294 -2811,0,296 -2814,0,299 -2817,0,301 -2820,0,303 -2823,0,306 -2826,0,308 -2829,0,311 -2832,0,313 -2835,0,316 -2838,0,318 -2841,0,321 -2844,0,323 -2847,0,326 -2850,0,328 -2852,0,331 -2855,0,334 -2858,0,337 -2861,0,339 -2863,0,342 -2866,0,345 -2869,0,348 -2872,0,350 -2874,0,353 -2877,0,356 -2879,0,359 -2882,0,362 -2884,0,365 -2887,0,368 -2889,0,371 -2892,0,374 -2894,0,377 -2897,0,380 -2899,0,383 -2901,0,386 -2904,0,389 -2906,0,392 -2908,0,396 -2910,0,399 -2912,0,402 -2915,0,405 -2917,0,408 -2919,0,412 -2921,0,415 -2923,0,418 -2925,0,422 -2927,0,425 -2929,0,428 -2931,0,432 -2933,0,435 -2934,0,438 -2936,0,442 -2938,0,445 -2940,0,449 -2942,0,452 -2943,0,456 -2945,0,459 -2947,0,463 -2948,0,466 -2950,0,470 -2951,0,473 -2953,0,477 -2955,0,480 -2956,0,484 -2957,0,487 -2959,0,491 -2960,0,495 -2962,0,498 -2963,0,502 -2964,0,506 -2966,0,509 -2967,0,513 -2968,0,517 -2969,0,520 -2970,0,524 -2972,0,528 -2973,0,531 -2974,0,535 -2975,0,539 -2976,0,542 -2977,0,546 -2978,0,550 -2979,0,554 -2980,0,557 -2981,0,561 -2982,0,565 -2982,0,569 -2983,0,573 -2984,0,576 -2985,0,580 -2986,0,584 -2986,0,588 -2987,0,592 -2988,0,595 -2988,0,599 -2989,0,603 -2990,0,607 -2990,0,611 -2991,0,615 -2991,0,618 -2992,0,622 -2992,0,626 -2993,0,630 -2993,0,634 -2994,0,638 -2994,0,641 -2995,0,645 -2995,0,649 -2995,0,653 -2996,0,657 -2996,0,661 -2996,0,665 -2997,0,668 -2997,0,672 -2997,0,676 -2997,0,680 -2998,0,684 -2998,0,688 -2998,0,692 -2998,0,695 -2998,0,699 -2999,0,703 -2999,0,707 -2999,0,711 -2999,0,715 -2999,0,719 -2999,0,723 -2999,0,726 -2999,0,730 -3000,0,734 -3000,0,738 -3000,0,742 -3000,0,746 -3000,0,750 -3000,0,754 -3000,0,757 -3000,0,761 -3000,0,765 -3000,0,769 -3000,0,773 -3000,0,777 -3000,0,781 -3000,0,785 -3000,0,788 -3000,0,792 -3000,0,796 -3000,0,800
mouvement 4a16b65f562a0a5d8a44e286ca088493 [bord gauche] -2400,0,0 -2404,0,0 -2408,0,0 -2412,0,0 -2416,0,0 -2420,0,0 -2424,0,0 -2428,0,0 -2432,0,0 -2436,0,0 -2440,0,0 -2444,0,0 -2448,0,0 -2453,0,0 -2457,0,0 -2461,0,0 -2465,0,0 -2470,0,0 -2474,0,1 -2479,0,1 -2483,0,1 -2487,0,1 -2492,0,1 -2496,0,1 -2501,0,1 -2505,0,2 -2510,0,2 -2514,0,2 -2519,0,2 -2523,0,2 -2528,0,3 -2533,0,3 -2537,0,3 -2542,0,4 -2547,0,4 -2551,0,4 -2556,0,5 -2561,0,5 -2566,0,6 -2571,0,6 -2575,0,7 -2580,0,7 -2585,0,8 -2590,0,8 -2595,0,9 -2600,0,9 -2605,0,10 -2609,0,11 -2614,0,11 -2619,0,12 -2624,0,13 -2629,0,14 -2634,0,15 -2639,0,15 -2644,0,16 -2649,0,17 -2654,0,18 -2659,0,19 -2664,0,20 -2669,0,21 -2675,0,22 -2680,0,24 -2685,0,25 -2690,0,26 -2695,0,27 -2700,0,28 -2705,0,30 -2710,0,31 -2715,0,33 -2720,0,34 -2726,0,36 -2731,0,37 -2736,0,39 -2741,0,40 -2746,0,42 -2751,0,44 -2756,0,45 -2761,0,47 -2766,0,49 -2772,0,51 -2777,0,53 -2782,0,55 -2787,0,57 -2792,0,59 -2797,0,61 -2802,0,63 -2807,0,65 -2812,0,68 -2817,0,70 -2822,0,72 -2827,0,75 -2832,0,77 -2837,0,79 -2842,0,82 -2847,0,84 -2852,0,87 -2857,0,90 -2862,0,92 -2867,0,95 -2872,0,98 -2877,0,101 -2881,0,104 -2886,0,107 -2891,0,110 -2896,0,113 -2901,0,116 -2905,0,119 -2910,0,122 -2915,0,125 -2919,0,128 -2924,0,132 -2929,0,135 -2933,0,138 -2938,0,142 -2942,0,145 -2947,0,149 -2951,0,152 -2956,0,156 -2960,0,159 -2964,0,163 -2969,0,167 -2973,0,170 -2977,0,174 -2982,0,178 -2986,0,182 -2990,0,186 -2994,0,190 -2998,0,194 -3002,0,198 -3006,0,202 -3010,0,206 -3014,0,210 -3018,0,214 -3022,0,218 -3026,0,223 -3030,0,227 -3033,0,231 -3037,0,236 -3041,0,240 -3044,0,244 -3048,0,249 -3051,0,253 -3055,0,258 -3058,0,262 -3062,0,267 -3065,0,271 -3068,0,276 -3072,0,281 -3075,0,285 -3078,0,290 -3081,0,295 -3084,0,299 -3087,0,304 -3090,0,309 -3093,0,314 -3096,0,319 -3099,0,323 -3102,0,328 -3105,0,333 -3108,0,338 -3110,0,343 -3113,0,348 -3116,0,353 -3118,0,358 -3121,0,363 -3123,0,368 -3125,0,373 -3128,0,378 -3130,0,383 -3132,0,388 -3135,0,393 -3137,0,398 -3139,0,403 -3141,0,408 -3143,0,413 -3145,0,418 -3147,0,423 -3149,0,428 -3151,0,434 -3153,0,439 -3155,0,444 -3156,0,449 -3158,0,454 -3160,0,459 -3161,0,464 -3163,0,469 -3164,0,474 -3166,0,480 -3167,0,485 -3169,0,490 -3170,0,495 -3172,0,500 -3173,0,505 -3174,0,510 -3175,0,515 -3176,0,520 -3178,0,525 -3179,0,531 -3180,0,536 -3181,0,541 -3182,0,546 -3183,0,551 -3184,0,556 -3185,0,561 -3185,0,566 -3186,0,571 -3187,0,576 -3188,0,581 -3189,0,586 -3189,0,591 -3190,0,595 -3191,0,600 -3191,0,605 -3192,0,610 -3192,0,615 -3193,0,620 -3193,0,625 -3194,0,629 -3194,0,634 -3195,0,639 -3195,0,644 -3196,0,649 -3196,0,653 -3196,0,658 -3197,0,663 -3197,0,667 -3197,0,672 -3198,0,677 -3198,0,681 -3198,0,686 -3198,0,690 -3198,0,695 -3199,0,699 -3199,0,704 -3199,0,708 -3199,0,713 -3199,0,717 -3199,0,721 -3199,0,726 -3200,0,730 -3200,0,735 -3200,0,739 -3200,0,743 -3200,0,747 -3200,0,752 -3200,0,756 -3200,0,760 -3200,0,764 -3200,0,768 -3200,0,772 -3200,0,776 -3200,0,780 -3200,0,784 -3200,0,788 -3200,0,792 -3200,0,796 -3200,0,800
mouvement 4a16b65f562a0a5d8a44e286ca088493 [bord droit] -2400,0,400 -2404,0,400 -2408,0,400 -2411,0,400 -2415,0,400 -2419,0,400 -2423,0,400 -2426,0,400 -2430,0,400 -2434,0,400 -2437,0,400 -2441,0,400 -2444,0,400 -2448,0,400 -2452,0,400 -2455,0,400 -2458,0,400 -2462,0,400 -2465,0,400 -2469,0,401 -2472,0,401 -2475,0,401 -2479,0,401 -2482,0,401 -2485,0,401 -2488,0,401 -2492,0,401 -2495,0,401 -2498,0,402 -2501,0,402 -2504,0,402 -2507,0,402 -2510,0,402 -2513,0,403 -2516,0,403 -2519,0,403 -2522,0,403 -2525,0,404 -2528,0,404 -2531,0,404 -2534,0,404 -2537,0,405 -2540,0,405 -2543,0,405 -2546,0,406 -2548,0,406 -2551,0,406 -2554,0,407 -2557,0,407 -2559,0,408 -2562,0,408 -2565,0,408 -2567,0,409 -2570,0,409 -2573,0,410 -2575,0,410 -2578,0,411 -2580,0,411 -2583,0,412 -2585,0,412 -2588,0,413 -2590,0,413 -2593,0,414 -2595,0,415 -2598,0,415 -2600,0,416 -2602,0,416 -2605,0,417 -2607,0,418 -2610,0,418 -2612,0,419 -2614,0,420 -2616,0,420 -2619,0,421 -2621,0,422 -2623,0,423 -2625,0,423 -2628,0,424 -2630,0,425 -2632,0,426 -2634,0,427 -2636,0,427 -2638,0,428 -2640,0,429 -2643,0,430 -2645,0,431 -2647,0,432 -2649,0,433 -2651,0,434 -2653,0,434 -2655,0,435 -2657,0,436 -2659,0,437 -2661,0,438 -2663,0,439 -2664,0,440 -2666,0,441 -2668,0,442 -2670,0,443 -2672,0,444 -2674,0,446 -2676,0,447 -2677,0,448 -2679,0,449 -2681,0,450 -2683,0,451 -2684,0,452 -2686,0,453 -2688,0,455 -2690,0,456 -2691,0,457 -2693,0,458 -2695,0,459 -2696,0,461 -2698,0,462 -2700,0,463 -2701,0,464 -2703,0,466 -2704,0,467 -2706,0,468 -2707,0,470 -2709,0,471 -2710,0,472 -2712,0,474 -2713,0,475 -2715,0,476 -2716,0,478 -2718,0,479 -2719,0,481 -2721,0,482 -2722,0,484 -2724,0,485 -2725,0,487 -2726,0,488 -2728,0,490 -2729,0,491 -2730,0,493 -2732,0,494 -2733,0,496 -2734,0,497 -2736,0,499 -2737,0,500 -2738,0,502 -2739,0,504 -2741,0,505 -2742,0,507 -2743,0,509 -2744,0,510 -2745,0,512 -2747,0,514 -2748,0,516 -2749,0,517 -2750,0,519 -2751,0,521 -2752,0,523 -2753,0,524 -2754,0,526 -2756,0,528 -2757,0,530 -2758,0,532 -2759,0,534 -2760,0,536 -2761,0,537 -2762,0,539 -2763,0,541 -2764,0,543 -2765,0,545 -2766,0,547 -2766,0,549 -2767,0,551 -2768,0,553 -2769,0,555 -2770,0,557 -2771,0,560 -2772,0,562 -2773,0,564 -2773,0,566 -2774,0,568 -2775,0,570 -2776,0,572 -2777,0,575 -2777,0,577 -2778,0,579 -2779,0,581 -2780,0,584 -2780,0,586 -2781,0,588 -2782,0,590 -2782,0,593 -2783,0,595 -2784,0,598 -2784,0,600 -2785,0,602 -2785,0,605 -2786,0,607 -2787,0,610 -2787,0,612 -2788,0,615 -2788,0,617 -2789,0,620 -2789,0,622 -2790,0,625 -2790,0,627 -2791,0,630 -2791,0,633 -2792,0,635 -2792,0,638 -2792,0,641 -2793,0,643 -2793,0,646 -2794,0,649 -2794,0,652 -2794,0,654 -2795,0,657 -2795,0,660 -2795,0,663 -2796,0,666 -2796,0,669 -2796,0,672 -2796,0,675 -2797,0,678 -2797,0,681 -2797,0,684 -2797,0,687 -2798,0,690 -2798,0,693 -2798,0,696 -2798,0,699 -2798,0,702 -2799,0,705 -2799,0,708 -2799,0,712 -2799,0,715 -2799,0,718 -2799,0,721 -2799,0,725 -2799,0,728 -2799,0,731 -2800,0,735 -2800,0,738 -2800,0,742 -2800,0,745 -2800,0,748 -2800,0,752 -2800,0,756 -2800,0,759 -2800,0,763 -2800,0,766 -2800,0,770 -2800,0,774 -2800,0,777 -2800,0,781 -2800,0,785 -2800,0,789 -2800,0,792 -2800,0,796 -2800,0,800
mouvement 4e437f94525852d3a072a538537c2093 [centre] -2400,0,200 -2406,0,200 -2413,0,200 -2419,0,200 -2426,0,200 -2432,0,200 -2439,0,200 -2445,0,200 -2452,0,200 -2458,0,200 -2465,0,200 -2471,0,200 -2477,0,200 -2484,0,200 -2490,0,200 -2497,0,199 -2503,0,199 -2510,0,199 -2516,0,199 -2523,0,199 -2529,0,199 -2536,0,199 -2542,0,198 -2548,0,198 -2555,0,198 -2561,0,198 -2568,0,197 -2574,0,197 -2581,0,197 -2587,0,196 -2594,0,196 -2600,0,196 -2606,0,195 -2613,0,195 -2619,0,194 -2626,0,194 -2632,0,193 -2639,0,193 -2645,0,192 -2651,0,192 -2658,0,191 -2664,0,190 -2671,0,189 -2677,0,189 -2684,0,188 -2690,0,187 -2696,0,186 -2703,0,185 -2709,0,185 -2716,0,184 -2722,0,183 -2728,0,182 -2735,0,180 -2741,0,179 -2747,0,178 -2754,0,177 -2760,0,176 -2766,0,175 -2773,0,173 -2779,0,172 -2785,0,171 -2792,0,169 -2798,0,168 -2804,0,166 -2810,0,165 -2817,0,163 -2823,0,161 -2829,0,160 -2835,0,158 -2842,0,156 -2848,0,154 -2854,0,153 -2860,0,151 -2866,0,149 -2872,0,147 -2879,0,145 -2885,0,143 -2891,0,141 -2897,0,138 -2903,0,136 -2909,0,134 -2915,0,131 -2921,0,129 -2927,0,127 -2933,0,124 -2939,0,122 -2945,0,119 -2951,0,117 -2957,0,114 -2962,0,111 -2968,0,108 -2974,0,106 -2980,0,103 -2986,0,100 -2991,0,97 -2997,0,94 -3003,0,91 -3008,0,88 -3014,0,85 -3020,0,81 -3025,0,78 -3031,0,75 -3036,0,71 -3042,0,68 -3047,0,65 -3053,0,61 -3058,0,58 -3063,0,54 -3069,0,50 -3074,0,47 -3079,0,43 -3085,0,39 -3090,0,35 -3095,0,31 -3100,0,28 -3105,0,24 -3110,0,20 -3115,0,16 -3120,0,11 -3125,0,7 -3130,0,3 -3135,0,-1 -3140,0,-5 -3145,0,-10 -3149,0,-14 -3154,0,-19 -3159,0,-23 -3163,0,-28 -3168,0,-32 -3172,0,-37 -3177,0,-41 -3181,0,-46 -3186,0,-51 -3190,0,-55 -3195,0,-60 -3199,0,-65 -3203,0,-70 -3207,0,-75 -3211,0,-80 -3216,0,-85 -3220,0,-90 -3224,0,-95 -3228,0,-100 -3231,0,-105 -3235,0,-110 -3239,0,-115 -3243,0,-121 -3247,0,-126 -3250,0,-131 -3254,0,-137 -3258,0,-142 -3261,0,-147 -3265,0,-153 -3268,0,-158 -3271,0,-164 -3275,0,-169 -3278,0,-175 -3281,0,-180 -3285,0,-186 -3288,0,-192 -3291,0,-197 -3294,0,-203 -3297,0,-209 -3300,0,-214 -3303,0,-220 -3306,0,-226 -3308,0,-232 -3311,0,-238 -3314,0,-243 -3317,0,-249 -3319,0,-255 -3322,0,-261 -3324,0,-267 -3327,0,-273 -3329,0,-279 -3331,0,-285 -3334,0,-291 -3336,0,-297 -3338,0,-303 -3341,0,-309 -3343,0,-315 -3345,0,-321 -3347,0,-328 -3349,0,-334 -3351,0,-340 -3353,0,-346 -3354,0,-352 -3356,0,-358 -3358,0,-365 -3360,0,-371 -3361,0,-377 -3363,0,-383 -3365,0,-390 -3366,0,-396 -3368,0,-402 -3369,0,-408 -3371,0,-415 -3372,0,-421 -3373,0,-427 -3375,0,-434 -3376,0,-440 -3377,0,-446 -3378,0,-453 -3379,0,-459 -3380,0,-465 -3382,0,-472 -3383,0,-478 -3384,0,-484 -3385,0,-491 -3385,0,-497 -3386,0,-504 -3387,0,-510 -3388,0,-516 -3389,0,-523 -3389,0,-529 -3390,0,-536 -3391,0,-542 -3392,0,-549 -3392,0,-555 -3393,0,-561 -3393,0,-568 -3394,0,-574 -3394,0,-581 -3395,0,-587 -3395,0,-594 -3396,0,-600 -3396,0,-606 -3396,0,-613 -3397,0,-619 -3397,0,-626 -3397,0,-632 -3398,0,-639 -3398,0,-645 -3398,0,-652 -3398,0,-658 -3399,0,-664 -3399,0,-671 -3399,0,-677 -3399,0,-684 -3399,0,-690 -3399,0,-697 -3399,0,-703 -3400,0,-710 -3400,0,-716 -3400,0,-723 -3400,0,-729 -3400,0,-735 -3400,0,-742 -3400,0,-748 -3400,0,-755 -3400,0,-761 -3400,0,-768 -3400,0,-774 -3400,0,-781 -3400,0,-787 -3400,0,-794 -3400,0,-800
mouvement 4e437f94525852d3a072a538537c2093 [bord gauche] -2400,0,0 -2406,0,0 -2413,0,0 -2419,0,0 -2426,0,0 -2432,0,0 -2438,0,0 -2444,0,0 -2451,0,0 -2457,0,0 -2463,0,0 -2469,0,0 -2475,0,0 -2482,0,0 -2488,0,0 -2494,0,0 -2500,0,-1 -2506,0,-1 -2512,0,-1 -2518,0,-1 -2524,0,-1 -2530,0,-1 -2535,0,-1 -2541,0,-2 -2547,0,-2 -2553,0,-2 -2559,0,-2 -2565,0,-3 -2570,0,-3 -2576,0,-3 -2582,0,-4 -2587,0,-4 -2593,0,-4 -2599,0,-5 -2604,0,-5 -2610,0,-6 -2615,0,-6 -2621,0,-6 -2626,0,-7 -2632,0,-8 -2637,0,-8 -2643,0,-9 -2648,0,-9 -2654,0,-10 -2659,0,-11 -2664,0,-11 -2670,0,-12 -2675,0,-13 -2680,0,-13 -2686,0,-14 -2691,0,-15 -2696,0,-16 -2701,0,-17 -2706,0,-18 -2712,0,-19 -2717,0,-19 -2722,0,-20 -2727,0,-21 -2732,0,-22 -2737,0,-24 -2742,0,-25 -2747,0,-26 -2752,0,-27 -2757,0,-28 -2762,0,-29 -2767,0,-31 -2772,0,-32 -2777,0,-33 -2781,0,-35 -2786,0,-36 -2791,0,-37 -2796,0,-39 -2801,0,-40 -2805,0,-42 -2810,0,-43 -2815,0,-45 -2819,0,-46 -2824,0,-48 -2829,0,-50 -2833,0,-51 -2838,0,-53 -2842,0,-55 -2847,0,-57 -2851,0,-58 -2856,0,-60 -2860,0,-62 -2865,0,-64 -2869,0,-66 -2873,0,-68 -2878,0,-70 -2882,0,-72 -2886,0,-74 -2891,0,-76 -2895,0,-78 -2899,0,-81 -2903,0,-83 -2907,0,-85 -2912,0,-87 -2916,0,-90 -2920,0,-92 -2924,0,-94 -2928,0,-97 -2932,0,-99 -2936,0,-102 -2940,0,-104 -2944,0,-107 -2948,0,-109 -2952,0,-112 -2955,0,-114 -2959,0,-117 -2963,0,-120 -2967,0,-122 -2971,0,-125 -2974,0,-128 -2978,0,-131 -2982,0,-134 -2985,0,-137 -2989,0,-139 -2992,0,-142 -2996,0,-145 -2999,0,-148 -3003,0,-151 -3006,0,-154 -3010,0,-158 -3013,0,-161 -3017,0,-164 -3020,0,-167 -3023,0,-170 -3027,0,-173 -3030,0,-177 -3033,0,-180 -3036,0,-183 -3039,0,-187 -3042,0,-190 -3046,0,-194 -3049,0,-197 -3052,0,-201 -3055,0,-204 -3058,0,-208 -3061,0,-211 -3063,0,-215 -3066,0,-218 -3069,0,-222 -3072,0,-226 -3075,0,-229 -3078,0,-233 -3080,0,-237 -3083,0,-241 -3086,0,-245 -3088,0,-248 -3091,0,-252 -3093,0,-256 -3096,0,-260 -3098,0,-264 -3101,0,-268 -3103,0,-272 -3106,0,-276 -3108,0,-280 -3110,0,-284 -3113,0,-288 -3115,0,-293 -3117,0,-297 -3119,0,-301 -3122,0,-305 -3124,0,-309 -3126,0,-314 -3128,0,-318 -3130,0,-322 -3132,0,-327 -3134,0,-331 -3136,0,-335 -3138,0,-340 -3140,0,-344 -3142,0,-349 -3143,0,-353 -3145,0,-358 -3147,0,-362 -3149,0,-367 -3150,0,-371 -3152,0,-376 -3154,0,-381 -3155,0,-385 -3157,0,-390 -3158,0,-395 -3160,0,-399 -3161,0,-404 -3163,0,-409 -3164,0,-414 -3165,0,-419 -3167,0,-423 -3168,0,-428 -3169,0,-433 -3171,0,-438 -3172,0,-443 -3173,0,-448 -3174,0,-453 -3175,0,-458 -3176,0,-463 -3178,0,-468 -3179,0,-473 -3180,0,-478 -3181,0,-483 -3181,0,-488 -3182,0,-494 -3183,0,-499 -3184,0,-504 -3185,0,-509 -3186,0,-514 -3187,0,-520 -3187,0,-525 -3188,0,-530 -3189,0,-536 -3189,0,-541 -3190,0,-546 -3191,0,-552 -3191,0,-557 -3192,0,-563 -3192,0,-568 -3193,0,-574 -3194,0,-579 -3194,0,-585 -3194,0,-590 -3195,0,-596 -3195,0,-601 -3196,0,-607 -3196,0,-613 -3196,0,-618 -3197,0,-624 -3197,0,-630 -3197,0,-635 -3198,0,-641 -3198,0,-647 -3198,0,-653 -3198,0,-659 -3199,0,-665 -3199,0,-670 -3199,0,-676 -3199,0,-682 -3199,0,-688 -3199,0,-694 -3199,0,-700 -3200,0,-706 -3200,0,-712 -3200,0,-718 -3200,0,-725 -3200,0,-731 -3200,0,-737 -3200,0,-743 -3200,0,-749 -3200,0,-756 -3200,0,-762 -3200,0,-768 -3200,0,-774 -3200,0,-781 -3200,0,-787 -3200,0,-794 -3200,0,-800
mouvement 4e437f94525852d3a072a538537c2093 [bord droit] -2400,0,400 -2406,0,400 -2413,0,400 -2419,0,400 -2426,0,400 -2433,0,400 -2439,0,400 -2446,0,400 -2453,0,400 -2459,0,400 -2466,0,400 -2473,0,400 -2479,0,400 -2486,0,400 -2493,0,400 -2500,0,399 -2507,0,399 -2514,0,399 -2521,0,399 -2528,0,399 -2535,0,399 -2542,0,399 -2549,0,398 -2556,0,398 -2563,0,398 -2570,0,398 -2577,0,397 -2584,0,397 -2591,0,397 -2598,0,396 -2606,0,396 -2613,0,395 -2620,0,395 -2627,0,394 -2634,0,394 -2642,0,393 -2649,0,393 -2656,0,392 -2664,0,391 -2671,0,391 -2678,0,390 -2686,0,389 -2693,0,388 -2701,0,387 -2708,0,386 -2716,0,386 -2723,0,385 -2731,0,383 -2738,0,382 -2746,0,381 -2753,0,380 -2761,0,379 -2768,0,378 -2776,0,376 -2783,0,375 -2791,0,374 -2798,0,372 -2806,0,371 -2814,0,369 -2821,0,368 -2829,0,366 -2836,0,364 -2844,0,362 -2851,0,361 -2859,0,359 -2867,0,357 -2874,0,355 -2882,0,353 -2889,0,351 -2897,0,348 -2905,0,346 -2912,0,344 -2920,0,342 -2927,0,339 -2935,0,337 -2943,0,334 -2950,0,332 -2958,0,329 -2965,0,326 -2973,0,324 -2980,0,321 -2988,0,318 -2995,0,315 -3003,0,312 -3010,0,309 -3018,0,306 -3025,0,302 -3032,0,299 -3040,0,296 -3047,0,292 -3055,0,289 -3062,0,285 -3069,0,282 -3076,0,278 -3084,0,274 -3091,0,270 -3098,0,267 -3105,0,263 -3112,0,259 -3120,0,255 -3127,0,250 -3134,0,246 -3141,0,242 -3148,0,238 -3155,0,233 -3162,0,229 -3169,0,224 -3175,0,220 -3182,0,215 -3189,0,210 -3196,0,206 -3202,0,201 -3209,0,196 -3216,0,191 -3222,0,186 -3229,0,181 -3235,0,176 -3242,0,170 -3248,0,165 -3254,0,160 -3261,0,155 -3267,0,149 -3273,0,144 -3279,0,138 -3285,0,132 -3292,0,127 -3298,0,121 -3303,0,115 -3309,0,109 -3315,0,103 -3321,0,98 -3327,0,92 -3332,0,85 -3338,0,79 -3344,0,73 -3349,0,67 -3355,0,61 -3360,0,54 -3365,0,48 -3370,0,42 -3376,0,35 -3381,0,29 -3386,0,22 -3391,0,16 -3396,0,9 -3401,0,2 -3406,0,-4 -3410,0,-11 -3415,0,-18 -3420,0,-25 -3424,0,-31 -3429,0,-38 -3433,0,-45 -3438,0,-52 -3442,0,-59 -3446,0,-66 -3450,0,-73 -3455,0,-80 -3459,0,-88 -3463,0,-95 -3467,0,-102 -3470,0,-109 -3474,0,-116 -3478,0,-124 -3482,0,-131 -3485,0,-138 -3489,0,-145 -3492,0,-153 -3496,0,-160 -3499,0,-168 -3502,0,-175 -3506,0,-182 -3509,0,-190 -3512,0,-197 -3515,0,-205 -3518,0,-212 -3521,0,-220 -3524,0,-227 -3526,0,-235 -3529,0,-242 -3532,0,-250 -3534,0,-257 -3537,0,-265 -3539,0,-273 -3542,0,-280 -3544,0,-288 -3546,0,-295 -3548,0,-303 -3551,0,-311 -3553,0,-318 -3555,0,-326 -3557,0,-333 -3559,0,-341 -3561,0,-349 -3562,0,-356 -3564,0,-364 -3566,0,-371 -3568,0,-379 -3569,0,-386 -3571,0,-394 -3572,0,-402 -3574,0,-409 -3575,0,-417 -3576,0,-424 -3578,0,-432 -3579,0,-439 -3580,0,-447 -3581,0,-454 -3582,0,-462 -3583,0,-469 -3585,0,-477 -3586,0,-484 -3586,0,-492 -3587,0,-499 -3588,0,-507 -3589,0,-514 -3590,0,-522 -3591,0,-529 -3591,0,-536 -3592,0,-544 -3593,0,-551 -3593,0,-558 -3594,0,-566 -3594,0,-573 -3595,0,-580 -3595,0,-587 -3596,0,-594 -3596,0,-602 -3597,0,-609 -3597,0,-616 -3597,0,-623 -3598,0,-630 -3598,0,-637 -3598,0,-644 -3598,0,-651 -3599,0,-658 -3599,0,-665 -3599,0,-672 -3599,0,-679 -3599,0,-686 -3599,0,-693 -3599,0,-700 -3600,0,-707 -3600,0,-714 -3600,0,-721 -3600,0,-727 -3600,0,-734 -3600,0,-741 -3600,0,-747 -3600,0,-754 -3600,0,-761 -3600,0,-767 -3600,0,-774 -3600,0,-781 -3600,0,-787 -3600,0,-794 -3600,0,-800
zone 406690a88e36b4596ca05b5832a555a9 [48af5815b3bc108d4b441d89a7823d88 x 4e437f94525852d3a072a538537c2093] -2987,0,-280 ; 658,245,1113
zone 40ce606892963a8943f86c2ecd963ba2 [44942dfab8e1f05d644474a6257b5e96 x 48af5815b3bc108d4b441d89a7823d88] -2987,0,280 ; 658,245,1113
zone 40fd4fd762a2c46f4f8087d3f9a597b2 [4dc4e81b4c9cdd45e0484d2e9daeb888 x 4e437f94525852d3a072a538537c2093] -2726,0,-473 ; 919,245,919
zone 4258af5419bba1365a3f0ad6ed3d44aa [40ca7f10a97f50a918e8c3a2a1e58493 x 4e437f94525852d3a072a538537c2093] -3172,0,-392 ; 474,245,1000
zone 465d5eec7c97132ad85c3ac363cca48e [40ca7f10a97f50a918e8c3a2a1e58493 x 48af5815b3bc108d4b441d89a7823d88] -3200,0,0 ; 445,245,1393
zone 470bc18b1824ae1e7e47ac80c41aca9c [44942dfab8e1f05d644474a6257b5e96 x 4dc4e81b4c9cdd45e0484d2e9daeb888] -2611,0,-282 ; 804,245,554
zone 4905f97ebed6b813a1b1ba7b9fc594bb [4a16b65f562a0a5d8a44e286ca088493 x 4dc4e81b4c9cdd45e0484d2e9daeb888] -2440,0,0 ; 632,245,529
zone 4b49ca4b2117973d8355dbf1660471b3 [44942dfab8e1f05d644474a6257b5e96 x 4a16b65f562a0a5d8a44e286ca088493] -2726,0,474 ; 919,245,919
zone 4b786539f4809cd080c6de032000a3bd [44942dfab8e1f05d644474a6257b5e96 x 4e437f94525852d3a072a538537c2093] -2681,0,0 ; 873,245,673
zone 4ce031f1b7b682c6e75c39e87a7b4ab7 [40ca7f10a97f50a918e8c3a2a1e58493 x 4a16b65f562a0a5d8a44e286ca088493] -3158,0,760 ; 487,245,632
zone 4fbcc8e5f354d981b2a3580b4645f6b7 [48af5815b3bc108d4b441d89a7823d88 x 4a16b65f562a0a5d8a44e286ca088493] -2782,0,502 ; 463,245,891
zone 4fdf379316413439f08ee9573e94b995 [40ca7f10a97f50a918e8c3a2a1e58493 x 4dc4e81b4c9cdd45e0484d2e9daeb888] -3158,0,-760 ; 487,245,632
controle 48171f4957d3bd8970fed52ff8b47a83 [Uncontrolled, approche 4f56ef8aae6bfffcbc337d463dd2fd9f, 2 mouvements] -2400,0,200
controle 4c4d0695610e00bb74583d4b6163728a [Uncontrolled, approche 46b219bca5cdaf1087d30d9622fab0a5, 2 mouvements] -3000,0,-800
controle 4df2f2bab0514361bd8aaa81b0e0049f [Uncontrolled, approche 4db6ebc158e0dff4369373f117f51690, 2 mouvements] -3400,0,800

instance GlobalObjectId_V1-2-ee081d5cbff641bb9dd499b4f13a8d62-2174360367984508665-215267690 TJunction_South (TJunction)
frontiere 4b095728e42083ceb90543412e198092 [TJunction] 0,0,-2900 ; 1000,200,700
mouvement 49a416a048161da4a37d21483a9de8b5 [centre] -800,0,-3400 -794,0,-3400 -787,0,-3400 -781,0,-3400 -775,0,-3400 -769,0,-3400 -762,0,-3400 -756,0,-3400 -750,0,-3400 -744,0,-3400 -737,0,-3400 -731,0,-3400 -725,0,-3400 -719,0,-3400 -712,0,-3400 -706,0,-3400 -700,0,-3400 -694,0,-3400 -687,0,-3400 -681,0,-3400 -675,0,-3400 -669,0,-3400 -662,0,-3400 -656,0,-3400 -650,0,-3400 -644,0,-3400 -637,0,-3400 -631,0,-3400 -625,0,-3400 -619,0,-3400 -612,0,-3400 -606,0,-3400 -600,0,-3400 -594,0,-3400 -587,0,-3400 -581,0,-3400 -575,0,-3400 -569,0,-3400 -562,0,-3400 -556,0,-3400 -550,0,-3400 -544,0,-3400 -537,0,-3400 -531,0,-3400 -525,0,-3400 -519,0,-3400 -512,0,-3400 -506,0,-3400 -500,0,-3400 -494,0,-3400 -487,0,-3400 -481,0,-3400 -475,0,-3400 -469,0,-3400 -462,0,-3400 -456,0,-3400 -450,0,-3400 -444,0,-3400 -437,0,-3400 -431,0,-3400 -425,0,-3400 -419,0,-3400 -412,0,-3400 -406,0,-3400 -400,0,-3400 -394,0,-3400 -387,0,-3400 -381,0,-3400 -375,0,-3400 -369,0,-3400 -362,0,-3400 -356,0,-3400 -350,0,-3400 -344,0,-3400 -337,0,-3400 -331,0,-3400 -325,0,-3400 -319,0,-3400 -312,0,-3400 -306,0,-3400 -300,0,-3400 -294,0,-3400 -287,0,-3400 -281,0,-3400 -275,0,-3400 -269,0,-3400 -262,0,-3400 -256,0,-3400 -250,0,-3400 -244,0,-3400 -237,0,-3400 -231,0,-3400 -225,0,-3400 -219,0,-3400 -212,0,-3400 -206,0,-3400 -200,0,-3400 -194,0,-3400 -187,0,-3400 -181,0,-3400 -175,0,-3400 -169,0,-3400 -162,0,-3400 -156,0,-3400 -150,0,-3400 -144,0,-3400 -137,0,-3400 -131,0,-3400 -125,0,-3400 -119,0,-3400 -112,0,-3400 -106,0,-3400 -100,0,-3400 -94,0,-3400 -87,0,-3400 -81,0,-3400 -75,0,-3400 -69,0,-3400 -62,0,-3400 -56,0,-3400 -50,0,-3400 -44,0,-3400 -37,0,-3400 -31,0,-3400 -25,0,-3400 -19,0,-3400 -12,0,-3400 -6,0,-3400 0,0,-3400 6,0,-3400 13,0,-3400 19,0,-3400 25,0,-3400 31,0,-3400 38,0,-3400 44,0,-3400 50,0,-3400 56,0,-3400 63,0,-3400 69,0,-3400 75,0,-3400 81,0,-3400 88,0,-3400 94,0,-3400 100,0,-3400 106,0,-3400 113,0,-3400 119,0,-3400 125,0,-3400 131,0,-3400 138,0,-3400 144,0,-3400 150,0,-3400 156,0,-3400 163,0,-3400 169,0,-3400 175,0,-3400 181,0,-3400 188,0,-3400 194,0,-3400 200,0,-3400 206,0,-3400 213,0,-3400 219,0,-3400 225,0,-3400 231,0,-3400 238,0,-3400 244,0,-3400 250,0,-3400 256,0,-3400 263,0,-3400 269,0,-3400 275,0,-3400 281,0,-3400 288,0,-3400 294,0,-3400 300,0,-3400 306,0,-3400 313,0,-3400 319,0,-3400 325,0,-3400 331,0,-3400 338,0,-3400 344,0,-3400 350,0,-3400 356,0,-3400 363,0,-3400 369,0,-3400 375,0,-3400 381,0,-3400 387,0,-3400 394,0,-3400 400,0,-3400 406,0,-3400 412,0,-3400 419,0,-3400 425,0,-3400 431,0,-3400 437,0,-3400 444,0,-3400 450,0,-3400 456,0,-3400 462,0,-3400 469,0,-3400 475,0,-3400 481,0,-3400 487,0,-3400 494,0,-3400 500,0,-3400 506,0,-3400 512,0,-3400 519,0,-3400 525,0,-3400 531,0,-3400 537,0,-3400 544,0,-3400 550,0,-3400 556,0,-3400 562,0,-3400 569,0,-3400 575,0,-3400 581,0,-3400 587,0,-3400 594,0,-3400 600,0,-3400 606,0,-3400 612,0,-3400 619,0,-3400 625,0,-3400 631,0,-3400 637,0,-3400 644,0,-3400 650,0,-3400 656,0,-3400 662,0,-3400 669,0,-3400 675,0,-3400 681,0,-3400 687,0,-3400 694,0,-3400 700,0,-3400 706,0,-3400 712,0,-3400 719,0,-3400 725,0,-3400 731,0,-3400 737,0,-3400 744,0,-3400 750,0,-3400 756,0,-3400 762,0,-3400 769,0,-3400 775,0,-3400 781,0,-3400 787,0,-3400 794,0,-3400 800,0,-3400
mouvement 49a416a048161da4a37d21483a9de8b5 [bord gauche] -800,0,-3200 -794,0,-3200 -787,0,-3200 -781,0,-3200 -775,0,-3200 -769,0,-3200 -762,0,-3200 -756,0,-3200 -750,0,-3200 -744,0,-3200 -737,0,-3200 -731,0,-3200 -725,0,-3200 -719,0,-3200 -712,0,-3200 -706,0,-3200 -700,0,-3200 -694,0,-3200 -687,0,-3200 -681,0,-3200 -675,0,-3200 -669,0,-3200 -662,0,-3200 -656,0,-3200 -650,0,-3200 -644,0,-3200 -637,0,-3200 -631,0,-3200 -625,0,-3200 -619,0,-3200 -612,0,-3200 -606,0,-3200 -600,0,-3200 -594,0,-3200 -587,0,-3200 -581,0,-3200 -575,0,-3200 -569,0,-3200 -562,0,-3200 -556,0,-3200 -550,0,-3200 -544,0,-3200 -537,0,-3200 -531,0,-3200 -525,0,-3200 -519,0,-3200 -512,0,-3200 -506,0,-3200 -500,0,-3200 -494,0,-3200 -487,0,-3200 -481,0,-3200 -475,0,-3200 -469,0,-3200 -462,0,-3200 -456,0,-3200 -450,0,-3200 -444,0,-3200 -437,0,-3200 -431,0,-3200 -425,0,-3200 -419,0,-3200 -412,0,-3200 -406,0,-3200 -400,0,-3200 -394,0,-3200 -387,0,-3200 -381,0,-3200 -375,0,-3200 -369,0,-3200 -362,0,-3200 -356,0,-3200 -350,0,-3200 -344,0,-3200 -337,0,-3200 -331,0,-3200 -325,0,-3200 -319,0,-3200 -312,0,-3200 -306,0,-3200 -300,0,-3200 -294,0,-3200 -287,0,-3200 -281,0,-3200 -275,0,-3200 -269,0,-3200 -262,0,-3200 -256,0,-3200 -250,0,-3200 -244,0,-3200 -237,0,-3200 -231,0,-3200 -225,0,-3200 -219,0,-3200 -212,0,-3200 -206,0,-3200 -200,0,-3200 -194,0,-3200 -187,0,-3200 -181,0,-3200 -175,0,-3200 -169,0,-3200 -162,0,-3200 -156,0,-3200 -150,0,-3200 -144,0,-3200 -137,0,-3200 -131,0,-3200 -125,0,-3200 -119,0,-3200 -112,0,-3200 -106,0,-3200 -100,0,-3200 -94,0,-3200 -87,0,-3200 -81,0,-3200 -75,0,-3200 -69,0,-3200 -62,0,-3200 -56,0,-3200 -50,0,-3200 -44,0,-3200 -37,0,-3200 -31,0,-3200 -25,0,-3200 -19,0,-3200 -12,0,-3200 -6,0,-3200 0,0,-3200 6,0,-3200 13,0,-3200 19,0,-3200 25,0,-3200 31,0,-3200 38,0,-3200 44,0,-3200 50,0,-3200 56,0,-3200 63,0,-3200 69,0,-3200 75,0,-3200 81,0,-3200 88,0,-3200 94,0,-3200 100,0,-3200 106,0,-3200 113,0,-3200 119,0,-3200 125,0,-3200 131,0,-3200 138,0,-3200 144,0,-3200 150,0,-3200 156,0,-3200 163,0,-3200 169,0,-3200 175,0,-3200 181,0,-3200 188,0,-3200 194,0,-3200 200,0,-3200 206,0,-3200 213,0,-3200 219,0,-3200 225,0,-3200 231,0,-3200 238,0,-3200 244,0,-3200 250,0,-3200 256,0,-3200 263,0,-3200 269,0,-3200 275,0,-3200 281,0,-3200 288,0,-3200 294,0,-3200 300,0,-3200 306,0,-3200 313,0,-3200 319,0,-3200 325,0,-3200 331,0,-3200 338,0,-3200 344,0,-3200 350,0,-3200 356,0,-3200 363,0,-3200 369,0,-3200 375,0,-3200 381,0,-3200 387,0,-3200 394,0,-3200 400,0,-3200 406,0,-3200 412,0,-3200 419,0,-3200 425,0,-3200 431,0,-3200 437,0,-3200 444,0,-3200 450,0,-3200 456,0,-3200 462,0,-3200 469,0,-3200 475,0,-3200 481,0,-3200 487,0,-3200 494,0,-3200 500,0,-3200 506,0,-3200 512,0,-3200 519,0,-3200 525,0,-3200 531,0,-3200 537,0,-3200 544,0,-3200 550,0,-3200 556,0,-3200 562,0,-3200 569,0,-3200 575,0,-3200 581,0,-3200 587,0,-3200 594,0,-3200 600,0,-3200 606,0,-3200 612,0,-3200 619,0,-3200 625,0,-3200 631,0,-3200 637,0,-3200 644,0,-3200 650,0,-3200 656,0,-3200 662,0,-3200 669,0,-3200 675,0,-3200 681,0,-3200 687,0,-3200 694,0,-3200 700,0,-3200 706,0,-3200 712,0,-3200 719,0,-3200 725,0,-3200 731,0,-3200 737,0,-3200 744,0,-3200 750,0,-3200 756,0,-3200 762,0,-3200 769,0,-3200 775,0,-3200 781,0,-3200 787,0,-3200 794,0,-3200 800,0,-3200
mouvement 49a416a048161da4a37d21483a9de8b5 [bord droit] -800,0,-3600 -794,0,-3600 -787,0,-3600 -781,0,-3600 -775,0,-3600 -769,0,-3600 -762,0,-3600 -756,0,-3600 -750,0,-3600 -744,0,-3600 -737,0,-3600 -731,0,-3600 -725,0,-3600 -719,0,-3600 -712,0,-3600 -706,0,-3600 -700,0,-3600 -694,0,-3600 -687,0,-3600 -681,0,-3600 -675,0,-3600 -669,0,-3600 -662,0,-3600 -656,0,-3600 -650,0,-3600 -644,0,-3600 -637,0,-3600 -631,0,-3600 -625,0,-3600 -619,0,-3600 -612,0,-3600 -606,0,-3600 -600,0,-3600 -594,0,-3600 -587,0,-3600 -581,0,-3600 -575,0,-3600 -569,0,-3600 -562,0,-3600 -556,0,-3600 -550,0,-3600 -544,0,-3600 -537,0,-3600 -531,0,-3600 -525,0,-3600 -519,0,-3600 -512,0,-3600 -506,0,-3600 -500,0,-3600 -494,0,-3600 -487,0,-3600 -481,0,-3600 -475,0,-3600 -469,0,-3600 -462,0,-3600 -456,0,-3600 -450,0,-3600 -444,0,-3600 -437,0,-3600 -431,0,-3600 -425,0,-3600 -419,0,-3600 -412,0,-3600 -406,0,-3600 -400,0,-3600 -394,0,-3600 -387,0,-3600 -381,0,-3600 -375,0,-3600 -369,0,-3600 -362,0,-3600 -356,0,-3600 -350,0,-3600 -344,0,-3600 -337,0,-3600 -331,0,-3600 -325,0,-3600 -319,0,-3600 -312,0,-3600 -306,0,-3600 -300,0,-3600 -294,0,-3600 -287,0,-3600 -281,0,-3600 -275,0,-3600 -269,0,-3600 -262,0,-3600 -256,0,-3600 -250,0,-3600 -244,0,-3600 -237,0,-3600 -231,0,-3600 -225,0,-3600 -219,0,-3600 -212,0,-3600 -206,0,-3600 -200,0,-3600 -194,0,-3600 -187,0,-3600 -181,0,-3600 -175,0,-3600 -169,0,-3600 -162,0,-3600 -156,0,-3600 -150,0,-3600 -144,0,-3600 -137,0,-3600 -131,0,-3600 -125,0,-3600 -119,0,-3600 -112,0,-3600 -106,0,-3600 -100,0,-3600 -94,0,-3600 -87,0,-3600 -81,0,-3600 -75,0,-3600 -69,0,-3600 -62,0,-3600 -56,0,-3600 -50,0,-3600 -44,0,-3600 -37,0,-3600 -31,0,-3600 -25,0,-3600 -19,0,-3600 -12,0,-3600 -6,0,-3600 0,0,-3600 6,0,-3600 13,0,-3600 19,0,-3600 25,0,-3600 31,0,-3600 38,0,-3600 44,0,-3600 50,0,-3600 56,0,-3600 63,0,-3600 69,0,-3600 75,0,-3600 81,0,-3600 88,0,-3600 94,0,-3600 100,0,-3600 106,0,-3600 113,0,-3600 119,0,-3600 125,0,-3600 131,0,-3600 138,0,-3600 144,0,-3600 150,0,-3600 156,0,-3600 163,0,-3600 169,0,-3600 175,0,-3600 181,0,-3600 188,0,-3600 194,0,-3600 200,0,-3600 206,0,-3600 213,0,-3600 219,0,-3600 225,0,-3600 231,0,-3600 238,0,-3600 244,0,-3600 250,0,-3600 256,0,-3600 263,0,-3600 269,0,-3600 275,0,-3600 281,0,-3600 288,0,-3600 294,0,-3600 300,0,-3600 306,0,-3600 313,0,-3600 319,0,-3600 325,0,-3600 331,0,-3600 338,0,-3600 344,0,-3600 350,0,-3600 356,0,-3600 363,0,-3600 369,0,-3600 375,0,-3600 381,0,-3600 387,0,-3600 394,0,-3600 400,0,-3600 406,0,-3600 412,0,-3600 419,0,-3600 425,0,-3600 431,0,-3600 437,0,-3600 444,0,-3600 450,0,-3600 456,0,-3600 462,0,-3600 469,0,-3600 475,0,-3600 481,0,-3600 487,0,-3600 494,0,-3600 500,0,-3600 506,0,-3600 512,0,-3600 519,0,-3600 525,0,-3600 531,0,-3600 537,0,-3600 544,0,-3600 550,0,-3600 556,0,-3600 562,0,-3600 569,0,-3600 575,0,-3600 581,0,-3600 587,0,-3600 594,0,-3600 600,0,-3600 606,0,-3600 612,0,-3600 619,0,-3600 625,0,-3600 631,0,-3600 637,0,-3600 644,0,-3600 650,0,-3600 656,0,-3600 662,0,-3600 669,0,-3600 675,0,-3600 681,0,-3600 687,0,-3600 694,0,-3600 700,0,-3600 706,0,-3600 712,0,-3600 719,0,-3600 725,0,-3600 731,0,-3600 737,0,-3600 744,0,-3600 750,0,-3600 756,0,-3600 762,0,-3600 769,0,-3600 775,0,-3600 781,0,-3600 787,0,-3600 794,0,-3600 800,0,-3600
mouvement 4792bee280e137622f8933d01729bea8 [centre] -800,0,-3400 -794,0,-3400 -787,0,-3400 -781,0,-3400 -774,0,-3400 -768,0,-3400 -761,0,-3400 -755,0,-3400 -748,0,-3400 -742,0,-3400 -735,0,-3400 -729,0,-3400 -723,0,-3400 -716,0,-3400 -710,0,-3400 -703,0,-3399 -697,0,-3399 -690,0,-3399 -684,0,-3399 -677,0,-3399 -671,0,-3399 -664,0,-3399 -658,0,-3398 -652,0,-3398 -645,0,-3398 -639,0,-3398 -632,0,-3397 -626,0,-3397 -619,0,-3397 -613,0,-3396 -606,0,-3396 -600,0,-3396 -594,0,-3395 -587,0,-3395 -581,0,-3394 -574,0,-3394 -568,0,-3393 -561,0,-3393 -555,0,-3392 -549,0,-3392 -542,0,-3391 -536,0,-3390 -529,0,-3389 -523,0,-3389 -516,0,-3388 -510,0,-3387 -504,0,-3386 -497,0,-3385 -491,0,-3385 -484,0,-3384 -478,0,-3383 -472,0,-3382 -465,0,-3380 -459,0,-3379 -453,0,-3378 -446,0,-3377 -440,0,-3376 -434,0,-3375 -427,0,-3373 -421,0,-3372 -415,0,-3371 -408,0,-3369 -402,0,-3368 -396,0,-3366 -390,0,-3365 -383,0,-3363 -377,0,-3361 -371,0,-3360 -365,0,-3358 -358,0,-3356 -352,0,-3354 -346,0,-3353 -340,0,-3351 -334,0,-3349 -328,0,-3347 -321,0,-3345 -315,0,-3343 -309,0,-3341 -303,0,-3338 -297,0,-3336 -291,0,-3334 -285,0,-3331 -279,0,-3329 -273,0,-3327 -267,0,-3324 -261,0,-3322 -255,0,-3319 -249,0,-3317 -243,0,-3314 -238,0,-3311 -232,0,-3308 -226,0,-3306 -220,0,-3303 -214,0,-3300 -209,0,-3297 -203,0,-3294 -197,0,-3291 -192,0,-3288 -186,0,-3285 -180,0,-3281 -175,0,-3278 -169,0,-3275 -164,0,-3271 -158,0,-3268 -153,0,-3265 -147,0,-3261 -142,0,-3258 -137,0,-3254 -131,0,-3250 -126,0,-3247 -121,0,-3243 -115,0,-3239 -110,0,-3235 -105,0,-3231 -100,0,-3228 -95,0,-3224 -90,0,-3220 -85,0,-3216 -80,0,-3211 -75,0,-3207 -70,0,-3203 -65,0,-3199 -60,0,-3195 -55,0,-3190 -51,0,-3186 -46,0,-3181 -41,0,-3177 -37,0,-3172 -32,0,-3168 -28,0,-3163 -23,0,-3159 -19,0,-3154 -14,0,-3149 -10,0,-3145 -5,0,-3140 -1,0,-3135 3,0,-3130 7,0,-3125 11,0,-3120 16,0,-3115 20,0,-3110 24,0,-3105 28,0,-3100 31,0,-3095 35,0,-3090 39,0,-3085 43,0,-3079 47,0,-3074 50,0,-3069 54,0,-3063 58,0,-3058 61,0,-3053 65,0,-3047 68,0,-3042 71,0,-3036 75,0,-3031 78,0,-3025 81,0,-3020 85,0,-3014 88,0,-3008 91,0,-3003 94,0,-2997 97,0,-2991 100,0,-2986 103,0,-2980 106,0,-2974 108,0,-2968 111,0,-2962 114,0,-2957 117,0,-2951 119,0,-2945 122,0,-2939 124,0,-2933 127,0,-2927 129,0,-2921 131,0,-2915 134,0,-2909 136,0,-2903 138,0,-2897 141,0,-2891 143,0,-2885 145,0,-2879 147,0,-2872 149,0,-2866 151,0,-2860 153,0,-2854 154,0,-2848 156,0,-2842 158,0,-2835 160,0,-2829 161,0,-2823 163,0,-2817 165,0,-2810 166,0,-2804 168,0,-2798 169,0,-2792 171,0,-2785 172,0,-2779 173,0,-2773 175,0,-2766 176,0,-2760 177,0,-2754 178,0,-2747 179,0,-2741 180,0,-2735 182,0,-2728 183,0,-2722 184,0,-2716 185,0,-2709 185,0,-2703 186,0,-2696 187,0,-2690 188,0,-2684 189,0,-2677 189,0,-2671 190,0,-2664 191,0,-2658 192,0,-2651 192,0,-2645 193,0,-2639 193,0,-2632 194,0,-2626 194,0,-2619 195,0,-2613 195,0,-2606 196,0,-2600 196,0,-2594 196,0,-2587 197,0,-2581 197,0,-2574 197,0,-2568 198,0,-2561 198,0,-2555 198,0,-2548 198,0,-2542 199,0,-2536 199,0,-2529 199,0,-2523 199,0,-2516 199,0,-2510 199,0,-2503 199,0,-2497 200,0,-2490 200,0,-2484 200,0,-2477 200,0,-2471 200,0,-2465 200,0,-2458 200,0,-2452 200,0,-2445 200,0,-2439 200,0,-2432 200,0,-2426 200,0,-2419 200,0,-2413 200,0,-2406 200,0,-2400
mouvement 4792bee280e137622f8933d01729bea8 [bord gauche] -800,0,-3200 -794,0,-3200 -787,0,-3200 -781,0,-3200 -774,0,-3200 -768,0,-3200 -762,0,-3200 -756,0,-3200 -749,0,-3200 -743,0,-3200 -737,0,-3200 -731,0,-3200 -725,0,-3200 -718,0,-3200 -712,0,-3200 -706,0,-3200 -700,0,-3199 -694,0,-3199 -688,0,-3199 -682,0,-3199 -676,0,-3199 -670,0,-3199 -665,0,-3199 -659,0,-3198 -653,0,-3198 -647,0,-3198 -641,0,-3198 -635,0,-3197 -630,0,-3197 -624,0,-3197 -618,0,-3196 -613,0,-3196 -607,0,-3196 -601,0,-3195 -596,0,-3195 -590,0,-3194 -585,0,-3194 -579,0,-3194 -574,0,-3193 -568,0,-3192 -563,0,-3192 -557,0,-3191 -552,0,-3191 -546,0,-3190 -541,0,-3189 -536,0,-3189 -530,0,-3188 -525,0,-3187 -520,0,-3187 -514,0,-3186 -509,0,-3185 -504,0,-3184 -499,0,-3183 -494,0,-3182 -488,0,-3181 -483,0,-3181 -478,0,-3180 -473,0,-3179 -468,0,-3178 -463,0,-3176 -458,0,-3175 -453,0,-3174 -448,0,-3173 -443,0,-3172 -438,0,-3171 -433,0,-3169 -428,0,-3168 -423,0,-3167 -419,0,-3165 -414,0,-3164 -409,0,-3163 -404,0,-3161 -399,0,-3160 -395,0,-3158 -390,0,-3157 -385,0,-3155 -381,0,-3154 -376,0,-3152 -371,0,-3150 -367,0,-3149 -362,0,-3147 -358,0,-3145 -353,0,-3143 -349,0,-3142 -344,0,-3140 -340,0,-3138 -335,0,-3136 -331,0,-3134 -327,0,-3132 -322,0,-3130 -318,0,-3128 -314,0,-3126 -309,0,-3124 -305,0,-3122 -301,0,-3119 -297,0,-3117 -293,0,-3115 -288,0,-3113 -284,0,-3110 -280,0,-3108 -276,0,-3106 -272,0,-3103 -268,0,-3101 -264,0,-3098 -260,0,-3096 -256,0,-3093 -252,0,-3091 -248,0,-3088 -245,0,-3086 -241,0,-3083 -237,0,-3080 -233,0,-3078 -229,0,-3075 -226,0,-3072 -222,0,-3069 -218,0,-3066 -215,0,-3063 -211,0,-3061 -208,0,-3058 -204,0,-3055 -201,0,-3052 -197,0,-3049 -194,0,-3046 -190,0,-3042 -187,0,-3039 -183,0,-3036 -180,0,-3033 -177,0,-3030 -173,0,-3027 -170,0,-3023 -167,0,-3020 -164,0,-3017 -161,0,-3013 -158,0,-3010 -154,0,-3006 -151,0,-3003 -148,0,-2999 -145,0,-2996 -142,0,-2992 -139,0,-2989 -137,0,-2985 -134,0,-2982 -131,0,-2978 -128,0,-2974 -125,0,-2971 -122,0,-2967 -120,0,-2963 -117,0,-2959 -114,0,-2955 -112,0,-2952 -109,0,-2948 -107,0,-2944 -104,0,-2940 -102,0,-2936 -99,0,-2932 -97,0,-2928 -94,0,-2924 -92,0,-2920 -90,0,-2916 -87,0,-2912 -85,0,-2907 -83,0,-2903 -81,0,-2899 -78,0,-2895 -76,0,-2891 -74,0,-2886 -72,0,-2882 -70,0,-2878 -68,0,-2873 -66,0,-2869 -64,0,-2865 -62,0,-2860 -60,0,-2856 -58,0,-2851 -57,0,-2847 -55,0,-2842 -53,0,-2838 -51,0,-2833 -50,0,-2829 -48,0,-2824 -46,0,-2819 -45,0,-2815 -43,0,-2810 -42,0,-2805 -40,0,-2801 -39,0,-2796 -37,0,-2791 -36,0,-2786 -35,0,-2781 -33,0,-2777 -32,0,-2772 -31,0,-2767 -29,0,-2762 -28,0,-2757 -27,0,-2752 -26,0,-2747 -25,0,-2742 -24,0,-2737 -22,0,-2732 -21,0,-2727 -20,0,-2722 -19,0,-2717 -19,0,-2712 -18,0,-2706 -17,0,-2701 -16,0,-2696 -15,0,-2691 -14,0,-2686 -13,0,-2680 -13,0,-2675 -12,0,-2670 -11,0,-2664 -11,0,-2659 -10,0,-2654 -9,0,-2648 -9,0,-2643 -8,0,-2637 -8,0,-2632 -7,0,-2626 -6,0,-2621 -6,0,-2615 -6,0,-2610 -5,0,-2604 -5,0,-2599 -4,0,-2593 -4,0,-2587 -4,0,-2582 -3,0,-2576 -3,0,-2570 -3,0,-2565 -2,0,-2559 -2,0,-2553 -2,0,-2547 -2,0,-2541 -1,0,-2535 -1,0,-2530 -1,0,-2524 -1,0,-2518 -1,0,-2512 -1,0,-2506 -1,0,-2500 0,0,-2494 0,0,-2488 0,0,-2482 0,0,-2475 0,0,-2469 0,0,-2463 0,0,-2457 0,0,-2451 0,0,-2444 0,0,-2438 0,0,-2432 0,0,-2426 0,0,-2419 0,0,-2413 0,0,-2406 0,0,-2400
mouvement 4792bee280e137622f8933d01729bea8 [bord droit] -800,0,-3600 -794,0,-3600 -787,0,-3600 -781,0,-3600 -774,0,-3600 -767,0,-3600 -761,0,-3600 -754,0,-3600 -747,0,-3600 -741,0,-3600 -734,0,-3600 -727,0,-3600 -721,0,-3600 -714,0,-3600 -707,0,-3600 -700,0,-3599 -693,0,-3599 -686,0,-3599 -679,0,-3599 -672,0,-3599 -665,0,-3599 -658,0,-3599 -651,0,-3598 -644,0,-3598 -637,0,-3598 -630,0,-3598 -623,0,-3597 -616,0,-3597 -609,0,-3597 -602,0,-3596 -594,0,-3596 -587,0,-3595 -580,0,-3595 -573,0,-3594 -566,0,-3594 -558,0,-3593 -551,0,-3593 -544,0,-3592 -536,0,-3591 -529,0,-3591 -522,0,-3590 -514,0,-3589 -507,0,-3588 -499,0,-3587 -492,0,-3586 -484,0,-3586 -477,0,-3585 -469,0,-3583 -462,0,-3582 -454,0,-3581 -447,0,-3580 -439,0,-3579 -432,0,-3578 -424,0,-3576 -417,0,-3575 -409,0,-3574 -402,0,-3572 -394,0,-3571 -386,0,-3569 -379,0,-3568 -371,0,-3566 -364,0,-3564 -356,0,-3562 -349,0,-3561 -341,0,-3559 -333,0,-3557 -326,0,-3555 -318,0,-3553 -311,0,-3551 -303,0,-3548 -295,0,-3546 -288,0,-3544 -280,0,-3542 -273,0,-3539 -265,0,-3537 -257,0,-3534 -250,0,-3532 -242,0,-3529 -235,0,-3526 -227,0,-3524 -220,0,-3521 -212,0,-3518 -205,0,-3515 -197,0,-3512 -190,0,-3509 -182,0,-3506 -175,0,-3502 -168,0,-3499 -160,0,-3496 -153,0,-3492 -145,0,-3489 -138,0,-3485 -131,0,-3482 -124,0,-3478 -116,0,-3474 -109,0,-3470 -102,0,-3467 -95,0,-3463 -88,0,-3459 -80,0,-3455 -73,0,-3450 -66,0,-3446 -59,0,-3442 -52,0,-3438 -45,0,-3433 -38,0,-3429 -31,0,-3424 -25,0,-3420 -18,0,-3415 -11,0,-3410 -4,0,-3406 2,0,-3401 9,0,-3396 16,0,-3391 22,0,-3386 29,0,-3381 35,0,-3376 42,0,-3370 48,0,-3365 54,0,-3360 61,0,-3355 67,0,-3349 73,0,-3344 79,0,-3338 85,0,-3332 92,0,-3327 98,0,-3321 103,0,-3315 109,0,-3309 115,0,-3303 121,0,-3298 127,0,-3292 132,0,-3285 138,0,-3279 144,0,-3273 149,0,-3267 155,0,-3261 160,0,-3254 165,0,-3248 170,0,-3242 176,0,-3235 181,0,-3229 186,0,-3222 191,0,-3216 196,0,-3209 201,0,-3202 206,0,-3196 210,0,-3189 215,0,-3182 220,0,-3175 224,0,-3169 229,0,-3162 233,0,-3155 238,0,-3148 242,0,-3141 246,0,-3134 250,0,-3127 255,0,-3120 259,0,-3112 263,0,-3105 267,0,-3098 270,0,-3091 274,0,-3084 278,0,-3076 282,0,-3069 285,0,-3062 289,0,-3055 292,0,-3047 296,0,-3040 299,0,-3032 302,0,-3025 306,0,-3018 309,0,-3010 312,0,-3003 315,0,-2995 318,0,-2988 321,0,-2980 324,0,-2973 326,0,-2965 329,0,-2958 332,0,-2950 334,0,-2943 337,0,-2935 339,0,-2927 342,0,-2920 344,0,-2912 346,0,-2905 348,0,-2897 351,0,-2889 353,0,-2882 355,0,-2874 357,0,-2867 359,0,-2859 361,0,-2851 362,0,-2844 364,0,-2836 366,0,-2829 368,0,-2821 369,0,-2814 371,0,-2806 372,0,-2798 374,0,-2791 375,0,-2783 376,0,-2776 378,0,-2768 379,0,-2761 380,0,-2753 381,0,-2746 382,0,-2738 383,0,-2731 385,0,-2723 386,0,-2716 386,0,-2708 387,0,-2701 388,0,-2693 389,0,-2686 390,0,-2678 391,0,-2671 391,0,-2664 392,0,-2656 393,0,-2649 393,0,-2642 394,0,-2634 394,0,-2627 395,0,-2620 395,0,-2613 396,0,-2606 396,0,-2598 397,0,-2591 397,0,-2584 397,0,-2577 398,0,-2570 398,0,-2563 398,0,-2556 398,0,-2549 399,0,-2542 399,0,-2535 399,0,-2528 399,0,-2521 399,0,-2514 399,0,-2507 399,0,-2500 400,0,-2493 400,0,-2486 400,0,-2479 400,0,-2473 400,0,-2466 400,0,-2459 400,0,-2453 400,0,-2446 400,0,-2439 400,0,-2433 400,0,-2426 400,0,-2419 400,0,-2413 400,0,-2406 400,0,-2400
mouvement 4a7f00857442da3e6f4487e676ef108d [centre] 800,0,-3000 796,0,-3000 792,0,-3000 788,0,-3000 785,0,-3000 781,0,-3000 777,0,-3000 773,0,-3000 769,0,-3000 765,0,-3000 761,0,-3000 757,0,-3000 754,0,-3000 750,0,-3000 746,0,-3000 742,0,-3000 738,0,-3000 734,0,-3000 730,0,-2999 726,0,-2999 723,0,-2999 719,0,-2999 715,0,-2999 711,0,-2999 707,0,-2999 703,0,-2999 699,0,-2998 695,0,-2998 692,0,-2998 688,0,-2998 684,0,-2998 680,0,-2997 676,0,-2997 672,0,-2997 668,0,-2997 665,0,-2996 661,0,-2996 657,0,-2996 653,0,-2995 649,0,-2995 645,0,-2995 641,0,-2994 638,0,-2994 634,0,-2993 630,0,-2993 626,0,-2992 622,0,-2992 618,0,-2991 615,0,-2991 611,0,-2990 607,0,-2990 603,0,-2989 599,0,-2988 595,0,-2988 592,0,-2987 588,0,-2986 584,0,-2986 580,0,-2985 576,0,-2984 573,0,-2983 569,0,-2982 565,0,-2982 561,0,-2981 557,0,-2980 554,0,-2979 550,0,-2978 546,0,-2977 542,0,-2976 539,0,-2975 535,0,-2974 531,0,-2973 528,0,-2972 524,0,-2970 520,0,-2969 517,0,-2968 513,0,-2967 509,0,-2966 506,0,-2964 502,0,-2963 498,0,-2962 495,0,-2960 491,0,-2959 487,0,-2957 484,0,-2956 480,0,-2955 477,0,-2953 473,0,-2951 470,0,-2950 466,0,-2948 463,0,-2947 459,0,-2945 456,0,-2943 452,0,-2942 449,0,-2940 445,0,-2938 442,0,-2936 438,0,-2934 435,0,-2933 432,0,-2931 428,0,-2929 425,0,-2927 422,0,-2925 418,0,-2923 415,0,-2921 412,0,-2919 408,0,-2917 405,0,-2915 402,0,-2912 399,0,-2910 396,0,-2908 392,0,-2906 389,0,-2904 386,0,-2901 383,0,-2899 380,0,-2897 377,0,-2894 374,0,-2892 371,0,-2889 368,0,-2887 365,0,-2884 362,0,-2882 359,0,-2879 356,0,-2877 353,0,-2874 350,0,-2872 348,0,-2869 345,0,-2866 342,0,-2863 339,0,-2861 337,0,-2858 334,0,-2855 331,0,-2852 328,0,-2850 326,0,-2847 323,0,-2844 321,0,-2841 318,0,-2838 316,0,-2835 313,0,-2832 311,0,-2829 308,0,-2826 306,0,-2823 303,0,-2820 301,0,-2817 299,0,-2814 296,0,-2811 294,0,-2808 292,0,-2804 290,0,-2801 288,0,-2798 285,0,-2795 283,0,-2792 281,0,-2788 279,0,-2785 277,0,-2782 275,0,-2778 273,0,-2775 271,0,-2772 269,0,-2768 267,0,-2765 266,0,-2762 264,0,-2758 262,0,-2755 260,0,-2751 258,0,-2748 257,0,-2744 255,0,-2741 253,0,-2737 252,0,-2734 250,0,-2730 249,0,-2727 247,0,-2723 245,0,-2720 244,0,-2716 243,0,-2713 241,0,-2709 240,0,-2705 238,0,-2702 237,0,-2698 236,0,-2694 234,0,-2691 233,0,-2687 232,0,-2683 231,0,-2680 230,0,-2676 228,0,-2672 227,0,-2669 226,0,-2665 225,0,-2661 224,0,-2658 223,0,-2654 222,0,-2650 221,0,-2646 220,0,-2643 219,0,-2639 218,0,-2635 218,0,-2631 217,0,-2627 216,0,-2624 215,0,-2620 214,0,-2616 214,0,-2612 213,0,-2608 212,0,-2605 212,0,-2601 211,0,-2597 210,0,-2593 210,0,-2589 209,0,-2585 209,0,-2582 208,0,-2578 208,0,-2574 207,0,-2570 207,0,-2566 206,0,-2562 206,0,-2559 205,0,-2555 205,0,-2551 205,0,-2547 204,0,-2543 204,0,-2539 204,0,-2535 203,0,-2532 203,0,-2528 203,0,-2524 203,0,-2520 202,0,-2516 202,0,-2512 202,0,-2508 202,0,-2505 202,0,-2501 201,0,-2497 201,0,-2493 201,0,-2489 201,0,-2485 201,0,-2481 201,0,-2477 201,0,-2474 201,0,-2470 200,0,-2466 200,0,-2462 200,0,-2458 200,0,-2454 200,0,-2450 200,0,-2446 200,0,-2443 200,0,-2439 200,0,-2435 200,0,-2431 200,0,-2427 200,0,-2423 200,0,-2419 200,0,-2415 200,0,-2412 200,0,-2408 200,0,-2404 200,0,-2400
mouvement 4a7f00857442da3e6f4487e676ef108d [bord gauche] 800,0,-3200 796,0,-3200 792,0,-3200 788,0,-3200 784,0,-3200 780,0,-3200 776,0,-3200 772,0,-3200 768,0,-3200 764,0,-3200 760,0,-3200 756,0,-3200 752,0,-3200 747,0,-3200 743,0,-3200 739,0,-3200 735,0,-3200 730,0,-3200 726,0,-3199 721,0,-3199 717,0,-3199 713,0,-3199 708,0,-3199 704,0,-3199 699,0,-3199 695,0,-3198 690,0,-3198 686,0,-3198 681,0,-3198 677,0,-3198 672,0,-3197 667,0,-3197 663,0,-3197 658,0,-3196 653,0,-3196 649,0,-3196 644,0,-3195 639,0,-3195 634,0,-3194 629,0,-3194 625,0,-3193 620,0,-3193 615,0,-3192 610,0,-3192 605,0,-3191 600,0,-3191 595,0,-3190 591,0,-3189 586,0,-3189 581,0,-3188 576,0,-3187 571,0,-3186 566,0,-3185 561,0,-3185 556,0,-3184 551,0,-3183 546,0,-3182 541,0,-3181 536,0,-3180 531,0,-3179 525,0,-3178 520,0,-3176 515,0,-3175 510,0,-3174 505,0,-3173 500,0,-3172 495,0,-3170 490,0,-3169 485,0,-3167 480,0,-3166 474,0,-3164 469,0,-3163 464,0,-3161 459,0,-3160 454,0,-3158 449,0,-3156 444,0,-3155 439,0,-3153 434,0,-3151 428,0,-3149 423,0,-3147 418,0,-3145 413,0,-3143 408,0,-3141 403,0,-3139 398,0,-3137 393,0,-3135 388,0,-3132 383,0,-3130 378,0,-3128 373,0,-3125 368,0,-3123 363,0,-3121 358,0,-3118 353,0,-3116 348,0,-3113 343,0,-3110 338,0,-3108 333,0,-3105 328,0,-3102 323,0,-3099 319,0,-3096 314,0,-3093 309,0,-3090 304,0,-3087 299,0,-3084 295,0,-3081 290,0,-3078 285,0,-3075 281,0,-3072 276,0,-3068 271,0,-3065 267,0,-3062 262,0,-3058 258,0,-3055 253,0,-3051 249,0,-3048 244,0,-3044 240,0,-3041 236,0,-3037 231,0,-3033 227,0,-3030 223,0,-3026 218,0,-3022 214,0,-3018 210,0,-3014 206,0,-3010 202,0,-3006 198,0,-3002 194,0,-2998 190,0,-2994 186,0,-2990 182,0,-2986 178,0,-2982 174,0,-2977 170,0,-2973 167,0,-2969 163,0,-2964 159,0,-2960 156,0,-2956 152,0,-2951 149,0,-2947 145,0,-2942 142,0,-2938 138,0,-2933 135,0,-2929 132,0,-2924 128,0,-2919 125,0,-2915 122,0,-2910 119,0,-2905 116,0,-2901 113,0,-2896 110,0,-2891 107,0,-2886 104,0,-2881 101,0,-2877 98,0,-2872 95,0,-2867 92,0,-2862 90,0,-2857 87,0,-2852 84,0,-2847 82,0,-2842 79,0,-2837 77,0,-2832 75,0,-2827 72,0,-2822 70,0,-2817 68,0,-2812 65,0,-2807 63,0,-2802 61,0,-2797 59,0,-2792 57,0,-2787 55,0,-2782 53,0,-2777 51,0,-2772 49,0,-2766 47,0,-2761 45,0,-2756 44,0,-2751 42,0,-2746 40,0,-2741 39,0,-2736 37,0,-2731 36,0,-2726 34,0,-2720 33,0,-2715 31,0,-2710 30,0,-2705 28,0,-2700 27,0,-2695 26,0,-2690 25,0,-2685 24,0,-2680 22,0,-2675 21,0,-2669 20,0,-2664 19,0,-2659 18,0,-2654 17,0,-2649 16,0,-2644 15,0,-2639 15,0,-2634 14,0,-2629 13,0,-2624 12,0,-2619 11,0,-2614 11,0,-2609 10,0,-2605 9,0,-2600 9,0,-2595 8,0,-2590 8,0,-2585 7,0,-2580 7,0,-2575 6,0,-2571 6,0,-2566 5,0,-2561 5,0,-2556 4,0,-2551 4,0,-2547 4,0,-2542 3,0,-2537 3,0,-2533 3,0,-2528 2,0,-2523 2,0,-2519 2,0,-2514 2,0,-2510 2,0,-2505 1,0,-2501 1,0,-2496 1,0,-2492 1,0,-2487 1,0,-2483 1,0,-2479 1,0,-2474 0,0,-2470 0,0,-2465 0,0,-2461 0,0,-2457 0,0,-2453 0,0,-2448 0,0,-2444 0,0,-2440 0,0,-2436 0,0,-2432 0,0,-2428 0,0,-2424 0,0,-2420 0,0,-2416 0,0,-2412 0,0,-2408 0,0,-2404 0,0,-2400
mouvement 4a7f00857442da3e6f4487e676ef108d [bord droit] 800,0,-2800 796,0,-2800 792,0,-2800 789,0,-2800 785,0,-2800 781,0,-2800 777,0,-2800 774,0,-2800 770,0,-2800 766,0,-2800 763,0,-2800 759,0,-2800 756,0,-2800 752,0,-2800 748,0,-2800 745,0,-2800 742,0,-2800 738,0,-2800 735,0,-2800 731,0,-2799 728,0,-2799 725,0,-2799 721,0,-2799 718,0,-2799 715,0,-2799 712,0,-2799 708,0,-2799 705,0,-2799 702,0,-2798 699,0,-2798 696,0,-2798 693,0,-2798 690,0,-2798 687,0,-2797 684,0,-2797 681,0,-2797 678,0,-2797 675,0,-2796 672,0,-2796 669,0,-2796 666,0,-2796 663,0,-2795 660,0,-2795 657,0,-2795 654,0,-2794 652,0,-2794 649,0,-2794 646,0,-2793 643,0,-2793 641,0,-2792 638,0,-2792 635,0,-2792 633,0,-2791 630,0,-2791 627,0,-2790 625,0,-2790 622,0,-2789 620,0,-2789 617,0,-2788 615,0,-2788 612,0,-2787 610,0,-2787 607,0,-2786 605,0,-2785 602,0,-2785 600,0,-2784 598,0,-2784 595,0,-2783 593,0,-2782 590,0,-2782 588,0,-2781 586,0,-2780 584,0,-2780 581,0,-2779 579,0,-2778 577,0,-2777 575,0,-2777 572,0,-2776 570,0,-2775 568,0,-2774 566,0,-2773 564,0,-2773 562,0,-2772 560,0,-2771 557,0,-2770 555,0,-2769 553,0,-2768 551,0,-2767 549,0,-2766 547,0,-2766 545,0,-2765 543,0,-2764 541,0,-2763 539,0,-2762 537,0,-2761 536,0,-2760 534,0,-2759 532,0,-2758 530,0,-2757 528,0,-2756 526,0,-2754 524,0,-2753 523,0,-2752 521,0,-2751 519,0,-2750 517,0,-2749 516,0,-2748 514,0,-2747 512,0,-2745 510,0,-2744 509,0,-2743 507,0,-2742 505,0,-2741 504,0,-2739 502,0,-2738 500,0,-2737 499,0,-2736 497,0,-2734 496,0,-2733 494,0,-2732 493,0,-2730 491,0,-2729 490,0,-2728 488,0,-2726 487,0,-2725 485,0,-2724 484,0,-2722 482,0,-2721 481,0,-2719 479,0,-2718 478,0,-2716 476,0,-2715 475,0,-2713 474,0,-2712 472,0,-2710 471,0,-2709 470,0,-2707 468,0,-2706 467,0,-2704 466,0,-2703 464,0,-2701 463,0,-2700 462,0,-2698 461,0,-2696 459,0,-2695 458,0,-2693 457,0,-2691 456,0,-2690 455,0,-2688 453,0,-2686 452,0,-2684 451,0,-2683 450,0,-2681 449,0,-2679 448,0,-2677 447,0,-2676 446,0,-2674 444,0,-2672 443,0,-2670 442,0,-2668 441,0,-2666 440,0,-2664 439,0,-2663 438,0,-2661 437,0,-2659 436,0,-2657 435,0,-2655 434,0,-2653 434,0,-2651 433,0,-2649 432,0,-2647 431,0,-2645 430,0,-2643 429,0,-2640 428,0,-2638 427,0,-2636 427,0,-2634 426,0,-2632 425,0,-2630 424,0,-2628 423,0,-2625 423,0,-2623 422,0,-2621 421,0,-2619 420,0,-2616 420,0,-2614 419,0,-2612 418,0,-2610 418,0,-2607 417,0,-2605 416,0,-2602 416,0,-2600 415,0,-2598 415,0,-2595 414,0,-2593 413,0,-2590 413,0,-2588 412,0,-2585 412,0,-2583 411,0,-2580 411,0,-2578 410,0,-2575 410,0,-2573 409,0,-2570 409,0,-2567 408,0,-2565 408,0,-2562 408,0,-2559 407,0,-2557 407,0,-2554 406,0,-2551 406,0,-2548 406,0,-2546 405,0,-2543 405,0,-2540 405,0,-2537 404,0,-2534 404,0,-2531 404,0,-2528 404,0,-2525 403,0,-2522 403,0,-2519 403,0,-2516 403,0,-2513 402,0,-2510 402,0,-2507 402,0,-2504 402,0,-2501 402,0,-2498 401,0,-2495 401,0,-2492 401,0,-2488 401,0,-2485 401,0,-2482 401,0,-2479 401,0,-2475 401,0,-2472 401,0,-2469 400,0,-2465 400,0,-2462 400,0,-2458 400,0,-2455 400,0,-2452 400,0,-2448 400,0,-2444 400,0,-2441 400,0,-2437 400,0,-2434 400,0,-2430 400,0,-2426 400,0,-2423 400,0,-2419 400,0,-2415 400,0,-2411 400,0,-2408 400,0,-2404 400,0,-2400
mouvement 4f4ed31105c77d3226455f19e94c5795 [centre] 800,0,-3000 794,0,-3000 787,0,-3000 781,0,-3000 775,0,-3000 769,0,-3000 762,0,-3000 756,0,-3000 750,0,-3000 744,0,-3000 737,0,-3000 731,0,-3000 725,0,-3000 719,0,-3000 712,0,-3000 706,0,-3000 700,0,-3000 694,0,-3000 687,0,-3000 681,0,-3000 675,0,-3000 669,0,-3000 662,0,-3000 656,0,-3000 650,0,-3000 644,0,-3000 637,0,-3000 631,0,-3000 625,0,-3000 619,0,-3000 612,0,-3000 606,0,-3000 600,0,-3000 594,0,-3000 587,0,-3000 581,0,-3000 575,0,-3000 569,0,-3000 562,0,-3000 556,0,-3000 550,0,-3000 544,0,-3000 537,0,-3000 531,0,-3000 525,0,-3000 519,0,-3000 512,0,-3000 506,0,-3000 500,0,-3000 494,0,-3000 487,0,-3000 481,0,-3000 475,0,-3000 469,0,-3000 462,0,-3000 456,0,-3000 450,0,-3000 444,0,-3000 437,0,-3000 431,0,-3000 425,0,-3000 419,0,-3000 412,0,-3000 406,0,-3000 400,0,-3000 394,0,-3000 387,0,-3000 381,0,-3000 375,0,-3000 369,0,-3000 362,0,-3000 356,0,-3000 350,0,-3000 344,0,-3000 337,0,-3000 331,0,-3000 325,0,-3000 319,0,-3000 312,0,-3000 306,0,-3000 300,0,-3000 294,0,-3000 287,0,-3000 281,0,-3000 275,0,-3000 269,0,-3000 262,0,-3000 256,0,-3000 250,0,-3000 244,0,-3000 237,0,-3000 231,0,-3000 225,0,-3000 219,0,-3000 212,0,-3000 206,0,-3000 200,0,-3000 194,0,-3000 187,0,-3000 181,0,-3000 175,0,-3000 169,0,-3000 162,0,-3000 156,0,-3000 150,0,-3000 144,0,-3000 137,0,-3000 131,0,-3000 125,0,-3000 119,0,-3000 112,0,-3000 106,0,-3000 100,0,-3000 94,0,-3000 87,0,-3000 81,0,-3000 75,0,-3000 69,0,-3000 62,0,-3000 56,0,-3000 50,0,-3000 44,0,-3000 37,0,-3000 31,0,-3000 25,0,-3000 19,0,-3000 12,0,-3000 6,0,-3000 0,0,-3000 -6,0,-3000 -13,0,-3000 -19,0,-3000 -25,0,-3000 -31,0,-3000 -38,0,-3000 -44,0,-3000 -50,0,-3000 -56,0,-3000 -63,0,-3000 -69,0,-3000 -75,0,-3000 -81,0,-3000 -88,0,-3000 -94,0,-3000 -100,0,-3000 -106,0,-3000 -113,0,-3000 -119,0,-3000 -125,0,-3000 -131,0,-3000 -138,0,-3000 -144,0,-3000 -150,0,-3000 -156,0,-3000 -163,0,-3000 -169,0,-3000 -175,0,-3000 -181,0,-3000 -188,0,-3000 -194,0,-3000 -200,0,-3000 -206,0,-3000 -213,0,-3000 -219,0,-3000 -225,0,-3000 -231,0,-3000 -238,0,-3000 -244,0,-3000 -250,0,-3000 -256,0,-3000 -263,0,-3000 -269,0,-3000 -275,0,-3000 -281,0,-3000 -288,0,-3000 -294,0,-3000 -300,0,-3000 -306,0,-3000 -313,0,-3000 -319,0,-3000 -325,0,-3000 -331,0,-3000 -338,0,-3000 -344,0,-3000 -350,0,-3000 -356,0,-3000 -363,0,-3000 -369,0,-3000 -375,0,-3000 -381,0,-3000 -387,0,-3000 -394,0,-3000 -400,0,-3000 -406,0,-3000 -412,0,-3000 -419,0,-3000 -425,0,-3000 -431,0,-3000 -437,0,-3000 -444,0,-3000 -450,0,-3000 -456,0,-3000 -462,0,-3000 -469,0,-3000 -475,0,-3000 -481,0,-3000 -487,0,-3000 -494,0,-3000 -500,0,-3000 -506,0,-3000 -512,0,-3000 -519,0,-3000 -525,0,-3000 -531,0,-3000 -537,0,-3000 -544,0,-3000 -550,0,-3000 -556,0,-3000 -562,0,-3000 -569,0,-3000 -575,0,-3000 -581,0,-3000 -587,0,-3000 -594,0,-3000 -600,0,-3000 -606,0,-3000 -612,0,-3000 -619,0,-3000 -625,0,-3000 -631,0,-3000 -637,0,-3000 -644,0,-3000 -650,0,-3000 -656,0,-3000 -662,0,-3000 -669,0,-3000 -675,0,-3000 -681,0,-3000 -687,0,-3000 -694,0,-3000 -700,0,-3000 -706,0,-3000 -712,0,-3000 -719,0,-3000 -725,0,-3000 -731,0,-3000 -737,0,-3000 -744,0,-3000 -750,0,-3000 -756,0,-3000 -762,0,-3000 -769,0,-3000 -775,0,-3000 -781,0,-3000 -787,0,-3000 -794,0,-3000 -800,0,-3000
mouvement 4f4ed31105c77d3226455f19e94c5795 [bord gauche] 800,0,-3200 794,0,-3200 787,0,-3200 781,0,-3200 775,0,-3200 769,0,-3200 762,0,-3200 756,0,-3200 750,0,-3200 744,0,-3200 737,0,-3200 731,0,-3200 725,0,-3200 719,0,-3200 712,0,-3200 706,0,-3200 700,0,-3200 694,0,-3200 687,0,-3200 681,0,-3200 675,0,-3200 669,0,-3200 662,0,-3200 656,0,-3200 650,0,-3200 644,0,-3200 637,0,-3200 631,0,-3200 625,0,-3200 619,0,-3200 612,0,-3200 606,0,-3200 600,0,-3200 594,0,-3200 587,0,-3200 581,0,-3200 575,0,-3200 569,0,-3200 562,0,-3200 556,0,-3200 550,0,-3200 544,0,-3200 537,0,-3200 531,0,-3200 525,0,-3200 519,0,-3200 512,0,-3200 506,0,-3200 500,0,-3200 494,0,-3200 487,0,-3200 481,0,-3200 475,0,-3200 469,0,-3200 462,0,-3200 456,0,-3200 450,0,-3200 444,0,-3200 437,0,-3200 431,0,-3200 425,0,-3200 419,0,-3200 412,0,-3200 406,0,-3200 400,0,-3200 394,0,-3200 387,0,-3200 381,0,-3200 375,0,-3200 369,0,-3200 362,0,-3200 356,0,-3200 350,0,-3200 344,0,-3200 337,0,-3200 331,0,-3200 325,0,-3200 319,0,-3200 312,0,-3200 306,0,-3200 300,0,-3200 294,0,-3200 287,0,-3200 281,0,-3200 275,0,-3200 269,0,-3200 262,0,-3200 256,0,-3200 250,0,-3200 244,0,-3200 237,0,-3200 231,0,-3200 225,0,-3200 219,0,-3200 212,0,-3200 206,0,-3200 200,0,-3200 194,0,-3200 187,0,-3200 181,0,-3200 175,0,-3200 169,0,-3200 162,0,-3200 156,0,-3200 150,0,-3200 144,0,-3200 137,0,-3200 131,0,-3200 125,0,-3200 119,0,-3200 112,0,-3200 106,0,-3200 100,0,-3200 94,0,-3200 87,0,-3200 81,0,-3200 75,0,-3200 69,0,-3200 62,0,-3200 56,0,-3200 50,0,-3200 44,0,-3200 37,0,-3200 31,0,-3200 25,0,-3200 19,0,-3200 12,0,-3200 6,0,-3200 0,0,-3200 -6,0,-3200 -13,0,-3200 -19,0,-3200 -25,0,-3200 -31,0,-3200 -38,0,-3200 -44,0,-3200 -50,0,-3200 -56,0,-3200 -63,0,-3200 -69,0,-3200 -75,0,-3200 -81,0,-3200 -88,0,-3200 -94,0,-3200 -100,0,-3200 -106,0,-3200 -113,0,-3200 -119,0,-3200 -125,0,-3200 -131,0,-3200 -138,0,-3200 -144,0,-3200 -150,0,-3200 -156,0,-3200 -163,0,-3200 -169,0,-3200 -175,0,-3200 -181,0,-3200 -188,0,-3200 -194,0,-3200 -200,0,-3200 -206,0,-3200 -213,0,-3200 -219,0,-3200 -225,0,-3200 -231,0,-3200 -238,0,-3200 -244,0,-3200 -250,0,-3200 -256,0,-3200 -263,0,-3200 -269,0,-3200 -275,0,-3200 -281,0,-3200 -288,0,-3200 -294,0,-3200 -300,0,-3200 -306,0,-3200 -313,0,-3200 -319,0,-3200 -325,0,-3200 -331,0,-3200 -338,0,-3200 -344,0,-3200 -350,0,-3200 -356,0,-3200 -363,0,-3200 -369,0,-3200 -375,0,-3200 -381,0,-3200 -387,0,-3200 -394,0,-3200 -400,0,-3200 -406,0,-3200 -412,0,-3200 -419,0,-3200 -425,0,-3200 -431,0,-3200 -437,0,-3200 -444,0,-3200 -450,0,-3200 -456,0,-3200 -462,0,-3200 -469,0,-3200 -475,0,-3200 -481,0,-3200 -487,0,-3200 -494,0,-3200 -500,0,-3200 -506,0,-3200 -512,0,-3200 -519,0,-3200 -525,0,-3200 -531,0,-3200 -537,0,-3200 -544,0,-3200 -550,0,-3200 -556,0,-3200 -562,0,-3200 -569,0,-3200 -575,0,-3200 -581,0,-3200 -587,0,-3200 -594,0,-3200 -600,0,-3200 -606,0,-3200 -612,0,-3200 -619,0,-3200 -625,0,-3200 -631,0,-3200 -637,0,-3200 -644,0,-3200 -650,0,-3200 -656,0,-3200 -662,0,-3200 -669,0,-3200 -675,0,-3200 -681,0,-3200 -687,0,-3200 -694,0,-3200 -700,0,-3200 -706,0,-3200 -712,0,-3200 -719,0,-3200 -725,0,-3200 -731,0,-3200 -737,0,-3200 -744,0,-3200 -750,0,-3200 -756,0,-3200 -762,0,-3200 -769,0,-3200 -775,0,-3200 -781,0,-3200 -787,0,-3200 -794,0,-3200 -800,0,-3200
mouvement 4f4ed31105c77d3226455f19e94c5795 [bord droit] 800,0,-2800 794,0,-2800 787,0,-2800 781,0,-2800 775,0,-2800 769,0,-2800 762,0,-2800 756,0,-2800 750,0,-2800 744,0,-2800 737,0,-2800 731,0,-2800 725,0,-2800 719,0,-2800 712,0,-2800 706,0,-2800 700,0,-2800 694,0,-2800 687,0,-2800 681,0,-2800 675,0,-2800 669,0,-2800 662,0,-2800 656,0,-2800 650,0,-2800 644,0,-2800 637,0,-2800 631,0,-2800 625,0,-2800 619,0,-2800 612,0,-2800 606,0,-2800 600,0,-2800 594,0,-2800 587,0,-2800 581,0,-2800 575,0,-2800 569,0,-2800 562,0,-2800 556,0,-2800 550,0,-2800 544,0,-2800 537,0,-2800 531,0,-2800 525,0,-2800 519,0,-2800 512,0,-2800 506,0,-2800 500,0,-2800 494,0,-2800 487,0,-2800 481,0,-2800 475,0,-2800 469,0,-2800 462,0,-2800 456,0,-2800 450,0,-2800 444,0,-2800 437,0,-2800 431,0,-2800 425,0,-2800 419,0,-2800 412,0,-2800 406,0,-2800 400,0,-2800 394,0,-2800 387,0,-2800 381,0,-2800 375,0,-2800 369,0,-2800 362,0,-2800 356,0,-2800 350,0,-2800 344,0,-2800 337,0,-2800 331,0,-2800 325,0,-2800 319,0,-2800 312,0,-2800 306,0,-2800 300,0,-2800 294,0,-2800 287,0,-2800 281,0,-2800 275,0,-2800 269,0,-2800 262,0,-2800 256,0,-2800 250,0,-2800 244,0,-2800 237,0,-2800 231,0,-2800 225,0,-2800 219,0,-2800 212,0,-2800 206,0,-2800 200,0,-2800 194,0,-2800 187,0,-2800 181,0,-2800 175,0,-2800 169,0,-2800 162,0,-2800 156,0,-2800 150,0,-2800 144,0,-2800 137,0,-2800 131,0,-2800 125,0,-2800 119,0,-2800 112,0,-2800 106,0,-2800 100,0,-2800 94,0,-2800 87,0,-2800 81,0,-2800 75,0,-2800 69,0,-2800 62,0,-2800 56,0,-2800 50,0,-2800 44,0,-2800 37,0,-2800 31,0,-2800 25,0,-2800 19,0,-2800 12,0,-2800 6,0,-2800 0,0,-2800 -6,0,-2800 -13,0,-2800 -19,0,-2800 -25,0,-2800 -31,0,-2800 -38,0,-2800 -44,0,-2800 -50,0,-2800 -56,0,-2800 -63,0,-2800 -69,0,-2800 -75,0,-2800 -81,0,-2800 -88,0,-2800 -94,0,-2800 -100,0,-2800 -106,0,-2800 -113,0,-2800 -119,0,-2800 -125,0,-2800 -131,0,-2800 -138,0,-2800 -144,0,-2800 -150,0,-2800 -156,0,-2800 -163,0,-2800 -169,0,-2800 -175,0,-2800 -181,0,-2800 -188,0,-2800 -194,0,-2800 -200,0,-2800 -206,0,-2800 -213,0,-2800 -219,0,-2800 -225,0,-2800 -231,0,-2800 -238,0,-2800 -244,0,-2800 -250,0,-2800 -256,0,-2800 -263,0,-2800 -269,0,-2800 -275,0,-2800 -281,0,-2800 -288,0,-2800 -294,0,-2800 -300,0,-2800 -306,0,-2800 -313,0,-2800 -319,0,-2800 -325,0,-2800 -331,0,-2800 -338,0,-2800 -344,0,-2800 -350,0,-2800 -356,0,-2800 -363,0,-2800 -369,0,-2800 -375,0,-2800 -381,0,-2800 -387,0,-2800 -394,0,-2800 -400,0,-2800 -406,0,-2800 -412,0,-2800 -419,0,-2800 -425,0,-2800 -431,0,-2800 -437,0,-2800 -444,0,-2800 -450,0,-2800 -456,0,-2800 -462,0,-2800 -469,0,-2800 -475,0,-2800 -481,0,-2800 -487,0,-2800 -494,0,-2800 -500,0,-2800 -506,0,-2800 -512,0,-2800 -519,0,-2800 -525,0,-2800 -531,0,-2800 -537,0,-2800 -544,0,-2800 -550,0,-2800 -556,0,-2800 -562,0,-2800 -569,0,-2800 -575,0,-2800 -581,0,-2800 -587,0,-2800 -594,0,-2800 -600,0,-2800 -606,0,-2800 -612,0,-2800 -619,0,-2800 -625,0,-2800 -631,0,-2800 -637,0,-2800 -644,0,-2800 -650,0,-2800 -656,0,-2800 -662,0,-2800 -669,0,-2800 -675,0,-2800 -681,0,-2800 -687,0,-2800 -694,0,-2800 -700,0,-2800 -706,0,-2800 -712,0,-2800 -719,0,-2800 -725,0,-2800 -731,0,-2800 -737,0,-2800 -744,0,-2800 -750,0,-2800 -756,0,-2800 -762,0,-2800 -769,0,-2800 -775,0,-2800 -781,0,-2800 -787,0,-2800 -794,0,-2800 -800,0,-2800
mouvement 4d2aea792f643724e2d9f9ed853eb1a1 [centre] -200,0,-2400 -200,0,-2404 -200,0,-2408 -200,0,-2412 -200,0,-2415 -200,0,-2419 -200,0,-2423 -200,0,-2427 -200,0,-2431 -200,0,-2435 -200,0,-2439 -200,0,-2443 -200,0,-2446 -200,0,-2450 -200,0,-2454 -200,0,-2458 -200,0,-2462 -200,0,-2466 -201,0,-2470 -201,0,-2474 -201,0,-2477 -201,0,-2481 -201,0,-2485 -201,0,-2489 -201,0,-2493 -201,0,-2497 -202,0,-2501 -202,0,-2505 -202,0,-2508 -202,0,-2512 -202,0,-2516 -203,0,-2520 -203,0,-2524 -203,0,-2528 -203,0,-2532 -204,0,-2535 -204,0,-2539 -204,0,-2543 -205,0,-2547 -205,0,-2551 -205,0,-2555 -206,0,-2559 -206,0,-2562 -207,0,-2566 -207,0,-2570 -208,0,-2574 -208,0,-2578 -209,0,-2582 -209,0,-2585 -210,0,-2589 -210,0,-2593 -211,0,-2597 -212,0,-2601 -212,0,-2605 -213,0,-2608 -214,0,-2612 -214,0,-2616 -215,0,-2620 -216,0,-2624 -217,0,-2627 -218,0,-2631 -218,0,-2635 -219,0,-2639 -220,0,-2643 -221,0,-2646 -222,0,-2650 -223,0,-2654 -224,0,-2658 -225,0,-2661 -226,0,-2665 -227,0,-2669 -228,0,-2672 -230,0,-2676 -231,0,-2680 -232,0,-2683 -233,0,-2687 -234,0,-2691 -236,0,-2694 -237,0,-2698 -238,0,-2702 -240,0,-2705 -241,0,-2709 -243,0,-2713 -244,0,-2716 -245,0,-2720 -247,0,-2723 -249,0,-2727 -250,0,-2730 -252,0,-2734 -253,0,-2737 -255,0,-2741 -257,0,-2744 -258,0,-2748 -260,0,-2751 -262,0,-2755 -264,0,-2758 -266,0,-2762 -267,0,-2765 -269,0,-2768 -271,0,-2772 -273,0,-2775 -275,0,-2778 -277,0,-2782 -279,0,-2785 -281,0,-2788 -283,0,-2792 -285,0,-2795 -288,0,-2798 -290,0,-2801 -292,0,-2804 -294,0,-2808 -296,0,-2811 -299,0,-2814 -301,0,-2817 -303,0,-2820 -306,0,-2823 -308,0,-2826 -311,0,-2829 -313,0,-2832 -316,0,-2835 -318,0,-2838 -321,0,-2841 -323,0,-2844 -326,0,-2847 -328,0,-2850 -331,0,-2852 -334,0,-2855 -337,0,-2858 -339,0,-2861 -342,0,-2863 -345,0,-2866 -348,0,-2869 -350,0,-2872 -353,0,-2874 -356,0,-2877 -359,0,-2879 -362,0,-2882 -365,0,-2884 -368,0,-2887 -371,0,-2889 -374,0,-2892 -377,0,-2894 -380,0,-2897 -383,0,-2899 -386,0,-2901 -389,0,-2904 -392,0,-2906 -396,0,-2908 -399,0,-2910 -402,0,-2912 -405,0,-2915 -408,0,-2917 -412,0,-2919 -415,0,-2921 -418,0,-2923 -422,0,-2925 -425,0,-2927 -428,0,-2929 -432,0,-2931 -435,0,-2933 -438,0,-2934 -442,0,-2936 -445,0,-2938 -449,0,-2940 -452,0,-2942 -456,0,-2943 -459,0,-2945 -463,0,-2947 -466,0,-2948 -470,0,-2950 -473,0,-2951 -477,0,-2953 -480,0,-2955 -484,0,-2956 -487,0,-2957 -491,0,-2959 -495,0,-2960 -498,0,-2962 -502,0,-2963 -506,0,-2964 -509,0,-2966 -513,0,-2967 -517,0,-2968 -520,0,-2969 -524,0,-2970 -528,0,-2972 -531,0,-2973 -535,0,-2974 -539,0,-2975 -542,0,-2976 -546,0,-2977 -550,0,-2978 -554,0,-2979 -557,0,-2980 -561,0,-2981 -565,0,-2982 -569,0,-2982 -573,0,-2983 -576,0,-2984 -580,0,-2985 -584,0,-2986 -588,0,-2986 -592,0,-2987 -595,0,-2988 -599,0,-2988 -603,0,-2989 -607,0,-2990 -611,0,-2990 -615,0,-2991 -618,0,-2991 -622,0,-2992 -626,0,-2992 -630,0,-2993 -634,0,-2993 -638,0,-2994 -641,0,-2994 -645,0,-2995 -649,0,-2995 -653,0,-2995 -657,0,-2996 -661,0,-2996 -665,0,-2996 -668,0,-2997 -672,0,-2997 -676,0,-2997 -680,0,-2997 -684,0,-2998 -688,0,-2998 -692,0,-2998 -695,0,-2998 -699,0,-2998 -703,0,-2999 -707,0,-2999 -711,0,-2999 -715,0,-2999 -719,0,-2999 -723,0,-2999 -726,0,-2999 -730,0,-2999 -734,0,-3000 -738,0,-3000 -742,0,-3000 -746,0,-3000 -750,0,-3000 -754,0,-3000 -757,0,-3000 -761,0,-3000 -765,0,-3000 -769,0,-3000 -773,0,-3000 -777,0,-3000 -781,0,-3000 -785,0,-3000 -788,0,-3000 -792,0,-3000 -796,0,-3000 -800,0,-3000
mouvement 4d2aea792f643724e2d9f9ed853eb1a1 [bord gauche] 0,0,-2400 0,0,-2404 0,0,-2408 0,0,-2412 0,0,-2416 0,0,-2420 0,0,-2424 0,0,-2428 0,0,-2432 0,0,-2436 0,0,-2440 0,0,-2444 0,0,-2448 0,0,-2453 0,0,-2457 0,0,-2461 0,0,-2465 0,0,-2470 -1,0,-2474 -1,0,-2479 -1,0,-2483 -1,0,-2487 -1,0,-2492 -1,0,-2496 -1,0,-2501 -2,0,-2505 -2,0,-2510 -2,0,-2514 -2,0,-2519 -2,0,-2523 -3,0,-2528 -3,0,-2533 -3,0,-2537 -4,0,-2542 -4,0,-2547 -4,0,-2551 -5,0,-2556 -5,0,-2561 -6,0,-2566 -6,0,-2571 -7,0,-2575 -7,0,-2580 -8,0,-2585 -8,0,-2590 -9,0,-2595 -9,0,-2600 -10,0,-2605 -11,0,-2609 -11,0,-2614 -12,0,-2619 -13,0,-2624 -14,0,-2629 -15,0,-2634 -15,0,-2639 -16,0,-2644 -17,0,-2649 -18,0,-2654 -19,0,-2659 -20,0,-2664 -21,0,-2669 -22,0,-2675 -24,0,-2680 -25,0,-2685 -26,0,-2690 -27,0,-2695 -28,0,-2700 -30,0,-2705 -31,0,-2710 -33,0,-2715 -34,0,-2720 -36,0,-2726 -37,0,-2731 -39,0,-2736 -40,0,-2741 -42,0,-2746 -44,0,-2751 -45,0,-2756 -47,0,-2761 -49,0,-2766 -51,0,-2772 -53,0,-2777 -55,0,-2782 -57,0,-2787 -59,0,-2792 -61,0,-2797 -63,0,-2802 -65,0,-2807 -68,0,-2812 -70,0,-2817 -72,0,-2822 -75,0,-2827 -77,0,-2832 -79,0,-2837 -82,0,-2842 -84,0,-2847 -87,0,-2852 -90,0,-2857 -92,0,-2862 -95,0,-2867 -98,0,-2872 -101,0,-2877 -104,0,-2881 -107,0,-2886 -110,0,-2891 -113,0,-2896 -116,0,-2901 -119,0,-2905 -122,0,-2910 -125,0,-2915 -128,0,-2919 -132,0,-2924 -135,0,-2929 -138,0,-2933 -142,0,-2938 -145,0,-2942 -149,0,-2947 -152,0,-2951 -156,0,-2956 -159,0,-2960 -163,0,-2964 -167,0,-2969 -170,0,-2973 -174,0,-2977 -178,0,-2982 -182,0,-2986 -186,0,-2990 -190,0,-2994 -194,0,-2998 -198,0,-3002 -202,0,-3006 -206,0,-3010 -210,0,-3014 -214,0,-3018 -218,0,-3022 -223,0,-3026 -227,0,-3030 -231,0,-3033 -236,0,-3037 -240,0,-3041 -244,0,-3044 -249,0,-3048 -253,0,-3051 -258,0,-3055 -262,0,-3058 -267,0,-3062 -271,0,-3065 -276,0,-3068 -281,0,-3072 -285,0,-3075 -290,0,-3078 -295,0,-3081 -299,0,-3084 -304,0,-3087 -309,0,-3090 -314,0,-3093 -319,0,-3096 -323,0,-3099 -328,0,-3102 -333,0,-3105 -338,0,-3108 -343,0,-3110 -348,0,-3113 -353,0,-3116 -358,0,-3118 -363,0,-3121 -368,0,-3123 -373,0,-3125 -378,0,-3128 -383,0,-3130 -388,0,-3132 -393,0,-3135 -398,0,-3137 -403,0,-3139 -408,0,-3141 -413,0,-3143 -418,0,-3145 -423,0,-3147 -428,0,-3149 -434,0,-3151 -439,0,-3153 -444,0,-3155 -449,0,-3156 -454,0,-3158 -459,0,-3160 -464,0,-3161 -469,0,-3163 -474,0,-3164 -480,0,-3166 -485,0,-3167 -490,0,-3169 -495,0,-3170 -500,0,-3172 -505,0,-3173 -510,0,-3174 -515,0,-3175 -520,0,-3176 -525,0,-3178 -531,0,-3179 -536,0,-3180 -541,0,-3181 -546,0,-3182 -551,0,-3183 -556,0,-3184 -561,0,-3185 -566,0,-3185 -571,0,-3186 -576,0,-3187 -581,0,-3188 -586,0,-3189 -591,0,-3189 -595,0,-3190 -600,0,-3191 -605,0,-3191 -610,0,-3192 -615,0,-3192 -620,0,-3193 -625,0,-3193 -629,0,-3194 -634,0,-3194 -639,0,-3195 -644,0,-3195 -649,0,-3196 -653,0,-3196 -658,0,-3196 -663,0,-3197 -667,0,-3197 -672,0,-3197 -677,0,-3198 -681,0,-3198 -686,0,-3198 -690,0,-3198 -695,0,-3198 -699,0,-3199 -704,0,-3199 -708,0,-3199 -713,0,-3199 -717,0,-3199 -721,0,-3199 -726,0,-3199 -730,0,-3200 -735,0,-3200 -739,0,-3200 -743,0,-3200 -747,0,-3200 -752,0,-3200 -756,0,-3200 -760,0,-3200 -764,0,-3200 -768,0,-3200 -772,0,-3200 -776,0,-3200 -780,0,-3200 -784,0,-3200 -788,0,-3200 -792,0,-3200 -796,0,-3200 -800,0,-3200
mouvement 4d2aea792f643724e2d9f9ed853eb1a1 [bord droit] -400,0,-2400 -400,0,-2404 -400,0,-2408 -400,0,-2411 -400,0,-2415 -400,0,-2419 -400,0,-2423 -400,0,-2426 -400,0,-2430 -400,0,-2434 -400,0,-2437 -400,0,-2441 -400,0,-2444 -400,0,-2448 -400,0,-2452 -400,0,-2455 -400,0,-2458 -400,0,-2462 -400,0,-2465 -401,0,-2469 -401,0,-2472 -401,0,-2475 -401,0,-2479 -401,0,-2482 -401,0,-2485 -401,0,-2488 -401,0,-2492 -401,0,-2495 -402,0,-2498 -402,0,-2501 -402,0,-2504 -402,0,-2507 -402,0,-2510 -403,0,-2513 -403,0,-2516 -403,0,-2519 -403,0,-2522 -404,0,-2525 -404,0,-2528 -404,0,-2531 -404,0,-2534 -405,0,-2537 -405,0,-2540 -405,0,-2543 -406,0,-2546 -406,0,-2548 -406,0,-2551 -407,0,-2554 -407,0,-2557 -408,0,-2559 -408,0,-2562 -408,0,-2565 -409,0,-2567 -409,0,-2570 -410,0,-2573 -410,0,-2575 -411,0,-2578 -411,0,-2580 -412,0,-2583 -412,0,-2585 -413,0,-2588 -413,0,-2590 -414,0,-2593 -415,0,-2595 -415,0,-2598 -416,0,-2600 -416,0,-2602 -417,0,-2605 -418,0,-2607 -418,0,-2610 -419,0,-2612 -420,0,-2614 -420,0,-2616 -421,0,-2619 -422,0,-2621 -423,0,-2623 -423,0,-2625 -424,0,-2628 -425,0,-2630 -426,0,-2632 -427,0,-2634 -427,0,-2636 -428,0,-2638 -429,0,-2640 -430,0,-2643 -431,0,-2645 -432,0,-2647 -433,0,-2649 -434,0,-2651 -434,0,-2653 -435,0,-2655 -436,0,-2657 -437,0,-2659 -438,0,-2661 -439,0,-2663 -440,0,-2664 -441,0,-2666 -442,0,-2668 -443,0,-2670 -444,0,-2672 -446,0,-2674 -447,0,-2676 -448,0,-2677 -449,0,-2679 -450,0,-2681 -451,0,-2683 -452,0,-2684 -453,0,-2686 -455,0,-2688 -456,0,-2690 -457,0,-2691 -458,0,-2693 -459,0,-2695 -461,0,-2696 -462,0,-2698 -463,0,-2700 -464,0,-2701 -466,0,-2703 -467,0,-2704 -468,0,-2706 -470,0,-2707 -471,0,-2709 -472,0,-2710 -474,0,-2712 -475,0,-2713 -476,0,-2715 -478,0,-2716 -479,0,-2718 -481,0,-2719 -482,0,-2721 -484,0,-2722 -485,0,-2724 -487,0,-2725 -488,0,-2726 -490,0,-2728 -491,0,-2729 -493,0,-2730 -494,0,-2732 -496,0,-2733 -497,0,-2734 -499,0,-2736 -500,0,-2737 -502,0,-2738 -504,0,-2739 -505,0,-2741 -507,0,-2742 -509,0,-2743 -510,0,-2744 -512,0,-2745 -514,0,-2747 -516,0,-2748 -517,0,-2749 -519,0,-2750 -521,0,-2751 -523,0,-2752 -524,0,-2753 -526,0,-2754 -528,0,-2756 -530,0,-2757 -532,0,-2758 -534,0,-2759 -536,0,-2760 -537,0,-2761 -539,0,-2762 -541,0,-2763 -543,0,-2764 -545,0,-2765 -547,0,-2766 -549,0,-2766 -551,0,-2767 -553,0,-2768 -555,0,-2769 -557,0,-2770 -560,0,-2771 -562,0,-2772 -564,0,-2773 -566,0,-2773 -568,0,-2774 -570,0,-2775 -572,0,-2776 -575,0,-2777 -577,0,-2777 -579,0,-2778 -581,0,-2779 -584,0,-2780 -586,0,-2780 -588,0,-2781 -590,0,-2782 -593,0,-2782 -595,0,-2783 -598,0,-2784 -600,0,-2784 -602,0,-2785 -605,0,-2785 -607,0,-2786 -610,0,-2787 -612,0,-2787 -615,0,-2788 -617,0,-2788 -620,0,-2789 -622,0,-2789 -625,0,-2790 -627,0,-2790 -630,0,-2791 -633,0,-2791 -635,0,-2792 -638,0,-2792 -641,0,-2792 -643,0,-2793 -646,0,-2793 -649,0,-2794 -652,0,-2794 -654,0,-2794 -657,0,-2795 -660,0,-2795 -663,0,-2795 -666,0,-2796 -669,0,-2796 -672,0,-2796 -675,0,-2796 -678,0,-2797 -681,0,-2797 -684,0,-2797 -687,0,-2797 -690,0,-2798 -693,0,-2798 -696,0,-2798 -699,0,-2798 -702,0,-2798 -705,0,-2799 -708,0,-2799 -712,0,-2799 -715,0,-2799 -718,0,-2799 -721,0,-2799 -725,0,-2799 -728,0,-2799 -731,0,-2799 -735,0,-2800 -738,0,-2800 -742,0,-2800 -745,0,-2800 -748,0,-2800 -752,0,-2800 -756,0,-2800 -759,0,-2800 -763,0,-2800 -766,0,-2800 -770,0,-2800 -774,0,-2800 -777,0,-2800 -781,0,-2800 -785,0,-2800 -789,0,-2800 -792,0,-2800 -796,0,-2800 -800,0,-2800
mouvement 4711ef525566fedf70000c8f39a5a6a3 [centre] -200,0,-2400 -200,0,-2406 -200,0,-2413 -200,0,-2419 -200,0,-2426 -200,0,-2432 -200,0,-2439 -200,0,-2445 -200,0,-2452 -200,0,-2458 -200,0,-2465 -200,0,-2471 -200,0,-2477 -200,0,-2484 -200,0,-2490 -199,0,-2497 -199,0,-2503 -199,0,-2510 -199,0,-2516 -199,0,-2523 -199,0,-2529 -199,0,-2536 -198,0,-2542 -198,0,-2548 -198,0,-2555 -198,0,-2561 -197,0,-2568 -197,0,-2574 -197,0,-2581 -196,0,-2587 -196,0,-2594 -196,0,-2600 -195,0,-2606 -195,0,-2613 -194,0,-2619 -194,0,-2626 -193,0,-2632 -193,0,-2639 -192,0,-2645 -192,0,-2651 -191,0,-2658 -190,0,-2664 -189,0,-2671 -189,0,-2677 -188,0,-2684 -187,0,-2690 -186,0,-2696 -185,0,-2703 -185,0,-2709 -184,0,-2716 -183,0,-2722 -182,0,-2728 -180,0,-2735 -179,0,-2741 -178,0,-2747 -177,0,-2754 -176,0,-2760 -175,0,-2766 -173,0,-2773 -172,0,-2779 -171,0,-2785 -169,0,-2792 -168,0,-2798 -166,0,-2804 -165,0,-2810 -163,0,-2817 -161,0,-2823 -160,0,-2829 -158,0,-2835 -156,0,-2842 -154,0,-2848 -153,0,-2854 -151,0,-2860 -149,0,-2866 -147,0,-2872 -145,0,-2879 -143,0,-2885 -141,0,-2891 -138,0,-2897 -136,0,-2903 -134,0,-2909 -131,0,-2915 -129,0,-2921 -127,0,-2927 -124,0,-2933 -122,0,-2939 -119,0,-2945 -117,0,-2951 -114,0,-2957 -111,0,-2962 -108,0,-2968 -106,0,-2974 -103,0,-2980 -100,0,-2986 -97,0,-2991 -94,0,-2997 -91,0,-3003 -88,0,-3008 -85,0,-3014 -81,0,-3020 -78,0,-3025 -75,0,-3031 -71,0,-3036 -68,0,-3042 -65,0,-3047 -61,0,-3053 -58,0,-3058 -54,0,-3063 -50,0,-3069 -47,0,-3074 -43,0,-3079 -39,0,-3085 -35,0,-3090 -31,0,-3095 -28,0,-3100 -24,0,-3105 -20,0,-3110 -16,0,-3115 -11,0,-3120 -7,0,-3125 -3,0,-3130 1,0,-3135 5,0,-3140 10,0,-3145 14,0,-3149 19,0,-3154 23,0,-3159 28,0,-3163 32,0,-3168 37,0,-3172 41,0,-3177 46,0,-3181 51,0,-3186 55,0,-3190 60,0,-3195 65,0,-3199 70,0,-3203 75,0,-3207 80,0,-3211 85,0,-3216 90,0,-3220 95,0,-3224 100,0,-3228 105,0,-3231 110,0,-3235 115,0,-3239 121,0,-3243 126,0,-3247 131,0,-3250 137,0,-3254 142,0,-3258 147,0,-3261 153,0,-3265 158,0,-3268 164,0,-3271 169,0,-3275 175,0,-3278 180,0,-3281 186,0,-3285 192,0,-3288 197,0,-3291 203,0,-3294 209,0,-3297 214,0,-3300 220,0,-3303 226,0,-3306 232,0,-3308 238,0,-3311 243,0,-3314 249,0,-3317 255,0,-3319 261,0,-3322 267,0,-3324 273,0,-3327 279,0,-3329 285,0,-3331 291,0,-3334 297,0,-3336 303,0,-3338 309,0,-3341 315,0,-3343 321,0,-3345 328,0,-3347 334,0,-3349 340,0,-3351 346,0,-3353 352,0,-3354 358,0,-3356 365,0,-3358 371,0,-3360 377,0,-3361 383,0,-3363 390,0,-3365 396,0,-3366 402,0,-3368 408,0,-3369 415,0,-3371 421,0,-3372 427,0,-3373 434,0,-3375 440,0,-3376 446,0,-3377 453,0,-3378 459,0,-3379 465,0,-3380 472,0,-3382 478,0,-3383 484,0,-3384 491,0,-3385 497,0,-3385 504,0,-3386 510,0,-3387 516,0,-3388 523,0,-3389 529,0,-3389 536,0,-3390 542,0,-3391 549,0,-3392 555,0,-3392 561,0,-3393 568,0,-3393 574,0,-3394 581,0,-3394 587,0,-3395 594,0,-3395 600,0,-3396 606,0,-3396 613,0,-3396 619,0,-3397 626,0,-3397 632,0,-3397 639,0,-3398 645,0,-3398 652,0,-3398 658,0,-3398 664,0,-3399 671,0,-3399 677,0,-3399 684,0,-3399 690,0,-3399 697,0,-3399 703,0,-3399 710,0,-3400 716,0,-3400 723,0,-3400 729,0,-3400 735,0,-3400 742,0,-3400 748,0,-3400 755,0,-3400 761,0,-3400 768,0,-3400 774,0,-3400 781,0,-3400 787,0,-3400 794,0,-3400 800,0,-3400
mouvement 4711ef525566fedf70000c8f39a5a6a3 [bord gauche] 0,0,-2400 0,0,-2406 0,0,-2413 0,0,-2419 0,0,-2426 0,0,-2432 0,0,-2438 0,0,-2444 0,0,-2451 0,0,-2457 0,0,-2463 0,0,-2469 0,0,-2475 0,0,-2482 0,0,-2488 0,0,-2494 1,0,-2500 1,0,-2506 1,0,-2512 1,0,-2518 1,0,-2524 1,0,-2530 1,0,-2535 2,0,-2541 2,0,-2547 2,0,-2553 2,0,-2559 3,0,-2565 3,0,-2570 3,0,-2576 4,0,-2582 4,0,-2587 4,0,-2593 5,0,-2599 5,0,-2604 6,0,-2610 6,0,-2615 6,0,-2621 7,0,-2626 8,0,-2632 8,0,-2637 9,0,-2643 9,0,-2648 10,0,-2654 11,0,-2659 11,0,-2664 12,0,-2670 13,0,-2675 13,0,-2680 14,0,-2686 15,0,-2691 16,0,-2696 17,0,-2701 18,0,-2706 19,0,-2712 19,0,-2717 20,0,-2722 21,0,-2727 22,0,-2732 24,0,-2737 25,0,-2742 26,0,-2747 27,0,-2752 28,0,-2757 29,0,-2762 31,0,-2767 32,0,-2772 33,0,-2777 35,0,-2781 36,0,-2786 37,0,-2791 39,0,-2796 40,0,-2801 42,0,-2805 43,0,-2810 45,0,-2815 46,0,-2819 48,0,-2824 50,0,-2829 51,0,-2833 53,0,-2838 55,0,-2842 57,0,-2847 58,0,-2851 60,0,-2856 62,0,-2860 64,0,-2865 66,0,-2869 68,0,-2873 70,0,-2878 72,0,-2882 74,0,-2886 76,0,-2891 78,0,-2895 81,0,-2899 83,0,-2903 85,0,-2907 87,0,-2912 90,0,-2916 92,0,-2920 94,0,-2924 97,0,-2928 99,0,-2932 102,0,-2936 104,0,-2940 107,0,-2944 109,0,-2948 112,0,-2952 114,0,-2955 117,0,-2959 120,0,-2963 122,0,-2967 125,0,-2971 128,0,-2974 131,0,-2978 134,0,-2982 137,0,-2985 139,0,-2989 142,0,-2992 145,0,-2996 148,0,-2999 151,0,-3003 154,0,-3006 158,0,-3010 161,0,-3013 164,0,-3017 167,0,-3020 170,0,-3023 173,0,-3027 177,0,-3030 180,0,-3033 183,0,-3036 187,0,-3039 190,0,-3042 194,0,-3046 197,0,-3049 201,0,-3052 204,0,-3055 208,0,-3058 211,0,-3061 215,0,-3063 218,0,-3066 222,0,-3069 226,0,-3072 229,0,-3075 233,0,-3078 237,0,-3080 241,0,-3083 245,0,-3086 248,0,-3088 252,0,-3091 256,0,-3093 260,0,-3096 264,0,-3098 268,0,-3101 272,0,-3103 276,0,-3106 280,0,-3108 284,0,-3110 288,0,-3113 293,0,-3115 297,0,-3117 301,0,-3119 305,0,-3122 309,0,-3124 314,0,-3126 318,0,-3128 322,0,-3130 327,0,-3132 331,0,-3134 335,0,-3136 340,0,-3138 344,0,-3140 349,0,-3142 353,0,-3143 358,0,-3145 362,0,-3147 367,0,-3149 371,0,-3150 376,0,-3152 381,0,-3154 385,0,-3155 390,0,-3157 395,0,-3158 399,0,-3160 404,0,-3161 409,0,-3163 414,0,-3164 419,0,-3165 423,0,-3167 428,0,-3168 433,0,-3169 438,0,-3171 443,0,-3172 448,0,-3173 453,0,-3174 458,0,-3175 463,0,-3176 468,0,-3178 473,0,-3179 478,0,-3180 483,0,-3181 488,0,-3181 494,0,-3182 499,0,-3183 504,0,-3184 509,0,-3185 514,0,-3186 520,0,-3187 525,0,-3187 530,0,-3188 536,0,-3189 541,0,-3189 546,0,-3190 552,0,-3191 557,0,-3191 563,0,-3192 568,0,-3192 574,0,-3193 579,0,-3194 585,0,-3194 590,0,-3194 596,0,-3195 601,0,-3195 607,0,-3196 613,0,-3196 618,0,-3196 624,0,-3197 630,0,-3197 635,0,-3197 641,0,-3198 647,0,-3198 653,0,-3198 659,0,-3198 665,0,-3199 670,0,-3199 676,0,-3199 682,0,-3199 688,0,-3199 694,0,-3199 700,0,-3199 706,0,-3200 712,0,-3200 718,0,-3200 725,0,-3200 731,0,-3200 737,0,-3200 743,0,-3200 749,0,-3200 756,0,-3200 762,0,-3200 768,0,-3200 774,0,-3200 781,0,-3200 787,0,-3200 794,0,-3200 800,0,-3200
mouvement 4711ef525566fedf70000c8f39a5a6a3 [bord droit] -400,0,-2400 -400,0,-2406 -400,0,-2413 -400,0,-2419 -400,0,-2426 -400,0,-2433 -400,0,-2439 -400,0,-2446 -400,0,-2453 -400,0,-2459 -400,0,-2466 -400,0,-2473 -400,0,-2479 -400,0,-2486 -400,0,-2493 -399,0,-2500 -399,0,-2507 -399,0,-2514 -399,0,-2521 -399,0,-2528 -399,0,-2535 -399,0,-2542 -398,0,-2549 -398,0,-2556 -398,0,-2563 -398,0,-2570 -397,0,-2577 -397,0,-2584 -397,0,-2591 -396,0,-2598 -396,0,-2606 -395,0,-2613 -395,0,-2620 -394,0,-2627 -394,0,-2634 -393,0,-2642 -393,0,-2649 -392,0,-2656 -391,0,-2664 -391,0,-2671 -390,0,-2678 -389,0,-2686 -388,0,-2693 -387,0,-2701 -386,0,-2708 -386,0,-2716 -385,0,-2723 -383,0,-2731 -382,0,-2738 -381,0,-2746 -380,0,-2753 -379,0,-2761 -378,0,-2768 -376,0,-2776 -375,0,-2783 -374,0,-2791 -372,0,-2798 -371,0,-2806 -369,0,-2814 -368,0,-2821 -366,0,-2829 -364,0,-2836 -362,0,-2844 -361,0,-2851 -359,0,-2859 -357,0,-2867 -355,0,-2874 -353,0,-2882 -351,0,-2889 -348,0,-2897 -346,0,-2905 -344,0,-2912 -342,0,-2920 -339,0,-2927 -337,0,-2935 -334,0,-2943 -332,0,-2950 -329,0,-2958 -326,0,-2965 -324,0,-2973 -321,0,-2980 -318,0,-2988 -315,0,-2995 -312,0,-3003 -309,0,-3010 -306,0,-3018 -302,0,-3025 -299,0,-3032 -296,0,-3040 -292,0,-3047 -289,0,-3055 -285,0,-3062 -282,0,-3069 -278,0,-3076 -274,0,-3084 -270,0,-3091 -267,0,-3098 -263,0,-3105 -259,0,-3112 -255,0,-3120 -250,0,-3127 -246,0,-3134 -242,0,-3141 -238,0,-3148 -233,0,-3155 -229,0,-3162 -224,0,-3169 -220,0,-3175 -215,0,-3182 -210,0,-3189 -206,0,-3196 -201,0,-3202 -196,0,-3209 -191,0,-3216 -186,0,-3222 -181,0,-3229 -176,0,-3235 -170,0,-3242 -165,0,-3248 -160,0,-3254 -155,0,-3261 -149,0,-3267 -144,0,-3273 -138,0,-3279 -132,0,-3285 -127,0,-3292 -121,0,-3298 -115,0,-3303 -109,0,-3309 -103,0,-3315 -98,0,-3321 -92,0,-3327 -85,0,-3332 -79,0,-3338 -73,0,-3344 -67,0,-3349 -61,0,-3355 -54,0,-3360 -48,0,-3365 -42,0,-3370 -35,0,-3376 -29,0,-3381 -22,0,-3386 -16,0,-3391 -9,0,-3396 -2,0,-3401 4,0,-3406 11,0,-3410 18,0,-3415 25,0,-3420 31,0,-3424 38,0,-3429 45,0,-3433 52,0,-3438 59,0,-3442 66,0,-3446 73,0,-3450 80,0,-3455 88,0,-3459 95,0,-3463 102,0,-3467 109,0,-3470 116,0,-3474 124,0,-3478 131,0,-3482 138,0,-3485 145,0,-3489 153,0,-3492 160,0,-3496 168,0,-3499 175,0,-3502 182,0,-3506 190,0,-3509 197,0,-3512 205,0,-3515 212,0,-3518 220,0,-3521 227,0,-3524 235,0,-3526 242,0,-3529 250,0,-3532 257,0,-3534 265,0,-3537 273,0,-3539 280,0,-3542 288,0,-3544 295,0,-3546 303,0,-3548 311,0,-3551 318,0,-3553 326,0,-3555 333,0,-3557 341,0,-3559 349,0,-3561 356,0,-3562 364,0,-3564 371,0,-3566 379,0,-3568 386,0,-3569 394,0,-3571 402,0,-3572 409,0,-3574 417,0,-3575 424,0,-3576 432,0,-3578 439,0,-3579 447,0,-3580 454,0,-3581 462,0,-3582 469,0,-3583 477,0,-3585 484,0,-3586 492,0,-3586 499,0,-3587 507,0,-3588 514,0,-3589 522,0,-3590 529,0,-3591 536,0,-3591 544,0,-3592 551,0,-3593 558,0,-3593 566,0,-3594 573,0,-3594 580,0,-3595 587,0,-3595 594,0,-3596 602,0,-3596 609,0,-3597 616,0,-3597 623,0,-3597 630,0,-3598 637,0,-3598 644,0,-3598 651,0,-3598 658,0,-3599 665,0,-3599 672,0,-3599 679,0,-3599 686,0,-3599 693,0,-3599 700,0,-3599 707,0,-3600 714,0,-3600 721,0,-3600 727,0,-3600 734,0,-3600 741,0,-3600 747,0,-3600 754,0,-3600 761,0,-3600 767,0,-3600 774,0,-3600 781,0,-3600 787,0,-3600 794,0,-3600 800,0,-3600
zone 4651661907bde7ddf496e0b38b1a67b2 [4711ef525566fedf70000c8f39a5a6a3 x 4f4ed31105c77d3226455f19e94c5795] 280,0,-2987 ; 1113,245,658
zone 46a27562fc7ef73899775b45767338b1 [4711ef525566fedf70000c8f39a5a6a3 x 4a7f00857442da3e6f4487e676ef108d] 473,0,-2726 ; 919,245,919
zone 46c0852ee863ff838d59392162782297 [4711ef525566fedf70000c8f39a5a6a3 x 4792bee280e137622f8933d01729bea8] 0,0,-2681 ; 673,245,873
zone 46fef049de32bffeccdcc752588447a5 [4792bee280e137622f8933d01729bea8 x 4f4ed31105c77d3226455f19e94c5795] -280,0,-2987 ; 1113,245,658
zone 4a44f9710a830e7f77c6952d114c4fbf [4792bee280e137622f8933d01729bea8 x 4a7f00857442da3e6f4487e676ef108d] 282,0,-2611 ; 554,245,804
zone 4b09a0f12076cb983208a9d922a545b7 [49a416a048161da4a37d21483a9de8b5 x 4f4ed31105c77d3226455f19e94c5795] 0,0,-3200 ; 1392,245,445
zone 4ba61b4456363d785c934bbc3dbb98aa [49a416a048161da4a37d21483a9de8b5 x 4d2aea792f643724e2d9f9ed853eb1a1] -760,0,-3158 ; 632,245,487
zone 4c147a4d6d6d6cd2fde23d045167c692 [4d2aea792f643724e2d9f9ed853eb1a1 x 4f4ed31105c77d3226455f19e94c5795] -502,0,-2782 ; 891,245,463
zone 4c3765f4eeddd6c6be43e3c0c8c83182 [4a7f00857442da3e6f4487e676ef108d x 4d2aea792f643724e2d9f9ed853eb1a1] 0,0,-2440 ; 529,245,632
zone 4dc9c6211a49ca8f0980f973af7a1bac [4792bee280e137622f8933d01729bea8 x 4d2aea792f643724e2d9f9ed853eb1a1] -473,0,-2726 ; 919,245,919
zone 4fce84fd1a162287b7b06ed08526d094 [4711ef525566fedf70000c8f39a5a6a3 x 49a416a048161da4a37d21483a9de8b5] 392,0,-3172 ; 1000,245,474
zone 4fe75f8b969a1fadc554e6cd737aee9c [49a416a048161da4a37d21483a9de8b5 x 4a7f00857442da3e6f4487e676ef108d] 760,0,-3158 ; 632,245,487
controle 456fc7aec92eae3a031351a23bee3fa7 [Uncontrolled, approche 49980393f36fca422e64472c8ccc009c, 2 mouvements] 800,0,-3000
controle 4ce3fd28fd4195f1d5cbe44f4e66fb87 [Uncontrolled, approche 4f4e0f3e7e8b2b6b059a8a6edab2bc90, 2 mouvements] -800,0,-3400
controle 4fa7a31c8eaaa03cd839e636079b349e [Uncontrolled, approche 42ad3d5187bfa4104bf4917b93ede39e, 2 mouvements] -200,0,-2400

instance GlobalObjectId_V1-2-ee081d5cbff641bb9dd499b4f13a8d62-2174360367984508665-525617468 TJunction_North (TJunction)
frontiere 4993ac8c2a6dc3f17d03a16cbb916fac [TJunction] 0,0,2900 ; 1000,200,700
mouvement 4af05b75ff8158625ee1066bba223782 [centre] 800,0,3400 794,0,3400 787,0,3400 781,0,3400 775,0,3400 769,0,3400 762,0,3400 756,0,3400 750,0,3400 744,0,3400 737,0,3400 731,0,3400 725,0,3400 719,0,3400 712,0,3400 706,0,3400 700,0,3400 694,0,3400 687,0,3400 681,0,3400 675,0,3400 669,0,3400 662,0,3400 656,0,3400 650,0,3400 644,0,3400 637,0,3400 631,0,3400 625,0,3400 619,0,3400 612,0,3400 606,0,3400 600,0,3400 594,0,3400 587,0,3400 581,0,3400 575,0,3400 569,0,3400 562,0,3400 556,0,3400 550,0,3400 544,0,3400 537,0,3400 531,0,3400 525,0,3400 519,0,3400 512,0,3400 506,0,3400 500,0,3400 494,0,3400 487,0,3400 481,0,3400 475,0,3400 469,0,3400 462,0,3400 456,0,3400 450,0,3400 444,0,3400 437,0,3400 431,0,3400 425,0,3400 419,0,3400 412,0,3400 406,0,3400 400,0,3400 394,0,3400 387,0,3400 381,0,3400 375,0,3400 369,0,3400 362,0,3400 356,0,3400 350,0,3400 344,0,3400 337,0,3400 331,0,3400 325,0,3400 319,0,3400 312,0,3400 306,0,3400 300,0,3400 294,0,3400 287,0,3400 281,0,3400 275,0,3400 269,0,3400 262,0,3400 256,0,3400 250,0,3400 244,0,3400 237,0,3400 231,0,3400 225,0,3400 219,0,3400 212,0,3400 206,0,3400 200,0,3400 194,0,3400 187,0,3400 181,0,3400 175,0,3400 169,0,3400 162,0,3400 156,0,3400 150,0,3400 144,0,3400 137,0,3400 131,0,3400 125,0,3400 119,0,3400 112,0,3400 106,0,3400 100,0,3400 94,0,3400 87,0,3400 81,0,3400 75,0,3400 69,0,3400 62,0,3400 56,0,3400 50,0,3400 44,0,3400 37,0,3400 31,0,3400 25,0,3400 19,0,3400 12,0,3400 6,0,3400 0,0,3400 -6,0,3400 -13,0,3400 -19,0,3400 -25,0,3400 -31,0,3400 -38,0,3400 -44,0,3400 -50,0,3400 -56,0,3400 -63,0,3400 -69,0,3400 -75,0,3400 -81,0,3400 -88,0,3400 -94,0,3400 -100,0,3400 -106,0,3400 -113,0,3400 -119,0,3400 -125,0,3400 -131,0,3400 -138,0,3400 -144,0,3400 -150,0,3400 -156,0,3400 -163,0,3400 -169,0,3400 -175,0,3400 -181,0,3400 -188,0,3400 -194,0,3400 -200,0,3400 -206,0,3400 -213,0,3400 -219,0,3400 -225,0,3400 -231,0,3400 -238,0,3400 -244,0,3400 -250,0,3400 -256,0,3400 -263,0,3400 -269,0,3400 -275,0,3400 -281,0,3400 -288,0,3400 -294,0,3400 -300,0,3400 -306,0,3400 -313,0,3400 -319,0,3400 -325,0,3400 -331,0,3400 -338,0,3400 -344,0,3400 -350,0,3400 -356,0,3400 -363,0,3400 -369,0,3400 -375,0,3400 -381,0,3400 -387,0,3400 -394,0,3400 -400,0,3400 -406,0,3400 -412,0,3400 -419,0,3400 -425,0,3400 -431,0,3400 -437,0,3400 -444,0,3400 -450,0,3400 -456,0,3400 -462,0,3400 -469,0,3400 -475,0,3400 -481,0,3400 -487,0,3400 -494,0,3400 -500,0,3400 -506,0,3400 -512,0,3400 -519,0,3400 -525,0,3400 -531,0,3400 -537,0,3400 -544,0,3400 -550,0,3400 -556,0,3400 -562,0,3400 -569,0,3400 -575,0,3400 -581,0,3400 -587,0,3400 -594,0,3400 -600,0,3400 -606,0,3400 -612,0,3400 -619,0,3400 -625,0,3400 -631,0,3400 -637,0,3400 -644,0,3400 -650,0,3400 -656,0,3400 -662,0,3400 -669,0,3400 -675,0,3400 -681,0,3400 -687,0,3400 -694,0,3400 -700,0,3400 -706,0,3400 -712,0,3400 -719,0,3400 -725,0,3400 -731,0,3400 -737,0,3400 -744,0,3400 -750,0,3400 -756,0,3400 -762,0,3400 -769,0,3400 -775,0,3400 -781,0,3400 -787,0,3400 -794,0,3400 -800,0,3400
mouvement 4af05b75ff8158625ee1066bba223782 [bord gauche] 800,0,3200 794,0,3200 787,0,3200 781,0,3200 775,0,3200 769,0,3200 762,0,3200 756,0,3200 750,0,3200 744,0,3200 737,0,3200 731,0,3200 725,0,3200 719,0,3200 712,0,3200 706,0,3200 700,0,3200 694,0,3200 687,0,3200 681,0,3200 675,0,3200 669,0,3200 662,0,3200 656,0,3200 650,0,3200 644,0,3200 637,0,3200 631,0,3200 625,0,3200 619,0,3200 612,0,3200 606,0,3200 600,0,3200 594,0,3200 587,0,3200 581,0,3200 575,0,3200 569,0,3200 562,0,3200 556,0,3200 550,0,3200 544,0,3200 537,0,3200 531,0,3200 525,0,3200 519,0,3200 512,0,3200 506,0,3200 500,0,3200 494,0,3200 487,0,3200 481,0,3200 475,0,3200 469,0,3200 462,0,3200 456,0,3200 450,0,3200 444,0,3200 437,0,3200 431,0,3200 425,0,3200 419,0,3200 412,0,3200 406,0,3200 400,0,3200 394,0,3200 387,0,3200 381,0,3200 375,0,3200 369,0,3200 362,0,3200 356,0,3200 350,0,3200 344,0,3200 337,0,3200 331,0,3200 325,0,3200 319,0,3200 312,0,3200 306,0,3200 300,0,3200 294,0,3200 287,0,3200 281,0,3200 275,0,3200 269,0,3200 262,0,3200 256,0,3200 250,0,3200 244,0,3200 237,0,3200 231,0,3200 225,0,3200 219,0,3200 212,0,3200 206,0,3200 200,0,3200 194,0,3200 187,0,3200 181,0,3200 175,0,3200 169,0,3200 162,0,3200 156,0,3200 150,0,3200 144,0,3200 137,0,3200 131,0,3200 125,0,3200 119,0,3200 112,0,3200 106,0,3200 100,0,3200 94,0,3200 87,0,3200 81,0,3200 75,0,3200 69,0,3200 62,0,3200 56,0,3200 50,0,3200 44,0,3200 37,0,3200 31,0,3200 25,0,3200 19,0,3200 12,0,3200 6,0,3200 0,0,3200 -6,0,3200 -13,0,3200 -19,0,3200 -25,0,3200 -31,0,3200 -38,0,3200 -44,0,3200 -50,0,3200 -56,0,3200 -63,0,3200 -69,0,3200 -75,0,3200 -81,0,3200 -88,0,3200 -94,0,3200 -100,0,3200 -106,0,3200 -113,0,3200 -119,0,3200 -125,0,3200 -131,0,3200 -138,0,3200 -144,0,3200 -150,0,3200 -156,0,3200 -163,0,3200 -169,0,3200 -175,0,3200 -181,0,3200 -188,0,3200 -194,0,3200 -200,0,3200 -206,0,3200 -213,0,3200 -219,0,3200 -225,0,3200 -231,0,3200 -238,0,3200 -244,0,3200 -250,0,3200 -256,0,3200 -263,0,3200 -269,0,3200 -275,0,3200 -281,0,3200 -288,0,3200 -294,0,3200 -300,0,3200 -306,0,3200 -313,0,3200 -319,0,3200 -325,0,3200 -331,0,3200 -338,0,3200 -344,0,3200 -350,0,3200 -356,0,3200 -363,0,3200 -369,0,3200 -375,0,3200 -381,0,3200 -387,0,3200 -394,0,3200 -400,0,3200 -406,0,3200 -412,0,3200 -419,0,3200 -425,0,3200 -431,0,3200 -437,0,3200 -444,0,3200 -450,0,3200 -456,0,3200 -462,0,3200 -469,0,3200 -475,0,3200 -481,0,3200 -487,0,3200 -494,0,3200 -500,0,3200 -506,0,3200 -512,0,3200 -519,0,3200 -525,0,3200 -531,0,3200 -537,0,3200 -544,0,3200 -550,0,3200 -556,0,3200 -562,0,3200 -569,0,3200 -575,0,3200 -581,0,3200 -587,0,3200 -594,0,3200 -600,0,3200 -606,0,3200 -612,0,3200 -619,0,3200 -625,0,3200 -631,0,3200 -637,0,3200 -644,0,3200 -650,0,3200 -656,0,3200 -662,0,3200 -669,0,3200 -675,0,3200 -681,0,3200 -687,0,3200 -694,0,3200 -700,0,3200 -706,0,3200 -712,0,3200 -719,0,3200 -725,0,3200 -731,0,3200 -737,0,3200 -744,0,3200 -750,0,3200 -756,0,3200 -762,0,3200 -769,0,3200 -775,0,3200 -781,0,3200 -787,0,3200 -794,0,3200 -800,0,3200
mouvement 4af05b75ff8158625ee1066bba223782 [bord droit] 800,0,3600 794,0,3600 787,0,3600 781,0,3600 775,0,3600 769,0,3600 762,0,3600 756,0,3600 750,0,3600 744,0,3600 737,0,3600 731,0,3600 725,0,3600 719,0,3600 712,0,3600 706,0,3600 700,0,3600 694,0,3600 687,0,3600 681,0,3600 675,0,3600 669,0,3600 662,0,3600 656,0,3600 650,0,3600 644,0,3600 637,0,3600 631,0,3600 625,0,3600 619,0,3600 612,0,3600 606,0,3600 600,0,3600 594,0,3600 587,0,3600 581,0,3600 575,0,3600 569,0,3600 562,0,3600 556,0,3600 550,0,3600 544,0,3600 537,0,3600 531,0,3600 525,0,3600 519,0,3600 512,0,3600 506,0,3600 500,0,3600 494,0,3600 487,0,3600 481,0,3600 475,0,3600 469,0,3600 462,0,3600 456,0,3600 450,0,3600 444,0,3600 437,0,3600 431,0,3600 425,0,3600 419,0,3600 412,0,3600 406,0,3600 400,0,3600 394,0,3600 387,0,3600 381,0,3600 375,0,3600 369,0,3600 362,0,3600 356,0,3600 350,0,3600 344,0,3600 337,0,3600 331,0,3600 325,0,3600 319,0,3600 312,0,3600 306,0,3600 300,0,3600 294,0,3600 287,0,3600 281,0,3600 275,0,3600 269,0,3600 262,0,3600 256,0,3600 250,0,3600 244,0,3600 237,0,3600 231,0,3600 225,0,3600 219,0,3600 212,0,3600 206,0,3600 200,0,3600 194,0,3600 187,0,3600 181,0,3600 175,0,3600 169,0,3600 162,0,3600 156,0,3600 150,0,3600 144,0,3600 137,0,3600 131,0,3600 125,0,3600 119,0,3600 112,0,3600 106,0,3600 100,0,3600 94,0,3600 87,0,3600 81,0,3600 75,0,3600 69,0,3600 62,0,3600 56,0,3600 50,0,3600 44,0,3600 37,0,3600 31,0,3600 25,0,3600 19,0,3600 12,0,3600 6,0,3600 0,0,3600 -6,0,3600 -13,0,3600 -19,0,3600 -25,0,3600 -31,0,3600 -38,0,3600 -44,0,3600 -50,0,3600 -56,0,3600 -63,0,3600 -69,0,3600 -75,0,3600 -81,0,3600 -88,0,3600 -94,0,3600 -100,0,3600 -106,0,3600 -113,0,3600 -119,0,3600 -125,0,3600 -131,0,3600 -138,0,3600 -144,0,3600 -150,0,3600 -156,0,3600 -163,0,3600 -169,0,3600 -175,0,3600 -181,0,3600 -188,0,3600 -194,0,3600 -200,0,3600 -206,0,3600 -213,0,3600 -219,0,3600 -225,0,3600 -231,0,3600 -238,0,3600 -244,0,3600 -250,0,3600 -256,0,3600 -263,0,3600 -269,0,3600 -275,0,3600 -281,0,3600 -288,0,3600 -294,0,3600 -300,0,3600 -306,0,3600 -313,0,3600 -319,0,3600 -325,0,3600 -331,0,3600 -338,0,3600 -344,0,3600 -350,0,3600 -356,0,3600 -363,0,3600 -369,0,3600 -375,0,3600 -381,0,3600 -387,0,3600 -394,0,3600 -400,0,3600 -406,0,3600 -412,0,3600 -419,0,3600 -425,0,3600 -431,0,3600 -437,0,3600 -444,0,3600 -450,0,3600 -456,0,3600 -462,0,3600 -469,0,3600 -475,0,3600 -481,0,3600 -487,0,3600 -494,0,3600 -500,0,3600 -506,0,3600 -512,0,3600 -519,0,3600 -525,0,3600 -531,0,3600 -537,0,3600 -544,0,3600 -550,0,3600 -556,0,3600 -562,0,3600 -569,0,3600 -575,0,3600 -581,0,3600 -587,0,3600 -594,0,3600 -600,0,3600 -606,0,3600 -612,0,3600 -619,0,3600 -625,0,3600 -631,0,3600 -637,0,3600 -644,0,3600 -650,0,3600 -656,0,3600 -662,0,3600 -669,0,3600 -675,0,3600 -681,0,3600 -687,0,3600 -694,0,3600 -700,0,3600 -706,0,3600 -712,0,3600 -719,0,3600 -725,0,3600 -731,0,3600 -737,0,3600 -744,0,3600 -750,0,3600 -756,0,3600 -762,0,3600 -769,0,3600 -775,0,3600 -781,0,3600 -787,0,3600 -794,0,3600 -800,0,3600
mouvement 46b3a813f373f17148f435776c7e69bc [centre] 800,0,3400 794,0,3400 787,0,3400 781,0,3400 774,0,3400 768,0,3400 761,0,3400 755,0,3400 748,0,3400 742,0,3400 735,0,3400 729,0,3400 723,0,3400 716,0,3400 710,0,3400 703,0,3399 697,0,3399 690,0,3399 684,0,3399 677,0,3399 671,0,3399 664,0,3399 658,0,3398 652,0,3398 645,0,3398 639,0,3398 632,0,3397 626,0,3397 619,0,3397 613,0,3396 606,0,3396 600,0,3396 594,0,3395 587,0,3395 581,0,3394 574,0,3394 568,0,3393 561,0,3393 555,0,3392 549,0,3392 542,0,3391 536,0,3390 529,0,3389 523,0,3389 516,0,3388 510,0,3387 504,0,3386 497,0,3385 491,0,3385 484,0,3384 478,0,3383 472,0,3382 465,0,3380 459,0,3379 453,0,3378 446,0,3377 440,0,3376 434,0,3375 427,0,3373 421,0,3372 415,0,3371 408,0,3369 402,0,3368 396,0,3366 390,0,3365 383,0,3363 377,0,3361 371,0,3360 365,0,3358 358,0,3356 352,0,3354 346,0,3353 340,0,3351 334,0,3349 328,0,3347 321,0,3345 315,0,3343 309,0,3341 303,0,3338 297,0,3336 291,0,3334 285,0,3331 279,0,3329 273,0,3327 267,0,3324 261,0,3322 255,0,3319 249,0,3317 243,0,3314 238,0,3311 232,0,3308 226,0,3306 220,0,3303 214,0,3300 209,0,3297 203,0,3294 197,0,3291 192,0,3288 186,0,3285 180,0,3281 175,0,3278 169,0,3275 164,0,3271 158,0,3268 153,0,3265 147,0,3261 142,0,3258 137,0,3254 131,0,3250 126,0,3247 121,0,3243 115,0,3239 110,0,3235 105,0,3231 100,0,3228 95,0,3224 90,0,3220 85,0,3216 80,0,3211 75,0,3207 70,0,3203 65,0,3199 60,0,3195 55,0,3190 51,0,3186 46,0,3181 41,0,3177 37,0,3172 32,0,3168 28,0,3163 23,0,3159 19,0,3154 14,0,3149 10,0,3145 5,0,3140 1,0,3135 -3,0,3130 -7,0,3125 -11,0,3120 -16,0,3115 -20,0,3110 -24,0,3105 -28,0,3100 -31,0,3095 -35,0,3090 -39,0,3085 -43,0,3079 -47,0,3074 -50,0,3069 -54,0,3063 -58,0,3058 -61,0,3053 -65,0,3047 -68,0,3042 -71,0,3036 -75,0,3031 -78,0,3025 -81,0,3020 -85,0,3014 -88,0,3008 -91,0,3003 -94,0,2997 -97,0,2991 -100,0,2986 -103,0,2980 -106,0,2974 -108,0,2968 -111,0,2962 -114,0,2957 -117,0,2951 -119,0,2945 -122,0,2939 -124,0,2933 -127,0,2927 -129,0,2921 -131,0,2915 -134,0,2909 -136,0,2903 -138,0,2897 -141,0,2891 -143,0,2885 -145,0,2879 -147,0,2872 -149,0,2866 -151,0,2860 -153,0,2854 -154,0,2848 -156,0,2842 -158,0,2835 -160,0,2829 -161,0,2823 -163,0,2817 -165,0,2810 -166,0,2804 -168,0,2798 -169,0,2792 -171,0,2785 -172,0,2779 -173,0,2773 -175,0,2766 -176,0,2760 -177,0,2754 -178,0,2747 -179,0,2741 -180,0,2735 -182,0,2728 -183,0,2722 -184,0,2716 -185,0,2709 -185,0,2703 -186,0,2696 -187,0,2690 -188,0,2684 -189,0,2677 -189,0,2671 -190,0,2664 -191,0,2658 -192,0,2651 -192,0,2645 -193,0,2639 -193,0,2632 -194,0,2626 -194,0,2619 -195,0,2613 -195,0,2606 -196,0,2600 -196,0,2594 -196,0,2587 -197,0,2581 -197,0,2574 -197,0,2568 -198,0,2561 -198,0,2555 -198,0,2548 -198,0,2542 -199,0,2536 -199,0,2529 -199,0,2523 -199,0,2516 -199,0,2510 -199,0,2503 -199,0,2497 -200,0,2490 -200,0,2484 -200,0,2477 -200,0,2471 -200,0,2465 -200,0,2458 -200,0,2452 -200,0,2445 -200,0,2439 -200,0,2432 -200,0,2426 -200,0,2419 -200,0,2413 -200,0,2406 -200,0,2400
mouvement 46b3a813f373f17148f435776c7e69bc [bord gauche] 800,0,3200 794,0,3200 787,0,3200 781,0,3200 774,0,3200 768,0,3200 762,0,3200 756,0,3200 749,0,3200 743,0,3200 737,0,3200 731,0,3200 725,0,3200 718,0,3200 712,0,3200 706,0,3200 700,0,3199 694,0,3199 688,0,3199 682,0,3199 676,0,3199 670,0,3199 665,0,3199 659,0,3198 653,0,3198 647,0,3198 641,0,3198 635,0,3197 630,0,3197 624,0,3197 618,0,3196 613,0,3196 607,0,3196 601,0,3195 596,0,3195 590,0,3194 585,0,3194 579,0,3194 574,0,3193 568,0,3192 563,0,3192 557,0,3191 552,0,3191 546,0,3190 541,0,3189 536,0,3189 530,0,3188 525,0,3187 520,0,3187 514,0,3186 509,0,3185 504,0,3184 499,0,3183 494,0,3182 488,0,3181 483,0,3181 478,0,3180 473,0,3179 468,0,3178 463,0,3176 458,0,3175 453,0,3174 448,0,3173 443,0,3172 438,0,3171 433,0,3169 428,0,3168 423,0,3167 419,0,3165 414,0,3164 409,0,3163 404,0,3161 399,0,3160 395,0,3158 390,0,3157 385,0,3155 381,0,3154 376,0,3152 371,0,3150 367,0,3149 362,0,3147 358,0,3145 353,0,3143 349,0,3142 344,0,3140 340,0,3138 335,0,3136 331,0,3134 327,0,3132 322,0,3130 318,0,3128 314,0,3126 309,0,3124 305,0,3122 301,0,3119 297,0,3117 293,0,3115 288,0,3113 284,0,3110 280,0,3108 276,0,3106 272,0,3103 268,0,3101 264,0,3098 260,0,3096 256,0,3093 252,0,3091 248,0,3088 245,0,3086 241,0,3083 237,0,3080 233,0,3078 229,0,3075 226,0,3072 222,0,3069 218,0,3066 215,0,3063 211,0,3061 208,0,3058 204,0,3055 201,0,3052 197,0,3049 194,0,3046 190,0,3042 187,0,3039 183,0,3036 180,0,3033 177,0,3030 173,0,3027 170,0,3023 167,0,3020 164,0,3017 161,0,3013 158,0,3010 154,0,3006 151,0,3003 148,0,2999 145,0,2996 142,0,2992 139,0,2989 137,0,2985 134,0,2982 131,0,2978 128,0,2974 125,0,2971 122,0,2967 120,0,2963 117,0,2959 114,0,2955 112,0,2952 109,0,2948 107,0,2944 104,0,2940 102,0,2936 99,0,2932 97,0,2928 94,0,2924 92,0,2920 90,0,2916 87,0,2912 85,0,2907 83,0,2903 81,0,2899 78,0,2895 76,0,2891 74,0,2886 72,0,2882 70,0,2878 68,0,2873 66,0,2869 64,0,2865 62,0,2860 60,0,2856 58,0,2851 57,0,2847 55,0,2842 53,0,2838 51,0,2833 50,0,2829 48,0,2824 46,0,2819 45,0,2815 43,0,2810 42,0,2805 40,0,2801 39,0,2796 37,0,2791 36,0,2786 35,0,2781 33,0,2777 32,0,2772 31,0,2767 29,0,2762 28,0,2757 27,0,2752 26,0,2747 25,0,2742 24,0,2737 22,0,2732 21,0,2727 20,0,2722 19,0,2717 19,0,2712 18,0,2706 17,0,2701 16,0,2696 15,0,2691 14,0,2686 13,0,2680 13,0,2675 12,0,2670 11,0,2664 11,0,2659 10,0,2654 9,0,2648 9,0,2643 8,0,2637 8,0,2632 7,0,2626 6,0,2621 6,0,2615 6,0,2610 5,0,2604 5,0,2599 4,0,2593 4,0,2587 4,0,2582 3,0,2576 3,0,2570 3,0,2565 2,0,2559 2,0,2553 2,0,2547 2,0,2541 1,0,2535 1,0,2530 1,0,2524 1,0,2518 1,0,2512 1,0,2506 1,0,2500 0,0,2494 0,0,2488 0,0,2482 0,0,2475 0,0,2469 0,0,2463 0,0,2457 0,0,2451 0,0,2444 0,0,2438 0,0,2432 0,0,2426 0,0,2419 0,0,2413 0,0,2406 0,0,2400
mouvement 46b3a813f373f17148f435776c7e69bc [bord droit] 800,0,3600 794,0,3600 787,0,3600 781,0,3600 774,0,3600 767,0,3600 761,0,3600 754,0,3600 747,0,3600 741,0,3600 734,0,3600 727,0,3600 721,0,3600 714,0,3600 707,0,3600 700,0,3599 693,0,3599 686,0,3599 679,0,3599 672,0,3599 665,0,3599 658,0,3599 651,0,3598 644,0,3598 637,0,3598 630,0,3598 623,0,3597 616,0,3597 609,0,3597 602,0,3596 594,0,3596 587,0,3595 580,0,3595 573,0,3594 566,0,3594 558,0,3593 551,0,3593 544,0,3592 536,0,3591 529,0,3591 522,0,3590 514,0,3589 507,0,3588 499,0,3587 492,0,3586 484,0,3586 477,0,3585 469,0,3583 462,0,3582 454,0,3581 447,0,3580 439,0,3579 432,0,3578 424,0,3576 417,0,3575 409,0,3574 402,0,3572 394,0,3571 386,0,3569 379,0,3568 371,0,3566 364,0,3564 356,0,3562 349,0,3561 341,0,3559 333,0,3557 326,0,3555 318,0,3553 311,0,3551 303,0,3548 295,0,3546 288,0,3544 280,0,3542 273,0,3539 265,0,3537 257,0,3534 250,0,3532 242,0,3529 235,0,3526 227,0,3524 220,0,3521 212,0,3518 205,0,3515 197,0,3512 190,0,3509 182,0,3506 175,0,3502 168,0,3499 160,0,3496 153,0,3492 145,0,3489 138,0,3485 131,0,3482 124,0,3478 116,0,3474 109,0,3470 102,0,3467 95,0,3463 88,0,3459 80,0,3455 73,0,3450 66,0,3446 59,0,3442 52,0,3438 45,0,3433 38,0,3429 31,0,3424 25,0,3420 18,0,3415 11,0,3410 4,0,3406 -2,0,3401 -9,0,3396 -16,0,3391 -22,0,3386 -29,0,3381 -35,0,3376 -42,0,3370 -48,0,3365 -54,0,3360 -61,0,3355 -67,0,3349 -73,0,3344 -79,0,3338 -85,0,3332 -92,0,3327 -98,0,3321 -103,0,3315 -109,0,3309 -115,0,3303 -121,0,3298 -127,0,3292 -132,0,3285 -138,0,3279 -144,0,3273 -149,0,3267 -155,0,3261 -160,0,3254 -165,0,3248 -170,0,3242 -176,0,3235 -181,0,3229 -186,0,3222 -191,0,3216 -196,0,3209 -201,0,3202 -206,0,3196 -210,0,3189 -215,0,3182 -220,0,3175 -224,0,3169 -229,0,3162 -233,0,3155 -238,0,3148 -242,0,3141 -246,0,3134 -250,0,3127 -255,0,3120 -259,0,3112 -263,0,3105 -267,0,3098 -270,0,3091 -274,0,3084 -278,0,3076 -282,0,3069 -285,0,3062 -289,0,3055 -292,0,3047 -296,0,3040 -299,0,3032 -302,0,3025 -306,0,3018 -309,0,3010 -312,0,3003 -315,0,2995 -318,0,2988 -321,0,2980 -324,0,2973 -326,0,2965 -329,0,2958 -332,0,2950 -334,0,2943 -337,0,2935 -339,0,2927 -342,0,2920 -344,0,2912 -346,0,2905 -348,0,2897 -351,0,2889 -353,0,2882 -355,0,2874 -357,0,2867 -359,0,2859 -361,0,2851 -362,0,2844 -364,0,2836 -366,0,2829 -368,0,2821 -369,0,2814 -371,0,2806 -372,0,2798 -374,0,2791 -375,0,2783 -376,0,2776 -378,0,2768 -379,0,2761 -380,0,2753 -381,0,2746 -382,0,2738 -383,0,2731 -385,0,2723 -386,0,2716 -386,0,2708 -387,0,2701 -388,0,2693 -389,0,2686 -390,0,2678 -391,0,2671 -391,0,2664 -392,0,2656 -393,0,2649 -393,0,2642 -394,0,2634 -394,0,2627 -395,0,2620 -395,0,2613 -396,0,2606 -396,0,2598 -397,0,2591 -397,0,2584 -397,0,2577 -398,0,2570 -398,0,2563 -398,0,2556 -398,0,2549 -399,0,2542 -399,0,2535 -399,0,2528 -399,0,2521 -399,0,2514 -399,0,2507 -399,0,2500 -400,0,2493 -400,0,2486 -400,0,2479 -400,0,2473 -400,0,2466 -400,0,2459 -400,0,2453 -400,0,2446 -400,0,2439 -400,0,2433 -400,0,2426 -400,0,2419 -400,0,2413 -400,0,2406 -400,0,2400
mouvement 47084b07a52e936a1f5156ba93413d99 [centre] -800,0,3000 -796,0,3000 -792,0,3000 -788,0,3000 -785,0,3000 -781,0,3000 -777,0,3000 -773,0,3000 -769,0,3000 -765,0,3000 -761,0,3000 -757,0,3000 -754,0,3000 -750,0,3000 -746,0,3000 -742,0,3000 -738,0,3000 -734,0,3000 -730,0,2999 -726,0,2999 -723,0,2999 -719,0,2999 -715,0,2999 -711,0,2999 -707,0,2999 -703,0,2999 -699,0,2998 -695,0,2998 -692,0,2998 -688,0,2998 -684,0,2998 -680,0,2997 -676,0,2997 -672,0,2997 -668,0,2997 -665,0,2996 -661,0,2996 -657,0,2996 -653,0,2995 -649,0,2995 -645,0,2995 -641,0,2994 -638,0,2994 -634,0,2993 -630,0,2993 -626,0,2992 -622,0,2992 -618,0,2991 -615,0,2991 -611,0,2990 -607,0,2990 -603,0,2989 -599,0,2988 -595,0,2988 -592,0,2987 -588,0,2986 -584,0,2986 -580,0,2985 -576,0,2984 -573,0,2983 -569,0,2982 -565,0,2982 -561,0,2981 -557,0,2980 -554,0,2979 -550,0,2978 -546,0,2977 -542,0,2976 -539,0,2975 -535,0,2974 -531,0,2973 -528,0,2972 -524,0,2970 -520,0,2969 -517,0,2968 -513,0,2967 -509,0,2966 -506,0,2964 -502,0,2963 -498,0,2962 -495,0,2960 -491,0,2959 -487,0,2957 -484,0,2956 -480,0,2955 -477,0,2953 -473,0,2951 -470,0,2950 -466,0,2948 -463,0,2947 -459,0,2945 -456,0,2943 -452,0,2942 -449,0,2940 -445,0,2938 -442,0,2936 -438,0,2934 -435,0,2933 -432,0,2931 -428,0,2929 -425,0,2927 -422,0,2925 -418,0,2923 -415,0,2921 -412,0,2919 -408,0,2917 -405,0,2915 -402,0,2912 -399,0,2910 -396,0,2908 -392,0,2906 -389,0,2904 -386,0,2901 -383,0,2899 -380,0,2897 -377,0,2894 -374,0,2892 -371,0,2889 -368,0,2887 -365,0,2884 -362,0,2882 -359,0,2879 -356,0,2877 -353,0,2874 -350,0,2872 -348,0,2869 -345,0,2866 -342,0,2863 -339,0,2861 -337,0,2858 -334,0,2855 -331,0,2852 -328,0,2850 -326,0,2847 -323,0,2844 -321,0,2841 -318,0,2838 -316,0,2835 -313,0,2832 -311,0,2829 -308,0,2826 -306,0,2823 -303,0,2820 -301,0,2817 -299,0,2814 -296,0,2811 -294,0,2808 -292,0,2804 -290,0,2801 -288,0,2798 -285,0,2795 -283,0,2792 -281,0,2788 -279,0,2785 -277,0,2782 -275,0,2778 -273,0,2775 -271,0,2772 -269,0,2768 -267,0,2765 -266,0,2762 -264,0,2758 -262,0,2755 -260,0,2751 -258,0,2748 -257,0,2744 -255,0,2741 -253,0,2737 -252,0,2734 -250,0,2730 -249,0,2727 -247,0,2723 -245,0,2720 -244,0,2716 -243,0,2713 -241,0,2709 -240,0,2705 -238,0,2702 -237,0,2698 -236,0,2694 -234,0,2691 -233,0,2687 -232,0,2683 -231,0,2680 -230,0,2676 -228,0,2672 -227,0,2669 -226,0,2665 -225,0,2661 -224,0,2658 -223,0,2654 -222,0,2650 -221,0,2646 -220,0,2643 -219,0,2639 -218,0,2635 -218,0,2631 -217,0,2627 -216,0,2624 -215,0,2620 -214,0,2616 -214,0,2612 -213,0,2608 -212,0,2605 -212,0,2601 -211,0,2597 -210,0,2593 -210,0,2589 -209,0,2585 -209,0,2582 -208,0,2578 -208,0,2574 -207,0,2570 -207,0,2566 -206,0,2562 -206,0,2559 -205,0,2555 -205,0,2551 -205,0,2547 -204,0,2543 -204,0,2539 -204,0,2535 -203,0,2532 -203,0,2528 -203,0,2524 -203,0,2520 -202,0,2516 -202,0,2512 -202,0,2508 -202,0,2505 -202,0,2501 -201,0,2497 -201,0,2493 -201,0,2489 -201,0,2485 -201,0,2481 -201,0,2477 -201,0,2474 -201,0,2470 -200,0,2466 -200,0,2462 -200,0,2458 -200,0,2454 -200,0,2450 -200,0,2446 -200,0,2443 -200,0,2439 -200,0,2435 -200,0,2431 -200,0,2427 -200,0,2423 -200,0,2419 -200,0,2415 -200,0,2412 -200,0,2408 -200,0,2404 -200,0,2400
mouvement 47084b07a52e936a1f5156ba93413d99 [bord gauche] -800,0,3200 -796,0,3200 -792,0,3200 -788,0,3200 -784,0,3200 -780,0,3200 -776,0,3200 -772,0,3200 -768,0,3200 -764,0,3200 -760,0,3200 -756,0,3200 -752,0,3200 -747,0,3200 -743,0,3200 -739,0,3200 -735,0,3200 -730,0,3200 -726,0,3199 -721,0,3199 -717,0,3199 -713,0,3199 -708,0,3199 -704,0,3199 -699,0,3199 -695,0,3198 -690,0,3198 -686,0,3198 -681,0,3198 -677,0,3198 -672,0,3197 -667,0,3197 -663,0,3197 -658,0,3196 -653,0,3196 -649,0,3196 -644,0,3195 -639,0,3195 -634,0,3194 -629,0,3194 -625,0,3193 -620,0,3193 -615,0,3192 -610,0,3192 -605,0,3191 -600,0,3191 -595,0,3190 -591,0,3189 -586,0,3189 -581,0,3188 -576,0,3187 -571,0,3186 -566,0,3185 -561,0,3185 -556,0,3184 -551,0,3183 -546,0,3182 -541,0,3181 -536,0,3180 -531,0,3179 -525,0,3178 -520,0,3176 -515,0,3175 -510,0,3174 -505,0,3173 -500,0,3172 -495,0,3170 -490,0,3169 -485,0,3167 -480,0,3166 -474,0,3164 -469,0,3163 -464,0,3161 -459,0,3160 -454,0,3158 -449,0,3156 -444,0,3155 -439,0,3153 -434,0,3151 -428,0,3149 -423,0,3147 -418,0,3145 -413,0,3143 -408,0,3141 -403,0,3139 -398,0,3137 -393,0,3135 -388,0,3132 -383,0,3130 -378,0,3128 -373,0,3125 -368,0,3123 -363,0,3121 -358,0,3118 -353,0,3116 -348,0,3113 -343,0,3110 -338,0,3108 -333,0,3105 -328,0,3102 -323,0,3099 -319,0,3096 -314,0,3093 -309,0,3090 -304,0,3087 -299,0,3084 -295,0,3081 -290,0,3078 -285,0,3075 -281,0,3072 -276,0,3068 -271,0,3065 -267,0,3062 -262,0,3058 -258,0,3055 -253,0,3051 -249,0,3048 -244,0,3044 -240,0,3041 -236,0,3037 -231,0,3033 -227,0,3030 -223,0,3026 -218,0,3022 -214,0,3018 -210,0,3014 -206,0,3010 -202,0,3006 -198,0,3002 -194,0,2998 -190,0,2994 -186,0,2990 -182,0,2986 -178,0,2982 -174,0,2977 -170,0,2973 -167,0,2969 -163,0,2964 -159,0,2960 -156,0,2956 -152,0,2951 -149,0,2947 -145,0,2942 -142,0,2938 -138,0,2933 -135,0,2929 -132,0,2924 -128,0,2919 -125,0,2915 -122,0,2910 -119,0,2905 -116,0,2901 -113,0,2896 -110,0,2891 -107,0,2886 -104,0,2881 -101,0,2877 -98,0,2872 -95,0,2867 -92,0,2862 -90,0,2857 -87,0,2852 -84,0,2847 -82,0,2842 -79,0,2837 -77,0,2832 -75,0,2827 -72,0,2822 -70,0,2817 -68,0,2812 -65,0,2807 -63,0,2802 -61,0,2797 -59,0,2792 -57,0,2787 -55,0,2782 -53,0,2777 -51,0,2772 -49,0,2766 -47,0,2761 -45,0,2756 -44,0,2751 -42,0,2746 -40,0,2741 -39,0,2736 -37,0,2731 -36,0,2726 -34,0,2720 -33,0,2715 -31,0,2710 -30,0,2705 -28,0,2700 -27,0,2695 -26,0,2690 -25,0,2685 -24,0,2680 -22,0,2675 -21,0,2669 -20,0,2664 -19,0,2659 -18,0,2654 -17,0,2649 -16,0,2644 -15,0,2639 -15,0,2634 -14,0,2629 -13,0,2624 -12,0,2619 -11,0,2614 -11,0,2609 -10,0,2605 -9,0,2600 -9,0,2595 -8,0,2590 -8,0,2585 -7,0,2580 -7,0,2575 -6,0,2571 -6,0,2566 -5,0,2561 -5,0,2556 -4,0,2551 -4,0,2547 -4,0,2542 -3,0,2537 -3,0,2533 -3,0,2528 -2,0,2523 -2,0,2519 -2,0,2514 -2,0,2510 -2,0,2505 -1,0,2501 -1,0,2496 -1,0,2492 -1,0,2487 -1,0,2483 -1,0,2479 -1,0,2474 0,0,2470 0,0,2465 0,0,2461 0,0,2457 0,0,2453 0,0,2448 0,0,2444 0,0,2440 0,0,2436 0,0,2432 0,0,2428 0,0,2424 0,0,2420 0,0,2416 0,0,2412 0,0,2408 0,0,2404 0,0,2400
mouvement 47084b07a52e936a1f5156ba93413d99 [bord droit] -800,0,2800 -796,0,2800 -792,0,2800 -789,0,2800 -785,0,2800 -781,0,2800 -777,0,2800 -774,0,2800 -770,0,2800 -766,0,2800 -763,0,2800 -759,0,2800 -756,0,2800 -752,0,2800 -748,0,2800 -745,0,2800 -742,0,2800 -738,0,2800 -735,0,2800 -731,0,2799 -728,0,2799 -725,0,2799 -721,0,2799 -718,0,2799 -715,0,2799 -712,0,2799 -708,0,2799 -705,0,2799 -702,0,2798 -699,0,2798 -696,0,2798 -693,0,2798 -690,0,2798 -687,0,2797 -684,0,2797 -681,0,2797 -678,0,2797 -675,0,2796 -672,0,2796 -669,0,2796 -666,0,2796 -663,0,2795 -660,0,2795 -657,0,2795 -654,0,2794 -652,0,2794 -649,0,2794 -646,0,2793 -643,0,2793 -641,0,2792 -638,0,2792 -635,0,2792 -633,0,2791 -630,0,2791 -627,0,2790 -625,0,2790 -622,0,2789 -620,0,2789 -617,0,2788 -615,0,2788 -612,0,2787 -610,0,2787 -607,0,2786 -605,0,2785 -602,0,2785 -600,0,2784 -598,0,2784 -595,0,2783 -593,0,2782 -590,0,2782 -588,0,2781 -586,0,2780 -584,0,2780 -581,0,2779 -579,0,2778 -577,0,2777 -575,0,2777 -572,0,2776 -570,0,2775 -568,0,2774 -566,0,2773 -564,0,2773 -562,0,2772 -560,0,2771 -557,0,2770 -555,0,2769 -553,0,2768 -551,0,2767 -549,0,2766 -547,0,2766 -545,0,2765 -543,0,2764 -541,0,2763 -539,0,2762 -537,0,2761 -536,0,2760 -534,0,2759 -532,0,2758 -530,0,2757 -528,0,2756 -526,0,2754 -524,0,2753 -523,0,2752 -521,0,2751 -519,0,2750 -517,0,2749 -516,0,2748 -514,0,2747 -512,0,2745 -510,0,2744 -509,0,2743 -507,0,2742 -505,0,2741 -504,0,2739 -502,0,2738 -500,0,2737 -499,0,2736 -497,0,2734 -496,0,2733 -494,0,2732 -493,0,2730 -491,0,2729 -490,0,2728 -488,0,2726 -487,0,2725 -485,0,2724 -484,0,2722 -482,0,2721 -481,0,2719 -479,0,2718 -478,0,2716 -476,0,2715 -475,0,2713 -474,0,2712 -472,0,2710 -471,0,2709 -470,0,2707 -468,0,2706 -467,0,2704 -466,0,2703 -464,0,2701 -463,0,2700 -462,0,2698 -461,0,2696 -459,0,2695 -458,0,2693 -457,0,2691 -456,0,2690 -455,0,2688 -453,0,2686 -452,0,2684 -451,0,2683 -450,0,2681 -449,0,2679 -448,0,2677 -447,0,2676 -446,0,2674 -444,0,2672 -443,0,2670 -442,0,2668 -441,0,2666 -440,0,2664 -439,0,2663 -438,0,2661 -437,0,2659 -436,0,2657 -435,0,2655 -434,0,2653 -434,0,2651 -433,0,2649 -432,0,2647 -431,0,2645 -430,0,2643 -429,0,2640 -428,0,2638 -427,0,2636 -427,0,2634 -426,0,2632 -425,0,2630 -424,0,2628 -423,0,2625 -423,0,2623 -422,0,2621 -421,0,2619 -420,0,2616 -420,0,2614 -419,0,2612 -418,0,2610 -418,0,2607 -417,0,2605 -416,0,2602 -416,0,2600 -415,0,2598 -415,0,2595 -414,0,2593 -413,0,2590 -413,0,2588 -412,0,2585 -412,0,2583 -411,0,2580 -411,0,2578 -410,0,2575 -410,0,2573 -409,0,2570 -409,0,2567 -408,0,2565 -408,0,2562 -408,0,2559 -407,0,2557 -407,0,2554 -406,0,2551 -406,0,2548 -406,0,2546 -405,0,2543 -405,0,2540 -405,0,2537 -404,0,2534 -404,0,2531 -404,0,2528 -404,0,2525 -403,0,2522 -403,0,2519 -403,0,2516 -403,0,2513 -402,0,2510 -402,0,2507 -402,0,2504 -402,0,2501 -402,0,2498 -401,0,2495 -401,0,2492 -401,0,2488 -401,0,2485 -401,0,2482 -401,0,2479 -401,0,2475 -401,0,2472 -401,0,2469 -400,0,2465 -400,0,2462 -400,0,2458 -400,0,2455 -400,0,2452 -400,0,2448 -400,0,2444 -400,0,2441 -400,0,2437 -400,0,2434 -400,0,2430 -400,0,2426 -400,0,2423 -400,0,2419 -400,0,2415 -400,0,2411 -400,0,2408 -400,0,2404 -400,0,2400
mouvement 4e569459af68de1863a4b3c92ad028b5 [centre] -800,0,3000 -794,0,3000 -787,0,3000 -781,0,3000 -775,0,3000 -769,0,3000 -762,0,3000 -756,0,3000 -750,0,3000 -744,0,3000 -737,0,3000 -731,0,3000 -725,0,3000 -719,0,3000 -712,0,3000 -706,0,3000 -700,0,3000 -694,0,3000 -687,0,3000 -681,0,3000 -675,0,3000 -669,0,3000 -662,0,3000 -656,0,3000 -650,0,3000 -644,0,3000 -637,0,3000 -631,0,3000 -625,0,3000 -619,0,3000 -612,0,3000 -606,0,3000 -600,0,3000 -594,0,3000 -587,0,3000 -581,0,3000 -575,0,3000 -569,0,3000 -562,0,3000 -556,0,3000 -550,0,3000 -544,0,3000 -537,0,3000 -531,0,3000 -525,0,3000 -519,0,3000 -512,0,3000 -506,0,3000 -500,0,3000 -494,0,3000 -487,0,3000 -481,0,3000 -475,0,3000 -469,0,3000 -462,0,3000 -456,0,3000 -450,0,3000 -444,0,3000 -437,0,3000 -431,0,3000 -425,0,3000 -419,0,3000 -412,0,3000 -406,0,3000 -400,0,3000 -394,0,3000 -387,0,3000 -381,0,3000 -375,0,3000 -369,0,3000 -362,0,3000 -356,0,3000 -350,0,3000 -344,0,3000 -337,0,3000 -331,0,3000 -325,0,3000 -319,0,3000 -312,0,3000 -306,0,3000 -300,0,3000 -294,0,3000 -287,0,3000 -281,0,3000 -275,0,3000 -269,0,3000 -262,0,3000 -256,0,3000 -250,0,3000 -244,0,3000 -237,0,3000 -231,0,3000 -225,0,3000 -219,0,3000 -212,0,3000 -206,0,3000 -200,0,3000 -194,0,3000 -187,0,3000 -181,0,3000 -175,0,3000 -169,0,3000 -162,0,3000 -156,0,3000 -150,0,3000 -144,0,3000 -137,0,3000 -131,0,3000 -125,0,3000 -119,0,3000 -112,0,3000 -106,0,3000 -100,0,3000 -94,0,3000 -87,0,3000 -81,0,3000 -75,0,3000 -69,0,3000 -62,0,3000 -56,0,3000 -50,0,3000 -44,0,3000 -37,0,3000 -31,0,3000 -25,0,3000 -19,0,3000 -12,0,3000 -6,0,3000 0,0,3000 6,0,3000 13,0,3000 19,0,3000 25,0,3000 31,0,3000 38,0,3000 44,0,3000 50,0,3000 56,0,3000 63,0,3000 69,0,3000 75,0,3000 81,0,3000 88,0,3000 94,0,3000 100,0,3000 106,0,3000 113,0,3000 119,0,3000 125,0,3000 131,0,3000 138,0,3000 144,0,3000 150,0,3000 156,0,3000 163,0,3000 169,0,3000 175,0,3000 181,0,3000 188,0,3000 194,0,3000 200,0,3000 206,0,3000 213,0,3000 219,0,3000 225,0,3000 231,0,3000 238,0,3000 244,0,3000 250,0,3000 256,0,3000 263,0,3000 269,0,3000 275,0,3000 281,0,3000 288,0,3000 294,0,3000 300,0,3000 306,0,3000 313,0,3000 319,0,3000 325,0,3000 331,0,3000 338,0,3000 344,0,3000 350,0,3000 356,0,3000 363,0,3000 369,0,3000 375,0,3000 381,0,3000 387,0,3000 394,0,3000 400,0,3000 406,0,3000 412,0,3000 419,0,3000 425,0,3000 431,0,3000 437,0,3000 444,0,3000 450,0,3000 456,0,3000 462,0,3000 469,0,3000 475,0,3000 481,0,3000 487,0,3000 494,0,3000 500,0,3000 506,0,3000 512,0,3000 519,0,3000 525,0,3000 531,0,3000 537,0,3000 544,0,3000 550,0,3000 556,0,3000 562,0,3000 569,0,3000 575,0,3000 581,0,3000 587,0,3000 594,0,3000 600,0,3000 606,0,3000 612,0,3000 619,0,3000 625,0,3000 631,0,3000 637,0,3000 644,0,3000 650,0,3000 656,0,3000 662,0,3000 669,0,3000 675,0,3000 681,0,3000 687,0,3000 694,0,3000 700,0,3000 706,0,3000 712,0,3000 719,0,3000 725,0,3000 731,0,3000 737,0,3000 744,0,3000 750,0,3000 756,0,3000 762,0,3000 769,0,3000 775,0,3000 781,0,3000 787,0,3000 794,0,3000 800,0,3000
mouvement 4e569459af68de1863a4b3c92ad028b5 [bord gauche] -800,0,3200 -794,0,3200 -787,0,3200 -781,0,3200 -775,0,3200 -769,0,3200 -762,0,3200 -756,0,3200 -750,0,3200 -744,0,3200 -737,0,3200 -731,0,3200 -725,0,3200 -719,0,3200 -712,0,3200 -706,0,3200 -700,0,3200 -694,0,3200 -687,0,3200 -681,0,3200 -675,0,3200 -669,0,3200 -662,0,3200 -656,0,3200 -650,0,3200 -644,0,3200 -637,0,3200 -631,0,3200 -625,0,3200 -619,0,3200 -612,0,3200 -606,0,3200 -600,0,3200 -594,0,3200 -587,0,3200 -581,0,3200 -575,0,3200 -569,0,3200 -562,0,3200 -556,0,3200 -550,0,3200 -544,0,3200 -537,0,3200 -531,0,3200 -525,0,3200 -519,0,3200 -512,0,3200 -506,0,3200 -500,0,3200 -494,0,3200 -487,0,3200 -481,0,3200 -475,0,3200 -469,0,3200 -462,0,3200 -456,0,3200 -450,0,3200 -444,0,3200 -437,0,3200 -431,0,3200 -425,0,3200 -419,0,3200 -412,0,3200 -406,0,3200 -400,0,3200 -394,0,3200 -387,0,3200 -381,0,3200 -375,0,3200 -369,0,3200 -362,0,3200 -356,0,3200 -350,0,3200 -344,0,3200 -337,0,3200 -331,0,3200 -325,0,3200 -319,0,3200 -312,0,3200 -306,0,3200 -300,0,3200 -294,0,3200 -287,0,3200 -281,0,3200 -275,0,3200 -269,0,3200 -262,0,3200 -256,0,3200 -250,0,3200 -244,0,3200 -237,0,3200 -231,0,3200 -225,0,3200 -219,0,3200 -212,0,3200 -206,0,3200 -200,0,3200 -194,0,3200 -187,0,3200 -181,0,3200 -175,0,3200 -169,0,3200 -162,0,3200 -156,0,3200 -150,0,3200 -144,0,3200 -137,0,3200 -131,0,3200 -125,0,3200 -119,0,3200 -112,0,3200 -106,0,3200 -100,0,3200 -94,0,3200 -87,0,3200 -81,0,3200 -75,0,3200 -69,0,3200 -62,0,3200 -56,0,3200 -50,0,3200 -44,0,3200 -37,0,3200 -31,0,3200 -25,0,3200 -19,0,3200 -12,0,3200 -6,0,3200 0,0,3200 6,0,3200 13,0,3200 19,0,3200 25,0,3200 31,0,3200 38,0,3200 44,0,3200 50,0,3200 56,0,3200 63,0,3200 69,0,3200 75,0,3200 81,0,3200 88,0,3200 94,0,3200 100,0,3200 106,0,3200 113,0,3200 119,0,3200 125,0,3200 131,0,3200 138,0,3200 144,0,3200 150,0,3200 156,0,3200 163,0,3200 169,0,3200 175,0,3200 181,0,3200 188,0,3200 194,0,3200 200,0,3200 206,0,3200 213,0,3200 219,0,3200 225,0,3200 231,0,3200 238,0,3200 244,0,3200 250,0,3200 256,0,3200 263,0,3200 269,0,3200 275,0,3200 281,0,3200 288,0,3200 294,0,3200 300,0,3200 306,0,3200 313,0,3200 319,0,3200 325,0,3200 331,0,3200 338,0,3200 344,0,3200 350,0,3200 356,0,3200 363,0,3200 369,0,3200 375,0,3200 381,0,3200 387,0,3200 394,0,3200 400,0,3200 406,0,3200 412,0,3200 419,0,3200 425,0,3200 431,0,3200 437,0,3200 444,0,3200 450,0,3200 456,0,3200 462,0,3200 469,0,3200 475,0,3200 481,0,3200 487,0,3200 494,0,3200 500,0,3200 506,0,3200 512,0,3200 519,0,3200 525,0,3200 531,0,3200 537,0,3200 544,0,3200 550,0,3200 556,0,3200 562,0,3200 569,0,3200 575,0,3200 581,0,3200 587,0,3200 594,0,3200 600,0,3200 606,0,3200 612,0,3200 619,0,3200 625,0,3200 631,0,3200 637,0,3200 644,0,3200 650,0,3200 656,0,3200 662,0,3200 669,0,3200 675,0,3200 681,0,3200 687,0,3200 694,0,3200 700,0,3200 706,0,3200 712,0,3200 719,0,3200 725,0,3200 731,0,3200 737,0,3200 744,0,3200 750,0,3200 756,0,3200 762,0,3200 769,0,3200 775,0,3200 781,0,3200 787,0,3200 794,0,3200 800,0,3200
mouvement 4e569459af68de1863a4b3c92ad028b5 [bord droit] -800,0,2800 -794,0,2800 -787,0,2800 -781,0,2800 -775,0,2800 -769,0,2800 -762,0,2800 -756,0,2800 -750,0,2800 -744,0,2800 -737,0,2800 -731,0,2800 -725,0,2800 -719,0,2800 -712,0,2800 -706,0,2800 -700,0,2800 -694,0,2800 -687,0,2800 -681,0,2800 -675,0,2800 -669,0,2800 -662,0,2800 -656,0,2800 -650,0,2800 -644,0,2800 -637,0,2800 -631,0,2800 -625,0,2800 -619,0,2800 -612,0,2800 -606,0,2800 -600,0,2800 -594,0,2800 -587,0,2800 -581,0,2800 -575,0,2800 -569,0,2800 -562,0,2800 -556,0,2800 -550,0,2800 -544,0,2800 -537,0,2800 -531,0,2800 -525,0,2800 -519,0,2800 -512,0,2800 -506,0,2800 -500,0,2800 -494,0,2800 -487,0,2800 -481,0,2800 -475,0,2800 -469,0,2800 -462,0,2800 -456,0,2800 -450,0,2800 -444,0,2800 -437,0,2800 -431,0,2800 -425,0,2800 -419,0,2800 -412,0,2800 -406,0,2800 -400,0,2800 -394,0,2800 -387,0,2800 -381,0,2800 -375,0,2800 -369,0,2800 -362,0,2800 -356,0,2800 -350,0,2800 -344,0,2800 -337,0,2800 -331,0,2800 -325,0,2800 -319,0,2800 -312,0,2800 -306,0,2800 -300,0,2800 -294,0,2800 -287,0,2800 -281,0,2800 -275,0,2800 -269,0,2800 -262,0,2800 -256,0,2800 -250,0,2800 -244,0,2800 -237,0,2800 -231,0,2800 -225,0,2800 -219,0,2800 -212,0,2800 -206,0,2800 -200,0,2800 -194,0,2800 -187,0,2800 -181,0,2800 -175,0,2800 -169,0,2800 -162,0,2800 -156,0,2800 -150,0,2800 -144,0,2800 -137,0,2800 -131,0,2800 -125,0,2800 -119,0,2800 -112,0,2800 -106,0,2800 -100,0,2800 -94,0,2800 -87,0,2800 -81,0,2800 -75,0,2800 -69,0,2800 -62,0,2800 -56,0,2800 -50,0,2800 -44,0,2800 -37,0,2800 -31,0,2800 -25,0,2800 -19,0,2800 -12,0,2800 -6,0,2800 0,0,2800 6,0,2800 13,0,2800 19,0,2800 25,0,2800 31,0,2800 38,0,2800 44,0,2800 50,0,2800 56,0,2800 63,0,2800 69,0,2800 75,0,2800 81,0,2800 88,0,2800 94,0,2800 100,0,2800 106,0,2800 113,0,2800 119,0,2800 125,0,2800 131,0,2800 138,0,2800 144,0,2800 150,0,2800 156,0,2800 163,0,2800 169,0,2800 175,0,2800 181,0,2800 188,0,2800 194,0,2800 200,0,2800 206,0,2800 213,0,2800 219,0,2800 225,0,2800 231,0,2800 238,0,2800 244,0,2800 250,0,2800 256,0,2800 263,0,2800 269,0,2800 275,0,2800 281,0,2800 288,0,2800 294,0,2800 300,0,2800 306,0,2800 313,0,2800 319,0,2800 325,0,2800 331,0,2800 338,0,2800 344,0,2800 350,0,2800 356,0,2800 363,0,2800 369,0,2800 375,0,2800 381,0,2800 387,0,2800 394,0,2800 400,0,2800 406,0,2800 412,0,2800 419,0,2800 425,0,2800 431,0,2800 437,0,2800 444,0,2800 450,0,2800 456,0,2800 462,0,2800 469,0,2800 475,0,2800 481,0,2800 487,0,2800 494,0,2800 500,0,2800 506,0,2800 512,0,2800 519,0,2800 525,0,2800 531,0,2800 537,0,2800 544,0,2800 550,0,2800 556,0,2800 562,0,2800 569,0,2800 575,0,2800 581,0,2800 587,0,2800 594,0,2800 600,0,2800 606,0,2800 612,0,2800 619,0,2800 625,0,2800 631,0,2800 637,0,2800 644,0,2800 650,0,2800 656,0,2800 662,0,2800 669,0,2800 675,0,2800 681,0,2800 687,0,2800 694,0,2800 700,0,2800 706,0,2800 712,0,2800 719,0,2800 725,0,2800 731,0,2800 737,0,2800 744,0,2800 750,0,2800 756,0,2800 762,0,2800 769,0,2800 775,0,2800 781,0,2800 787,0,2800 794,0,2800 800,0,2800
mouvement 4d5388e3c39d025ecfc72f8aa302c389 [centre] 200,0,2400 200,0,2404 200,0,2408 200,0,2412 200,0,2415 200,0,2419 200,0,2423 200,0,2427 200,0,2431 200,0,2435 200,0,2439 200,0,2443 200,0,2446 200,0,2450 200,0,2454 200,0,2458 200,0,2462 200,0,2466 201,0,2470 201,0,2474 201,0,2477 201,0,2481 201,0,2485 201,0,2489 201,0,2493 201,0,2497 202,0,2501 202,0,2505 202,0,2508 202,0,2512 202,0,2516 203,0,2520 203,0,2524 203,0,2528 203,0,2532 204,0,2535 204,0,2539 204,0,2543 205,0,2547 205,0,2551 205,0,2555 206,0,2559 206,0,2562 207,0,2566 207,0,2570 208,0,2574 208,0,2578 209,0,2582 209,0,2585 210,0,2589 210,0,2593 211,0,2597 212,0,2601 212,0,2605 213,0,2608 214,0,2612 214,0,2616 215,0,2620 216,0,2624 217,0,2627 218,0,2631 218,0,2635 219,0,2639 220,0,2643 221,0,2646 222,0,2650 223,0,2654 224,0,2658 225,0,2661 226,0,2665 227,0,2669 228,0,2672 230,0,2676 231,0,2680 232,0,2683 233,0,2687 234,0,2691 236,0,2694 237,0,2698 238,0,2702 240,0,2705 241,0,2709 243,0,2713 244,0,2716 245,0,2720 247,0,2723 249,0,2727 250,0,2730 252,0,2734 253,0,2737 255,0,2741 257,0,2744 258,0,2748 260,0,2751 262,0,2755 264,0,2758 266,0,2762 267,0,2765 269,0,2768 271,0,2772 273,0,2775 275,0,2778 277,0,2782 279,0,2785 281,0,2788 283,0,2792 285,0,2795 288,0,2798 290,0,2801 292,0,2804 294,0,2808 296,0,2811 299,0,2814 301,0,2817 303,0,2820 306,0,2823 308,0,2826 311,0,2829 313,0,2832 316,0,2835 318,0,2838 321,0,2841 323,0,2844 326,0,2847 328,0,2850 331,0,2852 334,0,2855 337,0,2858 339,0,2861 342,0,2863 345,0,2866 348,0,2869 350,0,2872 353,0,2874 356,0,2877 359,0,2879 362,0,2882 365,0,2884 368,0,2887 371,0,2889 374,0,2892 377,0,2894 380,0,2897 383,0,2899 386,0,2901 389,0,2904 392,0,2906 396,0,2908 399,0,2910 402,0,2912 405,0,2915 408,0,2917 412,0,2919 415,0,2921 418,0,2923 422,0,2925 425,0,2927 428,0,2929 432,0,2931 435,0,2933 438,0,2934 442,0,2936 445,0,2938 449,0,2940 452,0,2942 456,0,2943 459,0,2945 463,0,2947 466,0,2948 470,0,2950 473,0,2951 477,0,2953 480,0,2955 484,0,2956 487,0,2957 491,0,2959 495,0,2960 498,0,2962 502,0,2963 506,0,2964 509,0,2966 513,0,2967 517,0,2968 520,0,2969 524,0,2970 528,0,2972 531,0,2973 535,0,2974 539,0,2975 542,0,2976 546,0,2977 550,0,2978 554,0,2979 557,0,2980 561,0,2981 565,0,2982 569,0,2982 573,0,2983 576,0,2984 580,0,2985 584,0,2986 588,0,2986 592,0,2987 595,0,2988 599,0,2988 603,0,2989 607,0,2990 611,0,2990 615,0,2991 618,0,2991 622,0,2992 626,0,2992 630,0,2993 634,0,2993 638,0,2994 641,0,2994 645,0,2995 649,0,2995 653,0,2995 657,0,2996 661,0,2996 665,0,2996 668,0,2997 672,0,2997 676,0,2997 680,0,2997 684,0,2998 688,0,2998 692,0,2998 695,0,2998 699,0,2998 703,0,2999 707,0,2999 711,0,2999 715,0,2999 719,0,2999 723,0,2999 726,0,2999 730,0,2999 734,0,3000 738,0,3000 742,0,3000 746,0,3000 750,0,3000 754,0,3000 757,0,3000 761,0,3000 765,0,3000 769,0,3000 773,0,3000 777,0,3000 781,0,3000 785,0,3000 788,0,3000 792,0,3000 796,0,3000 800,0,3000
mouvement 4d5388e3c39d025ecfc72f8aa302c389 [bord gauche] 0,0,2400 0,0,2404 0,0,2408 0,0,2412 0,0,2416 0,0,2420 0,0,2424 0,0,2428 0,0,2432 0,0,2436 0,0,2440 0,0,2444 0,0,2448 0,0,2453 0,0,2457 0,0,2461 0,0,2465 0,0,2470 1,0,2474 1,0,2479 1,0,2483 1,0,2487 1,0,2492 1,0,2496 1,0,2501 2,0,2505 2,0,2510 2,0,2514 2,0,2519 2,0,2523 3,0,2528 3,0,2533 3,0,2537 4,0,2542 4,0,2547 4,0,2551 5,0,2556 5,0,2561 6,0,2566 6,0,2571 7,0,2575 7,0,2580 8,0,2585 8,0,2590 9,0,2595 9,0,2600 10,0,2605 11,0,2609 11,0,2614 12,0,2619 13,0,2624 14,0,2629 15,0,2634 15,0,2639 16,0,2644 17,0,2649 18,0,2654 19,0,2659 20,0,2664 21,0,2669 22,0,2675 24,0,2680 25,0,2685 26,0,2690 27,0,2695 28,0,2700 30,0,2705 31,0,2710 33,0,2715 34,0,2720 36,0,2726 37,0,2731 39,0,2736 40,0,2741 42,0,2746 44,0,2751 45,0,2756 47,0,2761 49,0,2766 51,0,2772 53,0,2777 55,0,2782 57,0,2787 59,0,2792 61,0,2797 63,0,2802 65,0,2807 68,0,2812 70,0,2817 72,0,2822 75,0,2827 77,0,2832 79,0,2837 82,0,2842 84,0,2847 87,0,2852 90,0,2857 92,0,2862 95,0,2867 98,0,2872 101,0,2877 104,0,2881 107,0,2886 110,0,2891 113,0,2896 116,0,2901 119,0,2905 122,0,2910 125,0,2915 128,0,2919 132,0,2924 135,0,2929 138,0,2933 142,0,2938 145,0,2942 149,0,2947 152,0,2951 156,0,2956 159,0,2960 163,0,2964 167,0,2969 170,0,2973 174,0,2977 178,0,2982 182,0,2986 186,0,2990 190,0,2994 194,0,2998 198,0,3002 202,0,3006 206,0,3010 210,0,3014 214,0,3018 218,0,3022 223,0,3026 227,0,3030 231,0,3033 236,0,3037 240,0,3041 244,0,3044 249,0,3048 253,0,3051 258,0,3055 262,0,3058 267,0,3062 271,0,3065 276,0,3068 281,0,3072 285,0,3075 290,0,3078 295,0,3081 299,0,3084 304,0,3087 309,0,3090 314,0,3093 319,0,3096 323,0,3099 328,0,3102 333,0,3105 338,0,3108 343,0,3110 348,0,3113 353,0,3116 358,0,3118 363,0,3121 368,0,3123 373,0,3125 378,0,3128 383,0,3130 388,0,3132 393,0,3135 398,0,3137 403,0,3139 408,0,3141 413,0,3143 418,0,3145 423,0,3147 428,0,3149 434,0,3151 439,0,3153 444,0,3155 449,0,3156 454,0,3158 459,0,3160 464,0,3161 469,0,3163 474,0,3164 480,0,3166 485,0,3167 490,0,3169 495,0,3170 500,0,3172 505,0,3173 510,0,3174 515,0,3175 520,0,3176 525,0,3178 531,0,3179 536,0,3180 541,0,3181 546,0,3182 551,0,3183 556,0,3184 561,0,3185 566,0,3185 571,0,3186 576,0,3187 581,0,3188 586,0,3189 591,0,3189 595,0,3190 600,0,3191 605,0,3191 610,0,3192 615,0,3192 620,0,3193 625,0,3193 629,0,3194 634,0,3194 639,0,3195 644,0,3195 649,0,3196 653,0,3196 658,0,3196 663,0,3197 667,0,3197 672,0,3197 677,0,3198 681,0,3198 686,0,3198 690,0,3198 695,0,3198 699,0,3199 704,0,3199 708,0,3199 713,0,3199 717,0,3199 721,0,3199 726,0,3199 730,0,3200 735,0,3200 739,0,3200 743,0,3200 747,0,3200 752,0,3200 756,0,3200 760,0,3200 764,0,3200 768,0,3200 772,0,3200 776,0,3200 780,0,3200 784,0,3200 788,0,3200 792,0,3200 796,0,3200 800,0,3200
mouvement 4d5388e3c39d025ecfc72f8aa302c389 [bord droit] 400,0,2400 400,0,2404 400,0,2408 400,0,2411 400,0,2415 400,0,2419 400,0,2423 400,0,2426 400,0,2430 400,0,2434 400,0,2437 400,0,2441 400,0,2444 400,0,2448 400,0,2452 400,0,2455 400,0,2458 400,0,2462 400,0,2465 401,0,2469 401,0,2472 401,0,2475 401,0,2479 401,0,2482 401,0,2485 401,0,2488 401,0,2492 401,0,2495 402,0,2498 402,0,2501 402,0,2504 402,0,2507 402,0,2510 403,0,2513 403,0,2516 403,0,2519 403,0,2522 404,0,2525 404,0,2528 404,0,2531 404,0,2534 405,0,2537 405,0,2540 405,0,2543 406,0,2546 406,0,2548 406,0,2551 407,0,2554 407,0,2557 408,0,2559 408,0,2562 408,0,2565 409,0,2567 409,0,2570 410,0,2573 410,0,2575 411,0,2578 411,0,2580 412,0,2583 412,0,2585 413,0,2588 413,0,2590 414,0,2593 415,0,2595 415,0,2598 416,0,2600 416,0,2602 417,0,2605 418,0,2607 418,0,2610 419,0,2612 420,0,2614 420,0,2616 421,0,2619 422,0,2621 423,0,2623 423,0,2625 424,0,2628 425,0,2630 426,0,2632 427,0,2634 427,0,2636 428,0,2638 429,0,2640 430,0,2643 431,0,2645 432,0,2647 433,0,2649 434,0,2651 434,0,2653 435,0,2655 436,0,2657 437,0,2659 438,0,2661 439,0,2663 440,0,2664 441,0,2666 442,0,2668 443,0,2670 444,0,2672 446,0,2674 447,0,2676 448,0,2677 449,0,2679 450,0,2681 451,0,2683 452,0,2684 453,0,2686 455,0,2688 456,0,2690 457,0,2691 458,0,2693 459,0,2695 461,0,2696 462,0,2698 463,0,2700 464,0,2701 466,0,2703 467,0,2704 468,0,2706 470,0,2707 471,0,2709 472,0,2710 474,0,2712 475,0,2713 476,0,2715 478,0,2716 479,0,2718 481,0,2719 482,0,2721 484,0,2722 485,0,2724 487,0,2725 488,0,2726 490,0,2728 491,0,2729 493,0,2730 494,0,2732 496,0,2733 497,0,2734 499,0,2736 500,0,2737 502,0,2738 504,0,2739 505,0,2741 507,0,2742 509,0,2743 510,0,2744 512,0,2745 514,0,2747 516,0,2748 517,0,2749 519,0,2750 521,0,2751 523,0,2752 524,0,2753 526,0,2754 528,0,2756 530,0,2757 532,0,2758 534,0,2759 536,0,2760 537,0,2761 539,0,2762 541,0,2763 543,0,2764 545,0,2765 547,0,2766 549,0,2766 551,0,2767 553,0,2768 555,0,2769 557,0,2770 560,0,2771 562,0,2772 564,0,2773 566,0,2773 568,0,2774 570,0,2775 572,0,2776 575,0,2777 577,0,2777 579,0,2778 581,0,2779 584,0,2780 586,0,2780 588,0,2781 590,0,2782 593,0,2782 595,0,2783 598,0,2784 600,0,2784 602,0,2785 605,0,2785 607,0,2786 610,0,2787 612,0,2787 615,0,2788 617,0,2788 620,0,2789 622,0,2789 625,0,2790 627,0,2790 630,0,2791 633,0,2791 635,0,2792 638,0,2792 641,0,2792 643,0,2793 646,0,2793 649,0,2794 652,0,2794 654,0,2794 657,0,2795 660,0,2795 663,0,2795 666,0,2796 669,0,2796 672,0,2796 675,0,2796 678,0,2797 681,0,2797 684,0,2797 687,0,2797 690,0,2798 693,0,2798 696,0,2798 699,0,2798 702,0,2798 705,0,2799 708,0,2799 712,0,2799 715,0,2799 718,0,2799 721,0,2799 725,0,2799 728,0,2799 731,0,2799 735,0,2800 738,0,2800 742,0,2800 745,0,2800 748,0,2800 752,0,2800 756,0,2800 759,0,2800 763,0,2800 766,0,2800 770,0,2800 774,0,2800 777,0,2800 781,0,2800 785,0,2800 789,0,2800 792,0,2800 796,0,2800 800,0,2800
mouvement 4e1888b8ecc1130b32caf9de2ec5fabf [centre] 200,0,2400 200,0,2406 200,0,2413 200,0,2419 200,0,2426 200,0,2432 200,0,2439 200,0,2445 200,0,2452 200,0,2458 200,0,2465 200,0,2471 200,0,2477 200,0,2484 200,0,2490 199,0,2497 199,0,2503 199,0,2510 199,0,2516 199,0,2523 199,0,2529 199,0,2536 198,0,2542 198,0,2548 198,0,2555 198,0,2561 197,0,2568 197,0,2574 197,0,2581 196,0,2587 196,0,2594 196,0,2600 195,0,2606 195,0,2613 194,0,2619 194,0,2626 193,0,2632 193,0,2639 192,0,2645 192,0,2651 191,0,2658 190,0,2664 189,0,2671 189,0,2677 188,0,2684 187,0,2690 186,0,2696 185,0,2703 185,0,2709 184,0,2716 183,0,2722 182,0,2728 180,0,2735 179,0,2741 178,0,2747 177,0,2754 176,0,2760 175,0,2766 173,0,2773 172,0,2779 171,0,2785 169,0,2792 168,0,2798 166,0,2804 165,0,2810 163,0,2817 161,0,2823 160,0,2829 158,0,2835 156,0,2842 154,0,2848 153,0,2854 151,0,2860 149,0,2866 147,0,2872 145,0,2879 143,0,2885 141,0,2891 138,0,2897 136,0,2903 134,0,2909 131,0,2915 129,0,2921 127,0,2927 124,0,2933 122,0,2939 119,0,2945 117,0,2951 114,0,2957 111,0,2962 108,0,2968 106,0,2974 103,0,2980 100,0,2986 97,0,2991 94,0,2997 91,0,3003 88,0,3008 85,0,3014 81,0,3020 78,0,3025 75,0,3031 71,0,3036 68,0,3042 65,0,3047 61,0,3053 58,0,3058 54,0,3063 50,0,3069 47,0,3074 43,0,3079 39,0,3085 35,0,3090 31,0,3095 28,0,3100 24,0,3105 20,0,3110 16,0,3115 11,0,3120 7,0,3125 3,0,3130 -1,0,3135 -5,0,3140 -10,0,3145 -14,0,3149 -19,0,3154 -23,0,3159 -28,0,3163 -32,0,3168 -37,0,3172 -41,0,3177 -46,0,3181 -51,0,3186 -55,0,3190 -60,0,3195 -65,0,3199 -70,0,3203 -75,0,3207 -80,0,3211 -85,0,3216 -90,0,3220 -95,0,3224 -100,0,3228 -105,0,3231 -110,0,3235 -115,0,3239 -121,0,3243 -126,0,3247 -131,0,3250 -137,0,3254 -142,0,3258 -147,0,3261 -153,0,3265 -158,0,3268 -164,0,3271 -169,0,3275 -175,0,3278 -180,0,3281 -186,0,3285 -192,0,3288 -197,0,3291 -203,0,3294 -209,0,3297 -214,0,3300 -220,0,3303 -226,0,3306 -232,0,3308 -238,0,3311 -243,0,3314 -249,0,3317 -255,0,3319 -261,0,3322 -267,0,3324 -273,0,3327 -279,0,3329 -285,0,3331 -291,0,3334 -297,0,3336 -303,0,3338 -309,0,3341 -315,0,3343 -321,0,3345 -328,0,3347 -334,0,3349 -340,0,3351 -346,0,3353 -352,0,3354 -358,0,3356 -365,0,3358 -371,0,3360 -377,0,3361 -383,0,3363 -390,0,3365 -396,0,3366 -402,0,3368 -408,0,3369 -415,0,3371 -421,0,3372 -427,0,3373 -434,0,3375 -440,0,3376 -446,0,3377 -453,0,3378 -459,0,3379 -465,0,3380 -472,0,3382 -478,0,3383 -484,0,3384 -491,0,3385 -497,0,3385 -504,0,3386 -510,0,3387 -516,0,3388 -523,0,3389 -529,0,3389 -536,0,3390 -542,0,3391 -549,0,3392 -555,0,3392 -561,0,3393 -568,0,3393 -574,0,3394 -581,0,3394 -587,0,3395 -594,0,3395 -600,0,3396 -606,0,3396 -613,0,3396 -619,0,3397 -626,0,3397 -632,0,3397 -639,0,3398 -645,0,3398 -652,0,3398 -658,0,3398 -664,0,3399 -671,0,3399 -677,0,3399 -684,0,3399 -690,0,3399 -697,0,3399 -703,0,3399 -710,0,3400 -716,0,3400 -723,0,3400 -729,0,3400 -735,0,3400 -742,0,3400 -748,0,3400 -755,0,3400 -761,0,3400 -768,0,3400 -774,0,3400 -781,0,3400 -787,0,3400 -794,0,3400 -800,0,3400
mouvement 4e1888b8ecc1130b32caf9de2ec5fabf [bord gauche] 0,0,2400 0,0,2406 0,0,2413 0,0,2419 0,0,2426 0,0,2432 0,0,2438 0,0,2444 0,0,2451 0,0,2457 0,0,2463 0,0,2469 0,0,2475 0,0,2482 0,0,2488 0,0,2494 -1,0,2500 -1,0,2506 -1,0,2512 -1,0,2518 -1,0,2524 -1,0,2530 -1,0,2535 -2,0,2541 -2,0,2547 -2,0,2553 -2,0,2559 -3,0,2565 -3,0,2570 -3,0,2576 -4,0,2582 -4,0,2587 -4,0,2593 -5,0,2599 -5,0,2604 -6,0,2610 -6,0,2615 -6,0,2621 -7,0,2626 -8,0,2632 -8,0,2637 -9,0,2643 -9,0,2648 -10,0,2654 -11,0,2659 -11,0,2664 -12,0,2670 -13,0,2675 -13,0,2680 -14,0,2686 -15,0,2691 -16,0,2696 -17,0,2701 -18,0,2706 -19,0,2712 -19,0,2717 -20,0,2722 -21,0,2727 -22,0,2732 -24,0,2737 -25,0,2742 -26,0,2747 -27,0,2752 -28,0,2757 -29,0,2762 -31,0,2767 -32,0,2772 -33,0,2777 -35,0,2781 -36,0,2786 -37,0,2791 -39,0,2796 -40,0,2801 -42,0,2805 -43,0,2810 -45,0,2815 -46,0,2819 -48,0,2824 -50,0,2829 -51,0,2833 -53,0,2838 -55,0,2842 -57,0,2847 -58,0,2851 -60,0,2856 -62,0,2860 -64,0,2865 -66,0,2869 -68,0,2873 -70,0,2878 -72,0,2882 -74,0,2886 -76,0,2891 -78,0,2895 -81,0,2899 -83,0,2903 -85,0,2907 -87,0,2912 -90,0,2916 -92,0,2920 -94,0,2924 -97,0,2928 -99,0,2932 -102,0,2936 -104,0,2940 -107,0,2944 -109,0,2948 -112,0,2952 -114,0,2955 -117,0,2959 -120,0,2963 -122,0,2967 -125,0,2971 -128,0,2974 -131,0,2978 -134,0,2982 -137,0,2985 -139,0,2989 -142,0,2992 -145,0,2996 -148,0,2999 -151,0,3003 -154,0,3006 -158,0,3010 -161,0,3013 -164,0,3017 -167,0,3020 -170,0,3023 -173,0,3027 -177,0,3030 -180,0,3033 -183,0,3036 -187,0,3039 -190,0,3042 -194,0,3046 -197,0,3049 -201,0,3052 -204,0,3055 -208,0,3058 -211,0,3061 -215,0,3063 -218,0,3066 -222,0,3069 -226,0,3072 -229,0,3075 -233,0,3078 -237,0,3080 -241,0,3083 -245,0,3086 -248,0,3088 -252,0,3091 -256,0,3093 -260,0,3096 -264,0,3098 -268,0,3101 -272,0,3103 -276,0,3106 -280,0,3108 -284,0,3110 -288,0,3113 -293,0,3115 -297,0,3117 -301,0,3119 -305,0,3122 -309,0,3124 -314,0,3126 -318,0,3128 -322,0,3130 -327,0,3132 -331,0,3134 -335,0,3136 -340,0,3138 -344,0,3140 -349,0,3142 -353,0,3143 -358,0,3145 -362,0,3147 -367,0,3149 -371,0,3150 -376,0,3152 -381,0,3154 -385,0,3155 -390,0,3157 -395,0,3158 -399,0,3160 -404,0,3161 -409,0,3163 -414,0,3164 -419,0,3165 -423,0,3167 -428,0,3168 -433,0,3169 -438,0,3171 -443,0,3172 -448,0,3173 -453,0,3174 -458,0,3175 -463,0,3176 -468,0,3178 -473,0,3179 -478,0,3180 -483,0,3181 -488,0,3181 -494,0,3182 -499,0,3183 -504,0,3184 -509,0,3185 -514,0,3186 -520,0,3187 -525,0,3187 -530,0,3188 -536,0,3189 -541,0,3189 -546,0,3190 -552,0,3191 -557,0,3191 -563,0,3192 -568,0,3192 -574,0,3193 -579,0,3194 -585,0,3194 -590,0,3194 -596,0,3195 -601,0,3195 -607,0,3196 -613,0,3196 -618,0,3196 -624,0,3197 -630,0,3197 -635,0,3197 -641,0,3198 -647,0,3198 -653,0,3198 -659,0,3198 -665,0,3199 -670,0,3199 -676,0,3199 -682,0,3199 -688,0,3199 -694,0,3199 -700,0,3199 -706,0,3200 -712,0,3200 -718,0,3200 -725,0,3200 -731,0,3200 -737,0,3200 -743,0,3200 -749,0,3200 -756,0,3200 -762,0,3200 -768,0,3200 -774,0,3200 -781,0,3200 -787,0,3200 -794,0,3200 -800,0,3200
mouvement 4e1888b8ecc1130b32caf9de2ec5fabf [bord droit] 400,0,2400 400,0,2406 400,0,2413 400,0,2419 400,0,2426 400,0,2433 400,0,2439 400,0,2446 400,0,2453 400,0,2459 400,0,2466 400,0,2473 400,0,2479 400,0,2486 400,0,2493 399,0,2500 399,0,2507 399,0,2514 399,0,2521 399,0,2528 399,0,2535 399,0,2542 398,0,2549 398,0,2556 398,0,2563 398,0,2570 397,0,2577 397,0,2584 397,0,2591 396,0,2598 396,0,2606 395,0,2613 395,0,2620 394,0,2627 394,0,2634 393,0,2642 393,0,2649 392,0,2656 391,0,2664 391,0,2671 390,0,2678 389,0,2686 388,0,2693 387,0,2701 386,0,2708 386,0,2716 385,0,2723 383,0,2731 382,0,2738 381,0,2746 380,0,2753 379,0,2761 378,0,2768 376,0,2776 375,0,2783 374,0,2791 372,0,2798 371,0,2806 369,0,2814 368,0,2821 366,0,2829 364,0,2836 362,0,2844 361,0,2851 359,0,2859 357,0,2867 355,0,2874 353,0,2882 351,0,2889 348,0,2897 346,0,2905 344,0,2912 342,0,2920 339,0,2927 337,0,2935 334,0,2943 332,0,2950 329,0,2958 326,0,2965 324,0,2973 321,0,2980 318,0,2988 315,0,2995 312,0,3003 309,0,3010 306,0,3018 302,0,3025 299,0,3032 296,0,3040 292,0,3047 289,0,3055 285,0,3062 282,0,3069 278,0,3076 274,0,3084 270,0,3091 267,0,3098 263,0,3105 259,0,3112 255,0,3120 250,0,3127 246,0,3134 242,0,3141 238,0,3148 233,0,3155 229,0,3162 224,0,3169 220,0,3175 215,0,3182 210,0,3189 206,0,3196 201,0,3202 196,0,3209 191,0,3216 186,0,3222 181,0,3229 176,0,3235 170,0,3242 165,0,3248 160,0,3254 155,0,3261 149,0,3267 144,0,3273 138,0,3279 132,0,3285 127,0,3292 121,0,3298 115,0,3303 109,0,3309 103,0,3315 98,0,3321 92,0,3327 85,0,3332 79,0,3338 73,0,3344 67,0,3349 61,0,3355 54,0,3360 48,0,3365 42,0,3370 35,0,3376 29,0,3381 22,0,3386 16,0,3391 9,0,3396 2,0,3401 -4,0,3406 -11,0,3410 -18,0,3415 -25,0,3420 -31,0,3424 -38,0,3429 -45,0,3433 -52,0,3438 -59,0,3442 -66,0,3446 -73,0,3450 -80,0,3455 -88,0,3459 -95,0,3463 -102,0,3467 -109,0,3470 -116,0,3474 -124,0,3478 -131,0,3482 -138,0,3485 -145,0,3489 -153,0,3492 -160,0,3496 -168,0,3499 -175,0,3502 -182,0,3506 -190,0,3509 -197,0,3512 -205,0,3515 -212,0,3518 -220,0,3521 -227,0,3524 -235,0,3526 -242,0,3529 -250,0,3532 -257,0,3534 -265,0,3537 -273,0,3539 -280,0,3542 -288,0,3544 -295,0,3546 -303,0,3548 -311,0,3551 -318,0,3553 -326,0,3555 -333,0,3557 -341,0,3559 -349,0,3561 -356,0,3562 -364,0,3564 -371,0,3566 -379,0,3568 -386,0,3569 -394,0,3571 -402,0,3572 -409,0,3574 -417,0,3575 -424,0,3576 -432,0,3578 -439,0,3579 -447,0,3580 -454,0,3581 -462,0,3582 -469,0,3583 -477,0,3585 -484,0,3586 -492,0,3586 -499,0,3587 -507,0,3588 -514,0,3589 -522,0,3590 -529,0,3591 -536,0,3591 -544,0,3592 -551,0,3593 -558,0,3593 -566,0,3594 -573,0,3594 -580,0,3595 -587,0,3595 -594,0,3596 -602,0,3596 -609,0,3597 -616,0,3597 -623,0,3597 -630,0,3598 -637,0,3598 -644,0,3598 -651,0,3598 -658,0,3599 -665,0,3599 -672,0,3599 -679,0,3599 -686,0,3599 -693,0,3599 -700,0,3599 -707,0,3600 -714,0,3600 -721,0,3600 -727,0,3600 -734,0,3600 -741,0,3600 -747,0,3600 -754,0,3600 -761,0,3600 -767,0,3600 -774,0,3600 -781,0,3600 -787,0,3600 -794,0,3600 -800,0,3600
zone 40bd2f68ba2bc3ff9535b711aea9998f [4af05b75ff8158625ee1066bba223782 x 4e569459af68de1863a4b3c92ad028b5] 0,0,3200 ; 1392,245,445
zone 436441bec58608acbc6fb187181a6bbe [47084b07a52e936a1f5156ba93413d99 x 4d5388e3c39d025ecfc72f8aa302c389] 0,0,2440 ; 529,245,632
zone 437c2f58c60a75b9a723a64035b160b2 [47084b07a52e936a1f5156ba93413d99 x 4af05b75ff8158625ee1066bba223782] -760,0,3158 ; 632,245,487
zone 43c7c6dff15ddd8ea442f3b4cb85a884 [47084b07a52e936a1f5156ba93413d99 x 4e1888b8ecc1130b32caf9de2ec5fabf] -473,0,2726 ; 919,245,919
zone 4782b2025438431bd3b4c6d8fedfe99b [46b3a813f373f17148f435776c7e69bc x 4e1888b8ecc1130b32caf9de2ec5fabf] 0,0,2681 ; 673,245,873
zone 47d2bcbf20f128f9b2cf7d5f8dee60b9 [46b3a813f373f17148f435776c7e69bc x 4e569459af68de1863a4b3c92ad028b5] 280,0,2987 ; 1113,245,658
zone 4875672f99ccdb811ea74f51b86d298f [4af05b75ff8158625ee1066bba223782 x 4e1888b8ecc1130b32caf9de2ec5fabf] -392,0,3172 ; 1000,245,474
zone 49e18ec3cedc8169b621139413c88eab [46b3a813f373f17148f435776c7e69bc x 4d5388e3c39d025ecfc72f8aa302c389] 473,0,2726 ; 919,245,919
zone 4a85cf73649c4ac79f7a21112c98daa3 [4af05b75ff8158625ee1066bba223782 x 4d5388e3c39d025ecfc72f8aa302c389] 760,0,3158 ; 632,245,487
zone 4b91ce1faf5f47a051923e55db19d084 [46b3a813f373f17148f435776c7e69bc x 47084b07a52e936a1f5156ba93413d99] -282,0,2611 ; 554,245,804
zone 4e90907066432b37ea55bf8b6c7967b3 [4d5388e3c39d025ecfc72f8aa302c389 x 4e569459af68de1863a4b3c92ad028b5] 502,0,2782 ; 891,245,463
zone 4e982b0fa19ae9f5ee3c0bc424e8ac91 [4e1888b8ecc1130b32caf9de2ec5fabf x 4e569459af68de1863a4b3c92ad028b5] -280,0,2987 ; 1113,245,658
controle 494595a32d7821f3022e012e6e6b6a94 [Uncontrolled, approche 47de8d1a8e71016a20b301b8a86852a5, 2 mouvements] -800,0,3000
controle 4c44e8caec8bc2c8291581b575127a8d [Uncontrolled, approche 4d56a92042f124db7947938fefa7c7a7, 2 mouvements] 200,0,2400
controle 4f0d2476b2d1a607c40bf041509af48e [Uncontrolled, approche 4bc86d56e68c64ed3454e51566dd43bc, 2 mouvements] 800,0,3400

instance GlobalObjectId_V1-2-ee081d5cbff641bb9dd499b4f13a8d62-3237468531753948436-2089303282 Intersection_Center_Crossroads (Crossroads)
frontiere 490b6106a4522c5dfec0040c66cd82b9 [Crossroads] 0,0,0 ; 1000,200,1000
mouvement 4bcc0e116de75d2480ac6c52948e3996 [centre] -200,0,800 -200,0,796 -200,0,792 -200,0,788 -200,0,785 -200,0,781 -200,0,777 -200,0,773 -200,0,769 -200,0,765 -200,0,761 -200,0,757 -200,0,754 -200,0,750 -200,0,746 -200,0,742 -200,0,738 -200,0,734 -201,0,730 -201,0,726 -201,0,723 -201,0,719 -201,0,715 -201,0,711 -201,0,707 -201,0,703 -202,0,699 -202,0,695 -202,0,692 -202,0,688 -202,0,684 -203,0,680 -203,0,676 -203,0,672 -203,0,668 -204,0,665 -204,0,661 -204,0,657 -205,0,653 -205,0,649 -205,0,645 -206,0,641 -206,0,638 -207,0,634 -207,0,630 -208,0,626 -208,0,622 -209,0,618 -209,0,615 -210,0,611 -210,0,607 -211,0,603 -212,0,599 -212,0,595 -213,0,592 -214,0,588 -214,0,584 -215,0,580 -216,0,576 -217,0,573 -218,0,569 -218,0,565 -219,0,561 -220,0,557 -221,0,554 -222,0,550 -223,0,546 -224,0,542 -225,0,539 -226,0,535 -227,0,531 -228,0,528 -230,0,524 -231,0,520 -232,0,517 -233,0,513 -234,0,509 -236,0,506 -237,0,502 -238,0,498 -240,0,495 -241,0,491 -243,0,487 -244,0,484 -245,0,480 -247,0,477 -249,0,473 -250,0,470 -252,0,466 -253,0,463 -255,0,459 -257,0,456 -258,0,452 -260,0,449 -262,0,445 -264,0,442 -266,0,438 -267,0,435 -269,0,432 -271,0,428 -273,0,425 -275,0,422 -277,0,418 -279,0,415 -281,0,412 -283,0,408 -285,0,405 -288,0,402 -290,0,399 -292,0,396 -294,0,392 -296,0,389 -299,0,386 -301,0,383 -303,0,380 -306,0,377 -308,0,374 -311,0,371 -313,0,368 -316,0,365 -318,0,362 -321,0,359 -323,0,356 -326,0,353 -328,0,350 -331,0,348 -334,0,345 -337,0,342 -339,0,339 -342,0,337 -345,0,334 -348,0,331 -350,0,328 -353,0,326 -356,0,323 -359,0,321 -362,0,318 -365,0,316 -368,0,313 -371,0,311 -374,0,308 -377,0,306 -380,0,303 -383,0,301 -386,0,299 -389,0,296 -392,0,294 -396,0,292 -399,0,290 -402,0,288 -405,0,285 -408,0,283 -412,0,281 -415,0,279 -418,0,277 -422,0,275 -425,0,273 -428,0,271 -432,0,269 -435,0,267 -438,0,266 -442,0,264 -445,0,262 -449,0,260 -452,0,258 -456,0,257 -459,0,255 -463,0,253 -466,0,252 -470,0,250 -473,0,249 -477,0,247 -480,0,245 -484,0,244 -487,0,243 -491,0,241 -495,0,240 -498,0,238 -502,0,237 -506,0,236 -509,0,234 -513,0,233 -517,0,232 -520,0,231 -524,0,230 -528,0,228 -531,0,227 -535,0,226 -539,0,225 -542,0,224 -546,0,223 -550,0,222 -554,0,221 -557,0,220 -561,0,219 -565,0,218 -569,0,218 -573,0,217 -576,0,216 -580,0,215 -584,0,214 -588,0,214 -592,0,213 -595,0,212 -599,0,212 -603,0,211 -607,0,210 -611,0,210 -615,0,209 -618,0,209 -622,0,208 -626,0,208 -630,0,207 -634,0,207 -638,0,206 -641,0,206 -645,0,205 -649,0,205 -653,0,205 -657,0,204 -661,0,204 -665,0,204 -668,0,203 -672,0,203 -676,0,203 -680,0,203 -684,0,202 -688,0,202 -692,0,202 -695,0,202 -699,0,202 -703,0,201 -707,0,201 -711,0,201 -715,0,201 -719,0,201 -723,0,201 -726,0,201 -730,0,201 -734,0,200 -738,0,200 -742,0,200 -746,0,200 -750,0,200 -754,0,200 -757,0,200 -761,0,200 -765,0,200 -769,0,200 -773,0,200 -777,0,200 -781,0,200 -785,0,200 -788,0,200 -792,0,200 -796,0,200 -800,0,200
mouvement 4bcc0e116de75d2480ac6c52948e3996 [bord gauche] 0,0,800 0,0,796 0,0,792 0,0,788 0,0,784 0,0,780 0,0,776 0,0,772 0,0,768 0,0,764 0,0,760 0,0,756 0,0,752 0,0,747 0,0,743 0,0,739 0,0,735 0,0,730 -1,0,726 -1,0,721 -1,0,717 -1,0,713 -1,0,708 -1,0,704 -1,0,699 -2,0,695 -2,0,690 -2,0,686 -2,0,681 -2,0,677 -3,0,672 -3,0,667 -3,0,663 -4,0,658 -4,0,653 -4,0,649 -5,0,644 -5,0,639 -6,0,634 -6,0,629 -7,0,625 -7,0,620 -8,0,615 -8,0,610 -9,0,605 -9,0,600 -10,0,595 -11,0,591 -11,0,586 -12,0,581 -13,0,576 -14,0,571 -15,0,566 -15,0,561 -16,0,556 -17,0,551 -18,0,546 -19,0,541 -20,0,536 -21,0,531 -22,0,525 -24,0,520 -25,0,515 -26,0,510 -27,0,505 -28,0,500 -30,0,495 -31,0,490 -33,0,485 -34,0,480 -36,0,474 -37,0,469 -39,0,464 -40,0,459 -42,0,454 -44,0,449 -45,0,444 -47,0,439 -49,0,434 -51,0,428 -53,0,423 -55,0,418 -57,0,413 -59,0,408 -61,0,403 -63,0,398 -65,0,393 -68,0,388 -70,0,383 -72,0,378 -75,0,373 -77,0,368 -79,0,363 -82,0,358 -84,0,353 -87,0,348 -90,0,343 -92,0,338 -95,0,333 -98,0,328 -101,0,323 -104,0,319 -107,0,314 -110,0,309 -113,0,304 -116,0,299 -119,0,295 -122,0,290 -125,0,285 -128,0,281 -132,0,276 -135,0,271 -138,0,267 -142,0,262 -145,0,258 -149,0,253 -152,0,249 -156,0,244 -159,0,240 -163,0,236 -167,0,231 -170,0,227 -174,0,223 -178,0,218 -182,0,214 -186,0,210 -190,0,206 -194,0,202 -198,0,198 -202,0,194 -206,0,190 -210,0,186 -214,0,182 -218,0,178 -223,0,174 -227,0,170 -231,0,167 -236,0,163 -240,0,159 -244,0,156 -249,0,152 -253,0,149 -258,0,145 -262,0,142 -267,0,138 -271,0,135 -276,0,132 -281,0,128 -285,0,125 -290,0,122 -295,0,119 -299,0,116 -304,0,113 -309,0,110 -314,0,107 -319,0,104 -323,0,101 -328,0,98 -333,0,95 -338,0,92 -343,0,90 -348,0,87 -353,0,84 -358,0,82 -363,0,79 -368,0,77 -373,0,75 -378,0,72 -383,0,70 -388,0,68 -393,0,65 -398,0,63 -403,0,61 -408,0,59 -413,0,57 -418,0,55 -423,0,53 -428,0,51 -434,0,49 -439,0,47 -444,0,45 -449,0,44 -454,0,42 -459,0,40 -464,0,39 -469,0,37 -474,0,36 -480,0,34 -485,0,33 -490,0,31 -495,0,30 -500,0,28 -505,0,27 -510,0,26 -515,0,25 -520,0,24 -525,0,22 -531,0,21 -536,0,20 -541,0,19 -546,0,18 -551,0,17 -556,0,16 -561,0,15 -566,0,15 -571,0,14 -576,0,13 -581,0,12 -586,0,11 -591,0,11 -595,0,10 -600,0,9 -605,0,9 -610,0,8 -615,0,8 -620,0,7 -625,0,7 -629,0,6 -634,0,6 -639,0,5 -644,0,5 -649,0,4 -653,0,4 -658,0,4 -663,0,3 -667,0,3 -672,0,3 -677,0,2 -681,0,2 -686,0,2 -690,0,2 -695,0,2 -699,0,1 -704,0,1 -708,0,1 -713,0,1 -717,0,1 -721,0,1 -726,0,1 -730,0,0 -735,0,0 -739,0,0 -743,0,0 -747,0,0 -752,0,0 -756,0,0 -760,0,0 -764,0,0 -768,0,0 -772,0,0 -776,0,0 -780,0,0 -784,0,0 -788,0,0 -792,0,0 -796,0,0 -800,0,0
mouvement 4bcc0e116de75d2480ac6c52948e3996 [bord droit] -400,0,800 -400,0,796 -400,0,792 -400,0,789 -400,0,785 -400,0,781 -400,0,777 -400,0,774 -400,0,770 -400,0,766 -400,0,763 -400,0,759 -400,0,756 -400,0,752 -400,0,748 -400,0,745 -400,0,742 -400,0,738 -400,0,735 -401,0,731 -401,0,728 -401,0,725 -401,0,721 -401,0,718 -401,0,715 -401,0,712 -401,0,708 -401,0,705 -402,0,702 -402,0,699 -402,0,696 -402,0,693 -402,0,690 -403,0,687 -403,0,684 -403,0,681 -403,0,678 -404,0,675 -404,0,672 -404,0,669 -404,0,666 -405,0,663 -405,0,660 -405,0,657 -406,0,654 -406,0,652 -406,0,649 -407,0,646 -407,0,643 -408,0,641 -408,0,638 -408,0,635 -409,0,633 -409,0,630 -410,0,627 -410,0,625 -411,0,622 -411,0,620 -412,0,617 -412,0,615 -413,0,612 -413,0,610 -414,0,607 -415,0,605 -415,0,602 -416,0,600 -416,0,598 -417,0,595 -418,0,593 -418,0,590 -419,0,588 -420,0,586 -420,0,584 -421,0,581 -422,0,579 -423,0,577 -423,0,575 -424,0,572 -425,0,570 -426,0,568 -427,0,566 -427,0,564 -428,0,562 -429,0,560 -430,0,557 -431,0,555 -432,0,553 -433,0,551 -434,0,549 -434,0,547 -435,0,545 -436,0,543 -437,0,541 -438,0,539 -439,0,537 -440,0,536 -441,0,534 -442,0,532 -443,0,530 -444,0,528 -446,0,526 -447,0,524 -448,0,523 -449,0,521 -450,0,519 -451,0,517 -452,0,516 -453,0,514 -455,0,512 -456,0,510 -457,0,509 -458,0,507 -459,0,505 -461,0,504 -462,0,502 -463,0,500 -464,0,499 -466,0,497 -467,0,496 -468,0,494 -470,0,493 -471,0,491 -472,0,490 -474,0,488 -475,0,487 -476,0,485 -478,0,484 -479,0,482 -481,0,481 -482,0,479 -484,0,478 -485,0,476 -487,0,475 -488,0,474 -490,0,472 -491,0,471 -493,0,470 -494,0,468 -496,0,467 -497,0,466 -499,0,464 -500,0,463 -502,0,462 -504,0,461 -505,0,459 -507,0,458 -509,0,457 -510,0,456 -512,0,455 -514,0,453 -516,0,452 -517,0,451 -519,0,450 -521,0,449 -523,0,448 -524,0,447 -526,0,446 -528,0,444 -530,0,443 -532,0,442 -534,0,441 -536,0,440 -537,0,439 -539,0,438 -541,0,437 -543,0,436 -545,0,435 -547,0,434 -549,0,434 -551,0,433 -553,0,432 -555,0,431 -557,0,430 -560,0,429 -562,0,428 -564,0,427 -566,0,427 -568,0,426 -570,0,425 -572,0,424 -575,0,423 -577,0,423 -579,0,422 -581,0,421 -584,0,420 -586,0,420 -588,0,419 -590,0,418 -593,0,418 -595,0,417 -598,0,416 -600,0,416 -602,0,415 -605,0,415 -607,0,414 -610,0,413 -612,0,413 -615,0,412 -617,0,412 -620,0,411 -622,0,411 -625,0,410 -627,0,410 -630,0,409 -633,0,409 -635,0,408 -638,0,408 -641,0,408 -643,0,407 -646,0,407 -649,0,406 -652,0,406 -654,0,406 -657,0,405 -660,0,405 -663,0,405 -666,0,404 -669,0,404 -672,0,404 -675,0,404 -678,0,403 -681,0,403 -684,0,403 -687,0,403 -690,0,402 -693,0,402 -696,0,402 -699,0,402 -702,0,402 -705,0,401 -708,0,401 -712,0,401 -715,0,401 -718,0,401 -721,0,401 -725,0,401 -728,0,401 -731,0,401 -735,0,400 -738,0,400 -742,0,400 -745,0,400 -748,0,400 -752,0,400 -756,0,400 -759,0,400 -763,0,400 -766,0,400 -770,0,400 -774,0,400 -777,0,400 -781,0,400 -785,0,400 -789,0,400 -792,0,400 -796,0,400 -800,0,400
mouvement 410eb197d612c9963b40e6d1b7fe15bf [centre] -200,0,800 -200,0,794 -200,0,788 -200,0,781 -200,0,775 -200,0,769 -200,0,763 -200,0,756 -200,0,750 -200,0,744 -200,0,738 -200,0,731 -200,0,725 -200,0,719 -200,0,713 -200,0,706 -200,0,700 -200,0,694 -200,0,688 -200,0,681 -200,0,675 -200,0,669 -200,0,663 -200,0,656 -200,0,650 -200,0,644 -200,0,638 -200,0,631 -200,0,625 -200,0,619 -200,0,613 -200,0,606 -200,0,600 -200,0,594 -200,0,588 -200,0,581 -200,0,575 -200,0,569 -200,0,563 -200,0,556 -200,0,550 -200,0,544 -200,0,538 -200,0,531 -200,0,525 -200,0,519 -200,0,513 -200,0,506 -200,0,500 -200,0,494 -200,0,488 -200,0,481 -200,0,475 -200,0,469 -200,0,463 -200,0,456 -200,0,450 -200,0,444 -200,0,438 -200,0,431 -200,0,425 -200,0,419 -200,0,413 -200,0,406 -200,0,400 -200,0,394 -200,0,388 -200,0,381 -200,0,375 -200,0,369 -200,0,363 -200,0,356 -200,0,350 -200,0,344 -200,0,338 -200,0,331 -200,0,325 -200,0,319 -200,0,313 -200,0,306 -200,0,300 -200,0,294 -200,0,288 -200,0,281 -200,0,275 -200,0,269 -200,0,263 -200,0,256 -200,0,250 -200,0,244 -200,0,238 -200,0,231 -200,0,225 -200,0,219 -200,0,213 -200,0,206 -200,0,200 -200,0,194 -200,0,188 -200,0,181 -200,0,175 -200,0,169 -200,0,163 -200,0,156 -200,0,150 -200,0,144 -200,0,138 -200,0,131 -200,0,125 -200,0,119 -200,0,113 -200,0,106 -200,0,100 -200,0,94 -200,0,88 -200,0,81 -200,0,75 -200,0,69 -200,0,63 -200,0,56 -200,0,50 -200,0,44 -200,0,38 -200,0,31 -200,0,25 -200,0,19 -200,0,13 -200,0,6 -200,0,0 -200,0,-6 -200,0,-13 -200,0,-19 -200,0,-25 -200,0,-31 -200,0,-38 -200,0,-44 -200,0,-50 -200,0,-56 -200,0,-63 -200,0,-69 -200,0,-75 -200,0,-81 -200,0,-88 -200,0,-94 -200,0,-100 -200,0,-106 -200,0,-113 -200,0,-119 -200,0,-125 -200,0,-131 -200,0,-138 -200,0,-144 -200,0,-150 -200,0,-156 -200,0,-163 -200,0,-169 -200,0,-175 -200,0,-181 -200,0,-188 -200,0,-194 -200,0,-200 -200,0,-206 -200,0,-213 -200,0,-219 -200,0,-225 -200,0,-231 -200,0,-238 -200,0,-244 -200,0,-250 -200,0,-256 -200,0,-263 -200,0,-269 -200,0,-275 -200,0,-281 -200,0,-288 -200,0,-294 -200,0,-300 -200,0,-306 -200,0,-313 -200,0,-319 -200,0,-325 -200,0,-331 -200,0,-338 -200,0,-344 -200,0,-350 -200,0,-356 -200,0,-363 -200,0,-369 -200,0,-375 -200,0,-381 -200,0,-388 -200,0,-394 -200,0,-400 -200,0,-406 -200,0,-413 -200,0,-419 -200,0,-425 -200,0,-431 -200,0,-438 -200,0,-444 -200,0,-450 -200,0,-456 -200,0,-463 -200,0,-469 -200,0,-475 -200,0,-481 -200,0,-488 -200,0,-494 -200,0,-500 -200,0,-506 -200,0,-513 -200,0,-519 -200,0,-525 -200,0,-531 -200,0,-538 -200,0,-544 -200,0,-550 -200,0,-556 -200,0,-563 -200,0,-569 -200,0,-575 -200,0,-581 -200,0,-588 -200,0,-594 -200,0,-600 -200,0,-606 -200,0,-613 -200,0,-619 -200,0,-625 -200,0,-631 -200,0,-638 -200,0,-644 -200,0,-650 -200,0,-656 -200,0,-663 -200,0,-669 -200,0,-675 -200,0,-681 -200,0,-688 -200,0,-694 -200,0,-700 -200,0,-706 -200,0,-713 -200,0,-719 -200,0,-725 -200,0,-731 -200,0,-738 -200,0,-744 -200,0,-750 -200,0,-756 -200,0,-763 -200,0,-769 -200,0,-775 -200,0,-781 -200,0,-788 -200,0,-794 -200,0,-800
mouvement 410eb197d612c9963b40e6d1b7fe15bf [bord gauche] 0,0,800 0,0,794 0,0,788 0,0,781 0,0,775 0,0,769 0,0,763 0,0,756 0,0,750 0,0,744 0,0,738 0,0,731 0,0,725 0,0,719 0,0,713 0,0,706 0,0,700 0,0,694 0,0,688 0,0,681 0,0,675 0,0,669 0,0,663 0,0,656 0,0,650 0,0,644 0,0,638 0,0,631 0,0,625 0,0,619 0,0,613 0,0,606 0,0,600 0,0,594 0,0,588 0,0,581 0,0,575 0,0,569 0,0,563 0,0,556 0,0,550 0,0,544 0,0,538 0,0,531 0,0,525 0,0,519 0,0,513 0,0,506 0,0,500 0,0,494 0,0,488 0,0,481 0,0,475 0,0,469 0,0,463 0,0,456 0,0,450 0,0,444 0,0,438 0,0,431 0,0,425 0,0,419 0,0,413 0,0,406 0,0,400 0,0,394 0,0,388 0,0,381 0,0,375 0,0,369 0,0,363 0,0,356 0,0,350 0,0,344 0,0,338 0,0,331 0,0,325 0,0,319 0,0,313 0,0,306 0,0,300 0,0,294 0,0,288 0,0,281 0,0,275 0,0,269 0,0,263 0,0,256 0,0,250 0,0,244 0,0,238 0,0,231 0,0,225 0,0,219 0,0,213 0,0,206 0,0,200 0,0,194 0,0,188 0,0,181 0,0,175 0,0,169 0,0,163 0,0,156 0,0,150 0,0,144 0,0,138 0,0,131 0,0,125 0,0,119 0,0,113 0,0,106 0,0,100 0,0,94 0,0,88 0,0,81 0,0,75 0,0,69 0,0,63 0,0,56 0,0,50 0,0,44 0,0,38 0,0,31 0,0,25 0,0,19 0,0,13 0,0,6 0,0,0 0,0,-6 0,0,-13 0,0,-19 0,0,-25 0,0,-31 0,0,-38 0,0,-44 0,0,-50 0,0,-56 0,0,-63 0,0,-69 0,0,-75 0,0,-81 0,0,-88 0,0,-94 0,0,-100 0,0,-106 0,0,-113 0,0,-119 0,0,-125 0,0,-131 0,0,-138 0,0,-144 0,0,-150 0,0,-156 0,0,-163 0,0,-169 0,0,-175 0,0,-181 0,0,-188 0,0,-194 0,0,-200 0,0,-206 0,0,-213 0,0,-219 0,0,-225 0,0,-231 0,0,-238 0,0,-244 0,0,-250 0,0,-256 0,0,-263 0,0,-269 0,0,-275 0,0,-281 0,0,-288 0,0,-294 0,0,-300 0,0,-306 0,0,-313 0,0,-319 0,0,-325 0,0,-331 0,0,-338 0,0,-344 0,0,-350 0,0,-356 0,0,-363 0,0,-369 0,0,-375 0,0,-381 0,0,-388 0,0,-394 0,0,-400 0,0,-406 0,0,-413 0,0,-419 0,0,-425 0,0,-431 0,0,-438 0,0,-444 0,0,-450 0,0,-456 0,0,-463 0,0,-469 0,0,-475 0,0,-481 0,0,-488 0,0,-494 0,0,-500 0,0,-506 0,0,-513 0,0,-519 0,0,-525 0,0,-531 0,0,-538 0,0,-544 0,0,-550 0,0,-556 0,0,-563 0,0,-569 0,0,-575 0,0,-581 0,0,-588 0,0,-594 0,0,-600 0,0,-606 0,0,-613 0,0,-619 0,0,-625 0,0,-631 0,0,-638 0,0,-644 0,0,-650 0,0,-656 0,0,-663 0,0,-669 0,0,-675 0,0,-681 0,0,-688 0,0,-694 0,0,-700 0,0,-706 0,0,-713 0,0,-719 0,0,-725 0,0,-731 0,0,-738 0,0,-744 0,0,-750 0,0,-756 0,0,-763 0,0,-769 0,0,-775 0,0,-781 0,0,-788 0,0,-794 0,0,-800
mouvement 410eb197d612c9963b40e6d1b7fe15bf [bord droit] -400,0,800 -400,0,794 -400,0,788 -400,0,781 -400,0,775 -400,0,769 -400,0,763 -400,0,756 -400,0,750 -400,0,744 -400,0,738 -400,0,731 -400,0,725 -400,0,719 -400,0,713 -400,0,706 -400,0,700 -400,0,694 -400,0,688 -400,0,681 -400,0,675 -400,0,669 -400,0,663 -400,0,656 -400,0,650 -400,0,644 -400,0,638 -400,0,631 -400,0,625 -400,0,619 -400,0,613 -400,0,606 -400,0,600 -400,0,594 -400,0,588 -400,0,581 -400,0,575 -400,0,569 -400,0,563 -400,0,556 -400,0,550 -400,0,544 -400,0,538 -400,0,531 -400,0,525 -400,0,519 -400,0,513 -400,0,506 -400,0,500 -400,0,494 -400,0,488 -400,0,481 -400,0,475 -400,0,469 -400,0,463 -400,0,456 -400,0,450 -400,0,444 -400,0,438 -400,0,431 -400,0,425 -400,0,419 -400,0,413 -400,0,406 -400,0,400 -400,0,394 -400,0,388 -400,0,381 -400,0,375 -400,0,369 -400,0,363 -400,0,356 -400,0,350 -400,0,344 -400,0,338 -400,0,331 -400,0,325 -400,0,319 -400,0,313 -400,0,306 -400,0,300 -400,0,294 -400,0,288 -400,0,281 -400,0,275 -400,0,269 -400,0,263 -400,0,256 -400,0,250 -400,0,244 -400,0,238 -400,0,231 -400,0,225 -400,0,219 -400,0,213 -400,0,206 -400,0,200 -400,0,194 -400,0,188 -400,0,181 -400,0,175 -400,0,169 -400,0,163 -400,0,156 -400,0,150 -400,0,144 -400,0,138 -400,0,131 -400,0,125 -400,0,119 -400,0,113 -400,0,106 -400,0,100 -400,0,94 -400,0,88 -400,0,81 -400,0,75 -400,0,69 -400,0,63 -400,0,56 -400,0,50 -400,0,44 -400,0,38 -400,0,31 -400,0,25 -400,0,19 -400,0,13 -400,0,6 -400,0,0 -400,0,-6 -400,0,-13 -400,0,-19 -400,0,-25 -400,0,-31 -400,0,-38 -400,0,-44 -400,0,-50 -400,0,-56 -400,0,-63 -400,0,-69 -400,0,-75 -400,0,-81 -400,0,-88 -400,0,-94 -400,0,-100 -400,0,-106 -400,0,-113 -400,0,-119 -400,0,-125 -400,0,-131 -400,0,-138 -400,0,-144 -400,0,-150 -400,0,-156 -400,0,-163 -400,0,-169 -400,0,-175 -400,0,-181 -400,0,-188 -400,0,-194 -400,0,-200 -400,0,-206 -400,0,-213 -400,0,-219 -400,0,-225 -400,0,-231 -400,0,-238 -400,0,-244 -400,0,-250 -400,0,-256 -400,0,-263 -400,0,-269 -400,0,-275 -400,0,-281 -400,0,-288 -400,0,-294 -400,0,-300 -400,0,-306 -400,0,-313 -400,0,-319 -400,0,-325 -400,0,-331 -400,0,-338 -400,0,-344 -400,0,-350 -400,0,-356 -400,0,-363 -400,0,-369 -400,0,-375 -400,0,-381 -400,0,-388 -400,0,-394 -400,0,-400 -400,0,-406 -400,0,-413 -400,0,-419 -400,0,-425 -400,0,-431 -400,0,-438 -400,0,-444 -400,0,-450 -400,0,-456 -400,0,-463 -400,0,-469 -400,0,-475 -400,0,-481 -400,0,-488 -400,0,-494 -400,0,-500 -400,0,-506 -400,0,-513 -400,0,-519 -400,0,-525 -400,0,-531 -400,0,-538 -400,0,-544 -400,0,-550 -400,0,-556 -400,0,-563 -400,0,-569 -400,0,-575 -400,0,-581 -400,0,-588 -400,0,-594 -400,0,-600 -400,0,-606 -400,0,-613 -400,0,-619 -400,0,-625 -400,0,-631 -400,0,-638 -400,0,-644 -400,0,-650 -400,0,-656 -400,0,-663 -400,0,-669 -400,0,-675 -400,0,-681 -400,0,-688 -400,0,-694 -400,0,-700 -400,0,-706 -400,0,-713 -400,0,-719 -400,0,-725 -400,0,-731 -400,0,-738 -400,0,-744 -400,0,-750 -400,0,-756 -400,0,-763 -400,0,-769 -400,0,-775 -400,0,-781 -400,0,-788 -400,0,-794 -400,0,-800
mouvement 414c99412444a4a56b97dd36be51b593 [centre] -200,0,800 -200,0,794 -200,0,787 -200,0,781 -200,0,774 -200,0,768 -200,0,761 -200,0,755 -200,0,748 -200,0,742 -200,0,735 -200,0,729 -200,0,723 -200,0,716 -200,0,710 -199,0,703 -199,0,697 -199,0,690 -199,0,684 -199,0,677 -199,0,671 -199,0,664 -198,0,658 -198,0,652 -198,0,645 -198,0,639 -197,0,632 -197,0,626 -197,0,619 -196,0,613 -196,0,606 -196,0,600 -195,0,594 -195,0,587 -194,0,581 -194,0,574 -193,0,568 -193,0,561 -192,0,555 -192,0,549 -191,0,542 -190,0,536 -189,0,529 -189,0,523 -188,0,516 -187,0,510 -186,0,504 -185,0,497 -185,0,491 -184,0,484 -183,0,478 -182,0,472 -180,0,465 -179,0,459 -178,0,453 -177,0,446 -176,0,440 -175,0,434 -173,0,427 -172,0,421 -171,0,415 -169,0,408 -168,0,402 -166,0,396 -165,0,390 -163,0,383 -161,0,377 -160,0,371 -158,0,365 -156,0,358 -154,0,352 -153,0,346 -151,0,340 -149,0,334 -147,0,328 -145,0,321 -143,0,315 -141,0,309 -138,0,303 -136,0,297 -134,0,291 -131,0,285 -129,0,279 -127,0,273 -124,0,267 -122,0,261 -119,0,255 -117,0,249 -114,0,243 -111,0,238 -108,0,232 -106,0,226 -103,0,220 -100,0,214 -97,0,209 -94,0,203 -91,0,197 -88,0,192 -85,0,186 -81,0,180 -78,0,175 -75,0,169 -71,0,164 -68,0,158 -65,0,153 -61,0,147 -58,0,142 -54,0,137 -50,0,131 -47,0,126 -43,0,121 -39,0,115 -35,0,110 -31,0,105 -28,0,100 -24,0,95 -20,0,90 -16,0,85 -11,0,80 -7,0,75 -3,0,70 1,0,65 5,0,60 10,0,55 14,0,51 19,0,46 23,0,41 28,0,37 32,0,32 37,0,28 41,0,23 46,0,19 51,0,14 55,0,10 60,0,5 65,0,1 70,0,-3 75,0,-7 80,0,-11 85,0,-16 90,0,-20 95,0,-24 100,0,-28 105,0,-31 110,0,-35 115,0,-39 121,0,-43 126,0,-47 131,0,-50 137,0,-54 142,0,-58 147,0,-61 153,0,-65 158,0,-68 164,0,-71 169,0,-75 175,0,-78 180,0,-81 186,0,-85 192,0,-88 197,0,-91 203,0,-94 209,0,-97 214,0,-100 220,0,-103 226,0,-106 232,0,-108 238,0,-111 243,0,-114 249,0,-117 255,0,-119 261,0,-122 267,0,-124 273,0,-127 279,0,-129 285,0,-131 291,0,-134 297,0,-136 303,0,-138 309,0,-141 315,0,-143 321,0,-145 328,0,-147 334,0,-149 340,0,-151 346,0,-153 352,0,-154 358,0,-156 365,0,-158 371,0,-160 377,0,-161 383,0,-163 390,0,-165 396,0,-166 402,0,-168 408,0,-169 415,0,-171 421,0,-172 427,0,-173 434,0,-175 440,0,-176 446,0,-177 453,0,-178 459,0,-179 465,0,-180 472,0,-182 478,0,-183 484,0,-184 491,0,-185 497,0,-185 504,0,-186 510,0,-187 516,0,-188 523,0,-189 529,0,-189 536,0,-190 542,0,-191 549,0,-192 555,0,-192 561,0,-193 568,0,-193 574,0,-194 581,0,-194 587,0,-195 594,0,-195 600,0,-196 606,0,-196 613,0,-196 619,0,-197 626,0,-197 632,0,-197 639,0,-198 645,0,-198 652,0,-198 658,0,-198 664,0,-199 671,0,-199 677,0,-199 684,0,-199 690,0,-199 697,0,-199 703,0,-199 710,0,-200 716,0,-200 723,0,-200 729,0,-200 735,0,-200 742,0,-200 748,0,-200 755,0,-200 761,0,-200 768,0,-200 774,0,-200 781,0,-200 787,0,-200 794,0,-200 800,0,-200
mouvement 414c99412444a4a56b97dd36be51b593 [bord gauche] 0,0,800 0,0,794 0,0,787 0,0,781 0,0,774 0,0,768 0,0,762 0,0,756 0,0,749 0,0,743 0,0,737 0,0,731 0,0,725 0,0,718 0,0,712 0,0,706 1,0,700 1,0,694 1,0,688 1,0,682 1,0,676 1,0,670 1,0,665 2,0,659 2,0,653 2,0,647 2,0,641 3,0,635 3,0,630 3,0,624 4,0,618 4,0,613 4,0,607 5,0,601 5,0,596 6,0,590 6,0,585 6,0,579 7,0,574 8,0,568 8,0,563 9,0,557 9,0,552 10,0,546 11,0,541 11,0,536 12,0,530 13,0,525 13,0,520 14,0,514 15,0,509 16,0,504 17,0,499 18,0,494 19,0,488 19,0,483 20,0,478 21,0,473 22,0,468 24,0,463 25,0,458 26,0,453 27,0,448 28,0,443 29,0,438 31,0,433 32,0,428 33,0,423 35,0,419 36,0,414 37,0,409 39,0,404 40,0,399 42,0,395 43,0,390 45,0,385 46,0,381 48,0,376 50,0,371 51,0,367 53,0,362 55,0,358 57,0,353 58,0,349 60,0,344 62,0,340 64,0,335 66,0,331 68,0,327 70,0,322 72,0,318 74,0,314 76,0,309 78,0,305 81,0,301 83,0,297 85,0,293 87,0,288 90,0,284 92,0,280 94,0,276 97,0,272 99,0,268 102,0,264 104,0,260 107,0,256 109,0,252 112,0,248 114,0,245 117,0,241 120,0,237 122,0,233 125,0,229 128,0,226 131,0,222 134,0,218 137,0,215 139,0,211 142,0,208 145,0,204 148,0,201 151,0,197 154,0,194 158,0,190 161,0,187 164,0,183 167,0,180 170,0,177 173,0,173 177,0,170 180,0,167 183,0,164 187,0,161 190,0,158 194,0,154 197,0,151 201,0,148 204,0,145 208,0,142 211,0,139 215,0,137 218,0,134 222,0,131 226,0,128 229,0,125 233,0,122 237,0,120 241,0,117 245,0,114 248,0,112 252,0,109 256,0,107 260,0,104 264,0,102 268,0,99 272,0,97 276,0,94 280,0,92 284,0,90 288,0,87 293,0,85 297,0,83 301,0,81 305,0,78 309,0,76 314,0,74 318,0,72 322,0,70 327,0,68 331,0,66 335,0,64 340,0,62 344,0,60 349,0,58 353,0,57 358,0,55 362,0,53 367,0,51 371,0,50 376,0,48 381,0,46 385,0,45 390,0,43 395,0,42 399,0,40 404,0,39 409,0,37 414,0,36 419,0,35 423,0,33 428,0,32 433,0,31 438,0,29 443,0,28 448,0,27 453,0,26 458,0,25 463,0,24 468,0,22 473,0,21 478,0,20 483,0,19 488,0,19 494,0,18 499,0,17 504,0,16 509,0,15 514,0,14 520,0,13 525,0,13 530,0,12 536,0,11 541,0,11 546,0,10 552,0,9 557,0,9 563,0,8 568,0,8 574,0,7 579,0,6 585,0,6 590,0,6 596,0,5 601,0,5 607,0,4 613,0,4 618,0,4 624,0,3 630,0,3 635,0,3 641,0,2 647,0,2 653,0,2 659,0,2 665,0,1 670,0,1 676,0,1 682,0,1 688,0,1 694,0,1 700,0,1 706,0,0 712,0,0 718,0,0 725,0,0 731,0,0 737,0,0 743,0,0 749,0,0 756,0,0 762,0,0 768,0,0 774,0,0 781,0,0 787,0,0 794,0,0 800,0,0
mouvement 414c99412444a4a56b97dd36be51b593 [bord droit] -400,0,800 -400,0,794 -400,0,787 -400,0,781 -400,0,774 -400,0,767 -400,0,761 -400,0,754 -400,0,747 -400,0,741 -400,0,734 -400,0,727 -400,0,721 -400,0,714 -400,0,707 -399,0,700 -399,0,693 -399,0,686 -399,0,679 -399,0,672 -399,0,665 -399,0,658 -398,0,651 -398,0,644 -398,0,637 -398,0,630 -397,0,623 -397,0,616 -397,0,609 -396,0,602 -396,0,594 -395,0,587 -395,0,580 -394,0,573 -394,0,566 -393,0,558 -393,0,551 -392,0,544 -391,0,536 -391,0,529 -390,0,522 -389,0,514 -388,0,507 -387,0,499 -386,0,492 -386,0,484 -385,0,477 -383,0,469 -382,0,462 -381,0,454 -380,0,447 -379,0,439 -378,0,432 -376,0,424 -375,0,417 -374,0,409 -372,0,402 -371,0,394 -369,0,386 -368,0,379 -366,0,371 -364,0,364 -362,0,356 -361,0,349 -359,0,341 -357,0,333 -355,0,326 -353,0,318 -351,0,311 -348,0,303 -346,0,295 -344,0,288 -342,0,280 -339,0,273 -337,0,265 -334,0,257 -332,0,250 -329,0,242 -326,0,235 -324,0,227 -321,0,220 -318,0,212 -315,0,205 -312,0,197 -309,0,190 -306,0,182 -302,0,175 -299,0,168 -296,0,160 -292,0,153 -289,0,145 -285,0,138 -282,0,131 -278,0,124 -274,0,116 -270,0,109 -267,0,102 -263,0,95 -259,0,88 -255,0,80 -250,0,73 -246,0,66 -242,0,59 -238,0,52 -233,0,45 -229,0,38 -224,0,31 -220,0,25 -215,0,18 -210,0,11 -206,0,4 -201,0,-2 -196,0,-9 -191,0,-16 -186,0,-22 -181,0,-29 -176,0,-35 -170,0,-42 -165,0,-48 -160,0,-54 -155,0,-61 -149,0,-67 -144,0,-73 -138,0,-79 -132,0,-85 -127,0,-92 -121,0,-98 -115,0,-103 -109,0,-109 -103,0,-115 -98,0,-121 -92,0,-127 -85,0,-132 -79,0,-138 -73,0,-144 -67,0,-149 -61,0,-155 -54,0,-160 -48,0,-165 -42,0,-170 -35,0,-176 -29,0,-181 -22,0,-186 -16,0,-191 -9,0,-196 -2,0,-201 4,0,-206 11,0,-210 18,0,-215 25,0,-220 31,0,-224 38,0,-229 45,0,-233 52,0,-238 59,0,-242 66,0,-246 73,0,-250 80,0,-255 88,0,-259 95,0,-263 102,0,-267 109,0,-270 116,0,-274 124,0,-278 131,0,-282 138,0,-285 145,0,-289 153,0,-292 160,0,-296 168,0,-299 175,0,-302 182,0,-306 190,0,-309 197,0,-312 205,0,-315 212,0,-318 220,0,-321 227,0,-324 235,0,-326 242,0,-329 250,0,-332 257,0,-334 265,0,-337 273,0,-339 280,0,-342 288,0,-344 295,0,-346 303,0,-348 311,0,-351 318,0,-353 326,0,-355 333,0,-357 341,0,-359 349,0,-361 356,0,-362 364,0,-364 371,0,-366 379,0,-368 386,0,-369 394,0,-371 402,0,-372 409,0,-374 417,0,-375 424,0,-376 432,0,-378 439,0,-379 447,0,-380 454,0,-381 462,0,-382 469,0,-383 477,0,-385 484,0,-386 492,0,-386 499,0,-387 507,0,-388 514,0,-389 522,0,-390 529,0,-391 536,0,-391 544,0,-392 551,0,-393 558,0,-393 566,0,-394 573,0,-394 580,0,-395 587,0,-395 594,0,-396 602,0,-396 609,0,-397 616,0,-397 623,0,-397 630,0,-398 637,0,-398 644,0,-398 651,0,-398 658,0,-399 665,0,-399 672,0,-399 679,0,-399 686,0,-399 693,0,-399 700,0,-399 707,0,-400 714,0,-400 721,0,-400 727,0,-400 734,0,-400 741,0,-400 747,0,-400 754,0,-400 761,0,-400 767,0,-400 774,0,-400 781,0,-400 787,0,-400 794,0,-400 800,0,-400
mouvement 4e79b375e3de7f6e7949c5ce0ad4e993 [centre] 800,0,200 796,0,200 792,0,200 788,0,200 785,0,200 781,0,200 777,0,200 773,0,200 769,0,200 765,0,200 761,0,200 757,0,200 754,0,200 750,0,200 746,0,200 742,0,200 738,0,200 734,0,200 730,0,201 726,0,201 723,0,201 719,0,201 715,0,201 711,0,201 707,0,201 703,0,201 699,0,202 695,0,202 692,0,202 688,0,202 684,0,202 680,0,203 676,0,203 672,0,203 668,0,203 665,0,204 661,0,204 657,0,204 653,0,205 649,0,205 645,0,205 641,0,206 638,0,206 634,0,207 630,0,207 626,0,208 622,0,208 618,0,209 615,0,209 611,0,210 607,0,210 603,0,211 599,0,212 595,0,212 592,0,213 588,0,214 584,0,214 580,0,215 576,0,216 573,0,217 569,0,218 565,0,218 561,0,219 557,0,220 554,0,221 550,0,222 546,0,223 542,0,224 539,0,225 535,0,226 531,0,227 528,0,228 524,0,230 520,0,231 517,0,232 513,0,233 509,0,234 506,0,236 502,0,237 498,0,238 495,0,240 491,0,241 487,0,243 484,0,244 480,0,245 477,0,247 473,0,249 470,0,250 466,0,252 463,0,253 459,0,255 456,0,257 452,0,258 449,0,260 445,0,262 442,0,264 438,0,266 435,0,267 432,0,269 428,0,271 425,0,273 422,0,275 418,0,277 415,0,279 412,0,281 408,0,283 405,0,285 402,0,288 399,0,290 396,0,292 392,0,294 389,0,296 386,0,299 383,0,301 380,0,303 377,0,306 374,0,308 371,0,311 368,0,313 365,0,316 362,0,318 359,0,321 356,0,323 353,0,326 350,0,328 348,0,331 345,0,334 342,0,337 339,0,339 337,0,342 334,0,345 331,0,348 328,0,350 326,0,353 323,0,356 321,0,359 318,0,362 316,0,365 313,0,368 311,0,371 308,0,374 306,0,377 303,0,380 301,0,383 299,0,386 296,0,389 294,0,392 292,0,396 290,0,399 288,0,402 285,0,405 283,0,408 281,0,412 279,0,415 277,0,418 275,0,422 273,0,425 271,0,428 269,0,432 267,0,435 266,0,438 264,0,442 262,0,445 260,0,449 258,0,452 257,0,456 255,0,459 253,0,463 252,0,466 250,0,470 249,0,473 247,0,477 245,0,480 244,0,484 243,0,487 241,0,491 240,0,495 238,0,498 237,0,502 236,0,506 234,0,509 233,0,513 232,0,517 231,0,520 230,0,524 228,0,528 227,0,531 226,0,535 225,0,539 224,0,542 223,0,546 222,0,550 221,0,554 220,0,557 219,0,561 218,0,565 218,0,569 217,0,573 216,0,576 215,0,580 214,0,584 214,0,588 213,0,592 212,0,595 212,0,599 211,0,603 210,0,607 210,0,611 209,0,615 209,0,618 208,0,622 208,0,626 207,0,630 207,0,634 206,0,638 206,0,641 205,0,645 205,0,649 205,0,653 204,0,657 204,0,661 204,0,665 203,0,668 203,0,672 203,0,676 203,0,680 202,0,684 202,0,688 202,0,692 202,0,695 202,0,699 201,0,703 201,0,707 201,0,711 201,0,715 201,0,719 201,0,723 201,0,726 201,0,730 200,0,734 200,0,738 200,0,742 200,0,746 200,0,750 200,0,754 200,0,757 200,0,761 200,0,765 200,0,769 200,0,773 200,0,777 200,0,781 200,0,785 200,0,788 200,0,792 200,0,796 200,0,800
mouvement 4e79b375e3de7f6e7949c5ce0ad4e993 [bord gauche] 800,0,0 796,0,0 792,0,0 788,0,0 784,0,0 780,0,0 776,0,0 772,0,0 768,0,0 764,0,0 760,0,0 756,0,0 752,0,0 747,0,0 743,0,0 739,0,0 735,0,0 730,0,0 726,0,1 721,0,1 717,0,1 713,0,1 708,0,1 704,0,1 699,0,1 695,0,2 690,0,2 686,0,2 681,0,2 677,0,2 672,0,3 667,0,3 663,0,3 658,0,4 653,0,4 649,0,4 644,0,5 639,0,5 634,0,6 629,0,6 625,0,7 620,0,7 615,0,8 610,0,8 605,0,9 600,0,9 595,0,10 591,0,11 586,0,11 581,0,12 576,0,13 571,0,14 566,0,15 561,0,15 556,0,16 551,0,17 546,0,18 541,0,19 536,0,20 531,0,21 525,0,22 520,0,24 515,0,25 510,0,26 505,0,27 500,0,28 495,0,30 490,0,31 485,0,33 480,0,34 474,0,36 469,0,37 464,0,39 459,0,40 454,0,42 449,0,44 444,0,45 439,0,47 434,0,49 428,0,51 423,0,53 418,0,55 413,0,57 408,0,59 403,0,61 398,0,63 393,0,65 388,0,68 383,0,70 378,0,72 373,0,75 368,0,77 363,0,79 358,0,82 353,0,84 348,0,87 343,0,90 338,0,92 333,0,95 328,0,98 323,0,101 319,0,104 314,0,107 309,0,110 304,0,113 299,0,116 295,0,119 290,0,122 285,0,125 281,0,128 276,0,132 271,0,135 267,0,138 262,0,142 258,0,145 253,0,149 249,0,152 244,0,156 240,0,159 236,0,163 231,0,167 227,0,170 223,0,174 218,0,178 214,0,182 210,0,186 206,0,190 202,0,194 198,0,198 194,0,202 190,0,206 186,0,210 182,0,214 178,0,218 174,0,223 170,0,227 167,0,231 163,0,236 159,0,240 156,0,244 152,0,249 149,0,253 145,0,258 142,0,262 138,0,267 135,0,271 132,0,276 128,0,281 125,0,285 122,0,290 119,0,295 116,0,299 113,0,304 110,0,309 107,0,314 104,0,319 101,0,323 98,0,328 95,0,333 92,0,338 90,0,343 87,0,348 84,0,353 82,0,358 79,0,363 77,0,368 75,0,373 72,0,378 70,0,383 68,0,388 65,0,393 63,0,398 61,0,403 59,0,408 57,0,413 55,0,418 53,0,423 51,0,428 49,0,434 47,0,439 45,0,444 44,0,449 42,0,454 40,0,459 39,0,464 37,0,469 36,0,474 34,0,480 33,0,485 31,0,490 30,0,495 28,0,500 27,0,505 26,0,510 25,0,515 24,0,520 22,0,525 21,0,531 20,0,536 19,0,541 18,0,546 17,0,551 16,0,556 15,0,561 15,0,566 14,0,571 13,0,576 12,0,581 11,0,586 11,0,591 10,0,595 9,0,600 9,0,605 8,0,610 8,0,615 7,0,620 7,0,625 6,0,629 6,0,634 5,0,639 5,0,644 4,0,649 4,0,653 4,0,658 3,0,663 3,0,667 3,0,672 2,0,677 2,0,681 2,0,686 2,0,690 2,0,695 1,0,699 1,0,704 1,0,708 1,0,713 1,0,717 1,0,721 1,0,726 0,0,730 0,0,735 0,0,739 0,0,743 0,0,747 0,0,752 0,0,756 0,0,760 0,0,764 0,0,768 0,0,772 0,0,776 0,0,780 0,0,784 0,0,788 0,0,792 0,0,796 0,0,800
mouvement 4e79b375e3de7f6e7949c5ce0ad4e993 [bord droit] 800,0,400 796,0,400 792,0,400 789,0,400 785,0,400 781,0,400 777,0,400 774,0,400 770,0,400 766,0,400 763,0,400 759,0,400 756,0,400 752,0,400 748,0,400 745,0,400 742,0,400 738,0,400 735,0,400 731,0,401 728,0,401 725,0,401 721,0,401 718,0,401 715,0,401 712,0,401 708,0,401 705,0,401 702,0,402 699,0,402 696,0,402 693,0,402 690,0,402 687,0,403 684,0,403 681,0,403 678,0,403 675,0,404 672,0,404 669,0,404 666,0,404 663,0,405 660,0,405 657,0,405 654,0,406 652,0,406 649,0,406 646,0,407 643,0,407 641,0,408 638,0,408 635,0,408 633,0,409 630,0,409 627,0,410 625,0,410 622,0,411 620,0,411 617,0,412 615,0,412 612,0,413 610,0,413 607,0,414 605,0,415 602,0,415 600,0,416 598,0,416 595,0,417 593,0,418 590,0,418 588,0,419 586,0,420 584,0,420 581,0,421 579,0,422 577,0,423 575,0,423 572,0,424 570,0,425 568,0,426 566,0,427 564,0,427 562,0,428 560,0,429 557,0,430 555,0,431 553,0,432 551,0,433 549,0,434 547,0,434 545,0,435 543,0,436 541,0,437 539,0,438 537,0,439 536,0,440 534,0,441 532,0,442 530,0,443 528,0,444 526,0,446 524,0,447 523,0,448 521,0,449 519,0,450 517,0,451 516,0,452 514,0,453 512,0,455 510,0,456 509,0,457 507,0,458 505,0,459 504,0,461 502,0,462 500,0,463 499,0,464 497,0,466 496,0,467 494,0,468 493,0,470 491,0,471 490,0,472 488,0,474 487,0,475 485,0,476 484,0,478 482,0,479 481,0,481 479,0,482 478,0,484 476,0,485 475,0,487 474,0,488 472,0,490 471,0,491 470,0,493 468,0,494 467,0,496 466,0,497 464,0,499 463,0,500 462,0,502 461,0,504 459,0,505 458,0,507 457,0,509 456,0,510 455,0,512 453,0,514 452,0,516 451,0,517 450,0,519 449,0,521 448,0,523 447,0,524 446,0,526 444,0,528 443,0,530 442,0,532 441,0,534 440,0,536 439,0,537 438,0,539 437,0,541 436,0,543 435,0,545 434,0,547 434,0,549 433,0,551 432,0,553 431,0,555 430,0,557 429,0,560 428,0,562 427,0,564 427,0,566 426,0,568 425,0,570 424,0,572 423,0,575 423,0,577 422,0,579 421,0,581 420,0,584 420,0,586 419,0,588 418,0,590 418,0,593 417,0,595 416,0,598 416,0,600 415,0,602 415,0,605 414,0,607 413,0,610 413,0,612 412,0,615 412,0,617 411,0,620 411,0,622 410,0,625 410,0,627 409,0,630 409,0,633 408,0,635 408,0,638 408,0,641 407,0,643 407,0,646 406,0,649 406,0,652 406,0,654 405,0,657 405,0,660 405,0,663 404,0,666 404,0,669 404,0,672 404,0,675 403,0,678 403,0,681 403,0,684 403,0,687 402,0,690 402,0,693 402,0,696 402,0,699 402,0,702 401,0,705 401,0,708 401,0,712 401,0,715 401,0,718 401,0,721 401,0,725 401,0,728 401,0,731 400,0,735 400,0,738 400,0,742 400,0,745 400,0,748 400,0,752 400,0,756 400,0,759 400,0,763 400,0,766 400,0,770 400,0,774 400,0,777 400,0,781 400,0,785 400,0,789 400,0,792 400,0,796 400,0,800
mouvement 4ac23ecbf80f11d7feda468178247ab4 [centre] 800,0,200 794,0,200 787,0,200 781,0,200 775,0,200 769,0,200 762,0,200 756,0,200 750,0,200 744,0,200 737,0,200 731,0,200 725,0,200 719,0,200 712,0,200 706,0,200 700,0,200 694,0,200 687,0,200 681,0,200 675,0,200 669,0,200 662,0,200 656,0,200 650,0,200 644,0,200 637,0,200 631,0,200 625,0,200 619,0,200 612,0,200 606,0,200 600,0,200 594,0,200 587,0,200 581,0,200 575,0,200 569,0,200 562,0,200 556,0,200 550,0,200 544,0,200 537,0,200 531,0,200 525,0,200 519,0,200 512,0,200 506,0,200 500,0,200 494,0,200 487,0,200 481,0,200 475,0,200 469,0,200 462,0,200 456,0,200 450,0,200 444,0,200 437,0,200 431,0,200 425,0,200 419,0,200 412,0,200 406,0,200 400,0,200 394,0,200 387,0,200 381,0,200 375,0,200 369,0,200 362,0,200 356,0,200 350,0,200 344,0,200 337,0,200 331,0,200 325,0,200 319,0,200 312,0,200 306,0,200 300,0,200 294,0,200 287,0,200 281,0,200 275,0,200 269,0,200 262,0,200 256,0,200 250,0,200 244,0,200 237,0,200 231,0,200 225,0,200 219,0,200 212,0,200 206,0,200 200,0,200 194,0,200 187,0,200 181,0,200 175,0,200 169,0,200 162,0,200 156,0,200 150,0,200 144,0,200 137,0,200 131,0,200 125,0,200 119,0,200 112,0,200 106,0,200 100,0,200 94,0,200 87,0,200 81,0,200 75,0,200 69,0,200 62,0,200 56,0,200 50,0,200 44,0,200 37,0,200 31,0,200 25,0,200 19,0,200 12,0,200 6,0,200 0,0,200 -6,0,200 -13,0,200 -19,0,200 -25,0,200 -31,0,200 -38,0,200 -44,0,200 -50,0,200 -56,0,200 -63,0,200 -69,0,200 -75,0,200 -81,0,200 -88,0,200 -94,0,200 -100,0,200 -106,0,200 -113,0,200 -119,0,200 -125,0,200 -131,0,200 -138,0,200 -144,0,200 -150,0,200 -156,0,200 -163,0,200 -169,0,200 -175,0,200 -181,0,200 -188,0,200 -194,0,200 -200,0,200 -206,0,200 -213,0,200 -219,0,200 -225,0,200 -231,0,200 -238,0,200 -244,0,200 -250,0,200 -256,0,200 -263,0,200 -269,0,200 -275,0,200 -281,0,200 -288,0,200 -294,0,200 -300,0,200 -306,0,200 -313,0,200 -319,0,200 -325,0,200 -331,0,200 -338,0,200 -344,0,200 -350,0,200 -356,0,200 -363,0,200 -369,0,200 -375,0,200 -381,0,200 -387,0,200 -394,0,200 -400,0,200 -406,0,200 -412,0,200 -419,0,200 -425,0,200 -431,0,200 -437,0,200 -444,0,200 -450,0,200 -456,0,200 -462,0,200 -469,0,200 -475,0,200 -481,0,200 -487,0,200 -494,0,200 -500,0,200 -506,0,200 -512,0,200 -519,0,200 -525,0,200 -531,0,200 -537,0,200 -544,0,200 -550,0,200 -556,0,200 -562,0,200 -569,0,200 -575,0,200 -581,0,200 -587,0,200 -594,0,200 -600,0,200 -606,0,200 -612,0,200 -619,0,200 -625,0,200 -631,0,200 -637,0,200 -644,0,200 -650,0,200 -656,0,200 -662,0,200 -669,0,200 -675,0,200 -681,0,200 -687,0,200 -694,0,200 -700,0,200 -706,0,200 -712,0,200 -719,0,200 -725,0,200 -731,0,200 -737,0,200 -744,0,200 -750,0,200 -756,0,200 -762,0,200 -769,0,200 -775,0,200 -781,0,200 -787,0,200 -794,0,200 -800,0,200
mouvement 4ac23ecbf80f11d7feda468178247ab4 [bord gauche] 800,0,0 794,0,0 787,0,0 781,0,0 775,0,0 769,0,0 762,0,0 756,0,0 750,0,0 744,0,0 737,0,0 731,0,0 725,0,0 719,0,0 712,0,0 706,0,0 700,0,0 694,0,0 687,0,0 681,0,0 675,0,0 669,0,0 662,0,0 656,0,0 650,0,0 644,0,0 637,0,0 631,0,0 625,0,0 619,0,0 612,0,0 606,0,0 600,0,0 594,0,0 587,0,0 581,0,0 575,0,0 569,0,0 562,0,0 556,0,0 550,0,0 544,0,0 537,0,0 531,0,0 525,0,0 519,0,0 512,0,0 506,0,0 500,0,0 494,0,0 487,0,0 481,0,0 475,0,0 469,0,0 462,0,0 456,0,0 450,0,0 444,0,0 437,0,0 431,0,0 425,0,0 419,0,0 412,0,0 406,0,0 400,0,0 394,0,0 387,0,0 381,0,0 375,0,0 369,0,0 362,0,0 356,0,0 350,0,0 344,0,0 337,0,0 331,0,0 325,0,0 319,0,0 312,0,0 306,0,0 300,0,0 294,0,0 287,0,0 281,0,0 275,0,0 269,0,0 262,0,0 256,0,0 250,0,0 244,0,0 237,0,0 231,0,0 225,0,0 219,0,0 212,0,0 206,0,0 200,0,0 194,0,0 187,0,0 181,0,0 175,0,0 169,0,0 162,0,0 156,0,0 150,0,0 144,0,0 137,0,0 131,0,0 125,0,0 119,0,0 112,0,0 106,0,0 100,0,0 94,0,0 87,0,0 81,0,0 75,0,0 69,0,0 62,0,0 56,0,0 50,0,0 44,0,0 37,0,0 31,0,0 25,0,0 19,0,0 12,0,0 6,0,0 0,0,0 -6,0,0 -13,0,0 -19,0,0 -25,0,0 -31,0,0 -38,0,0 -44,0,0 -50,0,0 -56,0,0 -63,0,0 -69,0,0 -75,0,0 -81,0,0 -88,0,0 -94,0,0 -100,0,0 -106,0,0 -113,0,0 -119,0,0 -125,0,0 -131,0,0 -138,0,0 -144,0,0 -150,0,0 -156,0,0 -163,0,0 -169,0,0 -175,0,0 -181,0,0 -187,0,0 -194,0,0 -200,0,0 -206,0,0 -212,0,0 -219,0,0 -225,0,0 -231,0,0 -237,0,0 -244,0,0 -250,0,0 -256,0,0 -262,0,0 -269,0,0 -275,0,0 -281,0,0 -288,0,0 -294,0,0 -300,0,0 -306,0,0 -313,0,0 -319,0,0 -325,0,0 -331,0,0 -338,0,0 -344,0,0 -350,0,0 -356,0,0 -363,0,0 -369,0,0 -375,0,0 -381,0,0 -387,0,0 -394,0,0 -400,0,0 -406,0,0 -412,0,0 -419,0,0 -425,0,0 -431,0,0 -437,0,0 -444,0,0 -450,0,0 -456,0,0 -462,0,0 -469,0,0 -475,0,0 -481,0,0 -487,0,0 -494,0,0 -500,0,0 -506,0,0 -512,0,0 -519,0,0 -525,0,0 -531,0,0 -537,0,0 -544,0,0 -550,0,0 -556,0,0 -562,0,0 -569,0,0 -575,0,0 -581,0,0 -587,0,0 -594,0,0 -600,0,0 -606,0,0 -613,0,0 -619,0,0 -625,0,0 -631,0,0 -638,0,0 -644,0,0 -650,0,0 -656,0,0 -663,0,0 -669,0,0 -675,0,0 -681,0,0 -688,0,0 -694,0,0 -700,0,0 -706,0,0 -713,0,0 -719,0,0 -725,0,0 -731,0,0 -738,0,0 -744,0,0 -750,0,0 -756,0,0 -763,0,0 -769,0,0 -775,0,0 -781,0,0 -788,0,0 -794,0,0 -800,0,0
mouvement 4ac23ecbf80f11d7feda468178247ab4 [bord droit] 800,0,400 794,0,400 787,0,400 781,0,400 775,0,400 769,0,400 762,0,400 756,0,400 750,0,400 744,0,400 737,0,400 731,0,400 725,0,400 719,0,400 712,0,400 706,0,400 700,0,400 694,0,400 687,0,400 681,0,400 675,0,400 669,0,400 662,0,400 656,0,400 650,0,400 644,0,400 637,0,400 631,0,400 625,0,400 619,0,400 612,0,400 606,0,400 600,0,400 594,0,400 587,0,400 581,0,400 575,0,400 569,0,400 562,0,400 556,0,400 550,0,400 544,0,400 537,0,400 531,0,400 525,0,400 519,0,400 512,0,400 506,0,400 500,0,400 494,0,400 487,0,400 481,0,400 475,0,400 469,0,400 462,0,400 456,0,400 450,0,400 444,0,400 437,0,400 431,0,400 425,0,400 419,0,400 412,0,400 406,0,400 400,0,400 394,0,400 387,0,400 381,0,400 375,0,400 369,0,400 362,0,400 356,0,400 350,0,400 344,0,400 337,0,400 331,0,400 325,0,400 319,0,400 312,0,400 306,0,400 300,0,400 294,0,400 287,0,400 281,0,400 275,0,400 269,0,400 262,0,400 256,0,400 250,0,400 244,0,400 237,0,400 231,0,400 225,0,400 219,0,400 212,0,400 206,0,400 200,0,400 194,0,400 187,0,400 181,0,400 175,0,400 169,0,400 162,0,400 156,0,400 150,0,400 144,0,400 137,0,400 131,0,400 125,0,400 119,0,400 112,0,400 106,0,400 100,0,400 94,0,400 87,0,400 81,0,400 75,0,400 69,0,400 62,0,400 56,0,400 50,0,400 44,0,400 37,0,400 31,0,400 25,0,400 19,0,400 12,0,400 6,0,400 0,0,400 -6,0,400 -13,0,400 -19,0,400 -25,0,400 -31,0,400 -38,0,400 -44,0,400 -50,0,400 -56,0,400 -63,0,400 -69,0,400 -75,0,400 -81,0,400 -88,0,400 -94,0,400 -100,0,400 -106,0,400 -113,0,400 -119,0,400 -125,0,400 -131,0,400 -138,0,400 -144,0,400 -150,0,400 -156,0,400 -163,0,400 -169,0,400 -175,0,400 -181,0,400 -188,0,400 -194,0,400 -200,0,400 -206,0,400 -213,0,400 -219,0,400 -225,0,400 -231,0,400 -238,0,400 -244,0,400 -250,0,400 -256,0,400 -263,0,400 -269,0,400 -275,0,400 -281,0,400 -288,0,400 -294,0,400 -300,0,400 -306,0,400 -313,0,400 -319,0,400 -325,0,400 -331,0,400 -338,0,400 -344,0,400 -350,0,400 -356,0,400 -363,0,400 -369,0,400 -375,0,400 -381,0,400 -387,0,400 -394,0,400 -400,0,400 -406,0,400 -412,0,400 -419,0,400 -425,0,400 -431,0,400 -437,0,400 -444,0,400 -450,0,400 -456,0,400 -462,0,400 -469,0,400 -475,0,400 -481,0,400 -487,0,400 -494,0,400 -500,0,400 -506,0,400 -512,0,400 -519,0,400 -525,0,400 -531,0,400 -537,0,400 -544,0,400 -550,0,400 -556,0,400 -562,0,400 -569,0,400 -575,0,400 -581,0,400 -587,0,400 -594,0,400 -600,0,400 -606,0,400 -612,0,400 -619,0,400 -625,0,400 -631,0,400 -637,0,400 -644,0,400 -650,0,400 -656,0,400 -662,0,400 -669,0,400 -675,0,400 -681,0,400 -687,0,400 -694,0,400 -700,0,400 -706,0,400 -712,0,400 -719,0,400 -725,0,400 -731,0,400 -737,0,400 -744,0,400 -750,0,400 -756,0,400 -762,0,400 -769,0,400 -775,0,400 -781,0,400 -787,0,400 -794,0,400 -800,0,400
mouvement 4d54e6de5a6bbf4d1eb20f8ed5a40cb2 [centre] 800,0,200 794,0,200 787,0,200 781,0,200 774,0,200 768,0,200 761,0,200 755,0,200 748,0,200 742,0,200 735,0,200 729,0,200 723,0,200 716,0,200 710,0,200 703,0,199 697,0,199 690,0,199 684,0,199 677,0,199 671,0,199 664,0,199 658,0,198 652,0,198 645,0,198 639,0,198 632,0,197 626,0,197 619,0,197 613,0,196 606,0,196 600,0,196 594,0,195 587,0,195 581,0,194 574,0,194 568,0,193 561,0,193 555,0,192 549,0,192 542,0,191 536,0,190 529,0,189 523,0,189 516,0,188 510,0,187 504,0,186 497,0,185 491,0,185 484,0,184 478,0,183 472,0,182 465,0,180 459,0,179 453,0,178 446,0,177 440,0,176 434,0,175 427,0,173 421,0,172 415,0,171 408,0,169 402,0,168 396,0,166 390,0,165 383,0,163 377,0,161 371,0,160 365,0,158 358,0,156 352,0,154 346,0,153 340,0,151 334,0,149 328,0,147 321,0,145 315,0,143 309,0,141 303,0,138 297,0,136 291,0,134 285,0,131 279,0,129 273,0,127 267,0,124 261,0,122 255,0,119 249,0,117 243,0,114 238,0,111 232,0,108 226,0,106 220,0,103 214,0,100 209,0,97 203,0,94 197,0,91 192,0,88 186,0,85 180,0,81 175,0,78 169,0,75 164,0,71 158,0,68 153,0,65 147,0,61 142,0,58 137,0,54 131,0,50 126,0,47 121,0,43 115,0,39 110,0,35 105,0,31 100,0,28 95,0,24 90,0,20 85,0,16 80,0,11 75,0,7 70,0,3 65,0,-1 60,0,-5 55,0,-10 51,0,-14 46,0,-19 41,0,-23 37,0,-28 32,0,-32 28,0,-37 23,0,-41 19,0,-46 14,0,-51 10,0,-55 5,0,-60 1,0,-65 -3,0,-70 -7,0,-75 -11,0,-80 -16,0,-85 -20,0,-90 -24,0,-95 -28,0,-100 -31,0,-105 -35,0,-110 -39,0,-115 -43,0,-121 -47,0,-126 -50,0,-131 -54,0,-137 -58,0,-142 -61,0,-147 -65,0,-153 -68,0,-158 -71,0,-164 -75,0,-169 -78,0,-175 -81,0,-180 -85,0,-186 -88,0,-192 -91,0,-197 -94,0,-203 -97,0,-209 -100,0,-214 -103,0,-220 -106,0,-226 -108,0,-232 -111,0,-238 -114,0,-243 -117,0,-249 -119,0,-255 -122,0,-261 -124,0,-267 -127,0,-273 -129,0,-279 -131,0,-285 -134,0,-291 -136,0,-297 -138,0,-303 -141,0,-309 -143,0,-315 -145,0,-321 -147,0,-328 -149,0,-334 -151,0,-340 -153,0,-346 -154,0,-352 -156,0,-358 -158,0,-365 -160,0,-371 -161,0,-377 -163,0,-383 -165,0,-390 -166,0,-396 -168,0,-402 -169,0,-408 -171,0,-415 -172,0,-421 -173,0,-427 -175,0,-434 -176,0,-440 -177,0,-446 -178,0,-453 -179,0,-459 -180,0,-465 -182,0,-472 -183,0,-478 -184,0,-484 -185,0,-491 -185,0,-497 -186,0,-504 -187,0,-510 -188,0,-516 -189,0,-523 -189,0,-529 -190,0,-536 -191,0,-542 -192,0,-549 -192,0,-555 -193,0,-561 -193,0,-568 -194,0,-574 -194,0,-581 -195,0,-587 -195,0,-594 -196,0,-600 -196,0,-606 -196,0,-613 -197,0,-619 -197,0,-626 -197,0,-632 -198,0,-639 -198,0,-645 -198,0,-652 -198,0,-658 -199,0,-664 -199,0,-671 -199,0,-677 -199,0,-684 -199,0,-690 -199,0,-697 -199,0,-703 -200,0,-710 -200,0,-716 -200,0,-723 -200,0,-729 -200,0,-735 -200,0,-742 -200,0,-748 -200,0,-755 -200,0,-761 -200,0,-768 -200,0,-774 -200,0,-781 -200,0,-787 -200,0,-794 -200,0,-800
mouvement 4d54e6de5a6bbf4d1eb20f8ed5a40cb2 [bord gauche] 800,0,0 794,0,0 787,0,0 781,0,0 774,0,0 768,0,0 762,0,0 756,0,0 749,0,0 743,0,0 737,0,0 731,0,0 725,0,0 718,0,0 712,0,0 706,0,0 700,0,-1 694,0,-1 688,0,-1 682,0,-1 676,0,-1 670,0,-1 665,0,-1 659,0,-2 653,0,-2 647,0,-2 641,0,-2 635,0,-3 630,0,-3 624,0,-3 618,0,-4 613,0,-4 607,0,-4 601,0,-5 596,0,-5 590,0,-6 585,0,-6 579,0,-6 574,0,-7 568,0,-8 563,0,-8 557,0,-9 552,0,-9 546,0,-10 541,0,-11 536,0,-11 530,0,-12 525,0,-13 520,0,-13 514,0,-14 509,0,-15 504,0,-16 499,0,-17 494,0,-18 488,0,-19 483,0,-19 478,0,-20 473,0,-21 468,0,-22 463,0,-24 458,0,-25 453,0,-26 448,0,-27 443,0,-28 438,0,-29 433,0,-31 428,0,-32 423,0,-33 419,0,-35 414,0,-36 409,0,-37 404,0,-39 399,0,-40 395,0,-42 390,0,-43 385,0,-45 381,0,-46 376,0,-48 371,0,-50 367,0,-51 362,0,-53 358,0,-55 353,0,-57 349,0,-58 344,0,-60 340,0,-62 335,0,-64 331,0,-66 327,0,-68 322,0,-70 318,0,-72 314,0,-74 309,0,-76 305,0,-78 301,0,-81 297,0,-83 293,0,-85 288,0,-87 284,0,-90 280,0,-92 276,0,-94 272,0,-97 268,0,-99 264,0,-102 260,0,-104 256,0,-107 252,0,-109 248,0,-112 245,0,-114 241,0,-117 237,0,-120 233,0,-122 229,0,-125 226,0,-128 222,0,-131 218,0,-134 215,0,-137 211,0,-139 208,0,-142 204,0,-145 201,0,-148 197,0,-151 194,0,-154 190,0,-158 187,0,-161 183,0,-164 180,0,-167 177,0,-170 173,0,-173 170,0,-177 167,0,-180 164,0,-183 161,0,-187 158,0,-190 154,0,-194 151,0,-197 148,0,-201 145,0,-204 142,0,-208 139,0,-211 137,0,-215 134,0,-218 131,0,-222 128,0,-226 125,0,-229 122,0,-233 120,0,-237 117,0,-241 114,0,-245 112,0,-248 109,0,-252 107,0,-256 104,0,-260 102,0,-264 99,0,-268 97,0,-272 94,0,-276 92,0,-280 90,0,-284 87,0,-288 85,0,-293 83,0,-297 81,0,-301 78,0,-305 76,0,-309 74,0,-314 72,0,-318 70,0,-322 68,0,-327 66,0,-331 64,0,-335 62,0,-340 60,0,-344 58,0,-349 57,0,-353 55,0,-358 53,0,-362 51,0,-367 50,0,-371 48,0,-376 46,0,-381 45,0,-385 43,0,-390 42,0,-395 40,0,-399 39,0,-404 37,0,-409 36,0,-414 35,0,-419 33,0,-423 32,0,-428 31,0,-433 29,0,-438 28,0,-443 27,0,-448 26,0,-453 25,0,-458 24,0,-463 22,0,-468 21,0,-473 20,0,-478 19,0,-483 19,0,-488 18,0,-494 17,0,-499 16,0,-504 15,0,-509 14,0,-514 13,0,-520 13,0,-525 12,0,-530 11,0,-536 11,0,-541 10,0,-546 9,0,-552 9,0,-557 8,0,-563 8,0,-568 7,0,-574 6,0,-579 6,0,-585 6,0,-590 5,0,-596 5,0,-601 4,0,-607 4,0,-613 4,0,-618 3,0,-624 3,0,-630 3,0,-635 2,0,-641 2,0,-647 2,0,-653 2,0,-659 1,0,-665 1,0,-670 1,0,-676 1,0,-682 1,0,-688 1,0,-694 1,0,-700 0,0,-706 0,0,-712 0,0,-718 0,0,-725 0,0,-731 0,0,-737 0,0,-743 0,0,-749 0,0,-756 0,0,-762 0,0,-768 0,0,-774 0,0,-781 0,0,-787 0,0,-794 0,0,-800
mouvement 4d54e6de5a6bbf4d1eb20f8ed5a40cb2 [bord droit] 800,0,400 794,0,400 787,0,400 781,0,400 774,0,400 767,0,400 761,0,400 754,0,400 747,0,400 741,0,400 734,0,400 727,0,400 721,0,400 714,0,400 707,0,400 700,0,399 693,0,399 686,0,399 679,0,399 672,0,399 665,0,399 658,0,399 651,0,398 644,0,398 637,0,398 630,0,398 623,0,397 616,0,397 609,0,397 602,0,396 594,0,396 587,0,395 580,0,395 573,0,394 566,0,394 558,0,393 551,0,393 544,0,392 536,0,391 529,0,391 522,0,390 514,0,389 507,0,388 499,0,387 492,0,386 484,0,386 477,0,385 469,0,383 462,0,382 454,0,381 447,0,380 439,0,379 432,0,378 424,0,376 417,0,375 409,0,374 402,0,372 394,0,371 386,0,369 379,0,368 371,0,366 364,0,364 356,0,362 349,0,361 341,0,359 333,0,357 326,0,355 318,0,353 311,0,351 303,0,348 295,0,346 288,0,344 280,0,342 273,0,339 265,0,337 257,0,334 250,0,332 242,0,329 235,0,326 227,0,324 220,0,321 212,0,318 205,0,315 197,0,312 190,0,309 182,0,306 175,0,302 168,0,299 160,0,296 153,0,292 145,0,289 138,0,285 131,0,282 124,0,278 116,0,274 109,0,270 102,0,267 95,0,263 88,0,259 80,0,255 73,0,250 66,0,246 59,0,242 52,0,238 45,0,233 38,0,229 31,0,224 25,0,220 18,0,215 11,0,210 4,0,206 -2,0,201 -9,0,196 -16,0,191 -22,0,186 -29,0,181 -35,0,176 -42,0,170 -48,0,165 -54,0,160 -61,0,155 -67,0,149 -73,0,144 -79,0,138 -85,0,132 -92,0,127 -98,0,121 -103,0,115 -109,0,109 -115,0,103 -121,0,98 -127,0,92 -132,0,85 -138,0,79 -144,0,73 -149,0,67 -155,0,61 -160,0,54 -165,0,48 -170,0,42 -176,0,35 -181,0,29 -186,0,22 -191,0,16 -196,0,9 -201,0,2 -206,0,-4 -210,0,-11 -215,0,-18 -220,0,-25 -224,0,-31 -229,0,-38 -233,0,-45 -238,0,-52 -242,0,-59 -246,0,-66 -250,0,-73 -255,0,-80 -259,0,-88 -263,0,-95 -267,0,-102 -270,0,-109 -274,0,-116 -278,0,-124 -282,0,-131 -285,0,-138 -289,0,-145 -292,0,-153 -296,0,-160 -299,0,-168 -302,0,-175 -306,0,-182 -309,0,-190 -312,0,-197 -315,0,-205 -318,0,-212 -321,0,-220 -324,0,-227 -326,0,-235 -329,0,-242 -332,0,-250 -334,0,-257 -337,0,-265 -339,0,-273 -342,0,-280 -344,0,-288 -346,0,-295 -348,0,-303 -351,0,-311 -353,0,-318 -355,0,-326 -357,0,-333 -359,0,-341 -361,0,-349 -362,0,-356 -364,0,-364 -366,0,-371 -368,0,-379 -369,0,-386 -371,0,-394 -372,0,-402 -374,0,-409 -375,0,-417 -376,0,-424 -378,0,-432 -379,0,-439 -380,0,-447 -381,0,-454 -382,0,-462 -383,0,-469 -385,0,-477 -386,0,-484 -386,0,-492 -387,0,-499 -388,0,-507 -389,0,-514 -390,0,-522 -391,0,-529 -391,0,-536 -392,0,-544 -393,0,-551 -393,0,-558 -394,0,-566 -394,0,-573 -395,0,-580 -395,0,-587 -396,0,-594 -396,0,-602 -397,0,-609 -397,0,-616 -397,0,-623 -398,0,-630 -398,0,-637 -398,0,-644 -398,0,-651 -399,0,-658 -399,0,-665 -399,0,-672 -399,0,-679 -399,0,-686 -399,0,-693 -399,0,-700 -400,0,-707 -400,0,-714 -400,0,-721 -400,0,-727 -400,0,-734 -400,0,-741 -400,0,-747 -400,0,-754 -400,0,-761 -400,0,-767 -400,0,-774 -400,0,-781 -400,0,-787 -400,0,-794 -400,0,-800
mouvement 4b0942d72a850d61b60bc3e8a6a52384 [centre] -800,0,-200 -796,0,-200 -792,0,-200 -788,0,-200 -785,0,-200 -781,0,-200 -777,0,-200 -773,0,-200 -769,0,-200 -765,0,-200 -761,0,-200 -757,0,-200 -754,0,-200 -750,0,-200 -746,0,-200 -742,0,-200 -738,0,-200 -734,0,-200 -730,0,-201 -726,0,-201 -723,0,-201 -719,0,-201 -715,0,-201 -711,0,-201 -707,0,-201 -703,0,-201 -699,0,-202 -695,0,-202 -692,0,-202 -688,0,-202 -684,0,-202 -680,0,-203 -676,0,-203 -672,0,-203 -668,0,-203 -665,0,-204 -661,0,-204 -657,0,-204 -653,0,-205 -649,0,-205 -645,0,-205 -641,0,-206 -638,0,-206 -634,0,-207 -630,0,-207 -626,0,-208 -622,0,-208 -618,0,-209 -615,0,-209 -611,0,-210 -607,0,-210 -603,0,-211 -599,0,-212 -595,0,-212 -592,0,-213 -588,0,-214 -584,0,-214 -580,0,-215 -576,0,-216 -573,0,-217 -569,0,-218 -565,0,-218 -561,0,-219 -557,0,-220 -554,0,-221 -550,0,-222 -546,0,-223 -542,0,-224 -539,0,-225 -535,0,-226 -531,0,-227 -528,0,-228 -524,0,-230 -520,0,-231 -517,0,-232 -513,0,-233 -509,0,-234 -506,0,-236 -502,0,-237 -498,0,-238 -495,0,-240 -491,0,-241 -487,0,-243 -484,0,-244 -480,0,-245 -477,0,-247 -473,0,-249 -470,0,-250 -466,0,-252 -463,0,-253 -459,0,-255 -456,0,-257 -452,0,-258 -449,0,-260 -445,0,-262 -442,0,-264 -438,0,-266 -435,0,-267 -432,0,-269 -428,0,-271 -425,0,-273 -422,0,-275 -418,0,-277 -415,0,-279 -412,0,-281 -408,0,-283 -405,0,-285 -402,0,-288 -399,0,-290 -396,0,-292 -392,0,-294 -389,0,-296 -386,0,-299 -383,0,-301 -380,0,-303 -377,0,-306 -374,0,-308 -371,0,-311 -368,0,-313 -365,0,-316 -362,0,-318 -359,0,-321 -356,0,-323 -353,0,-326 -350,0,-328 -348,0,-331 -345,0,-334 -342,0,-337 -339,0,-339 -337,0,-342 -334,0,-345 -331,0,-348 -328,0,-350 -326,0,-353 -323,0,-356 -321,0,-359 -318,0,-362 -316,0,-365 -313,0,-368 -311,0,-371 -308,0,-374 -306,0,-377 -303,0,-380 -301,0,-383 -299,0,-386 -296,0,-389 -294,0,-392 -292,0,-396 -290,0,-399 -288,0,-402 -285,0,-405 -283,0,-408 -281,0,-412 -279,0,-415 -277,0,-418 -275,0,-422 -273,0,-425 -271,0,-428 -269,0,-432 -267,0,-435 -266,0,-438 -264,0,-442 -262,0,-445 -260,0,-449 -258,0,-452 -257,0,-456 -255,0,-459 -253,0,-463 -252,0,-466 -250,0,-470 -249,0,-473 -247,0,-477 -245,0,-480 -244,0,-484 -243,0,-487 -241,0,-491 -240,0,-495 -238,0,-498 -237,0,-502 -236,0,-506 -234,0,-509 -233,0,-513 -232,0,-517 -231,0,-520 -230,0,-524 -228,0,-528 -227,0,-531 -226,0,-535 -225,0,-539 -224,0,-542 -223,0,-546 -222,0,-550 -221,0,-554 -220,0,-557 -219,0,-561 -218,0,-565 -218,0,-569 -217,0,-573 -216,0,-576 -215,0,-580 -214,0,-584 -214,0,-588 -213,0,-592 -212,0,-595 -212,0,-599 -211,0,-603 -210,0,-607 -210,0,-611 -209,0,-615 -209,0,-618 -208,0,-622 -208,0,-626 -207,0,-630 -207,0,-634 -206,0,-638 -206,0,-641 -205,0,-645 -205,0,-649 -205,0,-653 -204,0,-657 -204,0,-661 -204,0,-665 -203,0,-668 -203,0,-672 -203,0,-676 -203,0,-680 -202,0,-684 -202,0,-688 -202,0,-692 -202,0,-695 -202,0,-699 -201,0,-703 -201,0,-707 -201,0,-711 -201,0,-715 -201,0,-719 -201,0,-723 -201,0,-726 -201,0,-730 -200,0,-734 -200,0,-738 -200,0,-742 -200,0,-746 -200,0,-750 -200,0,-754 -200,0,-757 -200,0,-761 -200,0,-765 -200,0,-769 -200,0,-773 -200,0,-777 -200,0,-781 -200,0,-785 -200,0,-788 -200,0,-792 -200,0,-796 -200,0,-800
mouvement 4b0942d72a850d61b60bc3e8a6a52384 [bord gauche] -800,0,0 -796,0,0 -792,0,0 -788,0,0 -784,0,0 -780,0,0 -776,0,0 -772,0,0 -768,0,0 -764,0,0 -760,0,0 -756,0,0 -752,0,0 -747,0,0 -743,0,0 -739,0,0 -735,0,0 -730,0,0 -726,0,-1 -721,0,-1 -717,0,-1 -713,0,-1 -708,0,-1 -704,0,-1 -699,0,-1 -695,0,-2 -690,0,-2 -686,0,-2 -681,0,-2 -677,0,-2 -672,0,-3 -667,0,-3 -663,0,-3 -658,0,-4 -653,0,-4 -649,0,-4 -644,0,-5 -639,0,-5 -634,0,-6 -629,0,-6 -625,0,-7 -620,0,-7 -615,0,-8 -610,0,-8 -605,0,-9 -600,0,-9 -595,0,-10 -591,0,-11 -586,0,-11 -581,0,-12 -576,0,-13 -571,0,-14 -566,0,-15 -561,0,-15 -556,0,-16 -551,0,-17 -546,0,-18 -541,0,-19 -536,0,-20 -531,0,-21 -525,0,-22 -520,0,-24 -515,0,-25 -510,0,-26 -505,0,-27 -500,0,-28 -495,0,-30 -490,0,-31 -485,0,-33 -480,0,-34 -474,0,-36 -469,0,-37 -464,0,-39 -459,0,-40 -454,0,-42 -449,0,-44 -444,0,-45 -439,0,-47 -434,0,-49 -428,0,-51 -423,0,-53 -418,0,-55 -413,0,-57 -408,0,-59 -403,0,-61 -398,0,-63 -393,0,-65 -388,0,-68 -383,0,-70 -378,0,-72 -373,0,-75 -368,0,-77 -363,0,-79 -358,0,-82 -353,0,-84 -348,0,-87 -343,0,-90 -338,0,-92 -333,0,-95 -328,0,-98 -323,0,-101 -319,0,-104 -314,0,-107 -309,0,-110 -304,0,-113 -299,0,-116 -295,0,-119 -290,0,-122 -285,0,-125 -281,0,-128 -276,0,-132 -271,0,-135 -267,0,-138 -262,0,-142 -258,0,-145 -253,0,-149 -249,0,-152 -244,0,-156 -240,0,-159 -236,0,-163 -231,0,-167 -227,0,-170 -223,0,-174 -218,0,-178 -214,0,-182 -210,0,-186 -206,0,-190 -202,0,-194 -198,0,-198 -194,0,-202 -190,0,-206 -186,0,-210 -182,0,-214 -178,0,-218 -174,0,-223 -170,0,-227 -167,0,-231 -163,0,-236 -159,0,-240 -156,0,-244 -152,0,-249 -149,0,-253 -145,0,-258 -142,0,-262 -138,0,-267 -135,0,-271 -132,0,-276 -128,0,-281 -125,0,-285 -122,0,-290 -119,0,-295 -116,0,-299 -113,0,-304 -110,0,-309 -107,0,-314 -104,0,-319 -101,0,-323 -98,0,-328 -95,0,-333 -92,0,-338 -90,0,-343 -87,0,-348 -84,0,-353 -82,0,-358 -79,0,-363 -77,0,-368 -75,0,-373 -72,0,-378 -70,0,-383 -68,0,-388 -65,0,-393 -63,0,-398 -61,0,-403 -59,0,-408 -57,0,-413 -55,0,-418 -53,0,-423 -51,0,-428 -49,0,-434 -47,0,-439 -45,0,-444 -44,0,-449 -42,0,-454 -40,0,-459 -39,0,-464 -37,0,-469 -36,0,-474 -34,0,-480 -33,0,-485 -31,0,-490 -30,0,-495 -28,0,-500 -27,0,-505 -26,0,-510 -25,0,-515 -24,0,-520 -22,0,-525 -21,0,-531 -20,0,-536 -19,0,-541 -18,0,-546 -17,0,-551 -16,0,-556 -15,0,-561 -15,0,-566 -14,0,-571 -13,0,-576 -12,0,-581 -11,0,-586 -11,0,-591 -10,0,-595 -9,0,-600 -9,0,-605 -8,0,-610 -8,0,-615 -7,0,-620 -7,0,-625 -6,0,-629 -6,0,-634 -5,0,-639 -5,0,-644 -4,0,-649 -4,0,-653 -4,0,-658 -3,0,-663 -3,0,-667 -3,0,-672 -2,0,-677 -2,0,-681 -2,0,-686 -2,0,-690 -2,0,-695 -1,0,-699 -1,0,-704 -1,0,-708 -1,0,-713 -1,0,-717 -1,0,-721 -1,0,-726 0,0,-730 0,0,-735 0,0,-739 0,0,-743 0,0,-747 0,0,-752 0,0,-756 0,0,-760 0,0,-764 0,0,-768 0,0,-772 0,0,-776 0,0,-780 0,0,-784 0,0,-788 0,0,-792 0,0,-796 0,0,-800
mouvement 4b0942d72a850d61b60bc3e8a6a52384 [bord droit] -800,0,-400 -796,0,-400 -792,0,-400 -789,0,-400 -785,0,-400 -781,0,-400 -777,0,-400 -774,0,-400 -770,0,-400 -766,0,-400 -763,0,-400 -759,0,-400 -756,0,-400 -752,0,-400 -748,0,-400 -745,0,-400 -742,0,-400 -738,0,-400 -735,0,-400 -731,0,-401 -728,0,-401 -725,0,-401 -721,0,-401 -718,0,-401 -715,0,-401 -712,0,-401 -708,0,-401 -705,0,-401 -702,0,-402 -699,0,-402 -696,0,-402 -693,0,-402 -690,0,-402 -687,0,-403 -684,0,-403 -681,0,-403 -678,0,-403 -675,0,-404 -672,0,-404 -669,0,-404 -666,0,-404 -663,0,-405 -660,0,-405 -657,0,-405 -654,0,-406 -652,0,-406 -649,0,-406 -646,0,-407 -643,0,-407 -641,0,-408 -638,0,-408 -635,0,-408 -633,0,-409 -630,0,-409 -627,0,-410 -625,0,-410 -622,0,-411 -620,0,-411 -617,0,-412 -615,0,-412 -612,0,-413 -610,0,-413 -607,0,-414 -605,0,-415 -602,0,-415 -600,0,-416 -598,0,-416 -595,0,-417 -593,0,-418 -590,0,-418 -588,0,-419 -586,0,-420 -584,0,-420 -581,0,-421 -579,0,-422 -577,0,-423 -575,0,-423 -572,0,-424 -570,0,-425 -568,0,-426 -566,0,-427 -564,0,-427 -562,0,-428 -560,0,-429 -557,0,-430 -555,0,-431 -553,0,-432 -551,0,-433 -549,0,-434 -547,0,-434 -545,0,-435 -543,0,-436 -541,0,-437 -539,0,-438 -537,0,-439 -536,0,-440 -534,0,-441 -532,0,-442 -530,0,-443 -528,0,-444 -526,0,-446 -524,0,-447 -523,0,-448 -521,0,-449 -519,0,-450 -517,0,-451 -516,0,-452 -514,0,-453 -512,0,-455 -510,0,-456 -509,0,-457 -507,0,-458 -505,0,-459 -504,0,-461 -502,0,-462 -500,0,-463 -499,0,-464 -497,0,-466 -496,0,-467 -494,0,-468 -493,0,-470 -491,0,-471 -490,0,-472 -488,0,-474 -487,0,-475 -485,0,-476 -484,0,-478 -482,0,-479 -481,0,-481 -479,0,-482 -478,0,-484 -476,0,-485 -475,0,-487 -474,0,-488 -472,0,-490 -471,0,-491 -470,0,-493 -468,0,-494 -467,0,-496 -466,0,-497 -464,0,-499 -463,0,-500 -462,0,-502 -461,0,-504 -459,0,-505 -458,0,-507 -457,0,-509 -456,0,-510 -455,0,-512 -453,0,-514 -452,0,-516 -451,0,-517 -450,0,-519 -449,0,-521 -448,0,-523 -447,0,-524 -446,0,-526 -444,0,-528 -443,0,-530 -442,0,-532 -441,0,-534 -440,0,-536 -439,0,-537 -438,0,-539 -437,0,-541 -436,0,-543 -435,0,-545 -434,0,-547 -434,0,-549 -433,0,-551 -432,0,-553 -431,0,-555 -430,0,-557 -429,0,-560 -428,0,-562 -427,0,-564 -427,0,-566 -426,0,-568 -425,0,-570 -424,0,-572 -423,0,-575 -423,0,-577 -422,0,-579 -421,0,-581 -420,0,-584 -420,0,-586 -419,0,-588 -418,0,-590 -418,0,-593 -417,0,-595 -416,0,-598 -416,0,-600 -415,0,-602 -415,0,-605 -414,0,-607 -413,0,-610 -413,0,-612 -412,0,-615 -412,0,-617 -411,0,-620 -411,0,-622 -410,0,-625 -410,0,-627 -409,0,-630 -409,0,-633 -408,0,-635 -408,0,-638 -408,0,-641 -407,0,-643 -407,0,-646 -406,0,-649 -406,0,-652 -406,0,-654 -405,0,-657 -405,0,-660 -405,0,-663 -404,0,-666 -404,0,-669 -404,0,-672 -404,0,-675 -403,0,-678 -403,0,-681 -403,0,-684 -403,0,-687 -402,0,-690 -402,0,-693 -402,0,-696 -402,0,-699 -402,0,-702 -401,0,-705 -401,0,-708 -401,0,-712 -401,0,-715 -401,0,-718 -401,0,-721 -401,0,-725 -401,0,-728 -401,0,-731 -400,0,-735 -400,0,-738 -400,0,-742 -400,0,-745 -400,0,-748 -400,0,-752 -400,0,-756 -400,0,-759 -400,0,-763 -400,0,-766 -400,0,-770 -400,0,-774 -400,0,-777 -400,0,-781 -400,0,-785 -400,0,-789 -400,0,-792 -400,0,-796 -400,0,-800
mouvement 4f7e560ced3c5a4bfbf14942df76f198 [centre] -800,0,-200 -794,0,-200 -787,0,-200 -781,0,-200 -775,0,-200 -769,0,-200 -762,0,-200 -756,0,-200 -750,0,-200 -744,0,-200 -737,0,-200 -731,0,-200 -725,0,-200 -719,0,-200 -712,0,-200 -706,0,-200 -700,0,-200 -694,0,-200 -687,0,-200 -681,0,-200 -675,0,-200 -669,0,-200 -662,0,-200 -656,0,-200 -650,0,-200 -644,0,-200 -637,0,-200 -631,0,-200 -625,0,-200 -619,0,-200 -612,0,-200 -606,0,-200 -600,0,-200 -594,0,-200 -587,0,-200 -581,0,-200 -575,0,-200 -569,0,-200 -562,0,-200 -556,0,-200 -550,0,-200 -544,0,-200 -537,0,-200 -531,0,-200 -525,0,-200 -519,0,-200 -512,0,-200 -506,0,-200 -500,0,-200 -494,0,-200 -487,0,-200 -481,0,-200 -475,0,-200 -469,0,-200 -462,0,-200 -456,0,-200 -450,0,-200 -444,0,-200 -437,0,-200 -431,0,-200 -425,0,-200 -419,0,-200 -412,0,-200 -406,0,-200 -400,0,-200 -394,0,-200 -387,0,-200 -381,0,-200 -375,0,-200 -369,0,-200 -362,0,-200 -356,0,-200 -350,0,-200 -344,0,-200 -337,0,-200 -331,0,-200 -325,0,-200 -319,0,-200 -312,0,-200 -306,0,-200 -300,0,-200 -294,0,-200 -287,0,-200 -281,0,-200 -275,0,-200 -269,0,-200 -262,0,-200 -256,0,-200 -250,0,-200 -244,0,-200 -237,0,-200 -231,0,-200 -225,0,-200 -219,0,-200 -212,0,-200 -206,0,-200 -200,0,-200 -194,0,-200 -187,0,-200 -181,0,-200 -175,0,-200 -169,0,-200 -162,0,-200 -156,0,-200 -150,0,-200 -144,0,-200 -137,0,-200 -131,0,-200 -125,0,-200 -119,0,-200 -112,0,-200 -106,0,-200 -100,0,-200 -94,0,-200 -87,0,-200 -81,0,-200 -75,0,-200 -69,0,-200 -62,0,-200 -56,0,-200 -50,0,-200 -44,0,-200 -37,0,-200 -31,0,-200 -25,0,-200 -19,0,-200 -12,0,-200 -6,0,-200 0,0,-200 6,0,-200 13,0,-200 19,0,-200 25,0,-200 31,0,-200 38,0,-200 44,0,-200 50,0,-200 56,0,-200 63,0,-200 69,0,-200 75,0,-200 81,0,-200 88,0,-200 94,0,-200 100,0,-200 106,0,-200 113,0,-200 119,0,-200 125,0,-200 131,0,-200 138,0,-200 144,0,-200 150,0,-200 156,0,-200 163,0,-200 169,0,-200 175,0,-200 181,0,-200 188,0,-200 194,0,-200 200,0,-200 206,0,-200 213,0,-200 219,0,-200 225,0,-200 231,0,-200 238,0,-200 244,0,-200 250,0,-200 256,0,-200 263,0,-200 269,0,-200 275,0,-200 281,0,-200 288,0,-200 294,0,-200 300,0,-200 306,0,-200 313,0,-200 319,0,-200 325,0,-200 331,0,-200 338,0,-200 344,0,-200 350,0,-200 356,0,-200 363,0,-200 369,0,-200 375,0,-200 381,0,-200 387,0,-200 394,0,-200 400,0,-200 406,0,-200 412,0,-200 419,0,-200 425,0,-200 431,0,-200 437,0,-200 444,0,-200 450,0,-200 456,0,-200 462,0,-200 469,0,-200 475,0,-200 481,0,-200 487,0,-200 494,0,-200 500,0,-200 506,0,-200 512,0,-200 519,0,-200 525,0,-200 531,0,-200 537,0,-200 544,0,-200 550,0,-200 556,0,-200 562,0,-200 569,0,-200 575,0,-200 581,0,-200 587,0,-200 594,0,-200 600,0,-200 606,0,-200 612,0,-200 619,0,-200 625,0,-200 631,0,-200 637,0,-200 644,0,-200 650,0,-200 656,0,-200 662,0,-200 669,0,-200 675,0,-200 681,0,-200 687,0,-200 694,0,-200 700,0,-200 706,0,-200 712,0,-200 719,0,-200 725,0,-200 731,0,-200 737,0,-200 744,0,-200 750,0,-200 756,0,-200 762,0,-200 769,0,-200 775,0,-200 781,0,-200 787,0,-200 794,0,-200 800,0,-200
mouvement 4f7e560ced3c5a4bfbf14942df76f198 [bord gauche] -800,0,0 -794,0,0 -787,0,0 -781,0,0 -775,0,0 -769,0,0 -762,0,0 -756,0,0 -750,0,0 -744,0,0 -737,0,0 -731,0,0 -725,0,0 -719,0,0 -712,0,0 -706,0,0 -700,0,0 -694,0,0 -687,0,0 -681,0,0 -675,0,0 -669,0,0 -662,0,0 -656,0,0 -650,0,0 -644,0,0 -637,0,0 -631,0,0 -625,0,0 -619,0,0 -612,0,0 -606,0,0 -600,0,0 -594,0,0 -587,0,0 -581,0,0 -575,0,0 -569,0,0 -562,0,0 -556,0,0 -550,0,0 -544,0,0 -537,0,0 -531,0,0 -525,0,0 -519,0,0 -512,0,0 -506,0,0 -500,0,0 -494,0,0 -487,0,0 -481,0,0 -475,0,0 -469,0,0 -462,0,0 -456,0,0 -450,0,0 -444,0,0 -437,0,0 -431,0,0 -425,0,0 -419,0,0 -412,0,0 -406,0,0 -400,0,0 -394,0,0 -387,0,0 -381,0,0 -375,0,0 -369,0,0 -362,0,0 -356,0,0 -350,0,0 -344,0,0 -337,0,0 -331,0,0 -325,0,0 -319,0,0 -312,0,0 -306,0,0 -300,0,0 -294,0,0 -287,0,0 -281,0,0 -275,0,0 -269,0,0 -262,0,0 -256,0,0 -250,0,0 -244,0,0 -237,0,0 -231,0,0 -225,0,0 -219,0,0 -212,0,0 -206,0,0 -200,0,0 -194,0,0 -187,0,0 -181,0,0 -175,0,0 -169,0,0 -162,0,0 -156,0,0 -150,0,0 -144,0,0 -137,0,0 -131,0,0 -125,0,0 -119,0,0 -112,0,0 -106,0,0 -100,0,0 -94,0,0 -87,0,0 -81,0,0 -75,0,0 -69,0,0 -62,0,0 -56,0,0 -50,0,0 -44,0,0 -37,0,0 -31,0,0 -25,0,0 -19,0,0 -12,0,0 -6,0,0 0,0,0 6,0,0 13,0,0 19,0,0 25,0,0 31,0,0 38,0,0 44,0,0 50,0,0 56,0,0 63,0,0 69,0,0 75,0,0 81,0,0 88,0,0 94,0,0 100,0,0 106,0,0 113,0,0 119,0,0 125,0,0 131,0,0 138,0,0 144,0,0 150,0,0 156,0,0 163,0,0 169,0,0 175,0,0 181,0,0 187,0,0 194,0,0 200,0,0 206,0,0 212,0,0 219,0,0 225,0,0 231,0,0 237,0,0 244,0,0 250,0,0 256,0,0 262,0,0 269,0,0 275,0,0 281,0,0 288,0,0 294,0,0 300,0,0 306,0,0 313,0,0 319,0,0 325,0,0 331,0,0 338,0,0 344,0,0 350,0,0 356,0,0 363,0,0 369,0,0 375,0,0 381,0,0 387,0,0 394,0,0 400,0,0 406,0,0 412,0,0 419,0,0 425,0,0 431,0,0 437,0,0 444,0,0 450,0,0 456,0,0 462,0,0 469,0,0 475,0,0 481,0,0 487,0,0 494,0,0 500,0,0 506,0,0 512,0,0 519,0,0 525,0,0 531,0,0 537,0,0 544,0,0 550,0,0 556,0,0 562,0,0 569,0,0 575,0,0 581,0,0 587,0,0 594,0,0 600,0,0 606,0,0 613,0,0 619,0,0 625,0,0 631,0,0 638,0,0 644,0,0 650,0,0 656,0,0 663,0,0 669,0,0 675,0,0 681,0,0 688,0,0 694,0,0 700,0,0 706,0,0 713,0,0 719,0,0 725,0,0 731,0,0 738,0,0 744,0,0 750,0,0 756,0,0 763,0,0 769,0,0 775,0,0 781,0,0 788,0,0 794,0,0 800,0,0
mouvement 4f7e560ced3c5a4bfbf14942df76f198 [bord droit] -800,0,-400 -794,0,-400 -787,0,-400 -781,0,-400 -775,0,-400 -769,0,-400 -762,0,-400 -756,0,-400 -750,0,-400 -744,0,-400 -737,0,-400 -731,0,-400 -725,0,-400 -719,0,-400 -712,0,-400 -706,0,-400 -700,0,-400 -694,0,-400 -687,0,-400 -681,0,-400 -675,0,-400 -669,0,-400 -662,0,-400 -656,0,-400 -650,0,-400 -644,0,-400 -637,0,-400 -631,0,-400 -625,0,-400 -619,0,-400 -612,0,-400 -606,0,-400 -600,0,-400 -594,0,-400 -587,0,-400 -581,0,-400 -575,0,-400 -569,0,-400 -562,0,-400 -556,0,-400 -550,0,-400 -544,0,-400 -537,0,-400 -531,0,-400 -525,0,-400 -519,0,-400 -512,0,-400 -506,0,-400 -500,0,-400 -494,0,-400 -487,0,-400 -481,0,-400 -475,0,-400 -469,0,-400 -462,0,-400 -456,0,-400 -450,0,-400 -444,0,-400 -437,0,-400 -431,0,-400 -425,0,-400 -419,0,-400 -412,0,-400 -406,0,-400 -400,0,-400 -394,0,-400 -387,0,-400 -381,0,-400 -375,0,-400 -369,0,-400 -362,0,-400 -356,0,-400 -350,0,-400 -344,0,-400 -337,0,-400 -331,0,-400 -325,0,-400 -319,0,-400 -312,0,-400 -306,0,-400 -300,0,-400 -294,0,-400 -287,0,-400 -281,0,-400 -275,0,-400 -269,0,-400 -262,0,-400 -256,0,-400 -250,0,-400 -244,0,-400 -237,0,-400 -231,0,-400 -225,0,-400 -219,0,-400 -212,0,-400 -206,0,-400 -200,0,-400 -194,0,-400 -187,0,-400 -181,0,-400 -175,0,-400 -169,0,-400 -162,0,-400 -156,0,-400 -150,0,-400 -144,0,-400 -137,0,-400 -131,0,-400 -125,0,-400 -119,0,-400 -112,0,-400 -106,0,-400 -100,0,-400 -94,0,-400 -87,0,-400 -81,0,-400 -75,0,-400 -69,0,-400 -62,0,-400 -56,0,-400 -50,0,-400 -44,0,-400 -37,0,-400 -31,0,-400 -25,0,-400 -19,0,-400 -12,0,-400 -6,0,-400 0,0,-400 6,0,-400 13,0,-400 19,0,-400 25,0,-400 31,0,-400 38,0,-400 44,0,-400 50,0,-400 56,0,-400 63,0,-400 69,0,-400 75,0,-400 81,0,-400 88,0,-400 94,0,-400 100,0,-400 106,0,-400 113,0,-400 119,0,-400 125,0,-400 131,0,-400 138,0,-400 144,0,-400 150,0,-400 156,0,-400 163,0,-400 169,0,-400 175,0,-400 181,0,-400 188,0,-400 194,0,-400 200,0,-400 206,0,-400 213,0,-400 219,0,-400 225,0,-400 231,0,-400 238,0,-400 244,0,-400 250,0,-400 256,0,-400 263,0,-400 269,0,-400 275,0,-400 281,0,-400 288,0,-400 294,0,-400 300,0,-400 306,0,-400 313,0,-400 319,0,-400 325,0,-400 331,0,-400 338,0,-400 344,0,-400 350,0,-400 356,0,-400 363,0,-400 369,0,-400 375,0,-400 381,0,-400 387,0,-400 394,0,-400 400,0,-400 406,0,-400 412,0,-400 419,0,-400 425,0,-400 431,0,-400 437,0,-400 444,0,-400 450,0,-400 456,0,-400 462,0,-400 469,0,-400 475,0,-400 481,0,-400 487,0,-400 494,0,-400 500,0,-400 506,0,-400 512,0,-400 519,0,-400 525,0,-400 531,0,-400 537,0,-400 544,0,-400 550,0,-400 556,0,-400 562,0,-400 569,0,-400 575,0,-400 581,0,-400 587,0,-400 594,0,-400 600,0,-400 606,0,-400 612,0,-400 619,0,-400 625,0,-400 631,0,-400 637,0,-400 644,0,-400 650,0,-400 656,0,-400 662,0,-400 669,0,-400 675,0,-400 681,0,-400 687,0,-400 694,0,-400 700,0,-400 706,0,-400 712,0,-400 719,0,-400 725,0,-400 731,0,-400 737,0,-400 744,0,-400 750,0,-400 756,0,-400 762,0,-400 769,0,-400 775,0,-400 781,0,-400 787,0,-400 794,0,-400 800,0,-400
mouvement 4d83ee0977d55ec7ebd2f1cbcba06bb9 [centre] -800,0,-200 -794,0,-200 -787,0,-200 -781,0,-200 -774,0,-200 -768,0,-200 -761,0,-200 -755,0,-200 -748,0,-200 -742,0,-200 -735,0,-200 -729,0,-200 -723,0,-200 -716,0,-200 -710,0,-200 -703,0,-199 -697,0,-199 -690,0,-199 -684,0,-199 -677,0,-199 -671,0,-199 -664,0,-199 -658,0,-198 -652,0,-198 -645,0,-198 -639,0,-198 -632,0,-197 -626,0,-197 -619,0,-197 -613,0,-196 -606,0,-196 -600,0,-196 -594,0,-195 -587,0,-195 -581,0,-194 -574,0,-194 -568,0,-193 -561,0,-193 -555,0,-192 -549,0,-192 -542,0,-191 -536,0,-190 -529,0,-189 -523,0,-189 -516,0,-188 -510,0,-187 -504,0,-186 -497,0,-185 -491,0,-185 -484,0,-184 -478,0,-183 -472,0,-182 -465,0,-180 -459,0,-179 -453,0,-178 -446,0,-177 -440,0,-176 -434,0,-175 -427,0,-173 -421,0,-172 -415,0,-171 -408,0,-169 -402,0,-168 -396,0,-166 -390,0,-165 -383,0,-163 -377,0,-161 -371,0,-160 -365,0,-158 -358,0,-156 -352,0,-154 -346,0,-153 -340,0,-151 -334,0,-149 -328,0,-147 -321,0,-145 -315,0,-143 -309,0,-141 -303,0,-138 -297,0,-136 -291,0,-134 -285,0,-131 -279,0,-129 -273,0,-127 -267,0,-124 -261,0,-122 -255,0,-119 -249,0,-117 -243,0,-114 -238,0,-111 -232,0,-108 -226,0,-106 -220,0,-103 -214,0,-100 -209,0,-97 -203,0,-94 -197,0,-91 -192,0,-88 -186,0,-85 -180,0,-81 -175,0,-78 -169,0,-75 -164,0,-71 -158,0,-68 -153,0,-65 -147,0,-61 -142,0,-58 -137,0,-54 -131,0,-50 -126,0,-47 -121,0,-43 -115,0,-39 -110,0,-35 -105,0,-31 -100,0,-28 -95,0,-24 -90,0,-20 -85,0,-16 -80,0,-11 -75,0,-7 -70,0,-3 -65,0,1 -60,0,5 -55,0,10 -51,0,14 -46,0,19 -41,0,23 -37,0,28 -32,0,32 -28,0,37 -23,0,41 -19,0,46 -14,0,51 -10,0,55 -5,0,60 -1,0,65 3,0,70 7,0,75 11,0,80 16,0,85 20,0,90 24,0,95 28,0,100 31,0,105 35,0,110 39,0,115 43,0,121 47,0,126 50,0,131 54,0,137 58,0,142 61,0,147 65,0,153 68,0,158 71,0,164 75,0,169 78,0,175 81,0,180 85,0,186 88,0,192 91,0,197 94,0,203 97,0,209 100,0,214 103,0,220 106,0,226 108,0,232 111,0,238 114,0,243 117,0,249 119,0,255 122,0,261 124,0,267 127,0,273 129,0,279 131,0,285 134,0,291 136,0,297 138,0,303 141,0,309 143,0,315 145,0,321 147,0,328 149,0,334 151,0,340 153,0,346 154,0,352 156,0,358 158,0,365 160,0,371 161,0,377 163,0,383 165,0,390 166,0,396 168,0,402 169,0,408 171,0,415 172,0,421 173,0,427 175,0,434 176,0,440 177,0,446 178,0,453 179,0,459 180,0,465 182,0,472 183,0,478 184,0,484 185,0,491 185,0,497 186,0,504 187,0,510 188,0,516 189,0,523 189,0,529 190,0,536 191,0,542 192,0,549 192,0,555 193,0,561 193,0,568 194,0,574 194,0,581 195,0,587 195,0,594 196,0,600 196,0,606 196,0,613 197,0,619 197,0,626 197,0,632 198,0,639 198,0,645 198,0,652 198,0,658 199,0,664 199,0,671 199,0,677 199,0,684 199,0,690 199,0,697 199,0,703 200,0,710 200,0,716 200,0,723 200,0,729 200,0,735 200,0,742 200,0,748 200,0,755 200,0,761 200,0,768 200,0,774 200,0,781 200,0,787 200,0,794 200,0,800
mouvement 4d83ee0977d55ec7ebd2f1cbcba06bb9 [bord gauche] -800,0,0 -794,0,0 -787,0,0 -781,0,0 -774,0,0 -768,0,0 -762,0,0 -756,0,0 -749,0,0 -743,0,0 -737,0,0 -731,0,0 -725,0,0 -718,0,0 -712,0,0 -706,0,0 -700,0,1 -694,0,1 -688,0,1 -682,0,1 -676,0,1 -670,0,1 -665,0,1 -659,0,2 -653,0,2 -647,0,2 -641,0,2 -635,0,3 -630,0,3 -624,0,3 -618,0,4 -613,0,4 -607,0,4 -601,0,5 -596,0,5 -590,0,6 -585,0,6 -579,0,6 -574,0,7 -568,0,8 -563,0,8 -557,0,9 -552,0,9 -546,0,10 -541,0,11 -536,0,11 -530,0,12 -525,0,13 -520,0,13 -514,0,14 -509,0,15 -504,0,16 -499,0,17 -494,0,18 -488,0,19 -483,0,19 -478,0,20 -473,0,21 -468,0,22 -463,0,24 -458,0,25 -453,0,26 -448,0,27 -443,0,28 -438,0,29 -433,0,31 -428,0,32 -423,0,33 -419,0,35 -414,0,36 -409,0,37 -404,0,39 -399,0,40 -395,0,42 -390,0,43 -385,0,45 -381,0,46 -376,0,48 -371,0,50 -367,0,51 -362,0,53 -358,0,55 -353,0,57 -349,0,58 -344,0,60 -340,0,62 -335,0,64 -331,0,66 -327,0,68 -322,0,70 -318,0,72 -314,0,74 -309,0,76 -305,0,78 -301,0,81 -297,0,83 -293,0,85 -288,0,87 -284,0,90 -280,0,92 -276,0,94 -272,0,97 -268,0,99 -264,0,102 -260,0,104 -256,0,107 -252,0,109 -248,0,112 -245,0,114 -241,0,117 -237,0,120 -233,0,122 -229,0,125 -226,0,128 -222,0,131 -218,0,134 -215,0,137 -211,0,139 -208,0,142 -204,0,145 -201,0,148 -197,0,151 -194,0,154 -190,0,158 -187,0,161 -183,0,164 -180,0,167 -177,0,170 -173,0,173 -170,0,177 -167,0,180 -164,0,183 -161,0,187 -158,0,190 -154,0,194 -151,0,197 -148,0,201 -145,0,204 -142,0,208 -139,0,211 -137,0,215 -134,0,218 -131,0,222 -128,0,226 -125,0,229 -122,0,233 -120,0,237 -117,0,241 -114,0,245 -112,0,248 -109,0,252 -107,0,256 -104,0,260 -102,0,264 -99,0,268 -97,0,272 -94,0,276 -92,0,280 -90,0,284 -87,0,288 -85,0,293 -83,0,297 -81,0,301 -78,0,305 -76,0,309 -74,0,314 -72,0,318 -70,0,322 -68,0,327 -66,0,331 -64,0,335 -62,0,340 -60,0,344 -58,0,349 -57,0,353 -55,0,358 -53,0,362 -51,0,367 -50,0,371 -48,0,376 -46,0,381 -45,0,385 -43,0,390 -42,0,395 -40,0,399 -39,0,404 -37,0,409 -36,0,414 -35,0,419 -33,0,423 -32,0,428 -31,0,433 -29,0,438 -28,0,443 -27,0,448 -26,0,453 -25,0,458 -24,0,463 -22,0,468 -21,0,473 -20,0,478 -19,0,483 -19,0,488 -18,0,494 -17,0,499 -16,0,504 -15,0,509 -14,0,514 -13,0,520 -13,0,525 -12,0,530 -11,0,536 -11,0,541 -10,0,546 -9,0,552 -9,0,557 -8,0,563 -8,0,568 -7,0,574 -6,0,579 -6,0,585 -6,0,590 -5,0,596 -5,0,601 -4,0,607 -4,0,613 -4,0,618 -3,0,624 -3,0,630 -3,0,635 -2,0,641 -2,0,647 -2,0,653 -2,0,659 -1,0,665 -1,0,670 -1,0,676 -1,0,682 -1,0,688 -1,0,694 -1,0,700 0,0,706 0,0,712 0,0,718 0,0,725 0,0,731 0,0,737 0,0,743 0,0,749 0,0,756 0,0,762 0,0,768 0,0,774 0,0,781 0,0,787 0,0,794 0,0,800
mouvement 4d83ee0977d55ec7ebd2f1cbcba06bb9 [bord droit] -800,0,-400 -794,0,-400 -787,0,-400 -781,0,-400 -774,0,-400 -767,0,-400 -761,0,-400 -754,0,-400 -747,0,-400 -741,0,-400 -734,0,-400 -727,0,-400 -721,0,-400 -714,0,-400 -707,0,-400 -700,0,-399 -693,0,-399 -686,0,-399 -679,0,-399 -672,0,-399 -665,0,-399 -658,0,-399 -651,0,-398 -644,0,-398 -637,0,-398 -630,0,-398 -623,0,-397 -616,0,-397 -609,0,-397 -602,0,-396 -594,0,-396 -587,0,-395 -580,0,-395 -573,0,-394 -566,0,-394 -558,0,-393 -551,0,-393 -544,0,-392 -536,0,-391 -529,0,-391 -522,0,-390 -514,0,-389 -507,0,-388 -499,0,-387 -492,0,-386 -484,0,-386 -477,0,-385 -469,0,-383 -462,0,-382 -454,0,-381 -447,0,-380 -439,0,-379 -432,0,-378 -424,0,-376 -417,0,-375 -409,0,-374 -402,0,-372 -394,0,-371 -386,0,-369 -379,0,-368 -371,0,-366 -364,0,-364 -356,0,-362 -349,0,-361 -341,0,-359 -333,0,-357 -326,0,-355 -318,0,-353 -311,0,-351 -303,0,-348 -295,0,-346 -288,0,-344 -280,0,-342 -273,0,-339 -265,0,-337 -257,0,-334 -250,0,-332 -242,0,-329 -235,0,-326 -227,0,-324 -220,0,-321 -212,0,-318 -205,0,-315 -197,0,-312 -190,0,-309 -182,0,-306 -175,0,-302 -168,0,-299 -160,0,-296 -153,0,-292 -145,0,-289 -138,0,-285 -131,0,-282 -124,0,-278 -116,0,-274 -109,0,-270 -102,0,-267 -95,0,-263 -88,0,-259 -80,0,-255 -73,0,-250 -66,0,-246 -59,0,-242 -52,0,-238 -45,0,-233 -38,0,-229 -31,0,-224 -25,0,-220 -18,0,-215 -11,0,-210 -4,0,-206 2,0,-201 9,0,-196 16,0,-191 22,0,-186 29,0,-181 35,0,-176 42,0,-170 48,0,-165 54,0,-160 61,0,-155 67,0,-149 73,0,-144 79,0,-138 85,0,-132 92,0,-127 98,0,-121 103,0,-115 109,0,-109 115,0,-103 121,0,-98 127,0,-92 132,0,-85 138,0,-79 144,0,-73 149,0,-67 155,0,-61 160,0,-54 165,0,-48 170,0,-42 176,0,-35 181,0,-29 186,0,-22 191,0,-16 196,0,-9 201,0,-2 206,0,4 210,0,11 215,0,18 220,0,25 224,0,31 229,0,38 233,0,45 238,0,52 242,0,59 246,0,66 250,0,73 255,0,80 259,0,88 263,0,95 267,0,102 270,0,109 274,0,116 278,0,124 282,0,131 285,0,138 289,0,145 292,0,153 296,0,160 299,0,168 302,0,175 306,0,182 309,0,190 312,0,197 315,0,205 318,0,212 321,0,220 324,0,227 326,0,235 329,0,242 332,0,250 334,0,257 337,0,265 339,0,273 342,0,280 344,0,288 346,0,295 348,0,303 351,0,311 353,0,318 355,0,326 357,0,333 359,0,341 361,0,349 362,0,356 364,0,364 366,0,371 368,0,379 369,0,386 371,0,394 372,0,402 374,0,409 375,0,417 376,0,424 378,0,432 379,0,439 380,0,447 381,0,454 382,0,462 383,0,469 385,0,477 386,0,484 386,0,492 387,0,499 388,0,507 389,0,514 390,0,522 391,0,529 391,0,536 392,0,544 393,0,551 393,0,558 394,0,566 394,0,573 395,0,580 395,0,587 396,0,594 396,0,602 397,0,609 397,0,616 397,0,623 398,0,630 398,0,637 398,0,644 398,0,651 399,0,658 399,0,665 399,0,672 399,0,679 399,0,686 399,0,693 399,0,700 400,0,707 400,0,714 400,0,721 400,0,727 400,0,734 400,0,741 400,0,747 400,0,754 400,0,761 400,0,767 400,0,774 400,0,781 400,0,787 400,0,794 400,0,800
mouvement 4382a19b7bef5cf02cd29cab54e15c82 [centre] 200,0,-800 200,0,-796 200,0,-792 200,0,-788 200,0,-785 200,0,-781 200,0,-777 200,0,-773 200,0,-769 200,0,-765 200,0,-761 200,0,-757 200,0,-754 200,0,-750 200,0,-746 200,0,-742 200,0,-738 200,0,-734 201,0,-730 201,0,-726 201,0,-723 201,0,-719 201,0,-715 201,0,-711 201,0,-707 201,0,-703 202,0,-699 202,0,-695 202,0,-692 202,0,-688 202,0,-684 203,0,-680 203,0,-676 203,0,-672 203,0,-668 204,0,-665 204,0,-661 204,0,-657 205,0,-653 205,0,-649 205,0,-645 206,0,-641 206,0,-638 207,0,-634 207,0,-630 208,0,-626 208,0,-622 209,0,-618 209,0,-615 210,0,-611 210,0,-607 211,0,-603 212,0,-599 212,0,-595 213,0,-592 214,0,-588 214,0,-584 215,0,-580 216,0,-576 217,0,-573 218,0,-569 218,0,-565 219,0,-561 220,0,-557 221,0,-554 222,0,-550 223,0,-546 224,0,-542 225,0,-539 226,0,-535 227,0,-531 228,0,-528 230,0,-524 231,0,-520 232,0,-517 233,0,-513 234,0,-509 236,0,-506 237,0,-502 238,0,-498 240,0,-495 241,0,-491 243,0,-487 244,0,-484 245,0,-480 247,0,-477 249,0,-473 250,0,-470 252,0,-466 253,0,-463 255,0,-459 257,0,-456 258,0,-452 260,0,-449 262,0,-445 264,0,-442 266,0,-438 267,0,-435 269,0,-432 271,0,-428 273,0,-425 275,0,-422 277,0,-418 279,0,-415 281,0,-412 283,0,-408 285,0,-405 288,0,-402 290,0,-399 292,0,-396 294,0,-392 296,0,-389 299,0,-386 301,0,-383 303,0,-380 306,0,-377 308,0,-374 311,0,-371 313,0,-368 316,0,-365 318,0,-362 321,0,-359 323,0,-356 326,0,-353 328,0,-350 331,0,-348 334,0,-345 337,0,-342 339,0,-339 342,0,-337 345,0,-334 348,0,-331 350,0,-328 353,0,-326 356,0,-323 359,0,-321 362,0,-318 365,0,-316 368,0,-313 371,0,-311 374,0,-308 377,0,-306 380,0,-303 383,0,-301 386,0,-299 389,0,-296 392,0,-294 396,0,-292 399,0,-290 402,0,-288 405,0,-285 408,0,-283 412,0,-281 415,0,-279 418,0,-277 422,0,-275 425,0,-273 428,0,-271 432,0,-269 435,0,-267 438,0,-266 442,0,-264 445,0,-262 449,0,-260 452,0,-258 456,0,-257 459,0,-255 463,0,-253 466,0,-252 470,0,-250 473,0,-249 477,0,-247 480,0,-245 484,0,-244 487,0,-243 491,0,-241 495,0,-240 498,0,-238 502,0,-237 506,0,-236 509,0,-234 513,0,-233 517,0,-232 520,0,-231 524,0,-230 528,0,-228 531,0,-227 535,0,-226 539,0,-225 542,0,-224 546,0,-223 550,0,-222 554,0,-221 557,0,-220 561,0,-219 565,0,-218 569,0,-218 573,0,-217 576,0,-216 580,0,-215 584,0,-214 588,0,-214 592,0,-213 595,0,-212 599,0,-212 603,0,-211 607,0,-210 611,0,-210 615,0,-209 618,0,-209 622,0,-208 626,0,-208 630,0,-207 634,0,-207 638,0,-206 641,0,-206 645,0,-205 649,0,-205 653,0,-205 657,0,-204 661,0,-204 665,0,-204 668,0,-203 672,0,-203 676,0,-203 680,0,-203 684,0,-202 688,0,-202 692,0,-202 695,0,-202 699,0,-202 703,0,-201 707,0,-201 711,0,-201 715,0,-201 719,0,-201 723,0,-201 726,0,-201 730,0,-201 734,0,-200 738,0,-200 742,0,-200 746,0,-200 750,0,-200 754,0,-200 757,0,-200 761,0,-200 765,0,-200 769,0,-200 773,0,-200 777,0,-200 781,0,-200 785,0,-200 788,0,-200 792,0,-200 796,0,-200 800,0,-200
mouvement 4382a19b7bef5cf02cd29cab54e15c82 [bord gauche] 0,0,-800 0,0,-796 0,0,-792 0,0,-788 0,0,-784 0,0,-780 0,0,-776 0,0,-772 0,0,-768 0,0,-764 0,0,-760 0,0,-756 0,0,-752 0,0,-747 0,0,-743 0,0,-739 0,0,-735 0,0,-730 1,0,-726 1,0,-721 1,0,-717 1,0,-713 1,0,-708 1,0,-704 1,0,-699 2,0,-695 2,0,-690 2,0,-686 2,0,-681 2,0,-677 3,0,-672 3,0,-667 3,0,-663 4,0,-658 4,0,-653 4,0,-649 5,0,-644 5,0,-639 6,0,-634 6,0,-629 7,0,-625 7,0,-620 8,0,-615 8,0,-610 9,0,-605 9,0,-600 10,0,-595 11,0,-591 11,0,-586 12,0,-581 13,0,-576 14,0,-571 15,0,-566 15,0,-561 16,0,-556 17,0,-551 18,0,-546 19,0,-541 20,0,-536 21,0,-531 22,0,-525 24,0,-520 25,0,-515 26,0,-510 27,0,-505 28,0,-500 30,0,-495 31,0,-490 33,0,-485 34,0,-480 36,0,-474 37,0,-469 39,0,-464 40,0,-459 42,0,-454 44,0,-449 45,0,-444 47,0,-439 49,0,-434 51,0,-428 53,0,-423 55,0,-418 57,0,-413 59,0,-408 61,0,-403 63,0,-398 65,0,-393 68,0,-388 70,0,-383 72,0,-378 75,0,-373 77,0,-368 79,0,-363 82,0,-358 84,0,-353 87,0,-348 90,0,-343 92,0,-338 95,0,-333 98,0,-328 101,0,-323 104,0,-319 107,0,-314 110,0,-309 113,0,-304 116,0,-299 119,0,-295 122,0,-290 125,0,-285 128,0,-281 132,0,-276 135,0,-271 138,0,-267 142,0,-262 145,0,-258 149,0,-253 152,0,-249 156,0,-244 159,0,-240 163,0,-236 167,0,-231 170,0,-227 174,0,-223 178,0,-218 182,0,-214 186,0,-210 190,0,-206 194,0,-202 198,0,-198 202,0,-194 206,0,-190 210,0,-186 214,0,-182 218,0,-178 223,0,-174 227,0,-170 231,0,-167 236,0,-163 240,0,-159 244,0,-156 249,0,-152 253,0,-149 258,0,-145 262,0,-142 267,0,-138 271,0,-135 276,0,-132 281,0,-128 285,0,-125 290,0,-122 295,0,-119 299,0,-116 304,0,-113 309,0,-110 314,0,-107 319,0,-104 323,0,-101 328,0,-98 333,0,-95 338,0,-92 343,0,-90 348,0,-87 353,0,-84 358,0,-82 363,0,-79 368,0,-77 373,0,-75 378,0,-72 383,0,-70 388,0,-68 393,0,-65 398,0,-63 403,0,-61 408,0,-59 413,0,-57 418,0,-55 423,0,-53 428,0,-51 434,0,-49 439,0,-47 444,0,-45 449,0,-44 454,0,-42 459,0,-40 464,0,-39 469,0,-37 474,0,-36 480,0,-34 485,0,-33 490,0,-31 495,0,-30 500,0,-28 505,0,-27 510,0,-26 515,0,-25 520,0,-24 525,0,-22 531,0,-21 536,0,-20 541,0,-19 546,0,-18 551,0,-17 556,0,-16 561,0,-15 566,0,-15 571,0,-14 576,0,-13 581,0,-12 586,0,-11 591,0,-11 595,0,-10 600,0,-9 605,0,-9 610,0,-8 615,0,-8 620,0,-7 625,0,-7 629,0,-6 634,0,-6 639,0,-5 644,0,-5 649,0,-4 653,0,-4 658,0,-4 663,0,-3 667,0,-3 672,0,-3 677,0,-2 681,0,-2 686,0,-2 690,0,-2 695,0,-2 699,0,-1 704,0,-1 708,0,-1 713,0,-1 717,0,-1 721,0,-1 726,0,-1 730,0,0 735,0,0 739,0,0 743,0,0 747,0,0 752,0,0 756,0,0 760,0,0 764,0,0 768,0,0 772,0,0 776,0,0 780,0,0 784,0,0 788,0,0 792,0,0 796,0,0 800,0,0
mouvement 4382a19b7bef5cf02cd29cab54e15c82 [bord droit] 400,0,-800 400,0,-796 400,0,-792 400,0,-789 400,0,-785 400,0,-781 400,0,-777 400,0,-774 400,0,-770 400,0,-766 400,0,-763 400,0,-759 400,0,-756 400,0,-752 400,0,-748 400,0,-745 400,0,-742 400,0,-738 400,0,-735 401,0,-731 401,0,-728 401,0,-725 401,0,-721 401,0,-718 401,0,-715 401,0,-712 401,0,-708 401,0,-705 402,0,-702 402,0,-699 402,0,-696 402,0,-693 402,0,-690 403,0,-687 403,0,-684 403,0,-681 403,0,-678 404,0,-675 404,0,-672 404,0,-669 404,0,-666 405,0,-663 405,0,-660 405,0,-657 406,0,-654 406,0,-652 406,0,-649 407,0,-646 407,0,-643 408,0,-641 408,0,-638 408,0,-635 409,0,-633 409,0,-630 410,0,-627 410,0,-625 411,0,-622 411,0,-620 412,0,-617 412,0,-615 413,0,-612 413,0,-610 414,0,-607 415,0,-605 415,0,-602 416,0,-600 416,0,-598 417,0,-595 418,0,-593 418,0,-590 419,0,-588 420,0,-586 420,0,-584 421,0,-581 422,0,-579 423,0,-577 423,0,-575 424,0,-572 425,0,-570 426,0,-568 427,0,-566 427,0,-564 428,0,-562 429,0,-560 430,0,-557 431,0,-555 432,0,-553 433,0,-551 434,0,-549 434,0,-547 435,0,-545 436,0,-543 437,0,-541 438,0,-539 439,0,-537 440,0,-536 441,0,-534 442,0,-532 443,0,-530 444,0,-528 446,0,-526 447,0,-524 448,0,-523 449,0,-521 450,0,-519 451,0,-517 452,0,-516 453,0,-514 455,0,-512 456,0,-510 457,0,-509 458,0,-507 459,0,-505 461,0,-504 462,0,-502 463,0,-500 464,0,-499 466,0,-497 467,0,-496 468,0,-494 470,0,-493 471,0,-491 472,0,-490 474,0,-488 475,0,-487 476,0,-485 478,0,-484 479,0,-482 481,0,-481 482,0,-479 484,0,-478 485,0,-476 487,0,-475 488,0,-474 490,0,-472 491,0,-471 493,0,-470 494,0,-468 496,0,-467 497,0,-466 499,0,-464 500,0,-463 502,0,-462 504,0,-461 505,0,-459 507,0,-458 509,0,-457 510,0,-456 512,0,-455 514,0,-453 516,0,-452 517,0,-451 519,0,-450 521,0,-449 523,0,-448 524,0,-447 526,0,-446 528,0,-444 530,0,-443 532,0,-442 534,0,-441 536,0,-440 537,0,-439 539,0,-438 541,0,-437 543,0,-436 545,0,-435 547,0,-434 549,0,-434 551,0,-433 553,0,-432 555,0,-431 557,0,-430 560,0,-429 562,0,-428 564,0,-427 566,0,-427 568,0,-426 570,0,-425 572,0,-424 575,0,-423 577,0,-423 579,0,-422 581,0,-421 584,0,-420 586,0,-420 588,0,-419 590,0,-418 593,0,-418 595,0,-417 598,0,-416 600,0,-416 602,0,-415 605,0,-415 607,0,-414 610,0,-413 612,0,-413 615,0,-412 617,0,-412 620,0,-411 622,0,-411 625,0,-410 627,0,-410 630,0,-409 633,0,-409 635,0,-408 638,0,-408 641,0,-408 643,0,-407 646,0,-407 649,0,-406 652,0,-406 654,0,-406 657,0,-405 660,0,-405 663,0,-405 666,0,-404 669,0,-404 672,0,-404 675,0,-404 678,0,-403 681,0,-403 684,0,-403 687,0,-403 690,0,-402 693,0,-402 696,0,-402 699,0,-402 702,0,-402 705,0,-401 708,0,-401 712,0,-401 715,0,-401 718,0,-401 721,0,-401 725,0,-401 728,0,-401 731,0,-401 735,0,-400 738,0,-400 742,0,-400 745,0,-400 748,0,-400 752,0,-400 756,0,-400 759,0,-400 763,0,-400 766,0,-400 770,0,-400 774,0,-400 777,0,-400 781,0,-400 785,0,-400 789,0,-400 792,0,-400 796,0,-400 800,0,-400
mouvement 455bb22fbae5a3833e564372b5f1d7a0 [centre] 200,0,-800 200,0,-794 200,0,-788 200,0,-781 200,0,-775 200,0,-769 200,0,-763 200,0,-756 200,0,-750 200,0,-744 200,0,-738 200,0,-731 200,0,-725 200,0,-719 200,0,-713 200,0,-706 200,0,-700 200,0,-694 200,0,-688 200,0,-681 200,0,-675 200,0,-669 200,0,-663 200,0,-656 200,0,-650 200,0,-644 200,0,-638 200,0,-631 200,0,-625 200,0,-619 200,0,-613 200,0,-606 200,0,-600 200,0,-594 200,0,-588 200,0,-581 200,0,-575 200,0,-569 200,0,-563 200,0,-556 200,0,-550 200,0,-544 200,0,-538 200,0,-531 200,0,-525 200,0,-519 200,0,-513 200,0,-506 200,0,-500 200,0,-494 200,0,-488 200,0,-481 200,0,-475 200,0,-469 200,0,-463 200,0,-456 200,0,-450 200,0,-444 200,0,-438 200,0,-431 200,0,-425 200,0,-419 200,0,-413 200,0,-406 200,0,-400 200,0,-394 200,0,-388 200,0,-381 200,0,-375 200,0,-369 200,0,-363 200,0,-356 200,0,-350 200,0,-344 200,0,-338 200,0,-331 200,0,-325 200,0,-319 200,0,-313 200,0,-306 200,0,-300 200,0,-294 200,0,-288 200,0,-281 200,0,-275 200,0,-269 200,0,-263 200,0,-256 200,0,-250 200,0,-244 200,0,-238 200,0,-231 200,0,-225 200,0,-219 200,0,-213 200,0,-206 200,0,-200 200,0,-194 200,0,-188 200,0,-181 200,0,-175 200,0,-169 200,0,-163 200,0,-156 200,0,-150 200,0,-144 200,0,-138 200,0,-131 200,0,-125 200,0,-119 200,0,-113 200,0,-106 200,0,-100 200,0,-94 200,0,-88 200,0,-81 200,0,-75 200,0,-69 200,0,-63 200,0,-56 200,0,-50 200,0,-44 200,0,-38 200,0,-31 200,0,-25 200,0,-19 200,0,-13 200,0,-6 200,0,0 200,0,6 200,0,13 200,0,19 200,0,25 200,0,31 200,0,38 200,0,44 200,0,50 200,0,56 200,0,63 200,0,69 200,0,75 200,0,81 200,0,88 200,0,94 200,0,100 200,0,106 200,0,113 200,0,119 200,0,125 200,0,131 200,0,138 200,0,144 200,0,150 200,0,156 200,0,163 200,0,169 200,0,175 200,0,181 200,0,188 200,0,194 200,0,200 200,0,206 200,0,213 200,0,219 200,0,225 200,0,231 200,0,238 200,0,244 200,0,250 200,0,256 200,0,263 200,0,269 200,0,275 200,0,281 200,0,288 200,0,294 200,0,300 200,0,306 200,0,313 200,0,319 200,0,325 200,0,331 200,0,338 200,0,344 200,0,350 200,0,356 200,0,363 200,0,369 200,0,375 200,0,381 200,0,388 200,0,394 200,0,400 200,0,406 200,0,413 200,0,419 200,0,425 200,0,431 200,0,438 200,0,444 200,0,450 200,0,456 200,0,463 200,0,469 200,0,475 200,0,481 200,0,488 200,0,494 200,0,500 200,0,506 200,0,513 200,0,519 200,0,525 200,0,531 200,0,538 200,0,544 200,0,550 200,0,556 200,0,563 200,0,569 200,0,575 200,0,581 200,0,588 200,0,594 200,0,600 200,0,606 200,0,613 200,0,619 200,0,625 200,0,631 200,0,638 200,0,644 200,0,650 200,0,656 200,0,663 200,0,669 200,0,675 200,0,681 200,0,688 200,0,694 200,0,700 200,0,706 200,0,713 200,0,719 200,0,725 200,0,731 200,0,738 200,0,744 200,0,750 200,0,756 200,0,763 200,0,769 200,0,775 200,0,781 200,0,788 200,0,794 200,0,800
mouvement 455bb22fbae5a3833e564372b5f1d7a0 [bord gauche] 0,0,-800 0,0,-794 0,0,-788 0,0,-781 0,0,-775 0,0,-769 0,0,-763 0,0,-756 0,0,-750 0,0,-744 0,0,-738 0,0,-731 0,0,-725 0,0,-719 0,0,-713 0,0,-706 0,0,-700 0,0,-694 0,0,-688 0,0,-681 0,0,-675 0,0,-669 0,0,-663 0,0,-656 0,0,-650 0,0,-644 0,0,-638 0,0,-631 0,0,-625 0,0,-619 0,0,-613 0,0,-606 0,0,-600 0,0,-594 0,0,-588 0,0,-581 0,0,-575 0,0,-569 0,0,-563 0,0,-556 0,0,-550 0,0,-544 0,0,-538 0,0,-531 0,0,-525 0,0,-519 0,0,-513 0,0,-506 0,0,-500 0,0,-494 0,0,-488 0,0,-481 0,0,-475 0,0,-469 0,0,-463 0,0,-456 0,0,-450 0,0,-444 0,0,-438 0,0,-431 0,0,-425 0,0,-419 0,0,-413 0,0,-406 0,0,-400 0,0,-394 0,0,-388 0,0,-381 0,0,-375 0,0,-369 0,0,-363 0,0,-356 0,0,-350 0,0,-344 0,0,-338 0,0,-331 0,0,-325 0,0,-319 0,0,-313 0,0,-306 0,0,-300 0,0,-294 0,0,-288 0,0,-281 0,0,-275 0,0,-269 0,0,-263 0,0,-256 0,0,-250 0,0,-244 0,0,-238 0,0,-231 0,0,-225 0,0,-219 0,0,-213 0,0,-206 0,0,-200 0,0,-194 0,0,-188 0,0,-181 0,0,-175 0,0,-169 0,0,-163 0,0,-156 0,0,-150 0,0,-144 0,0,-138 0,0,-131 0,0,-125 0,0,-119 0,0,-113 0,0,-106 0,0,-100 0,0,-94 0,0,-88 0,0,-81 0,0,-75 0,0,-69 0,0,-63 0,0,-56 0,0,-50 0,0,-44 0,0,-38 0,0,-31 0,0,-25 0,0,-19 0,0,-13 0,0,-6 0,0,0 0,0,6 0,0,13 0,0,19 0,0,25 0,0,31 0,0,38 0,0,44 0,0,50 0,0,56 0,0,63 0,0,69 0,0,75 0,0,81 0,0,88 0,0,94 0,0,100 0,0,106 0,0,113 0,0,119 0,0,125 0,0,131 0,0,138 0,0,144 0,0,150 0,0,156 0,0,163 0,0,169 0,0,175 0,0,181 0,0,188 0,0,194 0,0,200 0,0,206 0,0,213 0,0,219 0,0,225 0,0,231 0,0,238 0,0,244 0,0,250 0,0,256 0,0,263 0,0,269 0,0,275 0,0,281 0,0,288 0,0,294 0,0,300 0,0,306 0,0,313 0,0,319 0,0,325 0,0,331 0,0,338 0,0,344 0,0,350 0,0,356 0,0,363 0,0,369 0,0,375 0,0,381 0,0,388 0,0,394 0,0,400 0,0,406 0,0,413 0,0,419 0,0,425 0,0,431 0,0,438 0,0,444 0,0,450 0,0,456 0,0,463 0,0,469 0,0,475 0,0,481 0,0,488 0,0,494 0,0,500 0,0,506 0,0,513 0,0,519 0,0,525 0,0,531 0,0,538 0,0,544 0,0,550 0,0,556 0,0,563 0,0,569 0,0,575 0,0,581 0,0,588 0,0,594 0,0,600 0,0,606 0,0,613 0,0,619 0,0,625 0,0,631 0,0,638 0,0,644 0,0,650 0,0,656 0,0,663 0,0,669 0,0,675 0,0,681 0,0,688 0,0,694 0,0,700 0,0,706 0,0,713 0,0,719 0,0,725 0,0,731 0,0,738 0,0,744 0,0,750 0,0,756 0,0,763 0,0,769 0,0,775 0,0,781 0,0,788 0,0,794 0,0,800
mouvement 455bb22fbae5a3833e564372b5f1d7a0 [bord droit] 400,0,-800 400,0,-794 400,0,-788 400,0,-781 400,0,-775 400,0,-769 400,0,-763 400,0,-756 400,0,-750 400,0,-744 400,0,-738 400,0,-731 400,0,-725 400,0,-719 400,0,-713 400,0,-706 400,0,-700 400,0,-694 400,0,-688 400,0,-681 400,0,-675 400,0,-669 400,0,-663 400,0,-656 400,0,-650 400,0,-644 400,0,-638 400,0,-631 400,0,-625 400,0,-619 400,0,-613 400,0,-606 400,0,-600 400,0,-594 400,0,-588 400,0,-581 400,0,-575 400,0,-569 400,0,-563 400,0,-556 400,0,-550 400,0,-544 400,0,-538 400,0,-531 400,0,-525 400,0,-519 400,0,-513 400,0,-506 400,0,-500 400,0,-494 400,0,-488 400,0,-481 400,0,-475 400,0,-469 400,0,-463 400,0,-456 400,0,-450 400,0,-444 400,0,-438 400,0,-431 400,0,-425 400,0,-419 400,0,-413 400,0,-406 400,0,-400 400,0,-394 400,0,-388 400,0,-381 400,0,-375 400,0,-369 400,0,-363 400,0,-356 400,0,-350 400,0,-344 400,0,-338 400,0,-331 400,0,-325 400,0,-319 400,0,-313 400,0,-306 400,0,-300 400,0,-294 400,0,-288 400,0,-281 400,0,-275 400,0,-269 400,0,-263 400,0,-256 400,0,-250 400,0,-244 400,0,-238 400,0,-231 400,0,-225 400,0,-219 400,0,-213 400,0,-206 400,0,-200 400,0,-194 400,0,-188 400,0,-181 400,0,-175 400,0,-169 400,0,-163 400,0,-156 400,0,-150 400,0,-144 400,0,-138 400,0,-131 400,0,-125 400,0,-119 400,0,-113 400,0,-106 400,0,-100 400,0,-94 400,0,-88 400,0,-81 400,0,-75 400,0,-69 400,0,-63 400,0,-56 400,0,-50 400,0,-44 400,0,-38 400,0,-31 400,0,-25 400,0,-19 400,0,-13 400,0,-6 400,0,0 400,0,6 400,0,13 400,0,19 400,0,25 400,0,31 400,0,38 400,0,44 400,0,50 400,0,56 400,0,63 400,0,69 400,0,75 400,0,81 400,0,88 400,0,94 400,0,100 400,0,106 400,0,113 400,0,119 400,0,125 400,0,131 400,0,138 400,0,144 400,0,150 400,0,156 400,0,163 400,0,169 400,0,175 400,0,181 400,0,188 400,0,194 400,0,200 400,0,206 400,0,213 400,0,219 400,0,225 400,0,231 400,0,238 400,0,244 400,0,250 400,0,256 400,0,263 400,0,269 400,0,275 400,0,281 400,0,288 400,0,294 400,0,300 400,0,306 400,0,313 400,0,319 400,0,325 400,0,331 400,0,338 400,0,344 400,0,350 400,0,356 400,0,363 400,0,369 400,0,375 400,0,381 400,0,388 400,0,394 400,0,400 400,0,406 400,0,413 400,0,419 400,0,425 400,0,431 400,0,438 400,0,444 400,0,450 400,0,456 400,0,463 400,0,469 400,0,475 400,0,481 400,0,488 400,0,494 400,0,500 400,0,506 400,0,513 400,0,519 400,0,525 400,0,531 400,0,538 400,0,544 400,0,550 400,0,556 400,0,563 400,0,569 400,0,575 400,0,581 400,0,588 400,0,594 400,0,600 400,0,606 400,0,613 400,0,619 400,0,625 400,0,631 400,0,638 400,0,644 400,0,650 400,0,656 400,0,663 400,0,669 400,0,675 400,0,681 400,0,688 400,0,694 400,0,700 400,0,706 400,0,713 400,0,719 400,0,725 400,0,731 400,0,738 400,0,744 400,0,750 400,0,756 400,0,763 400,0,769 400,0,775 400,0,781 400,0,788 400,0,794 400,0,800
mouvement 4c6997b98ac692f6bd24a50f86009eb3 [centre] 200,0,-800 200,0,-794 200,0,-787 200,0,-781 200,0,-774 200,0,-768 200,0,-761 200,0,-755 200,0,-748 200,0,-742 200,0,-735 200,0,-729 200,0,-723 200,0,-716 200,0,-710 199,0,-703 199,0,-697 199,0,-690 199,0,-684 199,0,-677 199,0,-671 199,0,-664 198,0,-658 198,0,-652 198,0,-645 198,0,-639 197,0,-632 197,0,-626 197,0,-619 196,0,-613 196,0,-606 196,0,-600 195,0,-594 195,0,-587 194,0,-581 194,0,-574 193,0,-568 193,0,-561 192,0,-555 192,0,-549 191,0,-542 190,0,-536 189,0,-529 189,0,-523 188,0,-516 187,0,-510 186,0,-504 185,0,-497 185,0,-491 184,0,-484 183,0,-478 182,0,-472 180,0,-465 179,0,-459 178,0,-453 177,0,-446 176,0,-440 175,0,-434 173,0,-427 172,0,-421 171,0,-415 169,0,-408 168,0,-402 166,0,-396 165,0,-390 163,0,-383 161,0,-377 160,0,-371 158,0,-365 156,0,-358 154,0,-352 153,0,-346 151,0,-340 149,0,-334 147,0,-328 145,0,-321 143,0,-315 141,0,-309 138,0,-303 136,0,-297 134,0,-291 131,0,-285 129,0,-279 127,0,-273 124,0,-267 122,0,-261 119,0,-255 117,0,-249 114,0,-243 111,0,-238 108,0,-232 106,0,-226 103,0,-220 100,0,-214 97,0,-209 94,0,-203 91,0,-197 88,0,-192 85,0,-186 81,0,-180 78,0,-175 75,0,-169 71,0,-164 68,0,-158 65,0,-153 61,0,-147 58,0,-142 54,0,-137 50,0,-131 47,0,-126 43,0,-121 39,0,-115 35,0,-110 31,0,-105 28,0,-100 24,0,-95 20,0,-90 16,0,-85 11,0,-80 7,0,-75 3,0,-70 -1,0,-65 -5,0,-60 -10,0,-55 -14,0,-51 -19,0,-46 -23,0,-41 -28,0,-37 -32,0,-32 -37,0,-28 -41,0,-23 -46,0,-19 -51,0,-14 -55,0,-10 -60,0,-5 -65,0,-1 -70,0,3 -75,0,7 -80,0,11 -85,0,16 -90,0,20 -95,0,24 -100,0,28 -105,0,31 -110,0,35 -115,0,39 -121,0,43 -126,0,47 -131,0,50 -137,0,54 -142,0,58 -147,0,61 -153,0,65 -158,0,68 -164,0,71 -169,0,75 -175,0,78 -180,0,81 -186,0,85 -192,0,88 -197,0,91 -203,0,94 -209,0,97 -214,0,100 -220,0,103 -226,0,106 -232,0,108 -238,0,111 -243,0,114 -249,0,117 -255,0,119 -261,0,122 -267,0,124 -273,0,127 -279,0,129 -285,0,131 -291,0,134 -297,0,136 -303,0,138 -309,0,141 -315,0,143 -321,0,145 -328,0,147 -334,0,149 -340,0,151 -346,0,153 -352,0,154 -358,0,156 -365,0,158 -371,0,160 -377,0,161 -383,0,163 -390,0,165 -396,0,166 -402,0,168 -408,0,169 -415,0,171 -421,0,172 -427,0,173 -434,0,175 -440,0,176 -446,0,177 -453,0,178 -459,0,179 -465,0,180 -472,0,182 -478,0,183 -484,0,184 -491,0,185 -497,0,185 -504,0,186 -510,0,187 -516,0,188 -523,0,189 -529,0,189 -536,0,190 -542,0,191 -549,0,192 -555,0,192 -561,0,193 -568,0,193 -574,0,194 -581,0,194 -587,0,195 -594,0,195 -600,0,196 -606,0,196 -613,0,196 -619,0,197 -626,0,197 -632,0,197 -639,0,198 -645,0,198 -652,0,198 -658,0,198 -664,0,199 -671,0,199 -677,0,199 -684,0,199 -690,0,199 -697,0,199 -703,0,199 -710,0,200 -716,0,200 -723,0,200 -729,0,200 -735,0,200 -742,0,200 -748,0,200 -755,0,200 -761,0,200 -768,0,200 -774,0,200 -781,0,200 -787,0,200 -794,0,200 -800,0,200
mouvement 4c6997b98ac692f6bd24a50f86009eb3 [bord gauche] 0,0,-800 0,0,-794 0,0,-787 0,0,-781 0,0,-774 0,0,-768 0,0,-762 0,0,-756 0,0,-749 0,0,-743 0,0,-737 0,0,-731 0,0,-725 0,0,-718 0,0,-712 0,0,-706 -1,0,-700 -1,0,-694 -1,0,-688 -1,0,-682 -1,0,-676 -1,0,-670 -1,0,-665 -2,0,-659 -2,0,-653 -2,0,-647 -2,0,-641 -3,0,-635 -3,0,-630 -3,0,-624 -4,0,-618 -4,0,-613 -4,0,-607 -5,0,-601 -5,0,-596 -6,0,-590 -6,0,-585 -6,0,-579 -7,0,-574 -8,0,-568 -8,0,-563 -9,0,-557 -9,0,-552 -10,0,-546 -11,0,-541 -11,0,-536 -12,0,-530 -13,0,-525 -13,0,-520 -14,0,-514 -15,0,-509 -16,0,-504 -17,0,-499 -18,0,-494 -19,0,-488 -19,0,-483 -20,0,-478 -21,0,-473 -22,0,-468 -24,0,-463 -25,0,-458 -26,0,-453 -27,0,-448 -28,0,-443 -29,0,-438 -31,0,-433 -32,0,-428 -33,0,-423 -35,0,-419 -36,0,-414 -37,0,-409 -39,0,-404 -40,0,-399 -42,0,-395 -43,0,-390 -45,0,-385 -46,0,-381 -48,0,-376 -50,0,-371 -51,0,-367 -53,0,-362 -55,0,-358 -57,0,-353 -58,0,-349 -60,0,-344 -62,0,-340 -64,0,-335 -66,0,-331 -68,0,-327 -70,0,-322 -72,0,-318 -74,0,-314 -76,0,-309 -78,0,-305 -81,0,-301 -83,0,-297 -85,0,-293 -87,0,-288 -90,0,-284 -92,0,-280 -94,0,-276 -97,0,-272 -99,0,-268 -102,0,-264 -104,0,-260 -107,0,-256 -109,0,-252 -112,0,-248 -114,0,-245 -117,0,-241 -120,0,-237 -122,0,-233 -125,0,-229 -128,0,-226 -131,0,-222 -134,0,-218 -137,0,-215 -139,0,-211 -142,0,-208 -145,0,-204 -148,0,-201 -151,0,-197 -154,0,-194 -158,0,-190 -161,0,-187 -164,0,-183 -167,0,-180 -170,0,-177 -173,0,-173 -177,0,-170 -180,0,-167 -183,0,-164 -187,0,-161 -190,0,-158 -194,0,-154 -197,0,-151 -201,0,-148 -204,0,-145 -208,0,-142 -211,0,-139 -215,0,-137 -218,0,-134 -222,0,-131 -226,0,-128 -229,0,-125 -233,0,-122 -237,0,-120 -241,0,-117 -245,0,-114 -248,0,-112 -252,0,-109 -256,0,-107 -260,0,-104 -264,0,-102 -268,0,-99 -272,0,-97 -276,0,-94 -280,0,-92 -284,0,-90 -288,0,-87 -293,0,-85 -297,0,-83 -301,0,-81 -305,0,-78 -309,0,-76 -314,0,-74 -318,0,-72 -322,0,-70 -327,0,-68 -331,0,-66 -335,0,-64 -340,0,-62 -344,0,-60 -349,0,-58 -353,0,-57 -358,0,-55 -362,0,-53 -367,0,-51 -371,0,-50 -376,0,-48 -381,0,-46 -385,0,-45 -390,0,-43 -395,0,-42 -399,0,-40 -404,0,-39 -409,0,-37 -414,0,-36 -419,0,-35 -423,0,-33 -428,0,-32 -433,0,-31 -438,0,-29 -443,0,-28 -448,0,-27 -453,0,-26 -458,0,-25 -463,0,-24 -468,0,-22 -473,0,-21 -478,0,-20 -483,0,-19 -488,0,-19 -494,0,-18 -499,0,-17 -504,0,-16 -509,0,-15 -514,0,-14 -520,0,-13 -525,0,-13 -530,0,-12 -536,0,-11 -541,0,-11 -546,0,-10 -552,0,-9 -557,0,-9 -563,0,-8 -568,0,-8 -574,0,-7 -579,0,-6 -585,0,-6 -590,0,-6 -596,0,-5 -601,0,-5 -607,0,-4 -613,0,-4 -618,0,-4 -624,0,-3 -630,0,-3 -635,0,-3 -641,0,-2 -647,0,-2 -653,0,-2 -659,0,-2 -665,0,-1 -670,0,-1 -676,0,-1 -682,0,-1 -688,0,-1 -694,0,-1 -700,0,-1 -706,0,0 -712,0,0 -718,0,0 -725,0,0 -731,0,0 -737,0,0 -743,0,0 -749,0,0 -756,0,0 -762,0,0 -768,0,0 -774,0,0 -781,0,0 -787,0,0 -794,0,0 -800,0,0
mouvement 4c6997b98ac692f6bd24a50f86009eb3 [bord droit] 400,0,-800 400,0,-794 400,0,-787 400,0,-781 400,0,-774 400,0,-767 400,0,-761 400,0,-754 400,0,-747 400,0,-741 400,0,-734 400,0,-727 400,0,-721 400,0,-714 400,0,-707 399,0,-700 399,0,-693 399,0,-686 399,0,-679 399,0,-672 399,0,-665 399,0,-658 398,0,-651 398,0,-644 398,0,-637 398,0,-630 397,0,-623 397,0,-616 397,0,-609 396,0,-602 396,0,-594 395,0,-587 395,0,-580 394,0,-573 394,0,-566 393,0,-558 393,0,-551 392,0,-544 391,0,-536 391,0,-529 390,0,-522 389,0,-514 388,0,-507 387,0,-499 386,0,-492 386,0,-484 385,0,-477 383,0,-469 382,0,-462 381,0,-454 380,0,-447 379,0,-439 378,0,-432 376,0,-424 375,0,-417 374,0,-409 372,0,-402 371,0,-394 369,0,-386 368,0,-379 366,0,-371 364,0,-364 362,0,-356 361,0,-349 359,0,-341 357,0,-333 355,0,-326 353,0,-318 351,0,-311 348,0,-303 346,0,-295 344,0,-288 342,0,-280 339,0,-273 337,0,-265 334,0,-257 332,0,-250 329,0,-242 326,0,-235 324,0,-227 321,0,-220 318,0,-212 315,0,-205 312,0,-197 309,0,-190 306,0,-182 302,0,-175 299,0,-168 296,0,-160 292,0,-153 289,0,-145 285,0,-138 282,0,-131 278,0,-124 274,0,-116 270,0,-109 267,0,-102 263,0,-95 259,0,-88 255,0,-80 250,0,-73 246,0,-66 242,0,-59 238,0,-52 233,0,-45 229,0,-38 224,0,-31 220,0,-25 215,0,-18 210,0,-11 206,0,-4 201,0,2 196,0,9 191,0,16 186,0,22 181,0,29 176,0,35 170,0,42 165,0,48 160,0,54 155,0,61 149,0,67 144,0,73 138,0,79 132,0,85 127,0,92 121,0,98 115,0,103 109,0,109 103,0,115 98,0,121 92,0,127 85,0,132 79,0,138 73,0,144 67,0,149 61,0,155 54,0,160 48,0,165 42,0,170 35,0,176 29,0,181 22,0,186 16,0,191 9,0,196 2,0,201 -4,0,206 -11,0,210 -18,0,215 -25,0,220 -31,0,224 -38,0,229 -45,0,233 -52,0,238 -59,0,242 -66,0,246 -73,0,250 -80,0,255 -88,0,259 -95,0,263 -102,0,267 -109,0,270 -116,0,274 -124,0,278 -131,0,282 -138,0,285 -145,0,289 -153,0,292 -160,0,296 -168,0,299 -175,0,302 -182,0,306 -190,0,309 -197,0,312 -205,0,315 -212,0,318 -220,0,321 -227,0,324 -235,0,326 -242,0,329 -250,0,332 -257,0,334 -265,0,337 -273,0,339 -280,0,342 -288,0,344 -295,0,346 -303,0,348 -311,0,351 -318,0,353 -326,0,355 -333,0,357 -341,0,359 -349,0,361 -356,0,362 -364,0,364 -371,0,366 -379,0,368 -386,0,369 -394,0,371 -402,0,372 -409,0,374 -417,0,375 -424,0,376 -432,0,378 -439,0,379 -447,0,380 -454,0,381 -462,0,382 -469,0,383 -477,0,385 -484,0,386 -492,0,386 -499,0,387 -507,0,388 -514,0,389 -522,0,390 -529,0,391 -536,0,391 -544,0,392 -551,0,393 -558,0,393 -566,0,394 -573,0,394 -580,0,395 -587,0,395 -594,0,396 -602,0,396 -609,0,397 -616,0,397 -623,0,397 -630,0,398 -637,0,398 -644,0,398 -651,0,398 -658,0,399 -665,0,399 -672,0,399 -679,0,399 -686,0,399 -693,0,399 -700,0,399 -707,0,400 -714,0,400 -721,0,400 -727,0,400 -734,0,400 -741,0,400 -747,0,400 -754,0,400 -761,0,400 -767,0,400 -774,0,400 -781,0,400 -787,0,400 -794,0,400 -800,0,400
zone 4037740c6f0de354c5000388516f6185 [414c99412444a4a56b97dd36be51b593 x 4e79b375e3de7f6e7949c5ce0ad4e993] 473,0,474 ; 919,245,919
zone 4065d99bf14d8ee4c3e42099de20fa89 [4b0942d72a850d61b60bc3e8a6a52384 x 4d54e6de5a6bbf4d1eb20f8ed5a40cb2] -282,0,-589 ; 554,245,804
zone 41143c56ca46d5c88f92b78870868c87 [410eb197d612c9963b40e6d1b7fe15bf x 4d83ee0977d55ec7ebd2f1cbcba06bb9] -213,0,280 ; 658,245,1113
zone 4147689d782f388b4c54ff1a77e72ca5 [455bb22fbae5a3833e564372b5f1d7a0 x 4bcc0e116de75d2480ac6c52948e3996] -42,0,760 ; 487,245,632
zone 415e54e20484285ef32cb5ede00b61ae [4ac23ecbf80f11d7feda468178247ab4 x 4f7e560ced3c5a4bfbf14942df76f198] 0,0,0 ; 1392,245,446
zone 417f3abf3c05390e7a87ecfd98a6a481 [4382a19b7bef5cf02cd29cab54e15c82 x 4ac23ecbf80f11d7feda468178247ab4] 760,0,-42 ; 632,245,487
zone 421fede006aa2f42e5a6fd0002a6d696 [414c99412444a4a56b97dd36be51b593 x 4382a19b7bef5cf02cd29cab54e15c82] 589,0,-282 ; 804,245,554
zone 42665e8c1aa6739044cecc21fb9f79be [414c99412444a4a56b97dd36be51b593 x 4d83ee0977d55ec7ebd2f1cbcba06bb9] 0,0,519 ; 673,245,873
zone 434cfd5ad42d31287fd0fc4be036f3b3 [455bb22fbae5a3833e564372b5f1d7a0 x 4b0942d72a850d61b60bc3e8a6a52384] -42,0,-760 ; 487,245,632
zone 448d024c97cec79a916b160742727798 [414c99412444a4a56b97dd36be51b593 x 4c6997b98ac692f6bd24a50f86009eb3] 0,0,0 ; 841,137,841
zone 44eb41658994bf0d068556234e7c7491 [4b0942d72a850d61b60bc3e8a6a52384 x 4c6997b98ac692f6bd24a50f86009eb3] -473,0,-474 ; 919,245,919
zone 44ef4e39ca0ade7338fc8feec0f429be [4bcc0e116de75d2480ac6c52948e3996 x 4c6997b98ac692f6bd24a50f86009eb3] -589,0,282 ; 804,245,554
zone 4505708aa91fbff05b77dbe422d6e1b5 [4ac23ecbf80f11d7feda468178247ab4 x 4b0942d72a850d61b60bc3e8a6a52384] -760,0,-42 ; 632,245,487
zone 452cc0b3f8ae471194e7907f1351d3ad [4ac23ecbf80f11d7feda468178247ab4 x 4d83ee0977d55ec7ebd2f1cbcba06bb9] -280,0,213 ; 1113,245,658
zone 454750014c7f7da3a45a39cb6189b982 [4382a19b7bef5cf02cd29cab54e15c82 x 4e79b375e3de7f6e7949c5ce0ad4e993] 760,0,0 ; 632,245,529
zone 45a0180046cf5cfca98979d7fcd8828a [4ac23ecbf80f11d7feda468178247ab4 x 4bcc0e116de75d2480ac6c52948e3996] -502,0,418 ; 891,245,463
zone 45f30575f87cd3d65d78177ee3c66d85 [455bb22fbae5a3833e564372b5f1d7a0 x 4f7e560ced3c5a4bfbf14942df76f198] 200,0,-200 ; 658,136,658
zone 45f53e49188f42e47576c9788d6c899b [4382a19b7bef5cf02cd29cab54e15c82 x 4d54e6de5a6bbf4d1eb20f8ed5a40cb2] 473,0,-473 ; 919,245,919
zone 4645efe76bbc8c5cda09e53a759b85b9 [414c99412444a4a56b97dd36be51b593 x 4d54e6de5a6bbf4d1eb20f8ed5a40cb2] 519,0,0 ; 873,245,673
zone 46987262dd6fe1111a00229ab6c9d8ab [410eb197d612c9963b40e6d1b7fe15bf x 4f7e560ced3c5a4bfbf14942df76f198] -200,0,-200 ; 658,136,658
zone 47153008967b6178e0b67b3b0dd7a289 [4e79b375e3de7f6e7949c5ce0ad4e993 x 4f7e560ced3c5a4bfbf14942df76f198] 760,0,42 ; 632,245,487
zone 47c31dcb178dc8692f142c61851d9cb7 [414c99412444a4a56b97dd36be51b593 x 4f7e560ced3c5a4bfbf14942df76f198] 392,0,28 ; 1000,245,474
zone 488452c23f729a6d1d1f9aa582c2bf8f [4ac23ecbf80f11d7feda468178247ab4 x 4c6997b98ac692f6bd24a50f86009eb3] -392,0,-28 ; 1000,245,474
zone 490e9e2ea4bef88bf4a8ee14433a429b [414c99412444a4a56b97dd36be51b593 x 455bb22fbae5a3833e564372b5f1d7a0] 213,0,280 ; 658,245,1113
zone 49340dcf8a92884fb95006b2ec095381 [4c6997b98ac692f6bd24a50f86009eb3 x 4d54e6de5a6bbf4d1eb20f8ed5a40cb2] 0,0,-519 ; 673,245,873
zone 4987ba61c57809e24605d2648053e29e [455bb22fbae5a3833e564372b5f1d7a0 x 4d83ee0977d55ec7ebd2f1cbcba06bb9] -28,0,392 ; 474,245,1000
zone 49a2893231955267ed28fd25ded38ba0 [455bb22fbae5a3833e564372b5f1d7a0 x 4e79b375e3de7f6e7949c5ce0ad4e993] 418,0,502 ; 463,245,891
zone 49c2d7c1095d014dcd2e9707187a5d9e [455bb22fbae5a3833e564372b5f1d7a0 x 4ac23ecbf80f11d7feda468178247ab4] 200,0,200 ; 658,136,658
zone 4a4ed5b2470adc5ba3350df9cc85768e [4bcc0e116de75d2480ac6c52948e3996 x 4d83ee0977d55ec7ebd2f1cbcba06bb9] -473,0,473 ; 919,245,919
zone 4a6c823b85b757d2f3505c8789aa528c [4d54e6de5a6bbf4d1eb20f8ed5a40cb2 x 4f7e560ced3c5a4bfbf14942df76f198] 280,0,-213 ; 1113,245,658
zone 4a73e9da4c0ce92c90703379e30d7b9f [4bcc0e116de75d2480ac6c52948e3996 x 4f7e560ced3c5a4bfbf14942df76f198] -760,0,42 ; 632,245,487
zone 4a8d1f62800182ac0fade27255a39190 [410eb197d612c9963b40e6d1b7fe15bf x 455bb22fbae5a3833e564372b5f1d7a0] 0,0,0 ; 445,245,1393
zone 4ac63be5d9fb0655462900ee2188a088 [414c99412444a4a56b97dd36be51b593 x 4ac23ecbf80f11d7feda468178247ab4] 280,0,213 ; 1113,245,658
zone 4aeb5f7d500459bab9a69a74b6996994 [410eb197d612c9963b40e6d1b7fe15bf x 4d54e6de5a6bbf4d1eb20f8ed5a40cb2] 28,0,-392 ; 474,245,1000
zone 4b168164d6d552a9e382264821c7dcbe [410eb197d612c9963b40e6d1b7fe15bf x 4c6997b98ac692f6bd24a50f86009eb3] -213,0,-280 ; 658,245,1113
zone 4b29ef3394ffa2df90a10e235b95a59c [4b0942d72a850d61b60bc3e8a6a52384 x 4bcc0e116de75d2480ac6c52948e3996] -760,0,0 ; 632,245,529
zone 4b4cb6b3d76549de0935338e2b66aea9 [4c6997b98ac692f6bd24a50f86009eb3 x 4f7e560ced3c5a4bfbf14942df76f198] -280,0,-213 ; 1113,245,658
zone 4bb1ec8d6203ad58929013286d06278b [410eb197d612c9963b40e6d1b7fe15bf x 4382a19b7bef5cf02cd29cab54e15c82] 42,0,-760 ; 487,245,632
zone 4c05c15b5871449b27880b4c5c1f2e92 [410eb197d612c9963b40e6d1b7fe15bf x 4e79b375e3de7f6e7949c5ce0ad4e993] 42,0,760 ; 487,245,632
zone 4c20416c36051baa4edfb294cd6e169b [4d83ee0977d55ec7ebd2f1cbcba06bb9 x 4e79b375e3de7f6e7949c5ce0ad4e993] 282,0,589 ; 554,245,804
zone 4c3054544ab019cafa18a48c279614b0 [4d54e6de5a6bbf4d1eb20f8ed5a40cb2 x 4d83ee0977d55ec7ebd2f1cbcba06bb9] 0,0,0 ; 841,137,841
zone 4c31ad754ca8b25911fbb0f12ca04f90 [410eb197d612c9963b40e6d1b7fe15bf x 4b0942d72a850d61b60bc3e8a6a52384] -418,0,-502 ; 463,245,891
zone 4c9b462c1b8587eb241406b3a9d11683 [4c6997b98ac692f6bd24a50f86009eb3 x 4d83ee0977d55ec7ebd2f1cbcba06bb9] -519,0,0 ; 873,245,673
zone 4cb4ca66e2b91ace8ba4ce3150bf3ebb [4382a19b7bef5cf02cd29cab54e15c82 x 4f7e560ced3c5a4bfbf14942df76f198] 502,0,-418 ; 891,245,463
zone 4d643d916a884b3c1233a665b66d89bc [4bcc0e116de75d2480ac6c52948e3996 x 4e79b375e3de7f6e7949c5ce0ad4e993] 0,0,760 ; 529,245,632
zone 4d99e930a4f47c2ed260aed77cac1f8d [455bb22fbae5a3833e564372b5f1d7a0 x 4d54e6de5a6bbf4d1eb20f8ed5a40cb2] 213,0,-280 ; 658,245,1113
zone 4f93788f6768a9c8d22bd432fff01490 [4382a19b7bef5cf02cd29cab54e15c82 x 4b0942d72a850d61b60bc3e8a6a52384] 0,0,-760 ; 529,245,632
zone 4fade05dfa8725d21db5702002aa4ca3 [410eb197d612c9963b40e6d1b7fe15bf x 4ac23ecbf80f11d7feda468178247ab4] -200,0,200 ; 658,136,658
controle 413075398038b1e09d306528753f6b9e [Uncontrolled, approche 45daa67f26d456b653f543a16ea6dba5, 3 mouvements] 800,0,200
controle 4575f7c642af9766e86aebffaec3cfb3 [Uncontrolled, approche 44d95c53b9c058de55da54065eed7882, 3 mouvements] 200,0,-800
controle 48bec7b12bfc173be79c7ff6dc888e82 [Uncontrolled, approche 48c833c71f68abef819cb5a36c99208f, 3 mouvements] -800,0,-200
controle 4b0592bd1e8ddf114991c13fb4632285 [Uncontrolled, approche 4680aaa6ee1678ef03909266658047b6, 3 mouvements] -200,0,800

instance GlobalObjectId_V1-2-ee081d5cbff641bb9dd499b4f13a8d62-7270336988349436968-1227312198 Ring_North_West (RoadSegment)
corridor 4516fd525d5bf0205cb47b0093ab0794 [centre] -800,0,3400 -1600,0,3400 -2150,0,3400
corridor 4516fd525d5bf0205cb47b0093ab0794 [bord gauche] -800,0,3200 -1600,0,3200 -2150,0,3200
corridor 4516fd525d5bf0205cb47b0093ab0794 [bord droit] -800,0,3600 -1600,0,3600 -2150,0,3600
corridor 47de8d1a8e71016a20b301b8a86852a5 [centre] -2150,0,3000 -1600,0,3000 -800,0,3000
corridor 47de8d1a8e71016a20b301b8a86852a5 [bord gauche] -2150,0,3200 -1600,0,3200 -800,0,3200
corridor 47de8d1a8e71016a20b301b8a86852a5 [bord droit] -2150,0,2800 -1600,0,2800 -800,0,2800

instance GlobalObjectId_V1-2-ee081d5cbff641bb9dd499b4f13a8d62-7270336988349436968-1335115730 Ring_East_North (RoadSegment)
corridor 4970addfd3bf6360c8191bf0f3eeafb7 [centre] 3000,0,2150 3000,0,1600 3000,0,800
corridor 4970addfd3bf6360c8191bf0f3eeafb7 [bord gauche] 3200,0,2150 3200,0,1600 3200,0,800
corridor 4970addfd3bf6360c8191bf0f3eeafb7 [bord droit] 2800,0,2150 2800,0,1600 2800,0,800
corridor 4ae5e1290d8b815bcb8f509e915fef89 [centre] 3400,0,800 3400,0,1600 3400,0,2150
corridor 4ae5e1290d8b815bcb8f509e915fef89 [bord gauche] 3200,0,800 3200,0,1600 3200,0,2150
corridor 4ae5e1290d8b815bcb8f509e915fef89 [bord droit] 3600,0,800 3600,0,1600 3600,0,2150

instance GlobalObjectId_V1-2-ee081d5cbff641bb9dd499b4f13a8d62-7270336988349436968-1375911139 Ring_East_South (RoadSegment)
corridor 4eb54bbcb45c5ab91993e545746f24a9 [centre] 3000,0,-800 3000,0,-1600 3000,0,-2150
corridor 4eb54bbcb45c5ab91993e545746f24a9 [bord gauche] 3200,0,-800 3200,0,-1600 3200,0,-2150
corridor 4eb54bbcb45c5ab91993e545746f24a9 [bord droit] 2800,0,-800 2800,0,-1600 2800,0,-2150
corridor 4bc735b758e931a2e6a2faa6a7cf198b [centre] 3400,0,-2150 3400,0,-1600 3400,0,-800
corridor 4bc735b758e931a2e6a2faa6a7cf198b [bord gauche] 3200,0,-2150 3200,0,-1600 3200,0,-800
corridor 4bc735b758e931a2e6a2faa6a7cf198b [bord droit] 3600,0,-2150 3600,0,-1600 3600,0,-800

instance GlobalObjectId_V1-2-ee081d5cbff641bb9dd499b4f13a8d62-7270336988349436968-1461432457 Avenue_CenterToNorth (RoadSegment)
corridor 4680aaa6ee1678ef03909266658047b6 [centre] -200,0,2400 -200,0,1600 -200,0,800
corridor 4680aaa6ee1678ef03909266658047b6 [bord gauche] 0,0,2400 0,0,1600 0,0,800
corridor 4680aaa6ee1678ef03909266658047b6 [bord droit] -400,0,2400 -400,0,1600 -400,0,800
corridor 4d56a92042f124db7947938fefa7c7a7 [centre] 200,0,800 200,0,1600 200,0,2400
corridor 4d56a92042f124db7947938fefa7c7a7 [bord gauche] 0,0,800 0,0,1600 0,0,2400
corridor 4d56a92042f124db7947938fefa7c7a7 [bord droit] 400,0,800 400,0,1600 400,0,2400

instance GlobalObjectId_V1-2-ee081d5cbff641bb9dd499b4f13a8d62-7270336988349436968-1516681040 Ring_West_South (RoadSegment)
corridor 40e937a99618cac3ce12d56586514283 [centre] -3400,0,-800 -3400,0,-1600 -3400,0,-2150
corridor 40e937a99618cac3ce12d56586514283 [bord gauche] -3200,0,-800 -3200,0,-1600 -3200,0,-2150
corridor 40e937a99618cac3ce12d56586514283 [bord droit] -3600,0,-800 -3600,0,-1600 -3600,0,-2150
corridor 46b219bca5cdaf1087d30d9622fab0a5 [centre] -3000,0,-2150 -3000,0,-1600 -3000,0,-800
corridor 46b219bca5cdaf1087d30d9622fab0a5 [bord gauche] -3200,0,-2150 -3200,0,-1600 -3200,0,-800
corridor 46b219bca5cdaf1087d30d9622fab0a5 [bord droit] -2800,0,-2150 -2800,0,-1600 -2800,0,-800

instance GlobalObjectId_V1-2-ee081d5cbff641bb9dd499b4f13a8d62-7270336988349436968-1812162174 Avenue_CenterToSouth (RoadSegment)
corridor 42ad3d5187bfa4104bf4917b93ede39e [centre] -200,0,-800 -200,0,-1600 -200,0,-2400
corridor 42ad3d5187bfa4104bf4917b93ede39e [bord gauche] 0,0,-800 0,0,-1600 0,0,-2400
corridor 42ad3d5187bfa4104bf4917b93ede39e [bord droit] -400,0,-800 -400,0,-1600 -400,0,-2400
corridor 44d95c53b9c058de55da54065eed7882 [centre] 200,0,-2400 200,0,-1600 200,0,-800
corridor 44d95c53b9c058de55da54065eed7882 [bord gauche] 0,0,-2400 0,0,-1600 0,0,-800
corridor 44d95c53b9c058de55da54065eed7882 [bord droit] 400,0,-2400 400,0,-1600 400,0,-800

instance GlobalObjectId_V1-2-ee081d5cbff641bb9dd499b4f13a8d62-7270336988349436968-235211969 Ring_South_East (RoadSegment)
corridor 49980393f36fca422e64472c8ccc009c [centre] 2150,0,-3000 1600,0,-3000 800,0,-3000
corridor 49980393f36fca422e64472c8ccc009c [bord gauche] 2150,0,-3200 1600,0,-3200 800,0,-3200
corridor 49980393f36fca422e64472c8ccc009c [bord droit] 2150,0,-2800 1600,0,-2800 800,0,-2800
corridor 4f8c2539b5152e69c8fe4d64939f96b9 [centre] 800,0,-3400 1600,0,-3400 2150,0,-3400
corridor 4f8c2539b5152e69c8fe4d64939f96b9 [bord gauche] 800,0,-3200 1600,0,-3200 2150,0,-3200
corridor 4f8c2539b5152e69c8fe4d64939f96b9 [bord droit] 800,0,-3600 1600,0,-3600 2150,0,-3600

instance GlobalObjectId_V1-2-ee081d5cbff641bb9dd499b4f13a8d62-7270336988349436968-531979442 Avenue_CenterToEast (RoadSegment)
corridor 45daa67f26d456b653f543a16ea6dba5 [centre] 2400,0,200 1600,0,200 800,0,200
corridor 45daa67f26d456b653f543a16ea6dba5 [bord gauche] 2400,0,0 1600,0,0 800,0,0
corridor 45daa67f26d456b653f543a16ea6dba5 [bord droit] 2400,0,400 1600,0,400 800,0,400
corridor 43cf13ae1ef6b701bbcd906cdea7df90 [centre] 800,0,-200 1600,0,-200 2400,0,-200
corridor 43cf13ae1ef6b701bbcd906cdea7df90 [bord gauche] 800,0,0 1600,0,0 2400,0,0
corridor 43cf13ae1ef6b701bbcd906cdea7df90 [bord droit] 800,0,-400 1600,0,-400 2400,0,-400

instance GlobalObjectId_V1-2-ee081d5cbff641bb9dd499b4f13a8d62-7270336988349436968-539479367 Ring_South_West (RoadSegment)
corridor 433f39ba8eeb012212b7d5a05468b09d [centre] -800,0,-3000 -1600,0,-3000 -2150,0,-3000
corridor 433f39ba8eeb012212b7d5a05468b09d [bord gauche] -800,0,-3200 -1600,0,-3200 -2150,0,-3200
corridor 433f39ba8eeb012212b7d5a05468b09d [bord droit] -800,0,-2800 -1600,0,-2800 -2150,0,-2800
corridor 4f4e0f3e7e8b2b6b059a8a6edab2bc90 [centre] -2150,0,-3400 -1600,0,-3400 -800,0,-3400
corridor 4f4e0f3e7e8b2b6b059a8a6edab2bc90 [bord gauche] -2150,0,-3200 -1600,0,-3200 -800,0,-3200
corridor 4f4e0f3e7e8b2b6b059a8a6edab2bc90 [bord droit] -2150,0,-3600 -1600,0,-3600 -800,0,-3600

instance GlobalObjectId_V1-2-ee081d5cbff641bb9dd499b4f13a8d62-7270336988349436968-656642079 Ring_North_East (RoadSegment)
corridor 4bc86d56e68c64ed3454e51566dd43bc [centre] 2150,0,3400 1600,0,3400 800,0,3400
corridor 4bc86d56e68c64ed3454e51566dd43bc [bord gauche] 2150,0,3200 1600,0,3200 800,0,3200
corridor 4bc86d56e68c64ed3454e51566dd43bc [bord droit] 2150,0,3600 1600,0,3600 800,0,3600
corridor 455e4360eac83d9900ad7ea698758890 [centre] 800,0,3000 1600,0,3000 2150,0,3000
corridor 455e4360eac83d9900ad7ea698758890 [bord gauche] 800,0,3200 1600,0,3200 2150,0,3200
corridor 455e4360eac83d9900ad7ea698758890 [bord droit] 800,0,2800 1600,0,2800 2150,0,2800

instance GlobalObjectId_V1-2-ee081d5cbff641bb9dd499b4f13a8d62-7270336988349436968-972045385 Avenue_CenterToWest (RoadSegment)
corridor 4f56ef8aae6bfffcbc337d463dd2fd9f [centre] -800,0,200 -1600,0,200 -2400,0,200
corridor 4f56ef8aae6bfffcbc337d463dd2fd9f [bord gauche] -800,0,0 -1600,0,0 -2400,0,0
corridor 4f56ef8aae6bfffcbc337d463dd2fd9f [bord droit] -800,0,400 -1600,0,400 -2400,0,400
corridor 48c833c71f68abef819cb5a36c99208f [centre] -2400,0,-200 -1600,0,-200 -800,0,-200
corridor 48c833c71f68abef819cb5a36c99208f [bord gauche] -2400,0,0 -1600,0,0 -800,0,0
corridor 48c833c71f68abef819cb5a36c99208f [bord droit] -2400,0,-400 -1600,0,-400 -800,0,-400

instance GlobalObjectId_V1-2-ee081d5cbff641bb9dd499b4f13a8d62-7270336988349436968-981631451 Ring_West_North (RoadSegment)
corridor 4db6ebc158e0dff4369373f117f51690 [centre] -3400,0,2150 -3400,0,1600 -3400,0,800
corridor 4db6ebc158e0dff4369373f117f51690 [bord gauche] -3200,0,2150 -3200,0,1600 -3200,0,800
corridor 4db6ebc158e0dff4369373f117f51690 [bord droit] -3600,0,2150 -3600,0,1600 -3600,0,800
corridor 4d5c15fca8e24f15b1bdf0f0695acebf [centre] -3000,0,800 -3000,0,1600 -3000,0,2150
corridor 4d5c15fca8e24f15b1bdf0f0695acebf [bord gauche] -3200,0,800 -3200,0,1600 -3200,0,2150
corridor 4d5c15fca8e24f15b1bdf0f0695acebf [bord droit] -2800,0,800 -2800,0,1600 -2800,0,2150

instance GlobalObjectId_V1-2-ee081d5cbff641bb9dd499b4f13a8d62-7654237338994223078-1515478495 Roundabout_SouthWest (Roundabout)
corridor 427041528b28cda9499c4ab5aafe0d9c [centre] -3592,0,-2746 -3600,0,-2753 -3608,0,-2760 -3615,0,-2767 -3623,0,-2774 -3630,0,-2782 -3637,0,-2789 -3644,0,-2797 -3651,0,-2804 -3658,0,-2812 -3664,0,-2820 -3671,0,-2828 -3677,0,-2836 -3683,0,-2845 -3689,0,-2853 -3695,0,-2861 -3701,0,-2870 -3707,0,-2879 -3712,0,-2888 -3718,0,-2896 -3723,0,-2905 -3728,0,-2914 -3733,0,-2924 -3737,0,-2933 -3742,0,-2942 -3746,0,-2951 -3750,0,-2961 -3754,0,-2970 -3758,0,-2980 -3762,0,-2990 -3765,0,-2999 -3769,0,-3009 -3772,0,-3019 -3775,0,-3029 -3778,0,-3039 -3781,0,-3049 -3783,0,-3059 -3785,0,-3069 -3788,0,-3079 -3790,0,-3089 -3791,0,-3099 -3793,0,-3109 -3795,0,-3120 -3796,0,-3130 -3797,0,-3140 -3798,0,-3150 -3799,0,-3161 -3799,0,-3171 -3800,0,-3181 -3800,0,-3192 -3800,0,-3202 -3800,0,-3212 -3800,0,-3223 -3799,0,-3233 -3798,0,-3243
corridor 427041528b28cda9499c4ab5aafe0d9c [bord gauche] -3331,0,-3049 -3333,0,-3051 -3336,0,-3053 -3338,0,-3056 -3341,0,-3058 -3343,0,-3061 -3346,0,-3063 -3348,0,-3066 -3350,0,-3068 -3353,0,-3071 -3355,0,-3073 -3357,0,-3076 -3359,0,-3079 -3361,0,-3082 -3363,0,-3084 -3365,0,-3087 -3367,0,-3090 -3369,0,-3093 -3371,0,-3096 -3373,0,-3099 -3374,0,-3102 -3376,0,-3105 -3378,0,-3108 -3379,0,-3111 -3381,0,-3114 -3382,0,-3117 -3383,0,-3120 -3385,0,-3123 -3386,0,-3127 -3387,0,-3130 -3388,0,-3133 -3390,0,-3136 -3391,0,-3140 -3392,0,-3143 -3393,0,-3146 -3394,0,-3150 -3394,0,-3153 -3395,0,-3156 -3396,0,-3160 -3397,0,-3163 -3397,0,-3166 -3398,0,-3170 -3398,0,-3173 -3399,0,-3177 -3399,0,-3180 -3399,0,-3183 -3400,0,-3187 -3400,0,-3190 -3400,0,-3194 -3400,0,-3197 -3400,0,-3201 -3400,0,-3204 -3400,0,-3208 -3400,0,-3211 -3399,0,-3214
corridor 427041528b28cda9499c4ab5aafe0d9c [bord droit] -3854,0,-2444 -3867,0,-2455 -3880,0,-2467 -3892,0,-2478 -3905,0,-2490 -3917,0,-2503 -3929,0,-2515 -3940,0,-2528 -3952,0,-2541 -3963,0,-2554 -3974,0,-2567 -3985,0,-2580 -3995,0,-2594 -4006,0,-2608 -4016,0,-2622 -4026,0,-2636 -4035,0,-2650 -4045,0,-2665 -4054,0,-2679 -4063,0,-2694 -4071,0,-2709 -4079,0,-2724 -4088,0,-2739 -4095,0,-2755 -4103,0,-2770 -4110,0,-2786 -4117,0,-2801 -4124,0,-2817 -4130,0,-2833 -4137,0,-2849 -4142,0,-2866 -4148,0,-2882 -4153,0,-2898 -4158,0,-2915 -4163,0,-2931 -4168,0,-2948 -4172,0,-2965 -4176,0,-2981 -4179,0,-2998 -4183,0,-3015 -4186,0,-3032 -4189,0,-3049 -4191,0,-3066 -4193,0,-3083 -4195,0,-3100 -4197,0,-3117 -4198,0,-3135 -4199,0,-3152 -4200,0,-3169 -4200,0,-3186 -4200,0,-3204 -4200,0,-3221 -4199,0,-3238 -4198,0,-3255 -4197,0,-3272
corridor 41aade042322996080b638a3a86e1088 [centre] -3243,0,-3798 -3233,0,-3799 -3223,0,-3800 -3212,0,-3800 -3202,0,-3800 -3192,0,-3800 -3181,0,-3800 -3171,0,-3799 -3161,0,-3799 -3150,0,-3798 -3140,0,-3797 -3130,0,-3796 -3120,0,-3795 -3109,0,-3793 -3099,0,-3791 -3089,0,-3790 -3079,0,-3788 -3069,0,-3785 -3059,0,-3783 -3049,0,-3781 -3039,0,-3778 -3029,0,-3775 -3019,0,-3772 -3009,0,-3769 -2999,0,-3765 -2990,0,-3762 -2980,0,-3758 -2970,0,-3754 -2961,0,-3750 -2951,0,-3746 -2942,0,-3742 -2933,0,-3737 -2924,0,-3733 -2914,0,-3728 -2905,0,-3723 -2896,0,-3718 -2888,0,-3712 -2879,0,-3707 -2870,0,-3701 -2861,0,-3695 -2853,0,-3689 -2845,0,-3683 -2836,0,-3677 -2828,0,-3671 -2820,0,-3664 -2812,0,-3658 -2804,0,-3651 -2797,0,-3644 -2789,0,-3637 -2782,0,-3630 -2774,0,-3623 -2767,0,-3615 -2760,0,-3608 -2753,0,-3600 -2746,0,-3592
corridor 41aade042322996080b638a3a86e1088 [bord gauche] -3214,0,-3399 -3211,0,-3400 -3208,0,-3400 -3204,0,-3400 -3201,0,-3400 -3197,0,-3400 -3194,0,-3400 -3190,0,-3400 -3187,0,-3400 -3183,0,-3399 -3180,0,-3399 -3177,0,-3399 -3173,0,-3398 -3170,0,-3398 -3166,0,-3397 -3163,0,-3397 -3160,0,-3396 -3156,0,-3395 -3153,0,-3394 -3150,0,-3394 -3146,0,-3393 -3143,0,-3392 -3140,0,-3391 -3136,0,-3390 -3133,0,-3388 -3130,0,-3387 -3127,0,-3386 -3123,0,-3385 -3120,0,-3383 -3117,0,-3382 -3114,0,-3381 -3111,0,-3379 -3108,0,-3378 -3105,0,-3376 -3102,0,-3374 -3099,0,-3373 -3096,0,-3371 -3093,0,-3369 -3090,0,-3367 -3087,0,-3365 -3084,0,-3363 -3082,0,-3361 -3079,0,-3359 -3076,0,-3357 -3073,0,-3355 -3071,0,-3353 -3068,0,-3350 -3066,0,-3348 -3063,0,-3346 -3061,0,-3343 -3058,0,-3341 -3056,0,-3338 -3053,0,-3336 -3051,0,-3333 -3049,0,-3331
corridor 41aade042322996080b638a3a86e1088 [bord droit] -3272,0,-4197 -3255,0,-4198 -3238,0,-4199 -3221,0,-4200 -3204,0,-4200 -3186,0,-4200 -3169,0,-4200 -3152,0,-4199 -3135,0,-4198 -3117,0,-4197 -3100,0,-4195 -3083,0,-4193 -3066,0,-4191 -3049,0,-4189 -3032,0,-4186 -3015,0,-4183 -2998,0,-4179 -2981,0,-4176 -2965,0,-4172 -2948,0,-4168 -2931,0,-4163 -2915,0,-4158 -2898,0,-4153 -2882,0,-4148 -2866,0,-4142 -2849,0,-4137 -2833,0,-4130 -2817,0,-4124 -2801,0,-4117 -2786,0,-4110 -2770,0,-4103 -2755,0,-4095 -2739,0,-4088 -2724,0,-4079 -2709,0,-4071 -2694,0,-4063 -2679,0,-4054 -2665,0,-4045 -2650,0,-4035 -2636,0,-4026 -2622,0,-4016 -2608,0,-4006 -2594,0,-3995 -2580,0,-3985 -2567,0,-3974 -2554,0,-3963 -2541,0,-3952 -2528,0,-3940 -2515,0,-3929 -2503,0,-3917 -2490,0,-3905 -2478,0,-3892 -2467,0,-3880 -2455,0,-3867 -2444,0,-3854
corridor 48e681e799268186449903ef2aa3258f [centre] -2746,0,-2808 -2753,0,-2800 -2759,0,-2793 -2766,0,-2786 -2772,0,-2779 -2779,0,-2772 -2786,0,-2766 -2793,0,-2759 -2800,0,-2753 -2808,0,-2746
corridor 48e681e799268186449903ef2aa3258f [bord gauche] -3049,0,-3069 -3051,0,-3067 -3053,0,-3064 -3055,0,-3062 -3057,0,-3060 -3060,0,-3057 -3062,0,-3055 -3064,0,-3053 -3067,0,-3051 -3069,0,-3049
corridor 48e681e799268186449903ef2aa3258f [bord droit] -2444,0,-2546 -2454,0,-2534 -2465,0,-2522 -2476,0,-2510 -2487,0,-2499 -2499,0,-2487 -2510,0,-2476 -2522,0,-2465 -2534,0,-2454 -2546,0,-2444
frontiere 4c8d26eb6c05c178fc8444e842e07d8c [Roundabout] -3117,0,-3117 ; 1167,400,1167
mouvement 43605e569eb08d6ffe62fa7470d59fa0 [centre] -2150,0,-3000 -2153,0,-3000 -2155,0,-3000 -2158,0,-3000 -2160,0,-3000 -2163,0,-3000 -2165,0,-3000 -2168,0,-3000 -2171,0,-3000 -2173,0,-3000 -2176,0,-3000 -2178,0,-3000 -2181,0,-3000 -2183,0,-3000 -2186,0,-3000 -2189,0,-3000 -2191,0,-3000 -2194,0,-3000 -2196,0,-3000 -2199,0,-3000 -2201,0,-3000 -2204,0,-3000 -2207,0,-3000 -2209,0,-3000 -2212,0,-3000 -2214,0,-3000 -2217,0,-3000 -2219,0,-3000 -2222,0,-3000 -2224,0,-3000 -2227,0,-3000 -2230,0,-3000 -2232,0,-3000 -2235,0,-3000 -2237,0,-3000 -2240,0,-3000 -2242,0,-3000 -2245,0,-3000 -2248,0,-3000 -2250,0,-3000 -2253,0,-3000 -2255,0,-3000 -2258,0,-3000 -2260,0,-3000 -2263,0,-3000 -2265,0,-3000 -2268,0,-3000 -2271,0,-3000 -2273,0,-3000 -2276,0,-3000 -2278,0,-3000 -2281,0,-3000 -2283,0,-3000 -2286,0,-3000 -2288,0,-3000 -2291,0,-3000 -2293,0,-3000 -2296,0,-3000 -2299,0,-3000 -2301,0,-3000 -2304,0,-3000 -2306,0,-3000 -2309,0,-3000 -2311,0,-3000 -2314,0,-3000 -2316,0,-3000 -2319,0,-3000 -2321,0,-3000 -2324,0,-3000 -2327,0,-3000 -2329,0,-3000 -2332,0,-3000 -2334,0,-3000 -2337,0,-3000 -2339,0,-3000 -2342,0,-3000 -2344,0,-3000 -2347,0,-3000 -2349,0,-2999 -2352,0,-2999 -2354,0,-2999 -2357,0,-2999 -2360,0,-2999 -2362,0,-2999 -2365,0,-2999 -2367,0,-2999 -2370,0,-2999 -2372,0,-2998 -2375,0,-2998 -2377,0,-2998 -2380,0,-2998 -2382,0,-2998 -2385,0,-2998 -2387,0,-2998 -2390,0,-2997 -2392,0,-2997 -2395,0,-2997 -2397,0,-2997 -2400,0,-2996 -2403,0,-2996 -2405,0,-2996 -2408,0,-2996 -2410,0,-2996 -2413,0,-2995 -2415,0,-2995 -2418,0,-2995 -2420,0,-2994 -2423,0,-2994 -2425,0,-2994 -2428,0,-2994 -2430,0,-2993 -2433,0,-2993 -2435,0,-2993 -2438,0,-2992 -2440,0,-2992 -2443,0,-2991 -2445,0,-2991 -2448,0,-2991 -2450,0,-2990 -2453,0,-2990 -2455,0,-2989 -2458,0,-2989 -2460,0,-2988 -2463,0,-2988 -2465,0,-2987 -2468,0,-2987 -2470,0,-2986 -2473,0,-2986 -2475,0,-2985 -2478,0,-2985 -2480,0,-2984 -2483,0,-2984 -2485,0,-2983 -2488,0,-2983 -2490,0,-2982 -2493,0,-2981 -2495,0,-2981 -2498,0,-2980 -2500,0,-2979 -2503,0,-2979 -2505,0,-2978 -2508,0,-2977 -2510,0,-2977 -2513,0,-2976 -2515,0,-2975 -2518,0,-2974 -2520,0,-2974 -2522,0,-2973 -2525,0,-2972 -2527,0,-2971 -2530,0,-2970 -2532,0,-2969 -2535,0,-2969 -2537,0,-2968 -2539,0,-2967 -2542,0,-2966 -2544,0,-2965 -2547,0,-2964 -2549,0,-2963 -2551,0,-2962 -2554,0,-2961 -2556,0,-2960 -2559,0,-2959 -2561,0,-2958 -2563,0,-2957 -2566,0,-2956 -2568,0,-2955 -2570,0,-2954 -2573,0,-2953 -2575,0,-2951 -2577,0,-2950 -2580,0,-2949 -2582,0,-2948 -2584,0,-2947 -2587,0,-2946 -2589,0,-2944 -2591,0,-2943 -2594,0,-2942 -2596,0,-2941 -2598,0,-2939 -2600,0,-2938 -2603,0,-2937 -2605,0,-2935 -2607,0,-2934 -2609,0,-2933 -2611,0,-2931 -2614,0,-2930 -2616,0,-2929 -2618,0,-2927 -2620,0,-2926 -2622,0,-2924 -2625,0,-2923 -2627,0,-2921 -2629,0,-2920 -2631,0,-2918 -2633,0,-2917 -2635,0,-2915 -2637,0,-2914 -2639,0,-2912 -2641,0,-2911 -2644,0,-2909 -2646,0,-2908 -2648,0,-2906 -2650,0,-2904 -2652,0,-2903 -2654,0,-2901 -2656,0,-2900 -2658,0,-2898 -2660,0,-2896 -2662,0,-2895 -2664,0,-2893 -2666,0,-2891 -2668,0,-2890 -2670,0,-2888 -2672,0,-2886 -2674,0,-2884 -2675,0,-2883 -2677,0,-2881 -2679,0,-2879 -2681,0,-2877 -2683,0,-2876 -2685,0,-2874 -2687,0,-2872 -2689,0,-2870 -2690,0,-2868 -2692,0,-2867 -2694,0,-2865 -2696,0,-2863 -2698,0,-2861 -2700,0,-2859 -2701,0,-2857 -2703,0,-2855 -2705,0,-2854 -2707,0,-2852 -2709,0,-2850 -2710,0,-2848 -2712,0,-2846 -2714,0,-2844 -2716,0,-2842 -2717,0,-2840 -2719,0,-2838 -2721,0,-2837 -2722,0,-2835 -2724,0,-2833 -2726,0,-2831 -2728,0,-2829 -2729,0,-2827 -2731,0,-2825 -2733,0,-2823 -2734,0,-2821 -2736,0,-2819 -2738,0,-2817 -2739,0,-2815 -2741,0,-2813 -2743,0,-2811 -2744,0,-2809 -2746,0,-2808
mouvement 43605e569eb08d6ffe62fa7470d59fa0 [bord gauche] -2150,0,-3200 -2153,0,-3201 -2155,0,-3202 -2158,0,-3202 -2160,0,-3203 -2163,0,-3204 -2165,0,-3205 -2168,0,-3205 -2170,0,-3206 -2173,0,-3207 -2175,0,-3208 -2178,0,-3209 -2181,0,-3209 -2183,0,-3210 -2186,0,-3211 -2188,0,-3212 -2191,0,-3213 -2193,0,-3213 -2196,0,-3214 -2198,0,-3215 -2201,0,-3216 -2203,0,-3216 -2206,0,-3217 -2208,0,-3218 -2211,0,-3219 -2213,0,-3220 -2216,0,-3220 -2218,0,-3221 -2221,0,-3222 -2223,0,-3223 -2226,0,-3224 -2228,0,-3224 -2231,0,-3225 -2234,0,-3226 -2236,0,-3227 -2239,0,-3228 -2241,0,-3228 -2244,0,-3229 -2246,0,-3230 -2249,0,-3231 -2252,0,-3232 -2254,0,-3232 -2257,0,-3233 -2259,0,-3234 -2262,0,-3235 -2265,0,-3235 -2267,0,-3236 -2270,0,-3237 -2273,0,-3238 -2275,0,-3239 -2278,0,-3239 -2281,0,-3240 -2283,0,-3241 -2286,0,-3242 -2289,0,-3242 -2291,0,-3243 -2294,0,-3244 -2297,0,-3245 -2300,0,-3246 -2303,0,-3246 -2305,0,-3247 -2308,0,-3248 -2311,0,-3249 -2314,0,-3249 -2317,0,-3250 -2319,0,-3251 -2322,0,-3252 -2325,0,-3252 -2328,0,-3253 -2331,0,-3254 -2334,0,-3254 -2337,0,-3255 -2340,0,-3256 -2343,0,-3257 -2346,0,-3257 -2349,0,-3258 -2352,0,-3259 -2355,0,-3259 -2358,0,-3260 -2361,0,-3261 -2364,0,-3261 -2368,0,-3262 -2371,0,-3263 -2374,0,-3263 -2377,0,-3264 -2380,0,-3264 -2384,0,-3265 -2387,0,-3266 -2390,0,-3266 -2393,0,-3267 -2397,0,-3267 -2400,0,-3268 -2403,0,-3269 -2407,0,-3269 -2410,0,-3270 -2414,0,-3270 -2417,0,-3271 -2420,0,-3271 -2424,0,-3272 -2427,0,-3272 -2431,0,-3272 -2435,0,-3273 -2438,0,-3273 -2442,0,-3274 -2445,0,-3274 -2449,0,-3275 -2453,0,-3275 -2456,0,-3275 -2460,0,-3276 -2464,0,-3276 -2468,0,-3276 -2471,0,-3276 -2475,0,-3277 -2479,0,-3277 -2483,0,-3277 -2487,0,-3277 -2490,0,-3278 -2494,0,-3278 -2498,0,-3278 -2502,0,-3278 -2506,0,-3278 -2510,0,-3278 -2514,0,-3278 -2518,0,-3278 -2522,0,-3278 -2526,0,-3278 -2530,0,-3278 -2535,0,-3278 -2539,0,-3278 -2543,0,-3278 -2547,0,-3278 -2551,0,-3278 -2555,0,-3277 -2560,0,-3277 -2564,0,-3277 -2568,0,-3277 -2572,0,-3276 -2577,0,-3276 -2581,0,-3276 -2585,0,-3275 -2590,0,-3275 -2594,0,-3274 -2598,0,-3274 -2603,0,-3274 -2607,0,-3273 -2612,0,-3272 -2616,0,-3272 -2620,0,-3271 -2625,0,-3271 -2629,0,-3270 -2634,0,-3269 -2638,0,-3268 -2643,0,-3268 -2647,0,-3267 -2652,0,-3266 -2656,0,-3265 -2661,0,-3264 -2665,0,-3263 -2670,0,-3262 -2674,0,-3261 -2679,0,-3260 -2684,0,-3259 -2688,0,-3258 -2693,0,-3257 -2697,0,-3256 -2702,0,-3255 -2706,0,-3253 -2711,0,-3252 -2716,0,-3251 -2720,0,-3249 -2725,0,-3248 -2729,0,-3247 -2734,0,-3245 -2739,0,-3244 -2743,0,-3242 -2748,0,-3241 -2752,0,-3239 -2757,0,-3238 -2761,0,-3236 -2766,0,-3234 -2770,0,-3233 -2775,0,-3231 -2779,0,-3229 -2784,0,-3227 -2789,0,-3225 -2793,0,-3224 -2798,0,-3222 -2802,0,-3220 -2806,0,-3218 -2811,0,-3216 -2815,0,-3214 -2820,0,-3212 -2824,0,-3210 -2829,0,-3208 -2833,0,-3206 -2837,0,-3204 -2842,0,-3202 -2846,0,-3199 -2850,0,-3197 -2855,0,-3195 -2859,0,-3193 -2863,0,-3191 -2867,0,-3188 -2872,0,-3186 -2876,0,-3184 -2880,0,-3181 -2884,0,-3179 -2888,0,-3177 -2892,0,-3174 -2896,0,-3172 -2900,0,-3170 -2904,0,-3167 -2908,0,-3165 -2912,0,-3162 -2916,0,-3160 -2920,0,-3157 -2924,0,-3155 -2928,0,-3153 -2931,0,-3150 -2935,0,-3148 -2939,0,-3145 -2943,0,-3143 -2946,0,-3140 -2950,0,-3138 -2954,0,-3135 -2957,0,-3133 -2961,0,-3131 -2964,0,-3128 -2968,0,-3126 -2971,0,-3123 -2975,0,-3121 -2978,0,-3119 -2981,0,-3116 -2984,0,-3114 -2988,0,-3112 -2991,0,-3109 -2994,0,-3107 -2997,0,-3105 -3000,0,-3103 -3003,0,-3100 -3006,0,-3098 -3009,0,-3096 -3012,0,-3094 -3015,0,-3092 -3018,0,-3090 -3021,0,-3088 -3024,0,-3086 -3026,0,-3084 -3029,0,-3082 -3032,0,-3081 -3034,0,-3079 -3037,0,-3077 -3039,0,-3075 -3042,0,-3074 -3044,0,-3072 -3046,0,-3071 -3049,0,-3069
mouvement 43605e569eb08d6ffe62fa7470d59fa0 [bord droit] -2150,0,-2800 -2153,0,-2799 -2155,0,-2798 -2158,0,-2798 -2160,0,-2797 -2163,0,-2796 -2166,0,-2795 -2168,0,-2795 -2171,0,-2794 -2173,0,-2793 -2176,0,-2792 -2179,0,-2791 -2181,0,-2791 -2184,0,-2790 -2186,0,-2789 -2189,0,-2788 -2192,0,-2788 -2194,0,-2787 -2197,0,-2786 -2199,0,-2785 -2202,0,-2784 -2205,0,-2784 -2207,0,-2783 -2210,0,-2782 -2213,0,-2781 -2215,0,-2781 -2218,0,-2780 -2220,0,-2779 -2223,0,-2778 -2226,0,-2778 -2228,0,-2777 -2231,0,-2776 -2233,0,-2775 -2236,0,-2774 -2238,0,-2774 -2241,0,-2773 -2244,0,-2772 -2246,0,-2771 -2249,0,-2771 -2251,0,-2770 -2254,0,-2769 -2256,0,-2768 -2259,0,-2768 -2261,0,-2767 -2264,0,-2766 -2266,0,-2765 -2269,0,-2764 -2271,0,-2764 -2274,0,-2763 -2276,0,-2762 -2278,0,-2761 -2281,0,-2761 -2283,0,-2760 -2286,0,-2759 -2288,0,-2758 -2290,0,-2757 -2293,0,-2757 -2295,0,-2756 -2297,0,-2755 -2300,0,-2754 -2302,0,-2754 -2304,0,-2753 -2307,0,-2752 -2309,0,-2751 -2311,0,-2750 -2313,0,-2750 -2315,0,-2749 -2318,0,-2748 -2320,0,-2747 -2322,0,-2746 -2324,0,-2746 -2326,0,-2745 -2328,0,-2744 -2330,0,-2743 -2332,0,-2742 -2335,0,-2741 -2337,0,-2741 -2339,0,-2740 -2341,0,-2739 -2343,0,-2738 -2344,0,-2737 -2346,0,-2736 -2348,0,-2736 -2350,0,-2735 -2352,0,-2734 -2354,0,-2733 -2356,0,-2732 -2358,0,-2731 -2359,0,-2730 -2361,0,-2729 -2363,0,-2729 -2365,0,-2728 -2366,0,-2727 -2368,0,-2726 -2370,0,-2725 -2371,0,-2724 -2373,0,-2723 -2374,0,-2722 -2376,0,-2721 -2378,0,-2721 -2379,0,-2720 -2381,0,-2719 -2382,0,-2718 -2384,0,-2717 -2385,0,-2716 -2386,0,-2715 -2388,0,-2714 -2389,0,-2713 -2390,0,-2712 -2392,0,-2711 -2393,0,-2710 -2394,0,-2709 -2396,0,-2708 -2397,0,-2707 -2398,0,-2706 -2399,0,-2706 -2400,0,-2705 -2401,0,-2704 -2402,0,-2703 -2404,0,-2702 -2405,0,-2701 -2406,0,-2700 -2407,0,-2699 -2408,0,-2698 -2409,0,-2697 -2410,0,-2696 -2410,0,-2695 -2411,0,-2694 -2412,0,-2693 -2413,0,-2692 -2414,0,-2691 -2415,0,-2690 -2415,0,-2689 -2416,0,-2688 -2417,0,-2687 -2418,0,-2686 -2418,0,-2685 -2419,0,-2684 -2420,0,-2683 -2420,0,-2682 -2421,0,-2681 -2421,0,-2680 -2422,0,-2679 -2423,0,-2678 -2423,0,-2677 -2424,0,-2676 -2424,0,-2675 -2424,0,-2674 -2425,0,-2673 -2425,0,-2672 -2426,0,-2671 -2426,0,-2670 -2426,0,-2669 -2427,0,-2668 -2427,0,-2668 -2427,0,-2667 -2428,0,-2666 -2428,0,-2665 -2428,0,-2664 -2428,0,-2663 -2429,0,-2662 -2429,0,-2661 -2429,0,-2660 -2429,0,-2659 -2429,0,-2658 -2430,0,-2657 -2430,0,-2656 -2430,0,-2655 -2430,0,-2654 -2430,0,-2653 -2430,0,-2653 -2430,0,-2652 -2430,0,-2651 -2430,0,-2650 -2430,0,-2649 -2430,0,-2648 -2430,0,-2647 -2430,0,-2646 -2430,0,-2645 -2430,0,-2644 -2430,0,-2644 -2430,0,-2643 -2430,0,-2642 -2430,0,-2641 -2430,0,-2640 -2430,0,-2639 -2430,0,-2638 -2430,0,-2637 -2430,0,-2636 -2430,0,-2636 -2429,0,-2635 -2429,0,-2634 -2429,0,-2633 -2429,0,-2632 -2429,0,-2631 -2429,0,-2630 -2429,0,-2629 -2429,0,-2628 -2429,0,-2628 -2428,0,-2627 -2428,0,-2626 -2428,0,-2625 -2428,0,-2624 -2428,0,-2623 -2428,0,-2622 -2428,0,-2621 -2428,0,-2620 -2428,0,-2619 -2427,0,-2618 -2427,0,-2617 -2427,0,-2616 -2427,0,-2615 -2427,0,-2614 -2427,0,-2613 -2427,0,-2612 -2427,0,-2611 -2427,0,-2610 -2427,0,-2609 -2427,0,-2608 -2427,0,-2607 -2427,0,-2606 -2427,0,-2605 -2427,0,-2604 -2427,0,-2603 -2427,0,-2601 -2427,0,-2600 -2428,0,-2599 -2428,0,-2598 -2428,0,-2596 -2428,0,-2595 -2428,0,-2594 -2428,0,-2592 -2429,0,-2591 -2429,0,-2590 -2429,0,-2588 -2430,0,-2587 -2430,0,-2585 -2430,0,-2584 -2431,0,-2582 -2431,0,-2580 -2432,0,-2579 -2432,0,-2577 -2433,0,-2575 -2433,0,-2573 -2434,0,-2572 -2434,0,-2570 -2435,0,-2568 -2436,0,-2566 -2436,0,-2564 -2437,0,-2562 -2438,0,-2560 -2439,0,-2558 -2440,0,-2555 -2441,0,-2553 -2441,0,-2551 -2443,0,-2548 -2444,0,-2546
mouvement 42480748339bbb6fe6fcbc99604c1aa8 [centre] -3801,0,-4084 -3799,0,-4082 -3797,0,-4080 -3796,0,-4078 -3794,0,-4077 -3792,0,-4075 -3790,0,-4073 -3788,0,-4071 -3787,0,-4069 -3785,0,-4068 -3783,0,-4066 -3781,0,-4064 -3779,0,-4062 -3777,0,-4060 -3776,0,-4058 -3774,0,-4057 -3772,0,-4055 -3770,0,-4053 -3768,0,-4051 -3767,0,-4049 -3765,0,-4047 -3763,0,-4046 -3761,0,-4044 -3759,0,-4042 -3758,0,-4040 -3756,0,-4038 -3754,0,-4037 -3752,0,-4035 -3750,0,-4033 -3748,0,-4031 -3747,0,-4029 -3745,0,-4027 -3743,0,-4026 -3741,0,-4024 -3739,0,-4022 -3738,0,-4020 -3736,0,-4018 -3734,0,-4017 -3732,0,-4015 -3730,0,-4013 -3729,0,-4011 -3727,0,-4009 -3725,0,-4007 -3723,0,-4006 -3721,0,-4004 -3720,0,-4002 -3718,0,-4000 -3716,0,-3998 -3714,0,-3997 -3712,0,-3995 -3711,0,-3993 -3709,0,-3991 -3707,0,-3989 -3705,0,-3988 -3703,0,-3986 -3702,0,-3984 -3700,0,-3982 -3698,0,-3980 -3696,0,-3979 -3694,0,-3977 -3693,0,-3975 -3691,0,-3973 -3689,0,-3971 -3687,0,-3970 -3685,0,-3968 -3684,0,-3966 -3682,0,-3964 -3680,0,-3963 -3678,0,-3961 -3676,0,-3959 -3674,0,-3957 -3673,0,-3956 -3671,0,-3954 -3669,0,-3952 -3667,0,-3950 -3665,0,-3949 -3663,0,-3947 -3662,0,-3945 -3660,0,-3943 -3658,0,-3942 -3656,0,-3940 -3654,0,-3938 -3652,0,-3936 -3650,0,-3935 -3648,0,-3933 -3647,0,-3931 -3645,0,-3930 -3643,0,-3928 -3641,0,-3926 -3639,0,-3924 -3637,0,-3923 -3635,0,-3921 -3633,0,-3919 -3631,0,-3918 -3630,0,-3916 -3628,0,-3915 -3626,0,-3913 -3624,0,-3911 -3622,0,-3910 -3620,0,-3908 -3618,0,-3906 -3616,0,-3905 -3614,0,-3903 -3612,0,-3902 -3610,0,-3900 -3608,0,-3898 -3606,0,-3897 -3604,0,-3895 -3602,0,-3894 -3600,0,-3892 -3598,0,-3890 -3596,0,-3889 -3594,0,-3887 -3592,0,-3886 -3590,0,-3884 -3588,0,-3883 -3586,0,-3881 -3584,0,-3880 -3582,0,-3878 -3580,0,-3877 -3578,0,-3875 -3575,0,-3874 -3573,0,-3873 -3571,0,-3871 -3569,0,-3870 -3567,0,-3868 -3565,0,-3867 -3563,0,-3865 -3561,0,-3864 -3558,0,-3863 -3556,0,-3861 -3554,0,-3860 -3552,0,-3859 -3550,0,-3857 -3548,0,-3856 -3545,0,-3855 -3543,0,-3853 -3541,0,-3852 -3539,0,-3851 -3537,0,-3849 -3534,0,-3848 -3532,0,-3847 -3530,0,-3846 -3528,0,-3845 -3525,0,-3843 -3523,0,-3842 -3521,0,-3841 -3518,0,-3840 -3516,0,-3839 -3514,0,-3838 -3511,0,-3836 -3509,0,-3835 -3507,0,-3834 -3505,0,-3833 -3502,0,-3832 -3500,0,-3831 -3497,0,-3830 -3495,0,-3829 -3493,0,-3828 -3490,0,-3827 -3488,0,-3826 -3486,0,-3825 -3483,0,-3824 -3481,0,-3823 -3478,0,-3822 -3476,0,-3821 -3473,0,-3820 -3471,0,-3819 -3469,0,-3818 -3466,0,-3818 -3464,0,-3817 -3461,0,-3816 -3459,0,-3815 -3456,0,-3814 -3454,0,-3814 -3451,0,-3813 -3449,0,-3812 -3446,0,-3811 -3444,0,-3811 -3441,0,-3810 -3439,0,-3809 -3436,0,-3809 -3434,0,-3808 -3431,0,-3807 -3429,0,-3807 -3426,0,-3806 -3424,0,-3806 -3421,0,-3805 -3419,0,-3804 -3416,0,-3804 -3414,0,-3803 -3411,0,-3803 -3408,0,-3802 -3406,0,-3802 -3403,0,-3801 -3401,0,-3801 -3398,0,-3801 -3396,0,-3800 -3393,0,-3800 -3390,0,-3799 -3388,0,-3799 -3385,0,-3799 -3383,0,-3798 -3380,0,-3798 -3378,0,-3798 -3375,0,-3797 -3372,0,-3797 -3370,0,-3797 -3367,0,-3797 -3365,0,-3796 -3362,0,-3796 -3359,0,-3796 -3357,0,-3796 -3354,0,-3796 -3352,0,-3796 -3349,0,-3795 -3346,0,-3795 -3344,0,-3795 -3341,0,-3795 -3339,0,-3795 -3336,0,-3795 -3334,0,-3795 -3331,0,-3795 -3328,0,-3795 -3326,0,-3795 -3323,0,-3795 -3321,0,-3795 -3318,0,-3795 -3315,0,-3795 -3313,0,-3795 -3310,0,-3795 -3308,0,-3795 -3305,0,-3795 -3303,0,-3795 -3300,0,-3795 -3297,0,-3795 -3295,0,-3795 -3292,0,-3795 -3290,0,-3796 -3287,0,-3796 -3284,0,-3796 -3282,0,-3796 -3279,0,-3796 -3277,0,-3796 -3274,0,-3796 -3272,0,-3796 -3269,0,-3797 -3267,0,-3797 -3264,0,-3797 -3261,0,-3797 -3259,0,-3797 -3256,0,-3798 -3254,0,-3798 -3251,0,-3798 -3249,0,-3798 -3246,0,-3798 -3243,0,-3798
mouvement 42480748339bbb6fe6fcbc99604c1aa8 [bord gauche] -3942,0,-3942 -3941,0,-3940 -3940,0,-3938 -3939,0,-3935 -3937,0,-3933 -3936,0,-3931 -3935,0,-3928 -3934,0,-3926 -3932,0,-3924 -3931,0,-3921 -3930,0,-3919 -3929,0,-3917 -3928,0,-3914 -3926,0,-3912 -3925,0,-3910 -3924,0,-3907 -3923,0,-3905 -3921,0,-3903 -3920,0,-3900 -3919,0,-3898 -3918,0,-3896 -3917,0,-3893 -3915,0,-3891 -3914,0,-3888 -3913,0,-3886 -3912,0,-3884 -3910,0,-3881 -3909,0,-3879 -3908,0,-3877 -3907,0,-3874 -3905,0,-3872 -3904,0,-3870 -3903,0,-3867 -3902,0,-3865 -3900,0,-3863 -3899,0,-3860 -3898,0,-3858 -3897,0,-3855 -3895,0,-3853 -3894,0,-3851 -3893,0,-3848 -3892,0,-3846 -3890,0,-3844 -3889,0,-3841 -3888,0,-3839 -3886,0,-3836 -3885,0,-3834 -3884,0,-3831 -3883,0,-3829 -3881,0,-3827 -3880,0,-3824 -3878,0,-3822 -3877,0,-3819 -3876,0,-3817 -3874,0,-3814 -3873,0,-3812 -3872,0,-3809 -3870,0,-3807 -3869,0,-3804 -3867,0,-3802 -3866,0,-3799 -3864,0,-3797 -3863,0,-3794 -3862,0,-3792 -3860,0,-3789 -3859,0,-3787 -3857,0,-3784 -3855,0,-3782 -3854,0,-3779 -3852,0,-3776 -3851,0,-3774 -3849,0,-3771 -3848,0,-3769 -3846,0,-3766 -3844,0,-3763 -3843,0,-3761 -3841,0,-3758 -3839,0,-3755 -3838,0,-3753 -3836,0,-3750 -3834,0,-3748 -3832,0,-3745 -3831,0,-3742 -3829,0,-3739 -3827,0,-3737 -3825,0,-3734 -3823,0,-3731 -3821,0,-3729 -3820,0,-3726 -3818,0,-3723 -3816,0,-3720 -3814,0,-3718 -3812,0,-3715 -3810,0,-3712 -3808,0,-3709 -3806,0,-3707 -3804,0,-3704 -3801,0,-3701 -3799,0,-3698 -3797,0,-3695 -3795,0,-3693 -3793,0,-3690 -3791,0,-3687 -3788,0,-3684 -3786,0,-3681 -3784,0,-3678 -3781,0,-3676 -3779,0,-3673 -3777,0,-3670 -3774,0,-3667 -3772,0,-3664 -3769,0,-3661 -3767,0,-3658 -3764,0,-3656 -3762,0,-3653 -3759,0,-3650 -3757,0,-3647 -3754,0,-3644 -3751,0,-3641 -3748,0,-3638 -3746,0,-3635 -3743,0,-3633 -3740,0,-3630 -3737,0,-3627 -3735,0,-3624 -3732,0,-3621 -3729,0,-3618 -3726,0,-3615 -3723,0,-3612 -3720,0,-3610 -3717,0,-3607 -3714,0,-3604 -3711,0,-3601 -3707,0,-3598 -3704,0,-3595 -3701,0,-3593 -3698,0,-3590 -3695,0,-3587 -3691,0,-3584 -3688,0,-3581 -3685,0,-3579 -3681,0,-3576 -3678,0,-3573 -3674,0,-3570 -3671,0,-3568 -3667,0,-3565 -3664,0,-3562 -3660,0,-3559 -3657,0,-3557 -3653,0,-3554 -3649,0,-3551 -3646,0,-3549 -3642,0,-3546 -3638,0,-3544 -3634,0,-3541 -3631,0,-3538 -3627,0,-3536 -3623,0,-3533 -3619,0,-3531 -3615,0,-3528 -3611,0,-3526 -3607,0,-3523 -3603,0,-3521 -3599,0,-3518 -3595,0,-3516 -3591,0,-3514 -3587,0,-3511 -3583,0,-3509 -3578,0,-3507 -3574,0,-3504 -3570,0,-3502 -3566,0,-3500 -3562,0,-3498 -3557,0,-3495 -3553,0,-3493 -3549,0,-3491 -3544,0,-3489 -3540,0,-3487 -3536,0,-3485 -3531,0,-3483 -3527,0,-3481 -3522,0,-3479 -3518,0,-3477 -3513,0,-3475 -3509,0,-3473 -3505,0,-3471 -3500,0,-3469 -3495,0,-3467 -3491,0,-3466 -3486,0,-3464 -3482,0,-3462 -3477,0,-3460 -3473,0,-3459 -3468,0,-3457 -3464,0,-3455 -3459,0,-3454 -3454,0,-3452 -3450,0,-3451 -3445,0,-3449 -3441,0,-3448 -3436,0,-3446 -3432,0,-3445 -3427,0,-3444 -3422,0,-3442 -3418,0,-3441 -3413,0,-3440 -3409,0,-3438 -3404,0,-3437 -3399,0,-3436 -3395,0,-3435 -3390,0,-3434 -3386,0,-3432 -3381,0,-3431 -3377,0,-3430 -3372,0,-3429 -3368,0,-3428 -3363,0,-3427 -3359,0,-3426 -3355,0,-3425 -3350,0,-3424 -3346,0,-3423 -3341,0,-3422 -3337,0,-3422 -3333,0,-3421 -3329,0,-3420 -3324,0,-3419 -3320,0,-3418 -3316,0,-3418 -3312,0,-3417 -3308,0,-3416 -3304,0,-3415 -3300,0,-3415 -3296,0,-3414 -3292,0,-3413 -3288,0,-3413 -3284,0,-3412 -3280,0,-3411 -3276,0,-3411 -3272,0,-3410 -3269,0,-3409 -3265,0,-3409 -3261,0,-3408 -3258,0,-3408 -3254,0,-3407 -3251,0,-3406 -3248,0,-3406 -3244,0,-3405 -3241,0,-3405 -3238,0,-3404 -3235,0,-3404 -3232,0,-3403 -3228,0,-3402 -3226,0,-3402 -3223,0,-3401 -3220,0,-3401 -3217,0,-3400 -3214,0,-3399
mouvement 42480748339bbb6fe6fcbc99604c1aa8 [bord droit] -3660,0,-4225 -3657,0,-4224 -3655,0,-4223 -3652,0,-4221 -3650,0,-4220 -3648,0,-4219 -3645,0,-4218 -3643,0,-4216 -3641,0,-4215 -3638,0,-4214 -3636,0,-4212 -3633,0,-4211 -3631,0,-4210 -3629,0,-4209 -3626,0,-4207 -3624,0,-4206 -3621,0,-4205 -3619,0,-4203 -3617,0,-4202 -3614,0,-4201 -3612,0,-4199 -3609,0,-4198 -3607,0,-4197 -3605,0,-4196 -3602,0,-4194 -3600,0,-4193 -3597,0,-4192 -3595,0,-4190 -3593,0,-4189 -3590,0,-4188 -3588,0,-4187 -3586,0,-4185 -3583,0,-4184 -3581,0,-4183 -3578,0,-4181 -3576,0,-4180 -3574,0,-4179 -3571,0,-4178 -3569,0,-4176 -3567,0,-4175 -3564,0,-4174 -3562,0,-4173 -3560,0,-4171 -3557,0,-4170 -3555,0,-4169 -3553,0,-4168 -3551,0,-4167 -3548,0,-4165 -3546,0,-4164 -3544,0,-4163 -3542,0,-4162 -3539,0,-4161 -3537,0,-4160 -3535,0,-4158 -3533,0,-4157 -3530,0,-4156 -3528,0,-4155 -3526,0,-4154 -3524,0,-4153 -3521,0,-4152 -3519,0,-4151 -3517,0,-4150 -3515,0,-4149 -3513,0,-4148 -3511,0,-4147 -3509,0,-4146 -3506,0,-4145 -3504,0,-4144 -3502,0,-4143 -3500,0,-4142 -3498,0,-4141 -3496,0,-4140 -3494,0,-4139 -3492,0,-4138 -3490,0,-4137 -3488,0,-4136 -3486,0,-4135 -3484,0,-4135 -3482,0,-4134 -3480,0,-4133 -3478,0,-4132 -3476,0,-4131 -3474,0,-4131 -3472,0,-4130 -3470,0,-4129 -3468,0,-4129 -3466,0,-4128 -3464,0,-4127 -3462,0,-4127 -3460,0,-4126 -3459,0,-4125 -3457,0,-4125 -3455,0,-4124 -3453,0,-4124 -3451,0,-4123 -3450,0,-4122 -3448,0,-4122 -3446,0,-4122 -3444,0,-4121 -3443,0,-4121 -3441,0,-4120 -3439,0,-4120 -3437,0,-4119 -3436,0,-4119 -3434,0,-4119 -3432,0,-4118 -3431,0,-4118 -3429,0,-4118 -3428,0,-4117 -3426,0,-4117 -3424,0,-4117 -3423,0,-4117 -3421,0,-4116 -3420,0,-4116 -3418,0,-4116 -3417,0,-4116 -3415,0,-4116 -3414,0,-4116 -3412,0,-4116 -3411,0,-4116 -3409,0,-4115 -3408,0,-4115 -3407,0,-4115 -3405,0,-4115 -3404,0,-4115 -3402,0,-4115 -3401,0,-4116 -3400,0,-4116 -3398,0,-4116 -3397,0,-4116 -3396,0,-4116 -3395,0,-4116 -3393,0,-4116 -3392,0,-4116 -3391,0,-4116 -3390,0,-4117 -3389,0,-4117 -3387,0,-4117 -3386,0,-4117 -3385,0,-4118 -3384,0,-4118 -3383,0,-4118 -3382,0,-4118 -3381,0,-4119 -3380,0,-4119 -3379,0,-4119 -3378,0,-4120 -3377,0,-4120 -3376,0,-4121 -3375,0,-4121 -3374,0,-4121 -3373,0,-4122 -3372,0,-4122 -3371,0,-4123 -3370,0,-4123 -3369,0,-4123 -3368,0,-4124 -3367,0,-4124 -3367,0,-4125 -3366,0,-4125 -3365,0,-4126 -3364,0,-4126 -3363,0,-4127 -3362,0,-4128 -3362,0,-4128 -3361,0,-4129 -3360,0,-4129 -3359,0,-4130 -3359,0,-4130 -3358,0,-4131 -3357,0,-4132 -3357,0,-4132 -3356,0,-4133 -3355,0,-4133 -3355,0,-4134 -3354,0,-4135 -3353,0,-4135 -3353,0,-4136 -3352,0,-4137 -3351,0,-4137 -3351,0,-4138 -3350,0,-4138 -3350,0,-4139 -3349,0,-4140 -3349,0,-4140 -3348,0,-4141 -3347,0,-4142 -3347,0,-4143 -3346,0,-4143 -3346,0,-4144 -3345,0,-4145 -3345,0,-4145 -3344,0,-4146 -3343,0,-4147 -3343,0,-4147 -3342,0,-4148 -3342,0,-4149 -3341,0,-4150 -3341,0,-4150 -3340,0,-4151 -3340,0,-4152 -3339,0,-4152 -3338,0,-4153 -3338,0,-4154 -3337,0,-4155 -3337,0,-4155 -3336,0,-4156 -3336,0,-4157 -3335,0,-4158 -3334,0,-4158 -3334,0,-4159 -3333,0,-4160 -3332,0,-4161 -3332,0,-4161 -3331,0,-4162 -3330,0,-4163 -3330,0,-4164 -3329,0,-4164 -3328,0,-4165 -3327,0,-4166 -3326,0,-4167 -3326,0,-4167 -3325,0,-4168 -3324,0,-4169 -3323,0,-4170 -3322,0,-4170 -3321,0,-4171 -3320,0,-4172 -3319,0,-4173 -3318,0,-4174 -3317,0,-4174 -3316,0,-4175 -3315,0,-4176 -3314,0,-4177 -3312,0,-4178 -3311,0,-4179 -3310,0,-4179 -3308,0,-4180 -3307,0,-4181 -3305,0,-4182 -3304,0,-4183 -3302,0,-4184 -3301,0,-4184 -3299,0,-4185 -3298,0,-4186 -3296,0,-4187 -3294,0,-4188 -3292,0,-4189 -3290,0,-4190 -3288,0,-4191 -3286,0,-4192 -3284,0,-4193 -3282,0,-4194 -3280,0,-4195 -3277,0,-4195 -3275,0,-4196 -3272,0,-4197
mouvement 4cec0461fb9fd74541d5772b2264b88f [centre] -3400,0,-2150 -3400,0,-2153 -3400,0,-2155 -3400,0,-2158 -3400,0,-2160 -3400,0,-2163 -3400,0,-2165 -3400,0,-2168 -3400,0,-2171 -3400,0,-2173 -3400,0,-2176 -3400,0,-2178 -3400,0,-2181 -3400,0,-2183 -3400,0,-2186 -3400,0,-2189 -3400,0,-2191 -3400,0,-2194 -3400,0,-2196 -3400,0,-2199 -3400,0,-2201 -3400,0,-2204 -3400,0,-2207 -3400,0,-2209 -3400,0,-2212 -3400,0,-2214 -3400,0,-2217 -3400,0,-2219 -3400,0,-2222 -3400,0,-2224 -3400,0,-2227 -3400,0,-2230 -3400,0,-2232 -3400,0,-2235 -3400,0,-2237 -3400,0,-2240 -3400,0,-2242 -3400,0,-2245 -3400,0,-2248 -3400,0,-2250 -3400,0,-2253 -3400,0,-2255 -3400,0,-2258 -3400,0,-2260 -3400,0,-2263 -3400,0,-2265 -3400,0,-2268 -3400,0,-2271 -3400,0,-2273 -3400,0,-2276 -3400,0,-2278 -3400,0,-2281 -3400,0,-2283 -3400,0,-2286 -3400,0,-2288 -3400,0,-2291 -3400,0,-2293 -3400,0,-2296 -3400,0,-2299 -3400,0,-2301 -3400,0,-2304 -3400,0,-2306 -3400,0,-2309 -3400,0,-2311 -3400,0,-2314 -3400,0,-2316 -3400,0,-2319 -3400,0,-2321 -3400,0,-2324 -3400,0,-2327 -3400,0,-2329 -3400,0,-2332 -3400,0,-2334 -3400,0,-2337 -3400,0,-2339 -3400,0,-2342 -3400,0,-2344 -3400,0,-2347 -3401,0,-2349 -3401,0,-2352 -3401,0,-2354 -3401,0,-2357 -3401,0,-2360 -3401,0,-2362 -3401,0,-2365 -3401,0,-2367 -3401,0,-2370 -3402,0,-2372 -3402,0,-2375 -3402,0,-2377 -3402,0,-2380 -3402,0,-2382 -3402,0,-2385 -3402,0,-2387 -3403,0,-2390 -3403,0,-2392 -3403,0,-2395 -3403,0,-2397 -3404,0,-2400 -3404,0,-2403 -3404,0,-2405 -3404,0,-2408 -3404,0,-2410 -3405,0,-2413 -3405,0,-2415 -3405,0,-2418 -3406,0,-2420 -3406,0,-2423 -3406,0,-2425 -3406,0,-2428 -3407,0,-2430 -3407,0,-2433 -3407,0,-2435 -3408,0,-2438 -3408,0,-2440 -3409,0,-2443 -3409,0,-2445 -3409,0,-2448 -3410,0,-2450 -3410,0,-2453 -3411,0,-2455 -3411,0,-2458 -3412,0,-2460 -3412,0,-2463 -3413,0,-2465 -3413,0,-2468 -3414,0,-2470 -3414,0,-2473 -3415,0,-2475 -3415,0,-2478 -3416,0,-2480 -3416,0,-2483 -3417,0,-2485 -3417,0,-2488 -3418,0,-2490 -3419,0,-2493 -3419,0,-2495 -3420,0,-2498 -3421,0,-2500 -3421,0,-2503 -3422,0,-2505 -3423,0,-2508 -3423,0,-2510 -3424,0,-2513 -3425,0,-2515 -3426,0,-2518 -3426,0,-2520 -3427,0,-2522 -3428,0,-2525 -3429,0,-2527 -3430,0,-2530 -3431,0,-2532 -3431,0,-2535 -3432,0,-2537 -3433,0,-2539 -3434,0,-2542 -3435,0,-2544 -3436,0,-2547 -3437,0,-2549 -3438,0,-2551 -3439,0,-2554 -3440,0,-2556 -3441,0,-2559 -3442,0,-2561 -3443,0,-2563 -3444,0,-2566 -3445,0,-2568 -3446,0,-2570 -3447,0,-2573 -3449,0,-2575 -3450,0,-2577 -3451,0,-2580 -3452,0,-2582 -3453,0,-2584 -3454,0,-2587 -3456,0,-2589 -3457,0,-2591 -3458,0,-2594 -3459,0,-2596 -3461,0,-2598 -3462,0,-2600 -3463,0,-2603 -3465,0,-2605 -3466,0,-2607 -3467,0,-2609 -3469,0,-2611 -3470,0,-2614 -3471,0,-2616 -3473,0,-2618 -3474,0,-2620 -3476,0,-2622 -3477,0,-2625 -3479,0,-2627 -3480,0,-2629 -3482,0,-2631 -3483,0,-2633 -3485,0,-2635 -3486,0,-2637 -3488,0,-2639 -3489,0,-2641 -3491,0,-2644 -3492,0,-2646 -3494,0,-2648 -3496,0,-2650 -3497,0,-2652 -3499,0,-2654 -3500,0,-2656 -3502,0,-2658 -3504,0,-2660 -3505,0,-2662 -3507,0,-2664 -3509,0,-2666 -3510,0,-2668 -3512,0,-2670 -3514,0,-2672 -3516,0,-2674 -3517,0,-2675 -3519,0,-2677 -3521,0,-2679 -3523,0,-2681 -3524,0,-2683 -3526,0,-2685 -3528,0,-2687 -3530,0,-2689 -3532,0,-2690 -3533,0,-2692 -3535,0,-2694 -3537,0,-2696 -3539,0,-2698 -3541,0,-2700 -3543,0,-2701 -3545,0,-2703 -3546,0,-2705 -3548,0,-2707 -3550,0,-2709 -3552,0,-2710 -3554,0,-2712 -3556,0,-2714 -3558,0,-2716 -3560,0,-2717 -3562,0,-2719 -3563,0,-2721 -3565,0,-2722 -3567,0,-2724 -3569,0,-2726 -3571,0,-2728 -3573,0,-2729 -3575,0,-2731 -3577,0,-2733 -3579,0,-2734 -3581,0,-2736 -3583,0,-2738 -3585,0,-2739 -3587,0,-2741 -3589,0,-2743 -3591,0,-2744 -3592,0,-2746
mouvement 4cec0461fb9fd74541d5772b2264b88f [bord gauche] -3200,0,-2150 -3199,0,-2153 -3198,0,-2155 -3198,0,-2158 -3197,0,-2160 -3196,0,-2163 -3195,0,-2165 -3195,0,-2168 -3194,0,-2170 -3193,0,-2173 -3192,0,-2175 -3191,0,-2178 -3191,0,-2181 -3190,0,-2183 -3189,0,-2186 -3188,0,-2188 -3187,0,-2191 -3187,0,-2193 -3186,0,-2196 -3185,0,-2198 -3184,0,-2201 -3184,0,-2203 -3183,0,-2206 -3182,0,-2208 -3181,0,-2211 -3180,0,-2213 -3180,0,-2216 -3179,0,-2218 -3178,0,-2221 -3177,0,-2223 -3176,0,-2226 -3176,0,-2228 -3175,0,-2231 -3174,0,-2234 -3173,0,-2236 -3172,0,-2239 -3172,0,-2241 -3171,0,-2244 -3170,0,-2246 -3169,0,-2249 -3168,0,-2252 -3168,0,-2254 -3167,0,-2257 -3166,0,-2259 -3165,0,-2262 -3165,0,-2265 -3164,0,-2267 -3163,0,-2270 -3162,0,-2273 -3161,0,-2275 -3161,0,-2278 -3160,0,-2281 -3159,0,-2283 -3158,0,-2286 -3158,0,-2289 -3157,0,-2291 -3156,0,-2294 -3155,0,-2297 -3154,0,-2300 -3154,0,-2303 -3153,0,-2305 -3152,0,-2308 -3151,0,-2311 -3151,0,-2314 -3150,0,-2317 -3149,0,-2319 -3148,0,-2322 -3148,0,-2325 -3147,0,-2328 -3146,0,-2331 -3146,0,-2334 -3145,0,-2337 -3144,0,-2340 -3143,0,-2343 -3143,0,-2346 -3142,0,-2349 -3141,0,-2352 -3141,0,-2355 -3140,0,-2358 -3139,0,-2361 -3139,0,-2364 -3138,0,-2368 -3137,0,-2371 -3137,0,-2374 -3136,0,-2377 -3136,0,-2380 -3135,0,-2384 -3134,0,-2387 -3134,0,-2390 -3133,0,-2393 -3133,0,-2397 -3132,0,-2400 -3131,0,-2403 -3131,0,-2407 -3130,0,-2410 -3130,0,-2414 -3129,0,-2417 -3129,0,-2420 -3128,0,-2424 -3128,0,-2427 -3128,0,-2431 -3127,0,-2435 -3127,0,-2438 -3126,0,-2442 -3126,0,-2445 -3125,0,-2449 -3125,0,-2453 -3125,0,-2456 -3124,0,-2460 -3124,0,-2464 -3124,0,-2468 -3124,0,-2471 -3123,0,-2475 -3123,0,-2479 -3123,0,-2483 -3123,0,-2487 -3122,0,-2490 -3122,0,-2494 -3122,0,-2498 -3122,0,-2502 -3122,0,-2506 -3122,0,-2510 -3122,0,-2514 -3122,0,-2518 -3122,0,-2522 -3122,0,-2526 -3122,0,-2530 -3122,0,-2535 -3122,0,-2539 -3122,0,-2543 -3122,0,-2547 -3122,0,-2551 -3123,0,-2555 -3123,0,-2560 -3123,0,-2564 -3123,0,-2568 -3124,0,-2572 -3124,0,-2577 -3124,0,-2581 -3125,0,-2585 -3125,0,-2590 -3126,0,-2594 -3126,0,-2598 -3126,0,-2603 -3127,0,-2607 -3128,0,-2612 -3128,0,-2616 -3129,0,-2620 -3129,0,-2625 -3130,0,-2629 -3131,0,-2634 -3132,0,-2638 -3132,0,-2643 -3133,0,-2647 -3134,0,-2652 -3135,0,-2656 -3136,0,-2661 -3137,0,-2665 -3138,0,-2670 -3139,0,-2674 -3140,0,-2679 -3141,0,-2684 -3142,0,-2688 -3143,0,-2693 -3144,0,-2697 -3145,0,-2702 -3147,0,-2706 -3148,0,-2711 -3149,0,-2716 -3151,0,-2720 -3152,0,-2725 -3153,0,-2729 -3155,0,-2734 -3156,0,-2739 -3158,0,-2743 -3159,0,-2748 -3161,0,-2752 -3162,0,-2757 -3164,0,-2761 -3166,0,-2766 -3167,0,-2770 -3169,0,-2775 -3171,0,-2779 -3173,0,-2784 -3174,0,-2789 -3176,0,-2793 -3178,0,-2798 -3180,0,-2802 -3182,0,-2806 -3184,0,-2811 -3186,0,-2815 -3188,0,-2820 -3190,0,-2824 -3192,0,-2829 -3194,0,-2833 -3196,0,-2837 -3198,0,-2842 -3201,0,-2846 -3203,0,-2850 -3205,0,-2855 -3207,0,-2859 -3209,0,-2863 -3212,0,-2867 -3214,0,-2872 -3216,0,-2876 -3219,0,-2880 -3221,0,-2884 -3223,0,-2888 -3226,0,-2892 -3228,0,-2896 -3230,0,-2900 -3233,0,-2904 -3235,0,-2908 -3238,0,-2912 -3240,0,-2916 -3243,0,-2920 -3245,0,-2924 -3247,0,-2928 -3250,0,-2931 -3252,0,-2935 -3255,0,-2939 -3257,0,-2943 -3260,0,-2946 -3262,0,-2950 -3265,0,-2954 -3267,0,-2957 -3269,0,-2961 -3272,0,-2964 -3274,0,-2968 -3277,0,-2971 -3279,0,-2975 -3281,0,-2978 -3284,0,-2981 -3286,0,-2984 -3288,0,-2988 -3291,0,-2991 -3293,0,-2994 -3295,0,-2997 -3297,0,-3000 -3300,0,-3003 -3302,0,-3006 -3304,0,-3009 -3306,0,-3012 -3308,0,-3015 -3310,0,-3018 -3312,0,-3021 -3314,0,-3024 -3316,0,-3026 -3318,0,-3029 -3319,0,-3032 -3321,0,-3034 -3323,0,-3037 -3325,0,-3039 -3326,0,-3042 -3328,0,-3044 -3329,0,-3046 -3331,0,-3049
mouvement 4cec0461fb9fd74541d5772b2264b88f [bord droit] -3600,0,-2150 -3601,0,-2153 -3602,0,-2155 -3602,0,-2158 -3603,0,-2160 -3604,0,-2163 -3605,0,-2166 -3605,0,-2168 -3606,0,-2171 -3607,0,-2173 -3608,0,-2176 -3609,0,-2179 -3609,0,-2181 -3610,0,-2184 -3611,0,-2186 -3612,0,-2189 -3612,0,-2192 -3613,0,-2194 -3614,0,-2197 -3615,0,-2199 -3616,0,-2202 -3616,0,-2205 -3617,0,-2207 -3618,0,-2210 -3619,0,-2213 -3619,0,-2215 -3620,0,-2218 -3621,0,-2220 -3622,0,-2223 -3623,0,-2226 -3623,0,-2228 -3624,0,-2231 -3625,0,-2233 -3626,0,-2236 -3626,0,-2238 -3627,0,-2241 -3628,0,-2244 -3629,0,-2246 -3629,0,-2249 -3630,0,-2251 -3631,0,-2254 -3632,0,-2256 -3632,0,-2259 -3633,0,-2261 -3634,0,-2264 -3635,0,-2266 -3636,0,-2269 -3636,0,-2271 -3637,0,-2274 -3638,0,-2276 -3639,0,-2278 -3639,0,-2281 -3640,0,-2283 -3641,0,-2286 -3642,0,-2288 -3643,0,-2290 -3643,0,-2293 -3644,0,-2295 -3645,0,-2297 -3646,0,-2300 -3646,0,-2302 -3647,0,-2304 -3648,0,-2307 -3649,0,-2309 -3650,0,-2311 -3650,0,-2313 -3651,0,-2315 -3652,0,-2318 -3653,0,-2320 -3654,0,-2322 -3654,0,-2324 -3655,0,-2326 -3656,0,-2328 -3657,0,-2330 -3658,0,-2332 -3659,0,-2335 -3659,0,-2337 -3660,0,-2339 -3661,0,-2341 -3662,0,-2343 -3663,0,-2344 -3664,0,-2346 -3664,0,-2348 -3665,0,-2350 -3666,0,-2352 -3667,0,-2354 -3668,0,-2356 -3669,0,-2358 -3670,0,-2359 -3671,0,-2361 -3671,0,-2363 -3672,0,-2365 -3673,0,-2366 -3674,0,-2368 -3675,0,-2370 -3676,0,-2371 -3677,0,-2373 -3678,0,-2374 -3679,0,-2376 -3679,0,-2378 -3680,0,-2379 -3681,0,-2381 -3682,0,-2382 -3683,0,-2384 -3684,0,-2385 -3685,0,-2386 -3686,0,-2388 -3687,0,-2389 -3688,0,-2390 -3689,0,-2392 -3690,0,-2393 -3691,0,-2394 -3692,0,-2396 -3693,0,-2397 -3694,0,-2398 -3694,0,-2399 -3695,0,-2400 -3696,0,-2401 -3697,0,-2402 -3698,0,-2404 -3699,0,-2405 -3700,0,-2406 -3701,0,-2407 -3702,0,-2408 -3703,0,-2409 -3704,0,-2410 -3705,0,-2410 -3706,0,-2411 -3707,0,-2412 -3708,0,-2413 -3709,0,-2414 -3710,0,-2415 -3711,0,-2415 -3712,0,-2416 -3713,0,-2417 -3714,0,-2418 -3715,0,-2418 -3716,0,-2419 -3717,0,-2420 -3718,0,-2420 -3719,0,-2421 -3720,0,-2421 -3721,0,-2422 -3722,0,-2423 -3723,0,-2423 -3724,0,-2424 -3725,0,-2424 -3726,0,-2424 -3727,0,-2425 -3728,0,-2425 -3729,0,-2426 -3730,0,-2426 -3731,0,-2426 -3732,0,-2427 -3732,0,-2427 -3733,0,-2427 -3734,0,-2428 -3735,0,-2428 -3736,0,-2428 -3737,0,-2428 -3738,0,-2429 -3739,0,-2429 -3740,0,-2429 -3741,0,-2429 -3742,0,-2429 -3743,0,-2430 -3744,0,-2430 -3745,0,-2430 -3746,0,-2430 -3747,0,-2430 -3747,0,-2430 -3748,0,-2430 -3749,0,-2430 -3750,0,-2430 -3751,0,-2430 -3752,0,-2430 -3753,0,-2430 -3754,0,-2430 -3755,0,-2430 -3756,0,-2430 -3756,0,-2430 -3757,0,-2430 -3758,0,-2430 -3759,0,-2430 -3760,0,-2430 -3761,0,-2430 -3762,0,-2430 -3763,0,-2430 -3764,0,-2430 -3764,0,-2430 -3765,0,-2429 -3766,0,-2429 -3767,0,-2429 -3768,0,-2429 -3769,0,-2429 -3770,0,-2429 -3771,0,-2429 -3772,0,-2429 -3772,0,-2429 -3773,0,-2428 -3774,0,-2428 -3775,0,-2428 -3776,0,-2428 -3777,0,-2428 -3778,0,-2428 -3779,0,-2428 -3780,0,-2428 -3781,0,-2428 -3782,0,-2427 -3783,0,-2427 -3784,0,-2427 -3785,0,-2427 -3786,0,-2427 -3787,0,-2427 -3788,0,-2427 -3789,0,-2427 -3790,0,-2427 -3791,0,-2427 -3792,0,-2427 -3793,0,-2427 -3794,0,-2427 -3795,0,-2427 -3796,0,-2427 -3797,0,-2427 -3799,0,-2427 -3800,0,-2427 -3801,0,-2428 -3802,0,-2428 -3804,0,-2428 -3805,0,-2428 -3806,0,-2428 -3808,0,-2428 -3809,0,-2429 -3810,0,-2429 -3812,0,-2429 -3813,0,-2430 -3815,0,-2430 -3816,0,-2430 -3818,0,-2431 -3820,0,-2431 -3821,0,-2432 -3823,0,-2432 -3825,0,-2433 -3827,0,-2433 -3828,0,-2434 -3830,0,-2434 -3832,0,-2435 -3834,0,-2436 -3836,0,-2436 -3838,0,-2437 -3840,0,-2438 -3842,0,-2439 -3845,0,-2440 -3847,0,-2441 -3849,0,-2441 -3852,0,-2443 -3854,0,-2444
mouvement 45607ec286d32b63e09ca677f22031ba [centre] -3798,0,-3243 -3798,0,-3246 -3798,0,-3249 -3798,0,-3251 -3798,0,-3254 -3798,0,-3256 -3797,0,-3259 -3797,0,-3261 -3797,0,-3264 -3797,0,-3267 -3797,0,-3269 -3796,0,-3272 -3796,0,-3274 -3796,0,-3277 -3796,0,-3279 -3796,0,-3282 -3796,0,-3284 -3796,0,-3287 -3796,0,-3290 -3795,0,-3292 -3795,0,-3295 -3795,0,-3297 -3795,0,-3300 -3795,0,-3303 -3795,0,-3305 -3795,0,-3308 -3795,0,-3310 -3795,0,-3313 -3795,0,-3315 -3795,0,-3318 -3795,0,-3321 -3795,0,-3323 -3795,0,-3326 -3795,0,-3328 -3795,0,-3331 -3795,0,-3334 -3795,0,-3336 -3795,0,-3339 -3795,0,-3341 -3795,0,-3344 -3795,0,-3346 -3795,0,-3349 -3796,0,-3352 -3796,0,-3354 -3796,0,-3357 -3796,0,-3359 -3796,0,-3362 -3796,0,-3365 -3797,0,-3367 -3797,0,-3370 -3797,0,-3372 -3797,0,-3375 -3798,0,-3378 -3798,0,-3380 -3798,0,-3383 -3799,0,-3385 -3799,0,-3388 -3799,0,-3390 -3800,0,-3393 -3800,0,-3396 -3801,0,-3398 -3801,0,-3401 -3801,0,-3403 -3802,0,-3406 -3802,0,-3408 -3803,0,-3411 -3803,0,-3414 -3804,0,-3416 -3804,0,-3419 -3805,0,-3421 -3806,0,-3424 -3806,0,-3426 -3807,0,-3429 -3807,0,-3431 -3808,0,-3434 -3809,0,-3436 -3809,0,-3439 -3810,0,-3441 -3811,0,-3444 -3811,0,-3446 -3812,0,-3449 -3813,0,-3451 -3814,0,-3454 -3814,0,-3456 -3815,0,-3459 -3816,0,-3461 -3817,0,-3464 -3818,0,-3466 -3818,0,-3469 -3819,0,-3471 -3820,0,-3473 -3821,0,-3476 -3822,0,-3478 -3823,0,-3481 -3824,0,-3483 -3825,0,-3486 -3826,0,-3488 -3827,0,-3490 -3828,0,-3493 -3829,0,-3495 -3830,0,-3497 -3831,0,-3500 -3832,0,-3502 -3833,0,-3505 -3834,0,-3507 -3835,0,-3509 -3836,0,-3511 -3838,0,-3514 -3839,0,-3516 -3840,0,-3518 -3841,0,-3521 -3842,0,-3523 -3843,0,-3525 -3845,0,-3528 -3846,0,-3530 -3847,0,-3532 -3848,0,-3534 -3849,0,-3537 -3851,0,-3539 -3852,0,-3541 -3853,0,-3543 -3855,0,-3545 -3856,0,-3548 -3857,0,-3550 -3859,0,-3552 -3860,0,-3554 -3861,0,-3556 -3863,0,-3558 -3864,0,-3561 -3865,0,-3563 -3867,0,-3565 -3868,0,-3567 -3870,0,-3569 -3871,0,-3571 -3873,0,-3573 -3874,0,-3575 -3875,0,-3578 -3877,0,-3580 -3878,0,-3582 -3880,0,-3584 -3881,0,-3586 -3883,0,-3588 -3884,0,-3590 -3886,0,-3592 -3887,0,-3594 -3889,0,-3596 -3890,0,-3598 -3892,0,-3600 -3894,0,-3602 -3895,0,-3604 -3897,0,-3606 -3898,0,-3608 -3900,0,-3610 -3902,0,-3612 -3903,0,-3614 -3905,0,-3616 -3906,0,-3618 -3908,0,-3620 -3910,0,-3622 -3911,0,-3624 -3913,0,-3626 -3915,0,-3628 -3916,0,-3630 -3918,0,-3631 -3919,0,-3633 -3921,0,-3635 -3923,0,-3637 -3924,0,-3639 -3926,0,-3641 -3928,0,-3643 -3930,0,-3645 -3931,0,-3647 -3933,0,-3648 -3935,0,-3650 -3936,0,-3652 -3938,0,-3654 -3940,0,-3656 -3942,0,-3658 -3943,0,-3660 -3945,0,-3662 -3947,0,-3663 -3949,0,-3665 -3950,0,-3667 -3952,0,-3669 -3954,0,-3671 -3956,0,-3673 -3957,0,-3674 -3959,0,-3676 -3961,0,-3678 -3963,0,-3680 -3964,0,-3682 -3966,0,-3684 -3968,0,-3685 -3970,0,-3687 -3971,0,-3689 -3973,0,-3691 -3975,0,-3693 -3977,0,-3694 -3979,0,-3696 -3980,0,-3698 -3982,0,-3700 -3984,0,-3702 -3986,0,-3703 -3988,0,-3705 -3989,0,-3707 -3991,0,-3709 -3993,0,-3711 -3995,0,-3712 -3997,0,-3714 -3998,0,-3716 -4000,0,-3718 -4002,0,-3720 -4004,0,-3721 -4006,0,-3723 -4007,0,-3725 -4009,0,-3727 -4011,0,-3729 -4013,0,-3730 -4015,0,-3732 -4017,0,-3734 -4018,0,-3736 -4020,0,-3738 -4022,0,-3739 -4024,0,-3741 -4026,0,-3743 -4027,0,-3745 -4029,0,-3747 -4031,0,-3748 -4033,0,-3750 -4035,0,-3752 -4037,0,-3754 -4038,0,-3756 -4040,0,-3758 -4042,0,-3759 -4044,0,-3761 -4046,0,-3763 -4047,0,-3765 -4049,0,-3767 -4051,0,-3768 -4053,0,-3770 -4055,0,-3772 -4057,0,-3774 -4058,0,-3776 -4060,0,-3777 -4062,0,-3779 -4064,0,-3781 -4066,0,-3783 -4068,0,-3785 -4069,0,-3787 -4071,0,-3788 -4073,0,-3790 -4075,0,-3792 -4077,0,-3794 -4078,0,-3796 -4080,0,-3797 -4082,0,-3799 -4084,0,-3801
mouvement 45607ec286d32b63e09ca677f22031ba [bord gauche] -3399,0,-3214 -3400,0,-3217 -3401,0,-3220 -3401,0,-3223 -3402,0,-3226 -3402,0,-3228 -3403,0,-3232 -3404,0,-3235 -3404,0,-3238 -3405,0,-3241 -3405,0,-3244 -3406,0,-3248 -3406,0,-3251 -3407,0,-3254 -3408,0,-3258 -3408,0,-3261 -3409,0,-3265 -3409,0,-3269 -3410,0,-3272 -3411,0,-3276 -3411,0,-3280 -3412,0,-3284 -3413,0,-3288 -3413,0,-3292 -3414,0,-3296 -3415,0,-3300 -3415,0,-3304 -3416,0,-3308 -3417,0,-3312 -3418,0,-3316 -3418,0,-3320 -3419,0,-3324 -3420,0,-3329 -3421,0,-3333 -3422,0,-3337 -3422,0,-3341 -3423,0,-3346 -3424,0,-3350 -3425,0,-3355 -3426,0,-3359 -3427,0,-3363 -3428,0,-3368 -3429,0,-3372 -3430,0,-3377 -3431,0,-3381 -3432,0,-3386 -3434,0,-3390 -3435,0,-3395 -3436,0,-3399 -3437,0,-3404 -3438,0,-3409 -3440,0,-3413 -3441,0,-3418 -3442,0,-3422 -3444,0,-3427 -3445,0,-3432 -3446,0,-3436 -3448,0,-3441 -3449,0,-3445 -3451,0,-3450 -3452,0,-3454 -3454,0,-3459 -3455,0,-3464 -3457,0,-3468 -3459,0,-3473 -3460,0,-3477 -3462,0,-3482 -3464,0,-3486 -3466,0,-3491 -3467,0,-3495 -3469,0,-3500 -3471,0,-3505 -3473,0,-3509 -3475,0,-3513 -3477,0,-3518 -3479,0,-3522 -3481,0,-3527 -3483,0,-3531 -3485,0,-3536 -3487,0,-3540 -3489,0,-3544 -3491,0,-3549 -3493,0,-3553 -3495,0,-3557 -3498,0,-3562 -3500,0,-3566 -3502,0,-3570 -3504,0,-3574 -3507,0,-3578 -3509,0,-3583 -3511,0,-3587 -3514,0,-3591 -3516,0,-3595 -3518,0,-3599 -3521,0,-3603 -3523,0,-3607 -3526,0,-3611 -3528,0,-3615 -3531,0,-3619 -3533,0,-3623 -3536,0,-3627 -3538,0,-3631 -3541,0,-3634 -3544,0,-3638 -3546,0,-3642 -3549,0,-3646 -3551,0,-3649 -3554,0,-3653 -3557,0,-3657 -3559,0,-3660 -3562,0,-3664 -3565,0,-3667 -3568,0,-3671 -3570,0,-3674 -3573,0,-3678 -3576,0,-3681 -3579,0,-3685 -3581,0,-3688 -3584,0,-3691 -3587,0,-3695 -3590,0,-3698 -3593,0,-3701 -3595,0,-3704 -3598,0,-3707 -3601,0,-3711 -3604,0,-3714 -3607,0,-3717 -3610,0,-3720 -3612,0,-3723 -3615,0,-3726 -3618,0,-3729 -3621,0,-3732 -3624,0,-3735 -3627,0,-3737 -3630,0,-3740 -3633,0,-3743 -3635,0,-3746 -3638,0,-3748 -3641,0,-3751 -3644,0,-3754 -3647,0,-3757 -3650,0,-3759 -3653,0,-3762 -3656,0,-3764 -3658,0,-3767 -3661,0,-3769 -3664,0,-3772 -3667,0,-3774 -3670,0,-3777 -3673,0,-3779 -3676,0,-3781 -3678,0,-3784 -3681,0,-3786 -3684,0,-3788 -3687,0,-3791 -3690,0,-3793 -3693,0,-3795 -3695,0,-3797 -3698,0,-3799 -3701,0,-3801 -3704,0,-3804 -3707,0,-3806 -3709,0,-3808 -3712,0,-3810 -3715,0,-3812 -3718,0,-3814 -3720,0,-3816 -3723,0,-3818 -3726,0,-3820 -3729,0,-3821 -3731,0,-3823 -3734,0,-3825 -3737,0,-3827 -3739,0,-3829 -3742,0,-3831 -3745,0,-3832 -3748,0,-3834 -3750,0,-3836 -3753,0,-3838 -3755,0,-3839 -3758,0,-3841 -3761,0,-3843 -3763,0,-3844 -3766,0,-3846 -3769,0,-3848 -3771,0,-3849 -3774,0,-3851 -3776,0,-3852 -3779,0,-3854 -3782,0,-3855 -3784,0,-3857 -3787,0,-3859 -3789,0,-3860 -3792,0,-3862 -3794,0,-3863 -3797,0,-3864 -3799,0,-3866 -3802,0,-3867 -3804,0,-3869 -3807,0,-3870 -3809,0,-3872 -3812,0,-3873 -3814,0,-3874 -3817,0,-3876 -3819,0,-3877 -3822,0,-3878 -3824,0,-3880 -3827,0,-3881 -3829,0,-3883 -3831,0,-3884 -3834,0,-3885 -3836,0,-3886 -3839,0,-3888 -3841,0,-3889 -3844,0,-3890 -3846,0,-3892 -3848,0,-3893 -3851,0,-3894 -3853,0,-3895 -3855,0,-3897 -3858,0,-3898 -3860,0,-3899 -3863,0,-3900 -3865,0,-3902 -3867,0,-3903 -3870,0,-3904 -3872,0,-3905 -3874,0,-3907 -3877,0,-3908 -3879,0,-3909 -3881,0,-3910 -3884,0,-3912 -3886,0,-3913 -3888,0,-3914 -3891,0,-3915 -3893,0,-3917 -3896,0,-3918 -3898,0,-3919 -3900,0,-3920 -3903,0,-3921 -3905,0,-3923 -3907,0,-3924 -3910,0,-3925 -3912,0,-3926 -3914,0,-3928 -3917,0,-3929 -3919,0,-3930 -3921,0,-3931 -3924,0,-3932 -3926,0,-3934 -3928,0,-3935 -3931,0,-3936 -3933,0,-3937 -3935,0,-3939 -3938,0,-3940 -3940,0,-3941 -3942,0,-3942
mouvement 45607ec286d32b63e09ca677f22031ba [bord droit] -4197,0,-3272 -4196,0,-3275 -4195,0,-3277 -4195,0,-3280 -4194,0,-3282 -4193,0,-3284 -4192,0,-3286 -4191,0,-3288 -4190,0,-3290 -4189,0,-3292 -4188,0,-3294 -4187,0,-3296 -4186,0,-3298 -4185,0,-3299 -4184,0,-3301 -4184,0,-3302 -4183,0,-3304 -4182,0,-3305 -4181,0,-3307 -4180,0,-3308 -4179,0,-3310 -4179,0,-3311 -4178,0,-3312 -4177,0,-3314 -4176,0,-3315 -4175,0,-3316 -4174,0,-3317 -4174,0,-3318 -4173,0,-3319 -4172,0,-3320 -4171,0,-3321 -4170,0,-3322 -4170,0,-3323 -4169,0,-3324 -4168,0,-3325 -4167,0,-3326 -4167,0,-3326 -4166,0,-3327 -4165,0,-3328 -4164,0,-3329 -4164,0,-3330 -4163,0,-3330 -4162,0,-3331 -4161,0,-3332 -4161,0,-3332 -4160,0,-3333 -4159,0,-3334 -4158,0,-3334 -4158,0,-3335 -4157,0,-3336 -4156,0,-3336 -4155,0,-3337 -4155,0,-3337 -4154,0,-3338 -4153,0,-3338 -4152,0,-3339 -4152,0,-3340 -4151,0,-3340 -4150,0,-3341 -4150,0,-3341 -4149,0,-3342 -4148,0,-3342 -4147,0,-3343 -4147,0,-3343 -4146,0,-3344 -4145,0,-3345 -4145,0,-3345 -4144,0,-3346 -4143,0,-3346 -4143,0,-3347 -4142,0,-3347 -4141,0,-3348 -4140,0,-3349 -4140,0,-3349 -4139,0,-3350 -4138,0,-3350 -4138,0,-3351 -4137,0,-3351 -4137,0,-3352 -4136,0,-3353 -4135,0,-3353 -4135,0,-3354 -4134,0,-3355 -4133,0,-3355 -4133,0,-3356 -4132,0,-3357 -4132,0,-3357 -4131,0,-3358 -4130,0,-3359 -4130,0,-3359 -4129,0,-3360 -4129,0,-3361 -4128,0,-3362 -4128,0,-3362 -4127,0,-3363 -4126,0,-3364 -4126,0,-3365 -4125,0,-3366 -4125,0,-3367 -4124,0,-3367 -4124,0,-3368 -4123,0,-3369 -4123,0,-3370 -4123,0,-3371 -4122,0,-3372 -4122,0,-3373 -4121,0,-3374 -4121,0,-3375 -4121,0,-3376 -4120,0,-3377 -4120,0,-3378 -4119,0,-3379 -4119,0,-3380 -4119,0,-3381 -4118,0,-3382 -4118,0,-3383 -4118,0,-3384 -4118,0,-3385 -4117,0,-3386 -4117,0,-3387 -4117,0,-3389 -4117,0,-3390 -4116,0,-3391 -4116,0,-3392 -4116,0,-3393 -4116,0,-3395 -4116,0,-3396 -4116,0,-3397 -4116,0,-3398 -4116,0,-3400 -4116,0,-3401 -4115,0,-3402 -4115,0,-3404 -4115,0,-3405 -4115,0,-3407 -4115,0,-3408 -4115,0,-3409 -4116,0,-3411 -4116,0,-3412 -4116,0,-3414 -4116,0,-3415 -4116,0,-3417 -4116,0,-3418 -4116,0,-3420 -4116,0,-3421 -4117,0,-3423 -4117,0,-3424 -4117,0,-3426 -4117,0,-3428 -4118,0,-3429 -4118,0,-3431 -4118,0,-3432 -4119,0,-3434 -4119,0,-3436 -4119,0,-3437 -4120,0,-3439 -4120,0,-3441 -4121,0,-3443 -4121,0,-3444 -4122,0,-3446 -4122,0,-3448 -4122,0,-3450 -4123,0,-3451 -4124,0,-3453 -4124,0,-3455 -4125,0,-3457 -4125,0,-3459 -4126,0,-3460 -4127,0,-3462 -4127,0,-3464 -4128,0,-3466 -4129,0,-3468 -4129,0,-3470 -4130,0,-3472 -4131,0,-3474 -4131,0,-3476 -4132,0,-3478 -4133,0,-3480 -4134,0,-3482 -4135,0,-3484 -4135,0,-3486 -4136,0,-3488 -4137,0,-3490 -4138,0,-3492 -4139,0,-3494 -4140,0,-3496 -4141,0,-3498 -4142,0,-3500 -4143,0,-3502 -4144,0,-3504 -4145,0,-3506 -4146,0,-3509 -4147,0,-3511 -4148,0,-3513 -4149,0,-3515 -4150,0,-3517 -4151,0,-3519 -4152,0,-3521 -4153,0,-3524 -4154,0,-3526 -4155,0,-3528 -4156,0,-3530 -4157,0,-3533 -4158,0,-3535 -4160,0,-3537 -4161,0,-3539 -4162,0,-3542 -4163,0,-3544 -4164,0,-3546 -4165,0,-3548 -4167,0,-3551 -4168,0,-3553 -4169,0,-3555 -4170,0,-3557 -4171,0,-3560 -4173,0,-3562 -4174,0,-3564 -4175,0,-3567 -4176,0,-3569 -4178,0,-3571 -4179,0,-3574 -4180,0,-3576 -4181,0,-3578 -4183,0,-3581 -4184,0,-3583 -4185,0,-3586 -4187,0,-3588 -4188,0,-3590 -4189,0,-3593 -4190,0,-3595 -4192,0,-3597 -4193,0,-3600 -4194,0,-3602 -4196,0,-3605 -4197,0,-3607 -4198,0,-3609 -4199,0,-3612 -4201,0,-3614 -4202,0,-3617 -4203,0,-3619 -4205,0,-3621 -4206,0,-3624 -4207,0,-3626 -4209,0,-3629 -4210,0,-3631 -4211,0,-3633 -4212,0,-3636 -4214,0,-3638 -4215,0,-3641 -4216,0,-3643 -4218,0,-3645 -4219,0,-3648 -4220,0,-3650 -4221,0,-3652 -4223,0,-3655 -4224,0,-3657 -4225,0,-3660
mouvement 4a61888b6162623b5f3b239c6967a1b7 [centre] -3798,0,-3243 -3798,0,-3254 -3797,0,-3264 -3795,0,-3275 -3794,0,-3285 -3792,0,-3295 -3791,0,-3306 -3789,0,-3316 -3787,0,-3326 -3784,0,-3336 -3782,0,-3346 -3779,0,-3356 -3776,0,-3366 -3773,0,-3376 -3770,0,-3386 -3767,0,-3396 -3763,0,-3406 -3760,0,-3416 -3756,0,-3426 -3752,0,-3435 -3748,0,-3445 -3743,0,-3454 -3739,0,-3464 -3734,0,-3473 -3729,0,-3482 -3724,0,-3491 -3719,0,-3500 -3714,0,-3509 -3709,0,-3518 -3703,0,-3527 -3697,0,-3536 -3691,0,-3544 -3685,0,-3553 -3679,0,-3561 -3673,0,-3570 -3666,0,-3578 -3660,0,-3586 -3653,0,-3594 -3646,0,-3602 -3639,0,-3609 -3632,0,-3617 -3624,0,-3624 -3617,0,-3632 -3609,0,-3639 -3602,0,-3646 -3594,0,-3653 -3586,0,-3660 -3578,0,-3666 -3570,0,-3673 -3561,0,-3679 -3553,0,-3685 -3544,0,-3691 -3536,0,-3697 -3527,0,-3703 -3518,0,-3709 -3509,0,-3714 -3500,0,-3719 -3491,0,-3724 -3482,0,-3729 -3473,0,-3734 -3464,0,-3739 -3454,0,-3743 -3445,0,-3748 -3435,0,-3752 -3426,0,-3756 -3416,0,-3760 -3406,0,-3763 -3396,0,-3767 -3386,0,-3770 -3376,0,-3773 -3366,0,-3776 -3356,0,-3779 -3346,0,-3782 -3336,0,-3784 -3326,0,-3787 -3316,0,-3789 -3306,0,-3791 -3295,0,-3792 -3285,0,-3794 -3275,0,-3795 -3264,0,-3797 -3254,0,-3798 -3243,0,-3798
mouvement 4a61888b6162623b5f3b239c6967a1b7 [bord gauche] -3399,0,-3214 -3399,0,-3218 -3399,0,-3221 -3398,0,-3225 -3398,0,-3228 -3397,0,-3232 -3397,0,-3235 -3396,0,-3239 -3396,0,-3242 -3395,0,-3245 -3394,0,-3249 -3393,0,-3252 -3392,0,-3255 -3391,0,-3259 -3390,0,-3262 -3389,0,-3265 -3388,0,-3269 -3387,0,-3272 -3385,0,-3275 -3384,0,-3278 -3383,0,-3282 -3381,0,-3285 -3380,0,-3288 -3378,0,-3291 -3376,0,-3294 -3375,0,-3297 -3373,0,-3300 -3371,0,-3303 -3370,0,-3306 -3368,0,-3309 -3366,0,-3312 -3364,0,-3315 -3362,0,-3318 -3360,0,-3320 -3358,0,-3323 -3355,0,-3326 -3353,0,-3329 -3351,0,-3331 -3349,0,-3334 -3346,0,-3336 -3344,0,-3339 -3341,0,-3341 -3339,0,-3344 -3336,0,-3346 -3334,0,-3349 -3331,0,-3351 -3329,0,-3353 -3326,0,-3355 -3323,0,-3358 -3320,0,-3360 -3318,0,-3362 -3315,0,-3364 -3312,0,-3366 -3309,0,-3368 -3306,0,-3370 -3303,0,-3371 -3300,0,-3373 -3297,0,-3375 -3294,0,-3376 -3291,0,-3378 -3288,0,-3380 -3285,0,-3381 -3282,0,-3383 -3278,0,-3384 -3275,0,-3385 -3272,0,-3387 -3269,0,-3388 -3265,0,-3389 -3262,0,-3390 -3259,0,-3391 -3255,0,-3392 -3252,0,-3393 -3249,0,-3394 -3245,0,-3395 -3242,0,-3396 -3239,0,-3396 -3235,0,-3397 -3232,0,-3397 -3228,0,-3398 -3225,0,-3398 -3221,0,-3399 -3218,0,-3399 -3214,0,-3399
mouvement 4a61888b6162623b5f3b239c6967a1b7 [bord droit] -4197,0,-3272 -4196,0,-3290 -4194,0,-3307 -4192,0,-3324 -4190,0,-3342 -4187,0,-3359 -4184,0,-3376 -4181,0,-3393 -4178,0,-3410 -4174,0,-3427 -4170,0,-3444 -4165,0,-3461 -4161,0,-3477 -4156,0,-3494 -4151,0,-3511 -4145,0,-3527 -4139,0,-3544 -4133,0,-3560 -4127,0,-3576 -4120,0,-3592 -4113,0,-3608 -4106,0,-3624 -4098,0,-3639 -4090,0,-3655 -4082,0,-3670 -4074,0,-3686 -4066,0,-3701 -4057,0,-3716 -4048,0,-3731 -4038,0,-3745 -4029,0,-3760 -4019,0,-3774 -4009,0,-3788 -3998,0,-3802 -3988,0,-3816 -3977,0,-3830 -3966,0,-3843 -3955,0,-3856 -3943,0,-3869 -3931,0,-3882 -3919,0,-3895 -3907,0,-3907 -3895,0,-3919 -3882,0,-3931 -3869,0,-3943 -3856,0,-3955 -3843,0,-3966 -3830,0,-3977 -3816,0,-3988 -3802,0,-3998 -3788,0,-4009 -3774,0,-4019 -3760,0,-4029 -3745,0,-4038 -3731,0,-4048 -3716,0,-4057 -3701,0,-4066 -3686,0,-4074 -3670,0,-4082 -3655,0,-4090 -3639,0,-4098 -3624,0,-4106 -3608,0,-4113 -3592,0,-4120 -3576,0,-4127 -3560,0,-4133 -3544,0,-4139 -3527,0,-4145 -3511,0,-4151 -3494,0,-4156 -3477,0,-4161 -3461,0,-4165 -3444,0,-4170 -3427,0,-4174 -3410,0,-4178 -3393,0,-4181 -3376,0,-4184 -3359,0,-4187 -3342,0,-4190 -3324,0,-4192 -3307,0,-4194 -3290,0,-4196 -3272,0,-4197
mouvement 4030253e182e3ed1b7d2aeea7a73feb6 [centre] -2746,0,-3592 -2744,0,-3591 -2743,0,-3589 -2741,0,-3587 -2739,0,-3585 -2738,0,-3583 -2736,0,-3581 -2734,0,-3579 -2733,0,-3577 -2731,0,-3575 -2729,0,-3573 -2728,0,-3571 -2726,0,-3569 -2724,0,-3567 -2722,0,-3565 -2721,0,-3563 -2719,0,-3562 -2717,0,-3560 -2716,0,-3558 -2714,0,-3556 -2712,0,-3554 -2710,0,-3552 -2709,0,-3550 -2707,0,-3548 -2705,0,-3546 -2703,0,-3545 -2701,0,-3543 -2700,0,-3541 -2698,0,-3539 -2696,0,-3537 -2694,0,-3535 -2692,0,-3533 -2690,0,-3532 -2689,0,-3530 -2687,0,-3528 -2685,0,-3526 -2683,0,-3524 -2681,0,-3523 -2679,0,-3521 -2677,0,-3519 -2675,0,-3517 -2674,0,-3516 -2672,0,-3514 -2670,0,-3512 -2668,0,-3510 -2666,0,-3509 -2664,0,-3507 -2662,0,-3505 -2660,0,-3504 -2658,0,-3502 -2656,0,-3500 -2654,0,-3499 -2652,0,-3497 -2650,0,-3496 -2648,0,-3494 -2646,0,-3492 -2644,0,-3491 -2641,0,-3489 -2639,0,-3488 -2637,0,-3486 -2635,0,-3485 -2633,0,-3483 -2631,0,-3482 -2629,0,-3480 -2627,0,-3479 -2625,0,-3477 -2622,0,-3476 -2620,0,-3474 -2618,0,-3473 -2616,0,-3471 -2614,0,-3470 -2611,0,-3469 -2609,0,-3467 -2607,0,-3466 -2605,0,-3465 -2603,0,-3463 -2600,0,-3462 -2598,0,-3461 -2596,0,-3459 -2594,0,-3458 -2591,0,-3457 -2589,0,-3456 -2587,0,-3454 -2584,0,-3453 -2582,0,-3452 -2580,0,-3451 -2577,0,-3450 -2575,0,-3449 -2573,0,-3447 -2570,0,-3446 -2568,0,-3445 -2566,0,-3444 -2563,0,-3443 -2561,0,-3442 -2559,0,-3441 -2556,0,-3440 -2554,0,-3439 -2551,0,-3438 -2549,0,-3437 -2547,0,-3436 -2544,0,-3435 -2542,0,-3434 -2539,0,-3433 -2537,0,-3432 -2535,0,-3431 -2532,0,-3431 -2530,0,-3430 -2527,0,-3429 -2525,0,-3428 -2522,0,-3427 -2520,0,-3426 -2518,0,-3426 -2515,0,-3425 -2513,0,-3424 -2510,0,-3423 -2508,0,-3423 -2505,0,-3422 -2503,0,-3421 -2500,0,-3421 -2498,0,-3420 -2495,0,-3419 -2493,0,-3419 -2490,0,-3418 -2488,0,-3417 -2485,0,-3417 -2483,0,-3416 -2480,0,-3416 -2478,0,-3415 -2475,0,-3415 -2473,0,-3414 -2470,0,-3414 -2468,0,-3413 -2465,0,-3413 -2463,0,-3412 -2460,0,-3412 -2458,0,-3411 -2455,0,-3411 -2453,0,-3410 -2450,0,-3410 -2448,0,-3409 -2445,0,-3409 -2443,0,-3409 -2440,0,-3408 -2438,0,-3408 -2435,0,-3407 -2433,0,-3407 -2430,0,-3407 -2428,0,-3406 -2425,0,-3406 -2423,0,-3406 -2420,0,-3406 -2418,0,-3405 -2415,0,-3405 -2413,0,-3405 -2410,0,-3404 -2408,0,-3404 -2405,0,-3404 -2403,0,-3404 -2400,0,-3404 -2397,0,-3403 -2395,0,-3403 -2392,0,-3403 -2390,0,-3403 -2387,0,-3403 -2385,0,-3402 -2382,0,-3402 -2380,0,-3402 -2377,0,-3402 -2375,0,-3402 -2372,0,-3402 -2370,0,-3401 -2367,0,-3401 -2365,0,-3401 -2362,0,-3401 -2360,0,-3401 -2357,0,-3401 -2354,0,-3401 -2352,0,-3401 -2349,0,-3401 -2347,0,-3400 -2344,0,-3400 -2342,0,-3400 -2339,0,-3400 -2337,0,-3400 -2334,0,-3400 -2332,0,-3400 -2329,0,-3400 -2327,0,-3400 -2324,0,-3400 -2321,0,-3400 -2319,0,-3400 -2316,0,-3400 -2314,0,-3400 -2311,0,-3400 -2309,0,-3400 -2306,0,-3400 -2304,0,-3400 -2301,0,-3400 -2299,0,-3400 -2296,0,-3400 -2293,0,-3400 -2291,0,-3400 -2288,0,-3400 -2286,0,-3400 -2283,0,-3400 -2281,0,-3400 -2278,0,-3400 -2276,0,-3400 -2273,0,-3400 -2271,0,-3400 -2268,0,-3400 -2265,0,-3400 -2263,0,-3400 -2260,0,-3400 -2258,0,-3400 -2255,0,-3400 -2253,0,-3400 -2250,0,-3400 -2248,0,-3400 -2245,0,-3400 -2242,0,-3400 -2240,0,-3400 -2237,0,-3400 -2235,0,-3400 -2232,0,-3400 -2230,0,-3400 -2227,0,-3400 -2224,0,-3400 -2222,0,-3400 -2219,0,-3400 -2217,0,-3400 -2214,0,-3400 -2212,0,-3400 -2209,0,-3400 -2207,0,-3400 -2204,0,-3400 -2201,0,-3400 -2199,0,-3400 -2196,0,-3400 -2194,0,-3400 -2191,0,-3400 -2189,0,-3400 -2186,0,-3400 -2183,0,-3400 -2181,0,-3400 -2178,0,-3400 -2176,0,-3400 -2173,0,-3400 -2171,0,-3400 -2168,0,-3400 -2165,0,-3400 -2163,0,-3400 -2160,0,-3400 -2158,0,-3400 -2155,0,-3400 -2153,0,-3400 -2150,0,-3400
mouvement 4030253e182e3ed1b7d2aeea7a73feb6 [bord gauche] -3049,0,-3331 -3046,0,-3329 -3044,0,-3328 -3042,0,-3326 -3039,0,-3325 -3037,0,-3323 -3034,0,-3321 -3032,0,-3319 -3029,0,-3318 -3026,0,-3316 -3024,0,-3314 -3021,0,-3312 -3018,0,-3310 -3015,0,-3308 -3012,0,-3306 -3009,0,-3304 -3006,0,-3302 -3003,0,-3300 -3000,0,-3297 -2997,0,-3295 -2994,0,-3293 -2991,0,-3291 -2988,0,-3288 -2984,0,-3286 -2981,0,-3284 -2978,0,-3281 -2975,0,-3279 -2971,0,-3277 -2968,0,-3274 -2964,0,-3272 -2961,0,-3269 -2957,0,-3267 -2954,0,-3265 -2950,0,-3262 -2946,0,-3260 -2943,0,-3257 -2939,0,-3255 -2935,0,-3252 -2931,0,-3250 -2928,0,-3247 -2924,0,-3245 -2920,0,-3243 -2916,0,-3240 -2912,0,-3238 -2908,0,-3235 -2904,0,-3233 -2900,0,-3230 -2896,0,-3228 -2892,0,-3226 -2888,0,-3223 -2884,0,-3221 -2880,0,-3219 -2876,0,-3216 -2872,0,-3214 -2867,0,-3212 -2863,0,-3209 -2859,0,-3207 -2855,0,-3205 -2850,0,-3203 -2846,0,-3201 -2842,0,-3198 -2837,0,-3196 -2833,0,-3194 -2829,0,-3192 -2824,0,-3190 -2820,0,-3188 -2815,0,-3186 -2811,0,-3184 -2806,0,-3182 -2802,0,-3180 -2798,0,-3178 -2793,0,-3176 -2789,0,-3175 -2784,0,-3173 -2779,0,-3171 -2775,0,-3169 -2770,0,-3167 -2766,0,-3166 -2761,0,-3164 -2757,0,-3162 -2752,0,-3161 -2748,0,-3159 -2743,0,-3158 -2739,0,-3156 -2734,0,-3155 -2729,0,-3153 -2725,0,-3152 -2720,0,-3151 -2716,0,-3149 -2711,0,-3148 -2706,0,-3147 -2702,0,-3145 -2697,0,-3144 -2693,0,-3143 -2688,0,-3142 -2684,0,-3141 -2679,0,-3140 -2674,0,-3139 -2670,0,-3138 -2665,0,-3137 -2661,0,-3136 -2656,0,-3135 -2652,0,-3134 -2647,0,-3133 -2643,0,-3132 -2638,0,-3132 -2634,0,-3131 -2629,0,-3130 -2625,0,-3129 -2620,0,-3129 -2616,0,-3128 -2612,0,-3128 -2607,0,-3127 -2603,0,-3126 -2598,0,-3126 -2594,0,-3126 -2590,0,-3125 -2585,0,-3125 -2581,0,-3124 -2577,0,-3124 -2572,0,-3124 -2568,0,-3123 -2564,0,-3123 -2560,0,-3123 -2555,0,-3123 -2551,0,-3122 -2547,0,-3122 -2543,0,-3122 -2539,0,-3122 -2535,0,-3122 -2530,0,-3122 -2526,0,-3122 -2522,0,-3122 -2518,0,-3122 -2514,0,-3122 -2510,0,-3122 -2506,0,-3122 -2502,0,-3122 -2498,0,-3122 -2494,0,-3122 -2490,0,-3122 -2487,0,-3123 -2483,0,-3123 -2479,0,-3123 -2475,0,-3123 -2471,0,-3124 -2468,0,-3124 -2464,0,-3124 -2460,0,-3124 -2456,0,-3125 -2453,0,-3125 -2449,0,-3125 -2445,0,-3126 -2442,0,-3126 -2438,0,-3127 -2435,0,-3127 -2431,0,-3128 -2427,0,-3128 -2424,0,-3128 -2420,0,-3129 -2417,0,-3129 -2414,0,-3130 -2410,0,-3130 -2407,0,-3131 -2403,0,-3131 -2400,0,-3132 -2397,0,-3133 -2393,0,-3133 -2390,0,-3134 -2387,0,-3134 -2384,0,-3135 -2380,0,-3136 -2377,0,-3136 -2374,0,-3137 -2371,0,-3137 -2368,0,-3138 -2364,0,-3139 -2361,0,-3139 -2358,0,-3140 -2355,0,-3141 -2352,0,-3141 -2349,0,-3142 -2346,0,-3143 -2343,0,-3143 -2340,0,-3144 -2337,0,-3145 -2334,0,-3146 -2331,0,-3146 -2328,0,-3147 -2325,0,-3148 -2322,0,-3148 -2319,0,-3149 -2317,0,-3150 -2314,0,-3151 -2311,0,-3151 -2308,0,-3152 -2305,0,-3153 -2303,0,-3154 -2300,0,-3154 -2297,0,-3155 -2294,0,-3156 -2291,0,-3157 -2289,0,-3158 -2286,0,-3158 -2283,0,-3159 -2281,0,-3160 -2278,0,-3161 -2275,0,-3161 -2273,0,-3162 -2270,0,-3163 -2267,0,-3164 -2265,0,-3165 -2262,0,-3165 -2259,0,-3166 -2257,0,-3167 -2254,0,-3168 -2252,0,-3168 -2249,0,-3169 -2246,0,-3170 -2244,0,-3171 -2241,0,-3172 -2239,0,-3172 -2236,0,-3173 -2234,0,-3174 -2231,0,-3175 -2228,0,-3176 -2226,0,-3176 -2223,0,-3177 -2221,0,-3178 -2218,0,-3179 -2216,0,-3180 -2213,0,-3180 -2211,0,-3181 -2208,0,-3182 -2206,0,-3183 -2203,0,-3184 -2201,0,-3184 -2198,0,-3185 -2196,0,-3186 -2193,0,-3187 -2191,0,-3187 -2188,0,-3188 -2186,0,-3189 -2183,0,-3190 -2181,0,-3191 -2178,0,-3191 -2175,0,-3192 -2173,0,-3193 -2170,0,-3194 -2168,0,-3195 -2165,0,-3195 -2163,0,-3196 -2160,0,-3197 -2158,0,-3198 -2155,0,-3198 -2153,0,-3199 -2150,0,-3200
mouvement 4030253e182e3ed1b7d2aeea7a73feb6 [bord droit] -2444,0,-3854 -2443,0,-3852 -2441,0,-3849 -2441,0,-3847 -2440,0,-3845 -2439,0,-3842 -2438,0,-3840 -2437,0,-3838 -2436,0,-3836 -2436,0,-3834 -2435,0,-3832 -2434,0,-3830 -2434,0,-3828 -2433,0,-3827 -2433,0,-3825 -2432,0,-3823 -2432,0,-3821 -2431,0,-3820 -2431,0,-3818 -2430,0,-3816 -2430,0,-3815 -2430,0,-3813 -2429,0,-3812 -2429,0,-3810 -2429,0,-3809 -2428,0,-3808 -2428,0,-3806 -2428,0,-3805 -2428,0,-3804 -2428,0,-3802 -2428,0,-3801 -2427,0,-3800 -2427,0,-3799 -2427,0,-3797 -2427,0,-3796 -2427,0,-3795 -2427,0,-3794 -2427,0,-3793 -2427,0,-3792 -2427,0,-3791 -2427,0,-3790 -2427,0,-3789 -2427,0,-3788 -2427,0,-3787 -2427,0,-3786 -2427,0,-3785 -2427,0,-3784 -2427,0,-3783 -2427,0,-3782 -2428,0,-3781 -2428,0,-3780 -2428,0,-3779 -2428,0,-3778 -2428,0,-3777 -2428,0,-3776 -2428,0,-3775 -2428,0,-3774 -2428,0,-3773 -2429,0,-3772 -2429,0,-3772 -2429,0,-3771 -2429,0,-3770 -2429,0,-3769 -2429,0,-3768 -2429,0,-3767 -2429,0,-3766 -2429,0,-3765 -2430,0,-3764 -2430,0,-3764 -2430,0,-3763 -2430,0,-3762 -2430,0,-3761 -2430,0,-3760 -2430,0,-3759 -2430,0,-3758 -2430,0,-3757 -2430,0,-3756 -2430,0,-3756 -2430,0,-3755 -2430,0,-3754 -2430,0,-3753 -2430,0,-3752 -2430,0,-3751 -2430,0,-3750 -2430,0,-3749 -2430,0,-3748 -2430,0,-3747 -2430,0,-3747 -2430,0,-3746 -2430,0,-3745 -2430,0,-3744 -2430,0,-3743 -2429,0,-3742 -2429,0,-3741 -2429,0,-3740 -2429,0,-3739 -2429,0,-3738 -2428,0,-3737 -2428,0,-3736 -2428,0,-3735 -2428,0,-3734 -2427,0,-3733 -2427,0,-3732 -2427,0,-3732 -2426,0,-3731 -2426,0,-3730 -2426,0,-3729 -2425,0,-3728 -2425,0,-3727 -2424,0,-3726 -2424,0,-3725 -2424,0,-3724 -2423,0,-3723 -2423,0,-3722 -2422,0,-3721 -2421,0,-3720 -2421,0,-3719 -2420,0,-3718 -2420,0,-3717 -2419,0,-3716 -2418,0,-3715 -2418,0,-3714 -2417,0,-3713 -2416,0,-3712 -2415,0,-3711 -2415,0,-3710 -2414,0,-3709 -2413,0,-3708 -2412,0,-3707 -2411,0,-3706 -2410,0,-3705 -2410,0,-3704 -2409,0,-3703 -2408,0,-3702 -2407,0,-3701 -2406,0,-3700 -2405,0,-3699 -2404,0,-3698 -2402,0,-3697 -2401,0,-3696 -2400,0,-3695 -2399,0,-3694 -2398,0,-3694 -2397,0,-3693 -2396,0,-3692 -2394,0,-3691 -2393,0,-3690 -2392,0,-3689 -2390,0,-3688 -2389,0,-3687 -2388,0,-3686 -2386,0,-3685 -2385,0,-3684 -2384,0,-3683 -2382,0,-3682 -2381,0,-3681 -2379,0,-3680 -2378,0,-3679 -2376,0,-3679 -2374,0,-3678 -2373,0,-3677 -2371,0,-3676 -2370,0,-3675 -2368,0,-3674 -2366,0,-3673 -2365,0,-3672 -2363,0,-3671 -2361,0,-3671 -2359,0,-3670 -2358,0,-3669 -2356,0,-3668 -2354,0,-3667 -2352,0,-3666 -2350,0,-3665 -2348,0,-3664 -2346,0,-3664 -2344,0,-3663 -2343,0,-3662 -2341,0,-3661 -2339,0,-3660 -2337,0,-3659 -2335,0,-3659 -2332,0,-3658 -2330,0,-3657 -2328,0,-3656 -2326,0,-3655 -2324,0,-3654 -2322,0,-3654 -2320,0,-3653 -2318,0,-3652 -2315,0,-3651 -2313,0,-3650 -2311,0,-3650 -2309,0,-3649 -2307,0,-3648 -2304,0,-3647 -2302,0,-3646 -2300,0,-3646 -2297,0,-3645 -2295,0,-3644 -2293,0,-3643 -2290,0,-3643 -2288,0,-3642 -2286,0,-3641 -2283,0,-3640 -2281,0,-3639 -2278,0,-3639 -2276,0,-3638 -2274,0,-3637 -2271,0,-3636 -2269,0,-3636 -2266,0,-3635 -2264,0,-3634 -2261,0,-3633 -2259,0,-3632 -2256,0,-3632 -2254,0,-3631 -2251,0,-3630 -2249,0,-3629 -2246,0,-3629 -2244,0,-3628 -2241,0,-3627 -2238,0,-3626 -2236,0,-3626 -2233,0,-3625 -2231,0,-3624 -2228,0,-3623 -2226,0,-3623 -2223,0,-3622 -2220,0,-3621 -2218,0,-3620 -2215,0,-3619 -2213,0,-3619 -2210,0,-3618 -2207,0,-3617 -2205,0,-3616 -2202,0,-3616 -2199,0,-3615 -2197,0,-3614 -2194,0,-3613 -2192,0,-3612 -2189,0,-3612 -2186,0,-3611 -2184,0,-3610 -2181,0,-3609 -2179,0,-3609 -2176,0,-3608 -2173,0,-3607 -2171,0,-3606 -2168,0,-3605 -2166,0,-3605 -2163,0,-3604 -2160,0,-3603 -2158,0,-3602 -2155,0,-3602 -2153,0,-3601 -2150,0,-3600
mouvement 4e0c96d3fe6dbf797b6b539c16fe42ac [centre] -2746,0,-3592 -2739,0,-3584 -2733,0,-3576 -2726,0,-3568 -2720,0,-3560 -2714,0,-3552 -2708,0,-3543 -2702,0,-3534 -2696,0,-3526 -2691,0,-3517 -2685,0,-3508 -2680,0,-3499 -2675,0,-3490 -2670,0,-3481 -2665,0,-3471 -2660,0,-3462 -2656,0,-3453 -2651,0,-3443 -2647,0,-3434 -2643,0,-3424 -2640,0,-3414 -2636,0,-3404 -2632,0,-3395 -2629,0,-3385 -2626,0,-3375 -2623,0,-3365 -2620,0,-3355 -2618,0,-3345 -2615,0,-3334 -2613,0,-3324 -2611,0,-3314 -2609,0,-3304 -2607,0,-3294 -2606,0,-3283 -2604,0,-3273 -2603,0,-3262 -2602,0,-3252 -2601,0,-3242 -2601,0,-3231 -2600,0,-3221 -2600,0,-3210 -2600,0,-3200 -2600,0,-3190 -2600,0,-3179 -2601,0,-3169 -2601,0,-3158 -2602,0,-3148 -2603,0,-3138 -2604,0,-3127 -2606,0,-3117 -2607,0,-3106 -2609,0,-3096 -2611,0,-3086 -2613,0,-3076 -2615,0,-3066 -2618,0,-3055 -2620,0,-3045 -2623,0,-3035 -2626,0,-3025 -2629,0,-3015 -2632,0,-3005 -2636,0,-2996 -2640,0,-2986 -2643,0,-2976 -2647,0,-2966 -2651,0,-2957 -2656,0,-2947 -2660,0,-2938 -2665,0,-2929 -2670,0,-2919 -2675,0,-2910 -2680,0,-2901 -2685,0,-2892 -2691,0,-2883 -2696,0,-2874 -2702,0,-2866 -2708,0,-2857 -2714,0,-2848 -2720,0,-2840 -2726,0,-2832 -2733,0,-2824 -2739,0,-2816 -2746,0,-2808
mouvement 4e0c96d3fe6dbf797b6b539c16fe42ac [bord gauche] -3049,0,-3331 -3046,0,-3328 -3044,0,-3325 -3042,0,-3323 -3040,0,-3320 -3038,0,-3317 -3036,0,-3314 -3034,0,-3311 -3032,0,-3309 -3030,0,-3306 -3028,0,-3303 -3027,0,-3300 -3025,0,-3297 -3023,0,-3294 -3022,0,-3290 -3020,0,-3287 -3019,0,-3284 -3017,0,-3281 -3016,0,-3278 -3014,0,-3275 -3013,0,-3271 -3012,0,-3268 -3011,0,-3265 -3010,0,-3262 -3009,0,-3258 -3008,0,-3255 -3007,0,-3252 -3006,0,-3248 -3005,0,-3245 -3004,0,-3241 -3004,0,-3238 -3003,0,-3235 -3002,0,-3231 -3002,0,-3228 -3001,0,-3224 -3001,0,-3221 -3001,0,-3217 -3000,0,-3214 -3000,0,-3210 -3000,0,-3207 -3000,0,-3203 -3000,0,-3200 -3000,0,-3197 -3000,0,-3193 -3000,0,-3190 -3000,0,-3186 -3001,0,-3183 -3001,0,-3179 -3001,0,-3176 -3002,0,-3172 -3002,0,-3169 -3003,0,-3165 -3004,0,-3162 -3004,0,-3159 -3005,0,-3155 -3006,0,-3152 -3007,0,-3148 -3008,0,-3145 -3009,0,-3142 -3010,0,-3138 -3011,0,-3135 -3012,0,-3132 -3013,0,-3129 -3014,0,-3125 -3016,0,-3122 -3017,0,-3119 -3019,0,-3116 -3020,0,-3113 -3022,0,-3110 -3023,0,-3106 -3025,0,-3103 -3027,0,-3100 -3028,0,-3097 -3030,0,-3094 -3032,0,-3091 -3034,0,-3089 -3036,0,-3086 -3038,0,-3083 -3040,0,-3080 -3042,0,-3077 -3044,0,-3075 -3046,0,-3072 -3049,0,-3069
mouvement 4e0c96d3fe6dbf797b6b539c16fe42ac [bord droit] -2444,0,-3854 -2432,0,-3841 -2421,0,-3827 -2410,0,-3814 -2400,0,-3800 -2390,0,-3786 -2380,0,-3772 -2370,0,-3757 -2360,0,-3743 -2351,0,-3728 -2342,0,-3713 -2333,0,-3698 -2324,0,-3683 -2316,0,-3668 -2308,0,-3652 -2300,0,-3637 -2293,0,-3621 -2286,0,-3605 -2279,0,-3589 -2272,0,-3573 -2266,0,-3557 -2260,0,-3541 -2254,0,-3524 -2249,0,-3508 -2243,0,-3491 -2238,0,-3475 -2234,0,-3458 -2229,0,-3441 -2225,0,-3424 -2222,0,-3407 -2218,0,-3390 -2215,0,-3373 -2212,0,-3356 -2210,0,-3339 -2207,0,-3321 -2205,0,-3304 -2204,0,-3287 -2202,0,-3270 -2201,0,-3252 -2201,0,-3235 -2200,0,-3217 -2200,0,-3200 -2200,0,-3183 -2201,0,-3165 -2201,0,-3148 -2202,0,-3130 -2204,0,-3113 -2205,0,-3096 -2207,0,-3079 -2210,0,-3061 -2212,0,-3044 -2215,0,-3027 -2218,0,-3010 -2222,0,-2993 -2225,0,-2976 -2229,0,-2959 -2234,0,-2942 -2238,0,-2925 -2243,0,-2909 -2249,0,-2892 -2254,0,-2876 -2260,0,-2859 -2266,0,-2843 -2272,0,-2827 -2279,0,-2811 -2286,0,-2795 -2293,0,-2779 -2300,0,-2763 -2308,0,-2748 -2316,0,-2732 -2324,0,-2717 -2333,0,-2702 -2342,0,-2687 -2351,0,-2672 -2360,0,-2657 -2370,0,-2643 -2380,0,-2628 -2390,0,-2614 -2400,0,-2600 -2410,0,-2586 -2421,0,-2573 -2432,0,-2559 -2444,0,-2546
mouvement 419d893b269e14c02e84e3509d9bf193 [centre] -2808,0,-2746 -2809,0,-2744 -2811,0,-2743 -2813,0,-2741 -2815,0,-2739 -2817,0,-2738 -2819,0,-2736 -2821,0,-2734 -2823,0,-2733 -2825,0,-2731 -2827,0,-2729 -2829,0,-2728 -2831,0,-2726 -2833,0,-2724 -2835,0,-2722 -2837,0,-2721 -2838,0,-2719 -2840,0,-2717 -2842,0,-2716 -2844,0,-2714 -2846,0,-2712 -2848,0,-2710 -2850,0,-2709 -2852,0,-2707 -2854,0,-2705 -2855,0,-2703 -2857,0,-2701 -2859,0,-2700 -2861,0,-2698 -2863,0,-2696 -2865,0,-2694 -2867,0,-2692 -2868,0,-2690 -2870,0,-2689 -2872,0,-2687 -2874,0,-2685 -2876,0,-2683 -2877,0,-2681 -2879,0,-2679 -2881,0,-2677 -2883,0,-2675 -2884,0,-2674 -2886,0,-2672 -2888,0,-2670 -2890,0,-2668 -2891,0,-2666 -2893,0,-2664 -2895,0,-2662 -2896,0,-2660 -2898,0,-2658 -2900,0,-2656 -2901,0,-2654 -2903,0,-2652 -2904,0,-2650 -2906,0,-2648 -2908,0,-2646 -2909,0,-2644 -2911,0,-2641 -2912,0,-2639 -2914,0,-2637 -2915,0,-2635 -2917,0,-2633 -2918,0,-2631 -2920,0,-2629 -2921,0,-2627 -2923,0,-2625 -2924,0,-2622 -2926,0,-2620 -2927,0,-2618 -2929,0,-2616 -2930,0,-2614 -2931,0,-2611 -2933,0,-2609 -2934,0,-2607 -2935,0,-2605 -2937,0,-2603 -2938,0,-2600 -2939,0,-2598 -2941,0,-2596 -2942,0,-2594 -2943,0,-2591 -2944,0,-2589 -2946,0,-2587 -2947,0,-2584 -2948,0,-2582 -2949,0,-2580 -2950,0,-2577 -2951,0,-2575 -2953,0,-2573 -2954,0,-2570 -2955,0,-2568 -2956,0,-2566 -2957,0,-2563 -2958,0,-2561 -2959,0,-2559 -2960,0,-2556 -2961,0,-2554 -2962,0,-2551 -2963,0,-2549 -2964,0,-2547 -2965,0,-2544 -2966,0,-2542 -2967,0,-2539 -2968,0,-2537 -2969,0,-2535 -2969,0,-2532 -2970,0,-2530 -2971,0,-2527 -2972,0,-2525 -2973,0,-2522 -2974,0,-2520 -2974,0,-2518 -2975,0,-2515 -2976,0,-2513 -2977,0,-2510 -2977,0,-2508 -2978,0,-2505 -2979,0,-2503 -2979,0,-2500 -2980,0,-2498 -2981,0,-2495 -2981,0,-2493 -2982,0,-2490 -2983,0,-2488 -2983,0,-2485 -2984,0,-2483 -2984,0,-2480 -2985,0,-2478 -2985,0,-2475 -2986,0,-2473 -2986,0,-2470 -2987,0,-2468 -2987,0,-2465 -2988,0,-2463 -2988,0,-2460 -2989,0,-2458 -2989,0,-2455 -2990,0,-2453 -2990,0,-2450 -2991,0,-2448 -2991,0,-2445 -2991,0,-2443 -2992,0,-2440 -2992,0,-2438 -2993,0,-2435 -2993,0,-2433 -2993,0,-2430 -2994,0,-2428 -2994,0,-2425 -2994,0,-2423 -2994,0,-2420 -2995,0,-2418 -2995,0,-2415 -2995,0,-2413 -2996,0,-2410 -2996,0,-2408 -2996,0,-2405 -2996,0,-2403 -2996,0,-2400 -2997,0,-2397 -2997,0,-2395 -2997,0,-2392 -2997,0,-2390 -2998,0,-2387 -2998,0,-2385 -2998,0,-2382 -2998,0,-2380 -2998,0,-2377 -2998,0,-2375 -2998,0,-2372 -2999,0,-2370 -2999,0,-2367 -2999,0,-2365 -2999,0,-2362 -2999,0,-2360 -2999,0,-2357 -2999,0,-2354 -2999,0,-2352 -2999,0,-2349 -3000,0,-2347 -3000,0,-2344 -3000,0,-2342 -3000,0,-2339 -3000,0,-2337 -3000,0,-2334 -3000,0,-2332 -3000,0,-2329 -3000,0,-2327 -3000,0,-2324 -3000,0,-2321 -3000,0,-2319 -3000,0,-2316 -3000,0,-2314 -3000,0,-2311 -3000,0,-2309 -3000,0,-2306 -3000,0,-2304 -3000,0,-2301 -3000,0,-2299 -3000,0,-2296 -3000,0,-2293 -3000,0,-2291 -3000,0,-2288 -3000,0,-2286 -3000,0,-2283 -3000,0,-2281 -3000,0,-2278 -3000,0,-2276 -3000,0,-2273 -3000,0,-2271 -3000,0,-2268 -3000,0,-2265 -3000,0,-2263 -3000,0,-2260 -3000,0,-2258 -3000,0,-2255 -3000,0,-2253 -3000,0,-2250 -3000,0,-2248 -3000,0,-2245 -3000,0,-2242 -3000,0,-2240 -3000,0,-2237 -3000,0,-2235 -3000,0,-2232 -3000,0,-2230 -3000,0,-2227 -3000,0,-2224 -3000,0,-2222 -3000,0,-2219 -3000,0,-2217 -3000,0,-2214 -3000,0,-2212 -3000,0,-2209 -3000,0,-2207 -3000,0,-2204 -3000,0,-2201 -3000,0,-2199 -3000,0,-2196 -3000,0,-2194 -3000,0,-2191 -3000,0,-2189 -3000,0,-2186 -3000,0,-2183 -3000,0,-2181 -3000,0,-2178 -3000,0,-2176 -3000,0,-2173 -3000,0,-2171 -3000,0,-2168 -3000,0,-2165 -3000,0,-2163 -3000,0,-2160 -3000,0,-2158 -3000,0,-2155 -3000,0,-2153 -3000,0,-2150
mouvement 419d893b269e14c02e84e3509d9bf193 [bord gauche] -3069,0,-3049 -3071,0,-3046 -3072,0,-3044 -3074,0,-3042 -3075,0,-3039 -3077,0,-3037 -3079,0,-3034 -3081,0,-3032 -3082,0,-3029 -3084,0,-3026 -3086,0,-3024 -3088,0,-3021 -3090,0,-3018 -3092,0,-3015 -3094,0,-3012 -3096,0,-3009 -3098,0,-3006 -3100,0,-3003 -3103,0,-3000 -3105,0,-2997 -3107,0,-2994 -3109,0,-2991 -3112,0,-2988 -3114,0,-2984 -3116,0,-2981 -3119,0,-2978 -3121,0,-2975 -3123,0,-2971 -3126,0,-2968 -3128,0,-2964 -3131,0,-2961 -3133,0,-2957 -3135,0,-2954 -3138,0,-2950 -3140,0,-2946 -3143,0,-2943 -3145,0,-2939 -3148,0,-2935 -3150,0,-2931 -3153,0,-2928 -3155,0,-2924 -3157,0,-2920 -3160,0,-2916 -3162,0,-2912 -3165,0,-2908 -3167,0,-2904 -3170,0,-2900 -3172,0,-2896 -3174,0,-2892 -3177,0,-2888 -3179,0,-2884 -3181,0,-2880 -3184,0,-2876 -3186,0,-2872 -3188,0,-2867 -3190,0,-2863 -3193,0,-2859 -3195,0,-2855 -3197,0,-2850 -3199,0,-2846 -3202,0,-2842 -3204,0,-2837 -3206,0,-2833 -3208,0,-2829 -3210,0,-2824 -3212,0,-2820 -3214,0,-2815 -3216,0,-2811 -3218,0,-2806 -3220,0,-2802 -3222,0,-2798 -3224,0,-2793 -3225,0,-2789 -3227,0,-2784 -3229,0,-2779 -3231,0,-2775 -3233,0,-2770 -3234,0,-2766 -3236,0,-2761 -3238,0,-2757 -3239,0,-2752 -3241,0,-2748 -3242,0,-2743 -3244,0,-2739 -3245,0,-2734 -3247,0,-2729 -3248,0,-2725 -3249,0,-2720 -3251,0,-2716 -3252,0,-2711 -3253,0,-2706 -3255,0,-2702 -3256,0,-2697 -3257,0,-2693 -3258,0,-2688 -3259,0,-2684 -3260,0,-2679 -3261,0,-2674 -3262,0,-2670 -3263,0,-2665 -3264,0,-2661 -3265,0,-2656 -3266,0,-2652 -3267,0,-2647 -3268,0,-2643 -3268,0,-2638 -3269,0,-2634 -3270,0,-2629 -3271,0,-2625 -3271,0,-2620 -3272,0,-2616 -3272,0,-2612 -3273,0,-2607 -3274,0,-2603 -3274,0,-2598 -3274,0,-2594 -3275,0,-2590 -3275,0,-2585 -3276,0,-2581 -3276,0,-2577 -3276,0,-2572 -3277,0,-2568 -3277,0,-2564 -3277,0,-2560 -3277,0,-2555 -3278,0,-2551 -3278,0,-2547 -3278,0,-2543 -3278,0,-2539 -3278,0,-2535 -3278,0,-2530 -3278,0,-2526 -3278,0,-2522 -3278,0,-2518 -3278,0,-2514 -3278,0,-2510 -3278,0,-2506 -3278,0,-2502 -3278,0,-2498 -3278,0,-2494 -3278,0,-2490 -3277,0,-2487 -3277,0,-2483 -3277,0,-2479 -3277,0,-2475 -3276,0,-2471 -3276,0,-2468 -3276,0,-2464 -3276,0,-2460 -3275,0,-2456 -3275,0,-2453 -3275,0,-2449 -3274,0,-2445 -3274,0,-2442 -3273,0,-2438 -3273,0,-2435 -3272,0,-2431 -3272,0,-2427 -3272,0,-2424 -3271,0,-2420 -3271,0,-2417 -3270,0,-2414 -3270,0,-2410 -3269,0,-2407 -3269,0,-2403 -3268,0,-2400 -3267,0,-2397 -3267,0,-2393 -3266,0,-2390 -3266,0,-2387 -3265,0,-2384 -3264,0,-2380 -3264,0,-2377 -3263,0,-2374 -3263,0,-2371 -3262,0,-2368 -3261,0,-2364 -3261,0,-2361 -3260,0,-2358 -3259,0,-2355 -3259,0,-2352 -3258,0,-2349 -3257,0,-2346 -3257,0,-2343 -3256,0,-2340 -3255,0,-2337 -3254,0,-2334 -3254,0,-2331 -3253,0,-2328 -3252,0,-2325 -3252,0,-2322 -3251,0,-2319 -3250,0,-2317 -3249,0,-2314 -3249,0,-2311 -3248,0,-2308 -3247,0,-2305 -3246,0,-2303 -3246,0,-2300 -3245,0,-2297 -3244,0,-2294 -3243,0,-2291 -3242,0,-2289 -3242,0,-2286 -3241,0,-2283 -3240,0,-2281 -3239,0,-2278 -3239,0,-2275 -3238,0,-2273 -3237,0,-2270 -3236,0,-2267 -3235,0,-2265 -3235,0,-2262 -3234,0,-2259 -3233,0,-2257 -3232,0,-2254 -3232,0,-2252 -3231,0,-2249 -3230,0,-2246 -3229,0,-2244 -3228,0,-2241 -3228,0,-2239 -3227,0,-2236 -3226,0,-2234 -3225,0,-2231 -3224,0,-2228 -3224,0,-2226 -3223,0,-2223 -3222,0,-2221 -3221,0,-2218 -3220,0,-2216 -3220,0,-2213 -3219,0,-2211 -3218,0,-2208 -3217,0,-2206 -3216,0,-2203 -3216,0,-2201 -3215,0,-2198 -3214,0,-2196 -3213,0,-2193 -3213,0,-2191 -3212,0,-2188 -3211,0,-2186 -3210,0,-2183 -3209,0,-2181 -3209,0,-2178 -3208,0,-2175 -3207,0,-2173 -3206,0,-2170 -3205,0,-2168 -3205,0,-2165 -3204,0,-2163 -3203,0,-2160 -3202,0,-2158 -3202,0,-2155 -3201,0,-2153 -3200,0,-2150
mouvement 419d893b269e14c02e84e3509d9bf193 [bord droit] -2546,0,-2444 -2548,0,-2443 -2551,0,-2441 -2553,0,-2441 -2555,0,-2440 -2558,0,-2439 -2560,0,-2438 -2562,0,-2437 -2564,0,-2436 -2566,0,-2436 -2568,0,-2435 -2570,0,-2434 -2572,0,-2434 -2573,0,-2433 -2575,0,-2433 -2577,0,-2432 -2579,0,-2432 -2580,0,-2431 -2582,0,-2431 -2584,0,-2430 -2585,0,-2430 -2587,0,-2430 -2588,0,-2429 -2590,0,-2429 -2591,0,-2429 -2592,0,-2428 -2594,0,-2428 -2595,0,-2428 -2596,0,-2428 -2598,0,-2428 -2599,0,-2428 -2600,0,-2427 -2601,0,-2427 -2603,0,-2427 -2604,0,-2427 -2605,0,-2427 -2606,0,-2427 -2607,0,-2427 -2608,0,-2427 -2609,0,-2427 -2610,0,-2427 -2611,0,-2427 -2612,0,-2427 -2613,0,-2427 -2614,0,-2427 -2615,0,-2427 -2616,0,-2427 -2617,0,-2427 -2618,0,-2427 -2619,0,-2428 -2620,0,-2428 -2621,0,-2428 -2622,0,-2428 -2623,0,-2428 -2624,0,-2428 -2625,0,-2428 -2626,0,-2428 -2627,0,-2428 -2628,0,-2429 -2628,0,-2429 -2629,0,-2429 -2630,0,-2429 -2631,0,-2429 -2632,0,-2429 -2633,0,-2429 -2634,0,-2429 -2635,0,-2429 -2636,0,-2430 -2636,0,-2430 -2637,0,-2430 -2638,0,-2430 -2639,0,-2430 -2640,0,-2430 -2641,0,-2430 -2642,0,-2430 -2643,0,-2430 -2644,0,-2430 -2644,0,-2430 -2645,0,-2430 -2646,0,-2430 -2647,0,-2430 -2648,0,-2430 -2649,0,-2430 -2650,0,-2430 -2651,0,-2430 -2652,0,-2430 -2653,0,-2430 -2653,0,-2430 -2654,0,-2430 -2655,0,-2430 -2656,0,-2430 -2657,0,-2430 -2658,0,-2429 -2659,0,-2429 -2660,0,-2429 -2661,0,-2429 -2662,0,-2429 -2663,0,-2428 -2664,0,-2428 -2665,0,-2428 -2666,0,-2428 -2667,0,-2427 -2668,0,-2427 -2668,0,-2427 -2669,0,-2426 -2670,0,-2426 -2671,0,-2426 -2672,0,-2425 -2673,0,-2425 -2674,0,-2424 -2675,0,-2424 -2676,0,-2424 -2677,0,-2423 -2678,0,-2423 -2679,0,-2422 -2680,0,-2421 -2681,0,-2421 -2682,0,-2420 -2683,0,-2420 -2684,0,-2419 -2685,0,-2418 -2686,0,-2418 -2687,0,-2417 -2688,0,-2416 -2689,0,-2415 -2690,0,-2415 -2691,0,-2414 -2692,0,-2413 -2693,0,-2412 -2694,0,-2411 -2695,0,-2410 -2696,0,-2410 -2697,0,-2409 -2698,0,-2408 -2699,0,-2407 -2700,0,-2406 -2701,0,-2405 -2702,0,-2404 -2703,0,-2402 -2704,0,-2401 -2705,0,-2400 -2706,0,-2399 -2706,0,-2398 -2707,0,-2397 -2708,0,-2396 -2709,0,-2394 -2710,0,-2393 -2711,0,-2392 -2712,0,-2390 -2713,0,-2389 -2714,0,-2388 -2715,0,-2386 -2716,0,-2385 -2717,0,-2384 -2718,0,-2382 -2719,0,-2381 -2720,0,-2379 -2721,0,-2378 -2721,0,-2376 -2722,0,-2374 -2723,0,-2373 -2724,0,-2371 -2725,0,-2370 -2726,0,-2368 -2727,0,-2366 -2728,0,-2365 -2729,0,-2363 -2729,0,-2361 -2730,0,-2359 -2731,0,-2358 -2732,0,-2356 -2733,0,-2354 -2734,0,-2352 -2735,0,-2350 -2736,0,-2348 -2736,0,-2346 -2737,0,-2344 -2738,0,-2343 -2739,0,-2341 -2740,0,-2339 -2741,0,-2337 -2741,0,-2335 -2742,0,-2332 -2743,0,-2330 -2744,0,-2328 -2745,0,-2326 -2746,0,-2324 -2746,0,-2322 -2747,0,-2320 -2748,0,-2318 -2749,0,-2315 -2750,0,-2313 -2750,0,-2311 -2751,0,-2309 -2752,0,-2307 -2753,0,-2304 -2754,0,-2302 -2754,0,-2300 -2755,0,-2297 -2756,0,-2295 -2757,0,-2293 -2757,0,-2290 -2758,0,-2288 -2759,0,-2286 -2760,0,-2283 -2761,0,-2281 -2761,0,-2278 -2762,0,-2276 -2763,0,-2274 -2764,0,-2271 -2764,0,-2269 -2765,0,-2266 -2766,0,-2264 -2767,0,-2261 -2768,0,-2259 -2768,0,-2256 -2769,0,-2254 -2770,0,-2251 -2771,0,-2249 -2771,0,-2246 -2772,0,-2244 -2773,0,-2241 -2774,0,-2238 -2774,0,-2236 -2775,0,-2233 -2776,0,-2231 -2777,0,-2228 -2778,0,-2226 -2778,0,-2223 -2779,0,-2220 -2780,0,-2218 -2781,0,-2215 -2781,0,-2213 -2782,0,-2210 -2783,0,-2207 -2784,0,-2205 -2784,0,-2202 -2785,0,-2199 -2786,0,-2197 -2787,0,-2194 -2788,0,-2192 -2788,0,-2189 -2789,0,-2186 -2790,0,-2184 -2791,0,-2181 -2791,0,-2179 -2792,0,-2176 -2793,0,-2173 -2794,0,-2171 -2795,0,-2168 -2795,0,-2166 -2796,0,-2163 -2797,0,-2160 -2798,0,-2158 -2798,0,-2155 -2799,0,-2153 -2800,0,-2150
mouvement 42e993cf17d9aad93755cb544a0d02a9 [centre] -2808,0,-2746 -2816,0,-2739 -2824,0,-2733 -2832,0,-2726 -2840,0,-2720 -2848,0,-2714 -2857,0,-2708 -2866,0,-2702 -2874,0,-2696 -2883,0,-2691 -2892,0,-2685 -2901,0,-2680 -2910,0,-2675 -2919,0,-2670 -2929,0,-2665 -2938,0,-2660 -2947,0,-2656 -2957,0,-2651 -2966,0,-2647 -2976,0,-2643 -2986,0,-2640 -2996,0,-2636 -3005,0,-2632 -3015,0,-2629 -3025,0,-2626 -3035,0,-2623 -3045,0,-2620 -3055,0,-2618 -3066,0,-2615 -3076,0,-2613 -3086,0,-2611 -3096,0,-2609 -3106,0,-2607 -3117,0,-2606 -3127,0,-2604 -3138,0,-2603 -3148,0,-2602 -3158,0,-2601 -3169,0,-2601 -3179,0,-2600 -3190,0,-2600 -3200,0,-2600 -3210,0,-2600 -3221,0,-2600 -3231,0,-2601 -3242,0,-2601 -3252,0,-2602 -3262,0,-2603 -3273,0,-2604 -3283,0,-2606 -3294,0,-2607 -3304,0,-2609 -3314,0,-2611 -3324,0,-2613 -3334,0,-2615 -3345,0,-2618 -3355,0,-2620 -3365,0,-2623 -3375,0,-2626 -3385,0,-2629 -3395,0,-2632 -3404,0,-2636 -3414,0,-2640 -3424,0,-2643 -3434,0,-2647 -3443,0,-2651 -3453,0,-2656 -3462,0,-2660 -3471,0,-2665 -3481,0,-2670 -3490,0,-2675 -3499,0,-2680 -3508,0,-2685 -3517,0,-2691 -3526,0,-2696 -3534,0,-2702 -3543,0,-2708 -3552,0,-2714 -3560,0,-2720 -3568,0,-2726 -3576,0,-2733 -3584,0,-2739 -3592,0,-2746
mouvement 42e993cf17d9aad93755cb544a0d02a9 [bord gauche] -3069,0,-3049 -3072,0,-3046 -3075,0,-3044 -3077,0,-3042 -3080,0,-3040 -3083,0,-3038 -3086,0,-3036 -3089,0,-3034 -3091,0,-3032 -3094,0,-3030 -3097,0,-3028 -3100,0,-3027 -3103,0,-3025 -3106,0,-3023 -3110,0,-3022 -3113,0,-3020 -3116,0,-3019 -3119,0,-3017 -3122,0,-3016 -3125,0,-3014 -3129,0,-3013 -3132,0,-3012 -3135,0,-3011 -3138,0,-3010 -3142,0,-3009 -3145,0,-3008 -3148,0,-3007 -3152,0,-3006 -3155,0,-3005 -3159,0,-3004 -3162,0,-3004 -3165,0,-3003 -3169,0,-3002 -3172,0,-3002 -3176,0,-3001 -3179,0,-3001 -3183,0,-3001 -3186,0,-3000 -3190,0,-3000 -3193,0,-3000 -3197,0,-3000 -3200,0,-3000 -3203,0,-3000 -3207,0,-3000 -3210,0,-3000 -3214,0,-3000 -3217,0,-3001 -3221,0,-3001 -3224,0,-3001 -3228,0,-3002 -3231,0,-3002 -3235,0,-3003 -3238,0,-3004 -3241,0,-3004 -3245,0,-3005 -3248,0,-3006 -3252,0,-3007 -3255,0,-3008 -3258,0,-3009 -3262,0,-3010 -3265,0,-3011 -3268,0,-3012 -3271,0,-3013 -3275,0,-3014 -3278,0,-3016 -3281,0,-3017 -3284,0,-3019 -3287,0,-3020 -3290,0,-3022 -3294,0,-3023 -3297,0,-3025 -3300,0,-3027 -3303,0,-3028 -3306,0,-3030 -3309,0,-3032 -3311,0,-3034 -3314,0,-3036 -3317,0,-3038 -3320,0,-3040 -3323,0,-3042 -3325,0,-3044 -3328,0,-3046 -3331,0,-3049
mouvement 42e993cf17d9aad93755cb544a0d02a9 [bord droit] -2546,0,-2444 -2559,0,-2432 -2573,0,-2421 -2586,0,-2410 -2600,0,-2400 -2614,0,-2390 -2628,0,-2380 -2643,0,-2370 -2657,0,-2360 -2672,0,-2351 -2687,0,-2342 -2702,0,-2333 -2717,0,-2324 -2732,0,-2316 -2748,0,-2308 -2763,0,-2300 -2779,0,-2293 -2795,0,-2286 -2811,0,-2279 -2827,0,-2272 -2843,0,-2266 -2859,0,-2260 -2876,0,-2254 -2892,0,-2249 -2909,0,-2243 -2925,0,-2238 -2942,0,-2234 -2959,0,-2229 -2976,0,-2225 -2993,0,-2222 -3010,0,-2218 -3027,0,-2215 -3044,0,-2212 -3061,0,-2210 -3079,0,-2207 -3096,0,-2205 -3113,0,-2204 -3130,0,-2202 -3148,0,-2201 -3165,0,-2201 -3183,0,-2200 -3200,0,-2200 -3217,0,-2200 -3235,0,-2201 -3252,0,-2201 -3270,0,-2202 -3287,0,-2204 -3304,0,-2205 -3321,0,-2207 -3339,0,-2210 -3356,0,-2212 -3373,0,-2215 -3390,0,-2218 -3407,0,-2222 -3424,0,-2225 -3441,0,-2229 -3458,0,-2234 -3475,0,-2238 -3491,0,-2243 -3508,0,-2249 -3524,0,-2254 -3541,0,-2260 -3557,0,-2266 -3573,0,-2272 -3589,0,-2279 -3605,0,-2286 -3621,0,-2293 -3637,0,-2300 -3652,0,-2308 -3668,0,-2316 -3683,0,-2324 -3698,0,-2333 -3713,0,-2342 -3728,0,-2351 -3743,0,-2360 -3757,0,-2370 -3772,0,-2380 -3786,0,-2390 -3800,0,-2400 -3814,0,-2410 -3827,0,-2421 -3841,0,-2432 -3854,0,-2444
zone 42b83e7c01b9cbacc9919a1bb7e9e68c [42480748339bbb6fe6fcbc99604c1aa8 x 45607ec286d32b63e09ca677f22031ba] -3891,0,-3891 ; 726,246,726
zone 450099ba966907d2e411d1b20b54ae99 [4030253e182e3ed1b7d2aeea7a73feb6 x 43605e569eb08d6ffe62fa7470d59fa0] -2217,0,-3200 ; 660,245,494
zone 451483d7154f55215bd3214ab24e3d98 [42480748339bbb6fe6fcbc99604c1aa8 x 4a61888b6162623b5f3b239c6967a1b7] -3537,0,-3879 ; 797,246,738
zone 49b9fb8a95b566317bd90511c5724b82 [42e993cf17d9aad93755cb544a0d02a9 x 4cec0461fb9fd74541d5772b2264b88f] -3322,0,-2381 ; 641,245,823
zone 4a4250039f40a26ff5b4051a197c149d [419d893b269e14c02e84e3509d9bf193 x 4cec0461fb9fd74541d5772b2264b88f] -3200,0,-2217 ; 494,245,660
zone 4df53fca19b7ee5211d4e512b3a4da86 [43605e569eb08d6ffe62fa7470d59fa0 x 4e0c96d3fe6dbf797b6b539c16fe42ac] -2381,0,-3048 ; 823,245,671
controle 4125ec30a583176d1fbb06c776fa858f [Uncontrolled, approche 433f39ba8eeb012212b7d5a05468b09d, 1 mouvements] -2150,0,-3000
controle 45e4596d6aa585a2517bee9c8fb834be [Uncontrolled, approche 4d1d749db78465cdc4e90ee844e3d898, 1 mouvements] -3801,0,-4084
controle 47ef2473ecfa0206cc2301cc291f7886 [Uncontrolled, approche 41aade042322996080b638a3a86e1088, 2 mouvements] -2746,0,-3592
controle 4aeddcba2f3223edb3ec477c2638bea8 [Uncontrolled, approche 427041528b28cda9499c4ab5aafe0d9c, 2 mouvements] -3798,0,-3243
controle 4cf54317710e5723de29224b473fd89f [Uncontrolled, approche 40e937a99618cac3ce12d56586514283, 1 mouvements] -3400,0,-2150
controle 4d6b68fe5f6aaa73f9d436e8c46044a2 [Uncontrolled, approche 48e681e799268186449903ef2aa3258f, 2 mouvements] -2808,0,-2746

instance GlobalObjectId_V1-2-ee081d5cbff641bb9dd499b4f13a8d62-7654237338994223078-1873927255 Roundabout_NorthWest (Roundabout)
corridor 4ccc97c5021ae91587883344ee3ca299 [centre] -2746,0,3592 -2753,0,3600 -2760,0,3608 -2767,0,3615 -2774,0,3623 -2782,0,3630 -2789,0,3637 -2797,0,3644 -2804,0,3651 -2812,0,3658 -2820,0,3664 -2828,0,3671 -2836,0,3677 -2845,0,3683 -2853,0,3689 -2861,0,3695 -2870,0,3701 -2879,0,3707 -2888,0,3712 -2896,0,3718 -2905,0,3723 -2914,0,3728 -2924,0,3733 -2933,0,3737 -2942,0,3742 -2951,0,3746 -2961,0,3750 -2970,0,3754 -2980,0,3758 -2990,0,3762 -2999,0,3765 -3009,0,3769 -3019,0,3772 -3029,0,3775 -3039,0,3778 -3049,0,3781 -3059,0,3783 -3069,0,3785 -3079,0,3788 -3089,0,3790 -3099,0,3791 -3109,0,3793 -3120,0,3795 -3130,0,3796 -3140,0,3797 -3150,0,3798 -3161,0,3799 -3171,0,3799 -3181,0,3800 -3192,0,3800 -3202,0,3800 -3212,0,3800 -3223,0,3800 -3233,0,3799 -3243,0,3798
corridor 4ccc97c5021ae91587883344ee3ca299 [bord gauche] -3049,0,3331 -3051,0,3333 -3053,0,3336 -3056,0,3338 -3058,0,3341 -3061,0,3343 -3063,0,3346 -3066,0,3348 -3068,0,3350 -3071,0,3353 -3073,0,3355 -3076,0,3357 -3079,0,3359 -3082,0,3361 -3084,0,3363 -3087,0,3365 -3090,0,3367 -3093,0,3369 -3096,0,3371 -3099,0,3373 -3102,0,3374 -3105,0,3376 -3108,0,3378 -3111,0,3379 -3114,0,3381 -3117,0,3382 -3120,0,3383 -3123,0,3385 -3127,0,3386 -3130,0,3387 -3133,0,3388 -3136,0,3390 -3140,0,3391 -3143,0,3392 -3146,0,3393 -3150,0,3394 -3153,0,3394 -3156,0,3395 -3160,0,3396 -3163,0,3397 -3166,0,3397 -3170,0,3398 -3173,0,3398 -3177,0,3399 -3180,0,3399 -3183,0,3399 -3187,0,3400 -3190,0,3400 -3194,0,3400 -3197,0,3400 -3201,0,3400 -3204,0,3400 -3208,0,3400 -3211,0,3400 -3214,0,3399
corridor 4ccc97c5021ae91587883344ee3ca299 [bord droit] -2444,0,3854 -2455,0,3867 -2467,0,3880 -2478,0,3892 -2490,0,3905 -2503,0,3917 -2515,0,3929 -2528,0,3940 -2541,0,3952 -2554,0,3963 -2567,0,3974 -2580,0,3985 -2594,0,3995 -2608,0,4006 -2622,0,4016 -2636,0,4026 -2650,0,4035 -2665,0,4045 -2679,0,4054 -2694,0,4063 -2709,0,4071 -2724,0,4079 -2739,0,4088 -2755,0,4095 -2770,0,4103 -2786,0,4110 -2801,0,4117 -2817,0,4124 -2833,0,4130 -2849,0,4137 -2866,0,4142 -2882,0,4148 -2898,0,4153 -2915,0,4158 -2931,0,4163 -2948,0,4168 -2965,0,4172 -2981,0,4176 -2998,0,4179 -3015,0,4183 -3032,0,4186 -3049,0,4189 -3066,0,4191 -3083,0,4193 -3100,0,4195 -3117,0,4197 -3135,0,4198 -3152,0,4199 -3169,0,4200 -3186,0,4200 -3204,0,4200 -3221,0,4200 -3238,0,4199 -3255,0,4198 -3272,0,4197
corridor 4ec40e5f82f7a65bed1dc3d9679f8693 [centre] -3798,0,3243 -3799,0,3233 -3800,0,3223 -3800,0,3212 -3800,0,3202 -3800,0,3192 -3800,0,3181 -3799,0,3171 -3799,0,3161 -3798,0,3150 -3797,0,3140 -3796,0,3130 -3795,0,3120 -3793,0,3109 -3791,0,3099 -3790,0,3089 -3788,0,3079 -3785,0,3069 -3783,0,3059 -3781,0,3049 -3778,0,3039 -3775,0,3029 -3772,0,3019 -3769,0,3009 -3765,0,2999 -3762,0,2990 -3758,0,2980 -3754,0,2970 -3750,0,2961 -3746,0,2951 -3742,0,2942 -3737,0,2933 -3733,0,2924 -3728,0,2914 -3723,0,2905 -3718,0,2896 -3712,0,2888 -3707,0,2879 -3701,0,2870 -3695,0,2862 -3689,0,2853 -3683,0,2845 -3677,0,2836 -3671,0,2828 -3664,0,2820 -3658,0,2812 -3651,0,2804 -3644,0,2797 -3637,0,2789 -3630,0,2782 -3623,0,2774 -3615,0,2767 -3608,0,2760 -3600,0,2753 -3592,0,2746
corridor 4ec40e5f82f7a65bed1dc3d9679f8693 [bord gauche] -3399,0,3214 -3400,0,3211 -3400,0,3208 -3400,0,3204 -3400,0,3201 -3400,0,3197 -3400,0,3194 -3400,0,3190 -3400,0,3187 -3399,0,3183 -3399,0,3180 -3399,0,3177 -3398,0,3173 -3398,0,3170 -3397,0,3166 -3397,0,3163 -3396,0,3160 -3395,0,3156 -3394,0,3153 -3394,0,3150 -3393,0,3146 -3392,0,3143 -3391,0,3140 -3390,0,3136 -3388,0,3133 -3387,0,3130 -3386,0,3127 -3385,0,3123 -3383,0,3120 -3382,0,3117 -3381,0,3114 -3379,0,3111 -3378,0,3108 -3376,0,3105 -3374,0,3102 -3373,0,3099 -3371,0,3096 -3369,0,3093 -3367,0,3090 -3365,0,3087 -3363,0,3084 -3361,0,3082 -3359,0,3079 -3357,0,3076 -3355,0,3073 -3353,0,3071 -3350,0,3068 -3348,0,3066 -3346,0,3063 -3343,0,3061 -3341,0,3058 -3338,0,3056 -3336,0,3053 -3333,0,3051 -3331,0,3049
corridor 4ec40e5f82f7a65bed1dc3d9679f8693 [bord droit] -4197,0,3272 -4198,0,3255 -4199,0,3238 -4200,0,3221 -4200,0,3204 -4200,0,3186 -4200,0,3169 -4199,0,3152 -4198,0,3135 -4197,0,3117 -4195,0,3100 -4193,0,3083 -4191,0,3066 -4189,0,3049 -4186,0,3032 -4183,0,3015 -4179,0,2998 -4176,0,2981 -4172,0,2965 -4168,0,2948 -4163,0,2931 -4158,0,2915 -4153,0,2898 -4148,0,2882 -4142,0,2866 -4137,0,2849 -4130,0,2833 -4124,0,2817 -4117,0,2801 -4110,0,2786 -4103,0,2770 -4095,0,2755 -4088,0,2739 -4079,0,2724 -4071,0,2709 -4063,0,2694 -4054,0,2679 -4045,0,2665 -4035,0,2650 -4026,0,2636 -4016,0,2622 -4006,0,2608 -3995,0,2594 -3985,0,2580 -3974,0,2567 -3963,0,2554 -3952,0,2541 -3940,0,2528 -3929,0,2515 -3917,0,2503 -3905,0,2490 -3892,0,2478 -3880,0,2467 -3867,0,2455 -3854,0,2444
corridor 43e96165bde1e8229cf8d27082d6b798 [centre] -2808,0,2746 -2800,0,2753 -2793,0,2759 -2786,0,2766 -2779,0,2772 -2772,0,2779 -2766,0,2786 -2759,0,2793 -2753,0,2800 -2746,0,2808
corridor 43e96165bde1e8229cf8d27082d6b798 [bord gauche] -3069,0,3049 -3067,0,3051 -3064,0,3053 -3062,0,3055 -3060,0,3057 -3057,0,3060 -3055,0,3062 -3053,0,3064 -3051,0,3067 -3049,0,3069
corridor 43e96165bde1e8229cf8d27082d6b798 [bord droit] -2546,0,2444 -2534,0,2454 -2522,0,2465 -2510,0,2476 -2499,0,2487 -2487,0,2499 -2476,0,2510 -2465,0,2522 -2454,0,2534 -2444,0,2546
frontiere 41a63c5603c904390698494de09c299d [Roundabout] -3117,0,3117 ; 1167,400,1167
mouvement 4d6ca77eae0d45e72a542a1478a2aa84 [centre] -3000,0,2150 -3000,0,2153 -3000,0,2155 -3000,0,2158 -3000,0,2160 -3000,0,2163 -3000,0,2165 -3000,0,2168 -3000,0,2171 -3000,0,2173 -3000,0,2176 -3000,0,2178 -3000,0,2181 -3000,0,2183 -3000,0,2186 -3000,0,2189 -3000,0,2191 -3000,0,2194 -3000,0,2196 -3000,0,2199 -3000,0,2201 -3000,0,2204 -3000,0,2207 -3000,0,2209 -3000,0,2212 -3000,0,2214 -3000,0,2217 -3000,0,2219 -3000,0,2222 -3000,0,2224 -3000,0,2227 -3000,0,2230 -3000,0,2232 -3000,0,2235 -3000,0,2237 -3000,0,2240 -3000,0,2242 -3000,0,2245 -3000,0,2248 -3000,0,2250 -3000,0,2253 -3000,0,2255 -3000,0,2258 -3000,0,2260 -3000,0,2263 -3000,0,2265 -3000,0,2268 -3000,0,2271 -3000,0,2273 -3000,0,2276 -3000,0,2278 -3000,0,2281 -3000,0,2283 -3000,0,2286 -3000,0,2288 -3000,0,2291 -3000,0,2293 -3000,0,2296 -3000,0,2299 -3000,0,2301 -3000,0,2304 -3000,0,2306 -3000,0,2309 -3000,0,2311 -3000,0,2314 -3000,0,2316 -3000,0,2319 -3000,0,2321 -3000,0,2324 -3000,0,2327 -3000,0,2329 -3000,0,2332 -3000,0,2334 -3000,0,2337 -3000,0,2339 -3000,0,2342 -3000,0,2344 -3000,0,2347 -2999,0,2349 -2999,0,2352 -2999,0,2354 -2999,0,2357 -2999,0,2360 -2999,0,2362 -2999,0,2365 -2999,0,2367 -2999,0,2370 -2998,0,2372 -2998,0,2375 -2998,0,2377 -2998,0,2380 -2998,0,2382 -2998,0,2385 -2998,0,2387 -2997,0,2390 -2997,0,2392 -2997,0,2395 -2997,0,2397 -2996,0,2400 -2996,0,2403 -2996,0,2405 -2996,0,2408 -2996,0,2410 -2995,0,2413 -2995,0,2415 -2995,0,2418 -2994,0,2420 -2994,0,2423 -2994,0,2425 -2994,0,2428 -2993,0,2430 -2993,0,2433 -2993,0,2435 -2992,0,2438 -2992,0,2440 -2991,0,2443 -2991,0,2445 -2991,0,2448 -2990,0,2450 -2990,0,2453 -2989,0,2455 -2989,0,2458 -2988,0,2460 -2988,0,2463 -2987,0,2465 -2987,0,2468 -2986,0,2470 -2986,0,2473 -2985,0,2475 -2985,0,2478 -2984,0,2480 -2984,0,2483 -2983,0,2485 -2983,0,2488 -2982,0,2490 -2981,0,2493 -2981,0,2495 -2980,0,2498 -2979,0,2500 -2979,0,2503 -2978,0,2505 -2977,0,2508 -2977,0,2510 -2976,0,2513 -2975,0,2515 -2974,0,2518 -2974,0,2520 -2973,0,2522 -2972,0,2525 -2971,0,2527 -2970,0,2530 -2969,0,2532 -2969,0,2535 -2968,0,2537 -2967,0,2539 -2966,0,2542 -2965,0,2544 -2964,0,2547 -2963,0,2549 -2962,0,2551 -2961,0,2554 -2960,0,2556 -2959,0,2559 -2958,0,2561 -2957,0,2563 -2956,0,2566 -2955,0,2568 -2954,0,2570 -2953,0,2573 -2951,0,2575 -2950,0,2577 -2949,0,2580 -2948,0,2582 -2947,0,2584 -2946,0,2587 -2944,0,2589 -2943,0,2591 -2942,0,2594 -2941,0,2596 -2939,0,2598 -2938,0,2600 -2937,0,2603 -2935,0,2605 -2934,0,2607 -2933,0,2609 -2931,0,2611 -2930,0,2614 -2929,0,2616 -2927,0,2618 -2926,0,2620 -2924,0,2622 -2923,0,2625 -2921,0,2627 -2920,0,2629 -2918,0,2631 -2917,0,2633 -2915,0,2635 -2914,0,2637 -2912,0,2639 -2911,0,2641 -2909,0,2644 -2908,0,2646 -2906,0,2648 -2904,0,2650 -2903,0,2652 -2901,0,2654 -2900,0,2656 -2898,0,2658 -2896,0,2660 -2895,0,2662 -2893,0,2664 -2891,0,2666 -2890,0,2668 -2888,0,2670 -2886,0,2672 -2884,0,2674 -2883,0,2675 -2881,0,2677 -2879,0,2679 -2877,0,2681 -2876,0,2683 -2874,0,2685 -2872,0,2687 -2870,0,2689 -2868,0,2690 -2867,0,2692 -2865,0,2694 -2863,0,2696 -2861,0,2698 -2859,0,2700 -2857,0,2701 -2855,0,2703 -2854,0,2705 -2852,0,2707 -2850,0,2709 -2848,0,2710 -2846,0,2712 -2844,0,2714 -2842,0,2716 -2840,0,2717 -2838,0,2719 -2837,0,2721 -2835,0,2722 -2833,0,2724 -2831,0,2726 -2829,0,2728 -2827,0,2729 -2825,0,2731 -2823,0,2733 -2821,0,2734 -2819,0,2736 -2817,0,2738 -2815,0,2739 -2813,0,2741 -2811,0,2743 -2809,0,2744 -2808,0,2746
mouvement 4d6ca77eae0d45e72a542a1478a2aa84 [bord gauche] -3200,0,2150 -3201,0,2153 -3202,0,2155 -3202,0,2158 -3203,0,2160 -3204,0,2163 -3205,0,2165 -3205,0,2168 -3206,0,2170 -3207,0,2173 -3208,0,2175 -3209,0,2178 -3209,0,2181 -3210,0,2183 -3211,0,2186 -3212,0,2188 -3213,0,2191 -3213,0,2193 -3214,0,2196 -3215,0,2198 -3216,0,2201 -3216,0,2203 -3217,0,2206 -3218,0,2208 -3219,0,2211 -3220,0,2213 -3220,0,2216 -3221,0,2218 -3222,0,2221 -3223,0,2223 -3224,0,2226 -3224,0,2228 -3225,0,2231 -3226,0,2234 -3227,0,2236 -3228,0,2239 -3228,0,2241 -3229,0,2244 -3230,0,2246 -3231,0,2249 -3232,0,2252 -3232,0,2254 -3233,0,2257 -3234,0,2259 -3235,0,2262 -3235,0,2265 -3236,0,2267 -3237,0,2270 -3238,0,2273 -3239,0,2275 -3239,0,2278 -3240,0,2281 -3241,0,2283 -3242,0,2286 -3242,0,2289 -3243,0,2291 -3244,0,2294 -3245,0,2297 -3246,0,2300 -3246,0,2303 -3247,0,2305 -3248,0,2308 -3249,0,2311 -3249,0,2314 -3250,0,2317 -3251,0,2319 -3252,0,2322 -3252,0,2325 -3253,0,2328 -3254,0,2331 -3254,0,2334 -3255,0,2337 -3256,0,2340 -3257,0,2343 -3257,0,2346 -3258,0,2349 -3259,0,2352 -3259,0,2355 -3260,0,2358 -3261,0,2361 -3261,0,2364 -3262,0,2368 -3263,0,2371 -3263,0,2374 -3264,0,2377 -3264,0,2380 -3265,0,2384 -3266,0,2387 -3266,0,2390 -3267,0,2393 -3267,0,2397 -3268,0,2400 -3269,0,2403 -3269,0,2407 -3270,0,2410 -3270,0,2414 -3271,0,2417 -3271,0,2420 -3272,0,2424 -3272,0,2427 -3272,0,2431 -3273,0,2435 -3273,0,2438 -3274,0,2442 -3274,0,2445 -3275,0,2449 -3275,0,2453 -3275,0,2456 -3276,0,2460 -3276,0,2464 -3276,0,2468 -3276,0,2471 -3277,0,2475 -3277,0,2479 -3277,0,2483 -3277,0,2487 -3278,0,2490 -3278,0,2494 -3278,0,2498 -3278,0,2502 -3278,0,2506 -3278,0,2510 -3278,0,2514 -3278,0,2518 -3278,0,2522 -3278,0,2526 -3278,0,2530 -3278,0,2535 -3278,0,2539 -3278,0,2543 -3278,0,2547 -3278,0,2551 -3277,0,2555 -3277,0,2560 -3277,0,2564 -3277,0,2568 -3276,0,2572 -3276,0,2577 -3276,0,2581 -3275,0,2585 -3275,0,2590 -3274,0,2594 -3274,0,2598 -3274,0,2603 -3273,0,2607 -3272,0,2612 -3272,0,2616 -3271,0,2620 -3271,0,2625 -3270,0,2629 -3269,0,2634 -3268,0,2638 -3268,0,2643 -3267,0,2647 -3266,0,2652 -3265,0,2656 -3264,0,2661 -3263,0,2665 -3262,0,2670 -3261,0,2674 -3260,0,2679 -3259,0,2684 -3258,0,2688 -3257,0,2693 -3256,0,2697 -3255,0,2702 -3253,0,2706 -3252,0,2711 -3251,0,2716 -3249,0,2720 -3248,0,2725 -3247,0,2729 -3245,0,2734 -3244,0,2739 -3242,0,2743 -3241,0,2748 -3239,0,2752 -3238,0,2757 -3236,0,2761 -3234,0,2766 -3233,0,2770 -3231,0,2775 -3229,0,2779 -3227,0,2784 -3225,0,2789 -3224,0,2793 -3222,0,2798 -3220,0,2802 -3218,0,2806 -3216,0,2811 -3214,0,2815 -3212,0,2820 -3210,0,2824 -3208,0,2829 -3206,0,2833 -3204,0,2837 -3202,0,2842 -3199,0,2846 -3197,0,2850 -3195,0,2855 -3193,0,2859 -3191,0,2863 -3188,0,2867 -3186,0,2872 -3184,0,2876 -3181,0,2880 -3179,0,2884 -3177,0,2888 -3174,0,2892 -3172,0,2896 -3170,0,2900 -3167,0,2904 -3165,0,2908 -3162,0,2912 -3160,0,2916 -3157,0,2920 -3155,0,2924 -3153,0,2928 -3150,0,2931 -3148,0,2935 -3145,0,2939 -3143,0,2943 -3140,0,2946 -3138,0,2950 -3135,0,2954 -3133,0,2957 -3131,0,2961 -3128,0,2964 -3126,0,2968 -3123,0,2971 -3121,0,2975 -3119,0,2978 -3116,0,2981 -3114,0,2984 -3112,0,2988 -3109,0,2991 -3107,0,2994 -3105,0,2997 -3103,0,3000 -3100,0,3003 -3098,0,3006 -3096,0,3009 -3094,0,3012 -3092,0,3015 -3090,0,3018 -3088,0,3021 -3086,0,3024 -3084,0,3026 -3082,0,3029 -3081,0,3032 -3079,0,3034 -3077,0,3037 -3075,0,3039 -3074,0,3042 -3072,0,3044 -3071,0,3046 -3069,0,3049
mouvement 4d6ca77eae0d45e72a542a1478a2aa84 [bord droit] -2800,0,2150 -2799,0,2153 -2798,0,2155 -2798,0,2158 -2797,0,2160 -2796,0,2163 -2795,0,2166 -2795,0,2168 -2794,0,2171 -2793,0,2173 -2792,0,2176 -2791,0,2179 -2791,0,2181 -2790,0,2184 -2789,0,2186 -2788,0,2189 -2788,0,2192 -2787,0,2194 -2786,0,2197 -2785,0,2199 -2784,0,2202 -2784,0,2205 -2783,0,2207 -2782,0,2210 -2781,0,2213 -2781,0,2215 -2780,0,2218 -2779,0,2220 -2778,0,2223 -2778,0,2226 -2777,0,2228 -2776,0,2231 -2775,0,2233 -2774,0,2236 -2774,0,2238 -2773,0,2241 -2772,0,2244 -2771,0,2246 -2771,0,2249 -2770,0,2251 -2769,0,2254 -2768,0,2256 -2768,0,2259 -2767,0,2261 -2766,0,2264 -2765,0,2266 -2764,0,2269 -2764,0,2271 -2763,0,2274 -2762,0,2276 -2761,0,2278 -2761,0,2281 -2760,0,2283 -2759,0,2286 -2758,0,2288 -2757,0,2290 -2757,0,2293 -2756,0,2295 -2755,0,2297 -2754,0,2300 -2754,0,2302 -2753,0,2304 -2752,0,2307 -2751,0,2309 -2750,0,2311 -2750,0,2313 -2749,0,2315 -2748,0,2318 -2747,0,2320 -2746,0,2322 -2746,0,2324 -2745,0,2326 -2744,0,2328 -2743,0,2330 -2742,0,2332 -2741,0,2335 -2741,0,2337 -2740,0,2339 -2739,0,2341 -2738,0,2343 -2737,0,2344 -2736,0,2346 -2736,0,2348 -2735,0,2350 -2734,0,2352 -2733,0,2354 -2732,0,2356 -2731,0,2358 -2730,0,2359 -2729,0,2361 -2729,0,2363 -2728,0,2365 -2727,0,2366 -2726,0,2368 -2725,0,2370 -2724,0,2371 -2723,0,2373 -2722,0,2374 -2721,0,2376 -2721,0,2378 -2720,0,2379 -2719,0,2381 -2718,0,2382 -2717,0,2384 -2716,0,2385 -2715,0,2386 -2714,0,2388 -2713,0,2389 -2712,0,2390 -2711,0,2392 -2710,0,2393 -2709,0,2394 -2708,0,2396 -2707,0,2397 -2706,0,2398 -2706,0,2399 -2705,0,2400 -2704,0,2401 -2703,0,2402 -2702,0,2404 -2701,0,2405 -2700,0,2406 -2699,0,2407 -2698,0,2408 -2697,0,2409 -2696,0,2410 -2695,0,2410 -2694,0,2411 -2693,0,2412 -2692,0,2413 -2691,0,2414 -2690,0,2415 -2689,0,2415 -2688,0,2416 -2687,0,2417 -2686,0,2418 -2685,0,2418 -2684,0,2419 -2683,0,2420 -2682,0,2420 -2681,0,2421 -2680,0,2421 -2679,0,2422 -2678,0,2423 -2677,0,2423 -2676,0,2424 -2675,0,2424 -2674,0,2424 -2673,0,2425 -2672,0,2425 -2671,0,2426 -2670,0,2426 -2669,0,2426 -2668,0,2427 -2668,0,2427 -2667,0,2427 -2666,0,2428 -2665,0,2428 -2664,0,2428 -2663,0,2428 -2662,0,2429 -2661,0,2429 -2660,0,2429 -2659,0,2429 -2658,0,2429 -2657,0,2430 -2656,0,2430 -2655,0,2430 -2654,0,2430 -2653,0,2430 -2653,0,2430 -2652,0,2430 -2651,0,2430 -2650,0,2430 -2649,0,2430 -2648,0,2430 -2647,0,2430 -2646,0,2430 -2645,0,2430 -2644,0,2430 -2644,0,2430 -2643,0,2430 -2642,0,2430 -2641,0,2430 -2640,0,2430 -2639,0,2430 -2638,0,2430 -2637,0,2430 -2636,0,2430 -2636,0,2430 -2635,0,2429 -2634,0,2429 -2633,0,2429 -2632,0,2429 -2631,0,2429 -2630,0,2429 -2629,0,2429 -2628,0,2429 -2628,0,2429 -2627,0,2428 -2626,0,2428 -2625,0,2428 -2624,0,2428 -2623,0,2428 -2622,0,2428 -2621,0,2428 -2620,0,2428 -2619,0,2428 -2618,0,2427 -2617,0,2427 -2616,0,2427 -2615,0,2427 -2614,0,2427 -2613,0,2427 -2612,0,2427 -2611,0,2427 -2610,0,2427 -2609,0,2427 -2608,0,2427 -2607,0,2427 -2606,0,2427 -2605,0,2427 -2604,0,2427 -2603,0,2427 -2601,0,2427 -2600,0,2427 -2599,0,2428 -2598,0,2428 -2596,0,2428 -2595,0,2428 -2594,0,2428 -2592,0,2428 -2591,0,2429 -2590,0,2429 -2588,0,2429 -2587,0,2430 -2585,0,2430 -2584,0,2430 -2582,0,2431 -2580,0,2431 -2579,0,2432 -2577,0,2432 -2575,0,2433 -2573,0,2433 -2572,0,2434 -2570,0,2434 -2568,0,2435 -2566,0,2436 -2564,0,2436 -2562,0,2437 -2560,0,2438 -2558,0,2439 -2555,0,2440 -2553,0,2441 -2551,0,2441 -2548,0,2443 -2546,0,2444
mouvement 452ee31e83feea5ebc05406c271424a9 [centre] -4084,0,3801 -4082,0,3799 -4080,0,3797 -4078,0,3796 -4077,0,3794 -4075,0,3792 -4073,0,3790 -4071,0,3788 -4069,0,3787 -4068,0,3785 -4066,0,3783 -4064,0,3781 -4062,0,3779 -4060,0,3777 -4058,0,3776 -4057,0,3774 -4055,0,3772 -4053,0,3770 -4051,0,3768 -4049,0,3767 -4047,0,3765 -4046,0,3763 -4044,0,3761 -4042,0,3759 -4040,0,3758 -4038,0,3756 -4037,0,3754 -4035,0,3752 -4033,0,3750 -4031,0,3748 -4029,0,3747 -4027,0,3745 -4026,0,3743 -4024,0,3741 -4022,0,3739 -4020,0,3738 -4018,0,3736 -4017,0,3734 -4015,0,3732 -4013,0,3730 -4011,0,3729 -4009,0,3727 -4007,0,3725 -4006,0,3723 -4004,0,3721 -4002,0,3720 -4000,0,3718 -3998,0,3716 -3997,0,3714 -3995,0,3712 -3993,0,3711 -3991,0,3709 -3989,0,3707 -3988,0,3705 -3986,0,3703 -3984,0,3702 -3982,0,3700 -3980,0,3698 -3979,0,3696 -3977,0,3694 -3975,0,3693 -3973,0,3691 -3971,0,3689 -3970,0,3687 -3968,0,3685 -3966,0,3684 -3964,0,3682 -3963,0,3680 -3961,0,3678 -3959,0,3676 -3957,0,3674 -3956,0,3673 -3954,0,3671 -3952,0,3669 -3950,0,3667 -3949,0,3665 -3947,0,3663 -3945,0,3662 -3943,0,3660 -3942,0,3658 -3940,0,3656 -3938,0,3654 -3936,0,3652 -3935,0,3650 -3933,0,3648 -3931,0,3647 -3930,0,3645 -3928,0,3643 -3926,0,3641 -3925,0,3639 -3923,0,3637 -3921,0,3635 -3919,0,3633 -3918,0,3631 -3916,0,3630 -3915,0,3628 -3913,0,3626 -3911,0,3624 -3910,0,3622 -3908,0,3620 -3906,0,3618 -3905,0,3616 -3903,0,3614 -3902,0,3612 -3900,0,3610 -3898,0,3608 -3897,0,3606 -3895,0,3604 -3894,0,3602 -3892,0,3600 -3890,0,3598 -3889,0,3596 -3887,0,3594 -3886,0,3592 -3884,0,3590 -3883,0,3588 -3881,0,3586 -3880,0,3584 -3878,0,3582 -3877,0,3580 -3875,0,3578 -3874,0,3575 -3873,0,3573 -3871,0,3571 -3870,0,3569 -3868,0,3567 -3867,0,3565 -3865,0,3563 -3864,0,3561 -3863,0,3558 -3861,0,3556 -3860,0,3554 -3859,0,3552 -3857,0,3550 -3856,0,3548 -3855,0,3545 -3853,0,3543 -3852,0,3541 -3851,0,3539 -3849,0,3537 -3848,0,3534 -3847,0,3532 -3846,0,3530 -3845,0,3528 -3843,0,3525 -3842,0,3523 -3841,0,3521 -3840,0,3518 -3839,0,3516 -3838,0,3514 -3836,0,3511 -3835,0,3509 -3834,0,3507 -3833,0,3505 -3832,0,3502 -3831,0,3500 -3830,0,3497 -3829,0,3495 -3828,0,3493 -3827,0,3490 -3826,0,3488 -3825,0,3486 -3824,0,3483 -3823,0,3481 -3822,0,3478 -3821,0,3476 -3820,0,3473 -3819,0,3471 -3818,0,3469 -3818,0,3466 -3817,0,3464 -3816,0,3461 -3815,0,3459 -3814,0,3456 -3814,0,3454 -3813,0,3451 -3812,0,3449 -3811,0,3446 -3811,0,3444 -3810,0,3441 -3809,0,3439 -3809,0,3436 -3808,0,3434 -3807,0,3431 -3807,0,3429 -3806,0,3426 -3806,0,3424 -3805,0,3421 -3804,0,3419 -3804,0,3416 -3803,0,3414 -3803,0,3411 -3802,0,3408 -3802,0,3406 -3801,0,3403 -3801,0,3401 -3801,0,3398 -3800,0,3396 -3800,0,3393 -3799,0,3390 -3799,0,3388 -3799,0,3385 -3798,0,3383 -3798,0,3380 -3798,0,3378 -3797,0,3375 -3797,0,3372 -3797,0,3370 -3797,0,3367 -3796,0,3365 -3796,0,3362 -3796,0,3359 -3796,0,3357 -3796,0,3354 -3796,0,3352 -3795,0,3349 -3795,0,3346 -3795,0,3344 -3795,0,3341 -3795,0,3339 -3795,0,3336 -3795,0,3334 -3795,0,3331 -3795,0,3328 -3795,0,3326 -3795,0,3323 -3795,0,3321 -3795,0,3318 -3795,0,3315 -3795,0,3313 -3795,0,3310 -3795,0,3308 -3795,0,3305 -3795,0,3303 -3795,0,3300 -3795,0,3297 -3795,0,3295 -3795,0,3292 -3796,0,3290 -3796,0,3287 -3796,0,3284 -3796,0,3282 -3796,0,3279 -3796,0,3277 -3796,0,3274 -3796,0,3272 -3797,0,3269 -3797,0,3267 -3797,0,3264 -3797,0,3261 -3797,0,3259 -3798,0,3256 -3798,0,3254 -3798,0,3251 -3798,0,3249 -3798,0,3246 -3798,0,3243
mouvement 452ee31e83feea5ebc05406c271424a9 [bord gauche] -3942,0,3942 -3940,0,3941 -3938,0,3940 -3935,0,3939 -3933,0,3937 -3931,0,3936 -3928,0,3935 -3926,0,3934 -3924,0,3932 -3921,0,3931 -3919,0,3930 -3917,0,3929 -3914,0,3928 -3912,0,3926 -3910,0,3925 -3907,0,3924 -3905,0,3923 -3903,0,3921 -3900,0,3920 -3898,0,3919 -3896,0,3918 -3893,0,3917 -3891,0,3915 -3888,0,3914 -3886,0,3913 -3884,0,3912 -3881,0,3910 -3879,0,3909 -3877,0,3908 -3874,0,3907 -3872,0,3905 -3870,0,3904 -3867,0,3903 -3865,0,3902 -3863,0,3900 -3860,0,3899 -3858,0,3898 -3855,0,3897 -3853,0,3895 -3851,0,3894 -3848,0,3893 -3846,0,3892 -3844,0,3890 -3841,0,3889 -3839,0,3888 -3836,0,3886 -3834,0,3885 -3831,0,3884 -3829,0,3883 -3827,0,3881 -3824,0,3880 -3822,0,3878 -3819,0,3877 -3817,0,3876 -3814,0,3874 -3812,0,3873 -3809,0,3872 -3807,0,3870 -3804,0,3869 -3802,0,3867 -3799,0,3866 -3797,0,3864 -3794,0,3863 -3792,0,3862 -3789,0,3860 -3787,0,3859 -3784,0,3857 -3782,0,3855 -3779,0,3854 -3776,0,3852 -3774,0,3851 -3771,0,3849 -3769,0,3848 -3766,0,3846 -3763,0,3844 -3761,0,3843 -3758,0,3841 -3755,0,3839 -3753,0,3838 -3750,0,3836 -3748,0,3834 -3745,0,3832 -3742,0,3831 -3739,0,3829 -3737,0,3827 -3734,0,3825 -3731,0,3823 -3729,0,3821 -3726,0,3820 -3723,0,3818 -3720,0,3816 -3718,0,3814 -3715,0,3812 -3712,0,3810 -3709,0,3808 -3707,0,3806 -3704,0,3804 -3701,0,3801 -3698,0,3799 -3695,0,3797 -3693,0,3795 -3690,0,3793 -3687,0,3791 -3684,0,3788 -3681,0,3786 -3678,0,3784 -3676,0,3781 -3673,0,3779 -3670,0,3777 -3667,0,3774 -3664,0,3772 -3661,0,3769 -3658,0,3767 -3656,0,3764 -3653,0,3762 -3650,0,3759 -3647,0,3757 -3644,0,3754 -3641,0,3751 -3638,0,3748 -3635,0,3746 -3633,0,3743 -3630,0,3740 -3627,0,3737 -3624,0,3735 -3621,0,3732 -3618,0,3729 -3615,0,3726 -3612,0,3723 -3610,0,3720 -3607,0,3717 -3604,0,3714 -3601,0,3711 -3598,0,3707 -3595,0,3704 -3593,0,3701 -3590,0,3698 -3587,0,3695 -3584,0,3691 -3581,0,3688 -3579,0,3685 -3576,0,3681 -3573,0,3678 -3570,0,3674 -3568,0,3671 -3565,0,3667 -3562,0,3664 -3559,0,3660 -3557,0,3657 -3554,0,3653 -3551,0,3649 -3549,0,3646 -3546,0,3642 -3544,0,3638 -3541,0,3634 -3538,0,3631 -3536,0,3627 -3533,0,3623 -3531,0,3619 -3528,0,3615 -3526,0,3611 -3523,0,3607 -3521,0,3603 -3518,0,3599 -3516,0,3595 -3514,0,3591 -3511,0,3587 -3509,0,3583 -3507,0,3578 -3504,0,3574 -3502,0,3570 -3500,0,3566 -3498,0,3562 -3495,0,3557 -3493,0,3553 -3491,0,3549 -3489,0,3544 -3487,0,3540 -3485,0,3536 -3483,0,3531 -3481,0,3527 -3479,0,3522 -3477,0,3518 -3475,0,3513 -3473,0,3509 -3471,0,3505 -3469,0,3500 -3467,0,3495 -3466,0,3491 -3464,0,3486 -3462,0,3482 -3460,0,3477 -3459,0,3473 -3457,0,3468 -3455,0,3464 -3454,0,3459 -3452,0,3454 -3451,0,3450 -3449,0,3445 -3448,0,3441 -3446,0,3436 -3445,0,3432 -3444,0,3427 -3442,0,3422 -3441,0,3418 -3440,0,3413 -3438,0,3409 -3437,0,3404 -3436,0,3399 -3435,0,3395 -3434,0,3390 -3432,0,3386 -3431,0,3381 -3430,0,3377 -3429,0,3372 -3428,0,3368 -3427,0,3363 -3426,0,3359 -3425,0,3355 -3424,0,3350 -3423,0,3346 -3422,0,3341 -3422,0,3337 -3421,0,3333 -3420,0,3329 -3419,0,3324 -3418,0,3320 -3418,0,3316 -3417,0,3312 -3416,0,3308 -3415,0,3304 -3415,0,3300 -3414,0,3296 -3413,0,3292 -3413,0,3288 -3412,0,3284 -3411,0,3280 -3411,0,3276 -3410,0,3272 -3409,0,3269 -3409,0,3265 -3408,0,3261 -3408,0,3258 -3407,0,3254 -3406,0,3251 -3406,0,3248 -3405,0,3244 -3405,0,3241 -3404,0,3238 -3404,0,3235 -3403,0,3232 -3402,0,3228 -3402,0,3226 -3401,0,3223 -3401,0,3220 -3400,0,3217 -3399,0,3214
mouvement 452ee31e83feea5ebc05406c271424a9 [bord droit] -4225,0,3660 -4224,0,3657 -4223,0,3655 -4221,0,3652 -4220,0,3650 -4219,0,3648 -4218,0,3645 -4216,0,3643 -4215,0,3641 -4214,0,3638 -4212,0,3636 -4211,0,3633 -4210,0,3631 -4209,0,3629 -4207,0,3626 -4206,0,3624 -4205,0,3621 -4203,0,3619 -4202,0,3617 -4201,0,3614 -4199,0,3612 -4198,0,3609 -4197,0,3607 -4196,0,3605 -4194,0,3602 -4193,0,3600 -4192,0,3597 -4190,0,3595 -4189,0,3593 -4188,0,3590 -4187,0,3588 -4185,0,3586 -4184,0,3583 -4183,0,3581 -4181,0,3578 -4180,0,3576 -4179,0,3574 -4178,0,3571 -4176,0,3569 -4175,0,3567 -4174,0,3564 -4173,0,3562 -4171,0,3560 -4170,0,3557 -4169,0,3555 -4168,0,3553 -4167,0,3551 -4165,0,3548 -4164,0,3546 -4163,0,3544 -4162,0,3542 -4161,0,3539 -4160,0,3537 -4158,0,3535 -4157,0,3533 -4156,0,3530 -4155,0,3528 -4154,0,3526 -4153,0,3524 -4152,0,3521 -4151,0,3519 -4150,0,3517 -4149,0,3515 -4148,0,3513 -4147,0,3511 -4146,0,3509 -4145,0,3506 -4144,0,3504 -4143,0,3502 -4142,0,3500 -4141,0,3498 -4140,0,3496 -4139,0,3494 -4138,0,3492 -4137,0,3490 -4136,0,3488 -4135,0,3486 -4135,0,3484 -4134,0,3482 -4133,0,3480 -4132,0,3478 -4131,0,3476 -4131,0,3474 -4130,0,3472 -4129,0,3470 -4129,0,3468 -4128,0,3466 -4127,0,3464 -4127,0,3462 -4126,0,3460 -4125,0,3459 -4125,0,3457 -4124,0,3455 -4124,0,3453 -4123,0,3451 -4122,0,3450 -4122,0,3448 -4122,0,3446 -4121,0,3444 -4121,0,3443 -4120,0,3441 -4120,0,3439 -4119,0,3437 -4119,0,3436 -4119,0,3434 -4118,0,3432 -4118,0,3431 -4118,0,3429 -4117,0,3428 -4117,0,3426 -4117,0,3424 -4117,0,3423 -4116,0,3421 -4116,0,3420 -4116,0,3418 -4116,0,3417 -4116,0,3415 -4116,0,3414 -4116,0,3412 -4116,0,3411 -4115,0,3409 -4115,0,3408 -4115,0,3407 -4115,0,3405 -4115,0,3404 -4115,0,3402 -4116,0,3401 -4116,0,3400 -4116,0,3398 -4116,0,3397 -4116,0,3396 -4116,0,3395 -4116,0,3393 -4116,0,3392 -4116,0,3391 -4117,0,3390 -4117,0,3389 -4117,0,3387 -4117,0,3386 -4118,0,3385 -4118,0,3384 -4118,0,3383 -4118,0,3382 -4119,0,3381 -4119,0,3380 -4119,0,3379 -4120,0,3378 -4120,0,3377 -4121,0,3376 -4121,0,3375 -4121,0,3374 -4122,0,3373 -4122,0,3372 -4123,0,3371 -4123,0,3370 -4123,0,3369 -4124,0,3368 -4124,0,3367 -4125,0,3367 -4125,0,3366 -4126,0,3365 -4126,0,3364 -4127,0,3363 -4128,0,3362 -4128,0,3362 -4129,0,3361 -4129,0,3360 -4130,0,3359 -4130,0,3359 -4131,0,3358 -4132,0,3357 -4132,0,3357 -4133,0,3356 -4133,0,3355 -4134,0,3355 -4135,0,3354 -4135,0,3353 -4136,0,3353 -4137,0,3352 -4137,0,3351 -4138,0,3351 -4138,0,3350 -4139,0,3350 -4140,0,3349 -4140,0,3349 -4141,0,3348 -4142,0,3347 -4143,0,3347 -4143,0,3346 -4144,0,3346 -4145,0,3345 -4145,0,3345 -4146,0,3344 -4147,0,3343 -4147,0,3343 -4148,0,3342 -4149,0,3342 -4150,0,3341 -4150,0,3341 -4151,0,3340 -4152,0,3340 -4152,0,3339 -4153,0,3338 -4154,0,3338 -4155,0,3337 -4155,0,3337 -4156,0,3336 -4157,0,3336 -4158,0,3335 -4158,0,3334 -4159,0,3334 -4160,0,3333 -4161,0,3332 -4161,0,3332 -4162,0,3331 -4163,0,3330 -4164,0,3330 -4164,0,3329 -4165,0,3328 -4166,0,3327 -4167,0,3326 -4167,0,3326 -4168,0,3325 -4169,0,3324 -4170,0,3323 -4170,0,3322 -4171,0,3321 -4172,0,3320 -4173,0,3319 -4174,0,3318 -4174,0,3317 -4175,0,3316 -4176,0,3315 -4177,0,3314 -4178,0,3312 -4179,0,3311 -4179,0,3310 -4180,0,3308 -4181,0,3307 -4182,0,3305 -4183,0,3304 -4184,0,3302 -4184,0,3301 -4185,0,3299 -4186,0,3298 -4187,0,3296 -4188,0,3294 -4189,0,3292 -4190,0,3290 -4191,0,3288 -4192,0,3286 -4193,0,3284 -4194,0,3282 -4195,0,3280 -4195,0,3277 -4196,0,3275 -4197,0,3272
mouvement 464127b42987ee35c9def93cb72dae8c [centre] -2150,0,3400 -2153,0,3400 -2155,0,3400 -2158,0,3400 -2160,0,3400 -2163,0,3400 -2165,0,3400 -2168,0,3400 -2171,0,3400 -2173,0,3400 -2176,0,3400 -2178,0,3400 -2181,0,3400 -2183,0,3400 -2186,0,3400 -2189,0,3400 -2191,0,3400 -2194,0,3400 -2196,0,3400 -2199,0,3400 -2201,0,3400 -2204,0,3400 -2207,0,3400 -2209,0,3400 -2212,0,3400 -2214,0,3400 -2217,0,3400 -2219,0,3400 -2222,0,3400 -2224,0,3400 -2227,0,3400 -2230,0,3400 -2232,0,3400 -2235,0,3400 -2237,0,3400 -2240,0,3400 -2242,0,3400 -2245,0,3400 -2248,0,3400 -2250,0,3400 -2253,0,3400 -2255,0,3400 -2258,0,3400 -2260,0,3400 -2263,0,3400 -2265,0,3400 -2268,0,3400 -2271,0,3400 -2273,0,3400 -2276,0,3400 -2278,0,3400 -2281,0,3400 -2283,0,3400 -2286,0,3400 -2288,0,3400 -2291,0,3400 -2293,0,3400 -2296,0,3400 -2299,0,3400 -2301,0,3400 -2304,0,3400 -2306,0,3400 -2309,0,3400 -2311,0,3400 -2314,0,3400 -2316,0,3400 -2319,0,3400 -2321,0,3400 -2324,0,3400 -2327,0,3400 -2329,0,3400 -2332,0,3400 -2334,0,3400 -2337,0,3400 -2339,0,3400 -2342,0,3400 -2344,0,3400 -2347,0,3400 -2349,0,3401 -2352,0,3401 -2354,0,3401 -2357,0,3401 -2360,0,3401 -2362,0,3401 -2365,0,3401 -2367,0,3401 -2370,0,3401 -2372,0,3402 -2375,0,3402 -2377,0,3402 -2380,0,3402 -2382,0,3402 -2385,0,3402 -2387,0,3403 -2390,0,3403 -2392,0,3403 -2395,0,3403 -2397,0,3403 -2400,0,3404 -2403,0,3404 -2405,0,3404 -2408,0,3404 -2410,0,3404 -2413,0,3405 -2415,0,3405 -2418,0,3405 -2420,0,3406 -2423,0,3406 -2425,0,3406 -2428,0,3406 -2430,0,3407 -2433,0,3407 -2435,0,3407 -2438,0,3408 -2440,0,3408 -2443,0,3409 -2445,0,3409 -2448,0,3409 -2450,0,3410 -2453,0,3410 -2455,0,3411 -2458,0,3411 -2460,0,3412 -2463,0,3412 -2465,0,3413 -2468,0,3413 -2470,0,3414 -2473,0,3414 -2475,0,3415 -2478,0,3415 -2480,0,3416 -2483,0,3416 -2485,0,3417 -2488,0,3417 -2490,0,3418 -2493,0,3419 -2495,0,3419 -2498,0,3420 -2500,0,3421 -2503,0,3421 -2505,0,3422 -2508,0,3423 -2510,0,3423 -2513,0,3424 -2515,0,3425 -2518,0,3426 -2520,0,3426 -2522,0,3427 -2525,0,3428 -2527,0,3429 -2530,0,3430 -2532,0,3431 -2535,0,3431 -2537,0,3432 -2539,0,3433 -2542,0,3434 -2544,0,3435 -2547,0,3436 -2549,0,3437 -2551,0,3438 -2554,0,3439 -2556,0,3440 -2559,0,3441 -2561,0,3442 -2563,0,3443 -2566,0,3444 -2568,0,3445 -2570,0,3446 -2573,0,3447 -2575,0,3449 -2577,0,3450 -2580,0,3451 -2582,0,3452 -2584,0,3453 -2587,0,3454 -2589,0,3456 -2591,0,3457 -2594,0,3458 -2596,0,3459 -2598,0,3461 -2600,0,3462 -2603,0,3463 -2605,0,3465 -2607,0,3466 -2609,0,3467 -2611,0,3469 -2614,0,3470 -2616,0,3471 -2618,0,3473 -2620,0,3474 -2622,0,3476 -2625,0,3477 -2627,0,3479 -2629,0,3480 -2631,0,3482 -2633,0,3483 -2635,0,3485 -2637,0,3486 -2639,0,3488 -2641,0,3489 -2644,0,3491 -2646,0,3492 -2648,0,3494 -2650,0,3496 -2652,0,3497 -2654,0,3499 -2656,0,3500 -2658,0,3502 -2660,0,3504 -2662,0,3505 -2664,0,3507 -2666,0,3509 -2668,0,3510 -2670,0,3512 -2672,0,3514 -2674,0,3516 -2675,0,3517 -2677,0,3519 -2679,0,3521 -2681,0,3523 -2683,0,3524 -2685,0,3526 -2687,0,3528 -2689,0,3530 -2690,0,3532 -2692,0,3533 -2694,0,3535 -2696,0,3537 -2698,0,3539 -2700,0,3541 -2701,0,3543 -2703,0,3545 -2705,0,3546 -2707,0,3548 -2709,0,3550 -2710,0,3552 -2712,0,3554 -2714,0,3556 -2716,0,3558 -2717,0,3560 -2719,0,3562 -2721,0,3563 -2722,0,3565 -2724,0,3567 -2726,0,3569 -2728,0,3571 -2729,0,3573 -2731,0,3575 -2733,0,3577 -2734,0,3579 -2736,0,3581 -2738,0,3583 -2739,0,3585 -2741,0,3587 -2743,0,3589 -2744,0,3591 -2746,0,3592
mouvement 464127b42987ee35c9def93cb72dae8c [bord gauche] -2150,0,3200 -2153,0,3199 -2155,0,3198 -2158,0,3198 -2160,0,3197 -2163,0,3196 -2165,0,3195 -2168,0,3195 -2170,0,3194 -2173,0,3193 -2175,0,3192 -2178,0,3191 -2181,0,3191 -2183,0,3190 -2186,0,3189 -2188,0,3188 -2191,0,3187 -2193,0,3187 -2196,0,3186 -2198,0,3185 -2201,0,3184 -2203,0,3184 -2206,0,3183 -2208,0,3182 -2211,0,3181 -2213,0,3180 -2216,0,3180 -2218,0,3179 -2221,0,3178 -2223,0,3177 -2226,0,3176 -2228,0,3176 -2231,0,3175 -2234,0,3174 -2236,0,3173 -2239,0,3172 -2241,0,3172 -2244,0,3171 -2246,0,3170 -2249,0,3169 -2252,0,3168 -2254,0,3168 -2257,0,3167 -2259,0,3166 -2262,0,3165 -2265,0,3165 -2267,0,3164 -2270,0,3163 -2273,0,3162 -2275,0,3161 -2278,0,3161 -2281,0,3160 -2283,0,3159 -2286,0,3158 -2289,0,3158 -2291,0,3157 -2294,0,3156 -2297,0,3155 -2300,0,3154 -2303,0,3154 -2305,0,3153 -2308,0,3152 -2311,0,3151 -2314,0,3151 -2317,0,3150 -2319,0,3149 -2322,0,3148 -2325,0,3148 -2328,0,3147 -2331,0,3146 -2334,0,3146 -2337,0,3145 -2340,0,3144 -2343,0,3143 -2346,0,3143 -2349,0,3142 -2352,0,3141 -2355,0,3141 -2358,0,3140 -2361,0,3139 -2364,0,3139 -2368,0,3138 -2371,0,3137 -2374,0,3137 -2377,0,3136 -2380,0,3136 -2384,0,3135 -2387,0,3134 -2390,0,3134 -2393,0,3133 -2397,0,3133 -2400,0,3132 -2403,0,3131 -2407,0,3131 -2410,0,3130 -2414,0,3130 -2417,0,3129 -2420,0,3129 -2424,0,3128 -2427,0,3128 -2431,0,3128 -2435,0,3127 -2438,0,3127 -2442,0,3126 -2445,0,3126 -2449,0,3125 -2453,0,3125 -2456,0,3125 -2460,0,3124 -2464,0,3124 -2468,0,3124 -2471,0,3124 -2475,0,3123 -2479,0,3123 -2483,0,3123 -2487,0,3123 -2490,0,3122 -2494,0,3122 -2498,0,3122 -2502,0,3122 -2506,0,3122 -2510,0,3122 -2514,0,3122 -2518,0,3122 -2522,0,3122 -2526,0,3122 -2530,0,3122 -2535,0,3122 -2539,0,3122 -2543,0,3122 -2547,0,3122 -2551,0,3122 -2555,0,3123 -2560,0,3123 -2564,0,3123 -2568,0,3123 -2572,0,3124 -2577,0,3124 -2581,0,3124 -2585,0,3125 -2590,0,3125 -2594,0,3126 -2598,0,3126 -2603,0,3126 -2607,0,3127 -2612,0,3128 -2616,0,3128 -2620,0,3129 -2625,0,3129 -2629,0,3130 -2634,0,3131 -2638,0,3132 -2643,0,3132 -2647,0,3133 -2652,0,3134 -2656,0,3135 -2661,0,3136 -2665,0,3137 -2670,0,3138 -2674,0,3139 -2679,0,3140 -2684,0,3141 -2688,0,3142 -2693,0,3143 -2697,0,3144 -2702,0,3145 -2706,0,3147 -2711,0,3148 -2716,0,3149 -2720,0,3151 -2725,0,3152 -2729,0,3153 -2734,0,3155 -2739,0,3156 -2743,0,3158 -2748,0,3159 -2752,0,3161 -2757,0,3162 -2761,0,3164 -2766,0,3166 -2770,0,3167 -2775,0,3169 -2779,0,3171 -2784,0,3173 -2789,0,3175 -2793,0,3176 -2798,0,3178 -2802,0,3180 -2806,0,3182 -2811,0,3184 -2815,0,3186 -2820,0,3188 -2824,0,3190 -2829,0,3192 -2833,0,3194 -2837,0,3196 -2842,0,3198 -2846,0,3201 -2850,0,3203 -2855,0,3205 -2859,0,3207 -2863,0,3209 -2867,0,3212 -2872,0,3214 -2876,0,3216 -2880,0,3219 -2884,0,3221 -2888,0,3223 -2892,0,3226 -2896,0,3228 -2900,0,3230 -2904,0,3233 -2908,0,3235 -2912,0,3238 -2916,0,3240 -2920,0,3243 -2924,0,3245 -2928,0,3247 -2931,0,3250 -2935,0,3252 -2939,0,3255 -2943,0,3257 -2946,0,3260 -2950,0,3262 -2954,0,3265 -2957,0,3267 -2961,0,3269 -2964,0,3272 -2968,0,3274 -2971,0,3277 -2975,0,3279 -2978,0,3281 -2981,0,3284 -2984,0,3286 -2988,0,3288 -2991,0,3291 -2994,0,3293 -2997,0,3295 -3000,0,3297 -3003,0,3300 -3006,0,3302 -3009,0,3304 -3012,0,3306 -3015,0,3308 -3018,0,3310 -3021,0,3312 -3024,0,3314 -3026,0,3316 -3029,0,3318 -3032,0,3319 -3034,0,3321 -3037,0,3323 -3039,0,3325 -3042,0,3326 -3044,0,3328 -3046,0,3329 -3049,0,3331
mouvement 464127b42987ee35c9def93cb72dae8c [bord droit] -2150,0,3600 -2153,0,3601 -2155,0,3602 -2158,0,3602 -2160,0,3603 -2163,0,3604 -2166,0,3605 -2168,0,3605 -2171,0,3606 -2173,0,3607 -2176,0,3608 -2179,0,3609 -2181,0,3609 -2184,0,3610 -2186,0,3611 -2189,0,3612 -2192,0,3612 -2194,0,3613 -2197,0,3614 -2199,0,3615 -2202,0,3616 -2205,0,3616 -2207,0,3617 -2210,0,3618 -2213,0,3619 -2215,0,3619 -2218,0,3620 -2220,0,3621 -2223,0,3622 -2226,0,3623 -2228,0,3623 -2231,0,3624 -2233,0,3625 -2236,0,3626 -2238,0,3626 -2241,0,3627 -2244,0,3628 -2246,0,3629 -2249,0,3629 -2251,0,3630 -2254,0,3631 -2256,0,3632 -2259,0,3632 -2261,0,3633 -2264,0,3634 -2266,0,3635 -2269,0,3636 -2271,0,3636 -2274,0,3637 -2276,0,3638 -2278,0,3639 -2281,0,3639 -2283,0,3640 -2286,0,3641 -2288,0,3642 -2290,0,3643 -2293,0,3643 -2295,0,3644 -2297,0,3645 -2300,0,3646 -2302,0,3646 -2304,0,3647 -2307,0,3648 -2309,0,3649 -2311,0,3650 -2313,0,3650 -2315,0,3651 -2318,0,3652 -2320,0,3653 -2322,0,3654 -2324,0,3654 -2326,0,3655 -2328,0,3656 -2330,0,3657 -2332,0,3658 -2335,0,3659 -2337,0,3659 -2339,0,3660 -2341,0,3661 -2343,0,3662 -2344,0,3663 -2346,0,3664 -2348,0,3664 -2350,0,3665 -2352,0,3666 -2354,0,3667 -2356,0,3668 -2358,0,3669 -2359,0,3670 -2361,0,3671 -2363,0,3671 -2365,0,3672 -2366,0,3673 -2368,0,3674 -2370,0,3675 -2371,0,3676 -2373,0,3677 -2374,0,3678 -2376,0,3679 -2378,0,3679 -2379,0,3680 -2381,0,3681 -2382,0,3682 -2384,0,3683 -2385,0,3684 -2386,0,3685 -2388,0,3686 -2389,0,3687 -2390,0,3688 -2392,0,3689 -2393,0,3690 -2394,0,3691 -2396,0,3692 -2397,0,3693 -2398,0,3694 -2399,0,3694 -2400,0,3695 -2401,0,3696 -2402,0,3697 -2404,0,3698 -2405,0,3699 -2406,0,3700 -2407,0,3701 -2408,0,3702 -2409,0,3703 -2410,0,3704 -2410,0,3705 -2411,0,3706 -2412,0,3707 -2413,0,3708 -2414,0,3709 -2415,0,3710 -2415,0,3711 -2416,0,3712 -2417,0,3713 -2418,0,3714 -2418,0,3715 -2419,0,3716 -2420,0,3717 -2420,0,3718 -2421,0,3719 -2421,0,3720 -2422,0,3721 -2423,0,3722 -2423,0,3723 -2424,0,3724 -2424,0,3725 -2424,0,3726 -2425,0,3727 -2425,0,3728 -2426,0,3729 -2426,0,3730 -2426,0,3731 -2427,0,3732 -2427,0,3732 -2427,0,3733 -2428,0,3734 -2428,0,3735 -2428,0,3736 -2428,0,3737 -2429,0,3738 -2429,0,3739 -2429,0,3740 -2429,0,3741 -2429,0,3742 -2430,0,3743 -2430,0,3744 -2430,0,3745 -2430,0,3746 -2430,0,3747 -2430,0,3747 -2430,0,3748 -2430,0,3749 -2430,0,3750 -2430,0,3751 -2430,0,3752 -2430,0,3753 -2430,0,3754 -2430,0,3755 -2430,0,3756 -2430,0,3756 -2430,0,3757 -2430,0,3758 -2430,0,3759 -2430,0,3760 -2430,0,3761 -2430,0,3762 -2430,0,3763 -2430,0,3764 -2430,0,3764 -2429,0,3765 -2429,0,3766 -2429,0,3767 -2429,0,3768 -2429,0,3769 -2429,0,3770 -2429,0,3771 -2429,0,3772 -2429,0,3772 -2428,0,3773 -2428,0,3774 -2428,0,3775 -2428,0,3776 -2428,0,3777 -2428,0,3778 -2428,0,3779 -2428,0,3780 -2428,0,3781 -2427,0,3782 -2427,0,3783 -2427,0,3784 -2427,0,3785 -2427,0,3786 -2427,0,3787 -2427,0,3788 -2427,0,3789 -2427,0,3790 -2427,0,3791 -2427,0,3792 -2427,0,3793 -2427,0,3794 -2427,0,3795 -2427,0,3796 -2427,0,3797 -2427,0,3799 -2427,0,3800 -2428,0,3801 -2428,0,3802 -2428,0,3804 -2428,0,3805 -2428,0,3806 -2428,0,3808 -2429,0,3809 -2429,0,3810 -2429,0,3812 -2430,0,3813 -2430,0,3815 -2430,0,3816 -2431,0,3818 -2431,0,3820 -2432,0,3821 -2432,0,3823 -2433,0,3825 -2433,0,3827 -2434,0,3828 -2434,0,3830 -2435,0,3832 -2436,0,3834 -2436,0,3836 -2437,0,3838 -2438,0,3840 -2439,0,3842 -2440,0,3845 -2441,0,3847 -2441,0,3849 -2443,0,3852 -2444,0,3854
mouvement 46077471fe6db9c5bfc3327df0b647af [centre] -3243,0,3798 -3246,0,3798 -3249,0,3798 -3251,0,3798 -3254,0,3798 -3256,0,3798 -3259,0,3797 -3261,0,3797 -3264,0,3797 -3267,0,3797 -3269,0,3797 -3272,0,3796 -3274,0,3796 -3277,0,3796 -3279,0,3796 -3282,0,3796 -3284,0,3796 -3287,0,3796 -3290,0,3796 -3292,0,3795 -3295,0,3795 -3297,0,3795 -3300,0,3795 -3303,0,3795 -3305,0,3795 -3308,0,3795 -3310,0,3795 -3313,0,3795 -3315,0,3795 -3318,0,3795 -3321,0,3795 -3323,0,3795 -3326,0,3795 -3328,0,3795 -3331,0,3795 -3334,0,3795 -3336,0,3795 -3339,0,3795 -3341,0,3795 -3344,0,3795 -3346,0,3795 -3349,0,3795 -3352,0,3796 -3354,0,3796 -3357,0,3796 -3359,0,3796 -3362,0,3796 -3365,0,3796 -3367,0,3797 -3370,0,3797 -3372,0,3797 -3375,0,3797 -3378,0,3798 -3380,0,3798 -3383,0,3798 -3385,0,3799 -3388,0,3799 -3390,0,3799 -3393,0,3800 -3396,0,3800 -3398,0,3801 -3401,0,3801 -3403,0,3801 -3406,0,3802 -3408,0,3802 -3411,0,3803 -3414,0,3803 -3416,0,3804 -3419,0,3804 -3421,0,3805 -3424,0,3806 -3426,0,3806 -3429,0,3807 -3431,0,3807 -3434,0,3808 -3436,0,3809 -3439,0,3809 -3441,0,3810 -3444,0,3811 -3446,0,3811 -3449,0,3812 -3451,0,3813 -3454,0,3814 -3456,0,3814 -3459,0,3815 -3461,0,3816 -3464,0,3817 -3466,0,3818 -3469,0,3818 -3471,0,3819 -3473,0,3820 -3476,0,3821 -3478,0,3822 -3481,0,3823 -3483,0,3824 -3486,0,3825 -3488,0,3826 -3490,0,3827 -3493,0,3828 -3495,0,3829 -3497,0,3830 -3500,0,3831 -3502,0,3832 -3505,0,3833 -3507,0,3834 -3509,0,3835 -3511,0,3836 -3514,0,3838 -3516,0,3839 -3518,0,3840 -3521,0,3841 -3523,0,3842 -3525,0,3843 -3528,0,3845 -3530,0,3846 -3532,0,3847 -3534,0,3848 -3537,0,3849 -3539,0,3851 -3541,0,3852 -3543,0,3853 -3545,0,3855 -3548,0,3856 -3550,0,3857 -3552,0,3859 -3554,0,3860 -3556,0,3861 -3558,0,3863 -3561,0,3864 -3563,0,3865 -3565,0,3867 -3567,0,3868 -3569,0,3870 -3571,0,3871 -3573,0,3873 -3575,0,3874 -3578,0,3875 -3580,0,3877 -3582,0,3878 -3584,0,3880 -3586,0,3881 -3588,0,3883 -3590,0,3884 -3592,0,3886 -3594,0,3887 -3596,0,3889 -3598,0,3890 -3600,0,3892 -3602,0,3894 -3604,0,3895 -3606,0,3897 -3608,0,3898 -3610,0,3900 -3612,0,3902 -3614,0,3903 -3616,0,3905 -3618,0,3906 -3620,0,3908 -3622,0,3910 -3624,0,3911 -3626,0,3913 -3628,0,3915 -3630,0,3916 -3631,0,3918 -3633,0,3919 -3635,0,3921 -3637,0,3923 -3639,0,3924 -3641,0,3926 -3643,0,3928 -3645,0,3930 -3647,0,3931 -3648,0,3933 -3650,0,3935 -3652,0,3936 -3654,0,3938 -3656,0,3940 -3658,0,3942 -3660,0,3943 -3662,0,3945 -3663,0,3947 -3665,0,3949 -3667,0,3950 -3669,0,3952 -3671,0,3954 -3673,0,3956 -3674,0,3957 -3676,0,3959 -3678,0,3961 -3680,0,3963 -3682,0,3964 -3684,0,3966 -3685,0,3968 -3687,0,3970 -3689,0,3971 -3691,0,3973 -3693,0,3975 -3694,0,3977 -3696,0,3979 -3698,0,3980 -3700,0,3982 -3702,0,3984 -3703,0,3986 -3705,0,3988 -3707,0,3989 -3709,0,3991 -3711,0,3993 -3712,0,3995 -3714,0,3997 -3716,0,3998 -3718,0,4000 -3720,0,4002 -3721,0,4004 -3723,0,4006 -3725,0,4007 -3727,0,4009 -3729,0,4011 -3730,0,4013 -3732,0,4015 -3734,0,4017 -3736,0,4018 -3738,0,4020 -3739,0,4022 -3741,0,4024 -3743,0,4026 -3745,0,4027 -3747,0,4029 -3748,0,4031 -3750,0,4033 -3752,0,4035 -3754,0,4037 -3756,0,4038 -3758,0,4040 -3759,0,4042 -3761,0,4044 -3763,0,4046 -3765,0,4047 -3767,0,4049 -3768,0,4051 -3770,0,4053 -3772,0,4055 -3774,0,4057 -3776,0,4058 -3777,0,4060 -3779,0,4062 -3781,0,4064 -3783,0,4066 -3785,0,4068 -3787,0,4069 -3788,0,4071 -3790,0,4073 -3792,0,4075 -3794,0,4077 -3796,0,4078 -3797,0,4080 -3799,0,4082 -3801,0,4084
mouvement 46077471fe6db9c5bfc3327df0b647af [bord gauche] -3214,0,3399 -3217,0,3400 -3220,0,3401 -3223,0,3401 -3226,0,3402 -3228,0,3402 -3232,0,3403 -3235,0,3404 -3238,0,3404 -3241,0,3405 -3244,0,3405 -3248,0,3406 -3251,0,3406 -3254,0,3407 -3258,0,3408 -3261,0,3408 -3265,0,3409 -3269,0,3409 -3272,0,3410 -3276,0,3411 -3280,0,3411 -3284,0,3412 -3288,0,3413 -3292,0,3413 -3296,0,3414 -3300,0,3415 -3304,0,3415 -3308,0,3416 -3312,0,3417 -3316,0,3418 -3320,0,3418 -3324,0,3419 -3329,0,3420 -3333,0,3421 -3337,0,3422 -3341,0,3422 -3346,0,3423 -3350,0,3424 -3355,0,3425 -3359,0,3426 -3363,0,3427 -3368,0,3428 -3372,0,3429 -3377,0,3430 -3381,0,3431 -3386,0,3432 -3390,0,3434 -3395,0,3435 -3399,0,3436 -3404,0,3437 -3409,0,3438 -3413,0,3440 -3418,0,3441 -3422,0,3442 -3427,0,3444 -3432,0,3445 -3436,0,3446 -3441,0,3448 -3445,0,3449 -3450,0,3451 -3454,0,3452 -3459,0,3454 -3464,0,3455 -3468,0,3457 -3473,0,3459 -3477,0,3460 -3482,0,3462 -3486,0,3464 -3491,0,3466 -3495,0,3467 -3500,0,3469 -3505,0,3471 -3509,0,3473 -3513,0,3475 -3518,0,3477 -3522,0,3479 -3527,0,3481 -3531,0,3483 -3536,0,3485 -3540,0,3487 -3544,0,3489 -3549,0,3491 -3553,0,3493 -3557,0,3495 -3562,0,3498 -3566,0,3500 -3570,0,3502 -3574,0,3504 -3578,0,3507 -3583,0,3509 -3587,0,3511 -3591,0,3514 -3595,0,3516 -3599,0,3518 -3603,0,3521 -3607,0,3523 -3611,0,3526 -3615,0,3528 -3619,0,3531 -3623,0,3533 -3627,0,3536 -3631,0,3538 -3634,0,3541 -3638,0,3544 -3642,0,3546 -3646,0,3549 -3649,0,3551 -3653,0,3554 -3657,0,3557 -3660,0,3559 -3664,0,3562 -3667,0,3565 -3671,0,3568 -3674,0,3570 -3678,0,3573 -3681,0,3576 -3685,0,3579 -3688,0,3581 -3691,0,3584 -3695,0,3587 -3698,0,3590 -3701,0,3593 -3704,0,3595 -3707,0,3598 -3711,0,3601 -3714,0,3604 -3717,0,3607 -3720,0,3610 -3723,0,3612 -3726,0,3615 -3729,0,3618 -3732,0,3621 -3735,0,3624 -3737,0,3627 -3740,0,3630 -3743,0,3633 -3746,0,3635 -3748,0,3638 -3751,0,3641 -3754,0,3644 -3757,0,3647 -3759,0,3650 -3762,0,3653 -3764,0,3656 -3767,0,3658 -3769,0,3661 -3772,0,3664 -3774,0,3667 -3777,0,3670 -3779,0,3673 -3781,0,3676 -3784,0,3678 -3786,0,3681 -3788,0,3684 -3791,0,3687 -3793,0,3690 -3795,0,3693 -3797,0,3695 -3799,0,3698 -3801,0,3701 -3804,0,3704 -3806,0,3707 -3808,0,3709 -3810,0,3712 -3812,0,3715 -3814,0,3718 -3816,0,3720 -3818,0,3723 -3820,0,3726 -3821,0,3729 -3823,0,3731 -3825,0,3734 -3827,0,3737 -3829,0,3739 -3831,0,3742 -3832,0,3745 -3834,0,3748 -3836,0,3750 -3838,0,3753 -3839,0,3755 -3841,0,3758 -3843,0,3761 -3844,0,3763 -3846,0,3766 -3848,0,3769 -3849,0,3771 -3851,0,3774 -3852,0,3776 -3854,0,3779 -3855,0,3782 -3857,0,3784 -3859,0,3787 -3860,0,3789 -3862,0,3792 -3863,0,3794 -3864,0,3797 -3866,0,3799 -3867,0,3802 -3869,0,3804 -3870,0,3807 -3872,0,3809 -3873,0,3812 -3874,0,3814 -3876,0,3817 -3877,0,3819 -3878,0,3822 -3880,0,3824 -3881,0,3827 -3883,0,3829 -3884,0,3831 -3885,0,3834 -3886,0,3836 -3888,0,3839 -3889,0,3841 -3890,0,3844 -3892,0,3846 -3893,0,3848 -3894,0,3851 -3895,0,3853 -3897,0,3855 -3898,0,3858 -3899,0,3860 -3900,0,3863 -3902,0,3865 -3903,0,3867 -3904,0,3870 -3905,0,3872 -3907,0,3874 -3908,0,3877 -3909,0,3879 -3910,0,3881 -3912,0,3884 -3913,0,3886 -3914,0,3888 -3915,0,3891 -3917,0,3893 -3918,0,3896 -3919,0,3898 -3920,0,3900 -3921,0,3903 -3923,0,3905 -3924,0,3907 -3925,0,3910 -3926,0,3912 -3928,0,3914 -3929,0,3917 -3930,0,3919 -3931,0,3921 -3932,0,3924 -3934,0,3926 -3935,0,3928 -3936,0,3931 -3937,0,3933 -3939,0,3935 -3940,0,3938 -3941,0,3940 -3942,0,3942
mouvement 46077471fe6db9c5bfc3327df0b647af [bord droit] -3272,0,4197 -3275,0,4196 -3277,0,4195 -3280,0,4195 -3282,0,4194 -3284,0,4193 -3286,0,4192 -3288,0,4191 -3290,0,4190 -3292,0,4189 -3294,0,4188 -3296,0,4187 -3298,0,4186 -3299,0,4185 -3301,0,4184 -3302,0,4184 -3304,0,4183 -3305,0,4182 -3307,0,4181 -3308,0,4180 -3310,0,4179 -3311,0,4179 -3312,0,4178 -3314,0,4177 -3315,0,4176 -3316,0,4175 -3317,0,4174 -3318,0,4174 -3319,0,4173 -3320,0,4172 -3321,0,4171 -3322,0,4170 -3323,0,4170 -3324,0,4169 -3325,0,4168 -3326,0,4167 -3326,0,4167 -3327,0,4166 -3328,0,4165 -3329,0,4164 -3330,0,4164 -3330,0,4163 -3331,0,4162 -3332,0,4161 -3332,0,4161 -3333,0,4160 -3334,0,4159 -3334,0,4158 -3335,0,4158 -3336,0,4157 -3336,0,4156 -3337,0,4155 -3337,0,4155 -3338,0,4154 -3338,0,4153 -3339,0,4152 -3340,0,4152 -3340,0,4151 -3341,0,4150 -3341,0,4150 -3342,0,4149 -3342,0,4148 -3343,0,4147 -3343,0,4147 -3344,0,4146 -3345,0,4145 -3345,0,4145 -3346,0,4144 -3346,0,4143 -3347,0,4143 -3347,0,4142 -3348,0,4141 -3349,0,4140 -3349,0,4140 -3350,0,4139 -3350,0,4138 -3351,0,4138 -3351,0,4137 -3352,0,4137 -3353,0,4136 -3353,0,4135 -3354,0,4135 -3355,0,4134 -3355,0,4133 -3356,0,4133 -3357,0,4132 -3357,0,4132 -3358,0,4131 -3359,0,4130 -3359,0,4130 -3360,0,4129 -3361,0,4129 -3362,0,4128 -3362,0,4128 -3363,0,4127 -3364,0,4126 -3365,0,4126 -3366,0,4125 -3367,0,4125 -3367,0,4124 -3368,0,4124 -3369,0,4123 -3370,0,4123 -3371,0,4123 -3372,0,4122 -3373,0,4122 -3374,0,4121 -3375,0,4121 -3376,0,4121 -3377,0,4120 -3378,0,4120 -3379,0,4119 -3380,0,4119 -3381,0,4119 -3382,0,4118 -3383,0,4118 -3384,0,4118 -3385,0,4118 -3386,0,4117 -3387,0,4117 -3389,0,4117 -3390,0,4117 -3391,0,4116 -3392,0,4116 -3393,0,4116 -3395,0,4116 -3396,0,4116 -3397,0,4116 -3398,0,4116 -3400,0,4116 -3401,0,4116 -3402,0,4115 -3404,0,4115 -3405,0,4115 -3407,0,4115 -3408,0,4115 -3409,0,4115 -3411,0,4116 -3412,0,4116 -3414,0,4116 -3415,0,4116 -3417,0,4116 -3418,0,4116 -3420,0,4116 -3421,0,4116 -3423,0,4117 -3424,0,4117 -3426,0,4117 -3428,0,4117 -3429,0,4118 -3431,0,4118 -3432,0,4118 -3434,0,4119 -3436,0,4119 -3437,0,4119 -3439,0,4120 -3441,0,4120 -3443,0,4121 -3444,0,4121 -3446,0,4121 -3448,0,4122 -3450,0,4122 -3451,0,4123 -3453,0,4124 -3455,0,4124 -3457,0,4125 -3459,0,4125 -3460,0,4126 -3462,0,4127 -3464,0,4127 -3466,0,4128 -3468,0,4129 -3470,0,4129 -3472,0,4130 -3474,0,4131 -3476,0,4131 -3478,0,4132 -3480,0,4133 -3482,0,4134 -3484,0,4135 -3486,0,4135 -3488,0,4136 -3490,0,4137 -3492,0,4138 -3494,0,4139 -3496,0,4140 -3498,0,4141 -3500,0,4142 -3502,0,4143 -3504,0,4144 -3506,0,4145 -3509,0,4146 -3511,0,4147 -3513,0,4148 -3515,0,4149 -3517,0,4150 -3519,0,4151 -3521,0,4152 -3524,0,4153 -3526,0,4154 -3528,0,4155 -3530,0,4156 -3533,0,4157 -3535,0,4158 -3537,0,4160 -3539,0,4161 -3542,0,4162 -3544,0,4163 -3546,0,4164 -3548,0,4165 -3551,0,4167 -3553,0,4168 -3555,0,4169 -3557,0,4170 -3560,0,4171 -3562,0,4173 -3564,0,4174 -3567,0,4175 -3569,0,4176 -3571,0,4178 -3574,0,4179 -3576,0,4180 -3578,0,4181 -3581,0,4183 -3583,0,4184 -3586,0,4185 -3588,0,4187 -3590,0,4188 -3593,0,4189 -3595,0,4190 -3597,0,4192 -3600,0,4193 -3602,0,4194 -3605,0,4196 -3607,0,4197 -3609,0,4198 -3612,0,4199 -3614,0,4201 -3617,0,4202 -3619,0,4203 -3621,0,4205 -3624,0,4206 -3626,0,4207 -3629,0,4209 -3631,0,4210 -3633,0,4211 -3636,0,4212 -3638,0,4214 -3641,0,4215 -3643,0,4216 -3645,0,4218 -3648,0,4219 -3650,0,4220 -3652,0,4221 -3655,0,4223 -3657,0,4224 -3660,0,4225
mouvement 4aa676c5e3857524d5a9b386be4bdb90 [centre] -3243,0,3798 -3254,0,3798 -3264,0,3797 -3275,0,3795 -3285,0,3794 -3295,0,3792 -3306,0,3791 -3316,0,3789 -3326,0,3787 -3336,0,3784 -3346,0,3782 -3356,0,3779 -3366,0,3776 -3376,0,3773 -3386,0,3770 -3396,0,3767 -3406,0,3763 -3416,0,3760 -3426,0,3756 -3435,0,3752 -3445,0,3748 -3454,0,3743 -3464,0,3739 -3473,0,3734 -3482,0,3729 -3491,0,3724 -3500,0,3719 -3509,0,3714 -3518,0,3709 -3527,0,3703 -3536,0,3697 -3544,0,3691 -3553,0,3685 -3561,0,3679 -3570,0,3673 -3578,0,3666 -3586,0,3660 -3594,0,3653 -3602,0,3646 -3609,0,3639 -3617,0,3632 -3624,0,3624 -3632,0,3617 -3639,0,3609 -3646,0,3602 -3653,0,3594 -3660,0,3586 -3666,0,3578 -3673,0,3570 -3679,0,3561 -3685,0,3553 -3691,0,3544 -3697,0,3536 -3703,0,3527 -3709,0,3518 -3714,0,3509 -3719,0,3500 -3724,0,3491 -3729,0,3482 -3734,0,3473 -3739,0,3464 -3743,0,3454 -3748,0,3445 -3752,0,3435 -3756,0,3426 -3760,0,3416 -3763,0,3406 -3767,0,3396 -3770,0,3386 -3773,0,3376 -3776,0,3366 -3779,0,3356 -3782,0,3346 -3784,0,3336 -3787,0,3326 -3789,0,3316 -3791,0,3306 -3792,0,3295 -3794,0,3285 -3795,0,3275 -3797,0,3264 -3798,0,3254 -3798,0,3243
mouvement 4aa676c5e3857524d5a9b386be4bdb90 [bord gauche] -3214,0,3399 -3218,0,3399 -3221,0,3399 -3225,0,3398 -3228,0,3398 -3232,0,3397 -3235,0,3397 -3239,0,3396 -3242,0,3396 -3245,0,3395 -3249,0,3394 -3252,0,3393 -3255,0,3392 -3259,0,3391 -3262,0,3390 -3265,0,3389 -3269,0,3388 -3272,0,3387 -3275,0,3385 -3278,0,3384 -3282,0,3383 -3285,0,3381 -3288,0,3380 -3291,0,3378 -3294,0,3376 -3297,0,3375 -3300,0,3373 -3303,0,3371 -3306,0,3370 -3309,0,3368 -3312,0,3366 -3315,0,3364 -3318,0,3362 -3320,0,3360 -3323,0,3358 -3326,0,3355 -3329,0,3353 -3331,0,3351 -3334,0,3349 -3336,0,3346 -3339,0,3344 -3341,0,3341 -3344,0,3339 -3346,0,3336 -3349,0,3334 -3351,0,3331 -3353,0,3329 -3355,0,3326 -3358,0,3323 -3360,0,3320 -3362,0,3318 -3364,0,3315 -3366,0,3312 -3368,0,3309 -3370,0,3306 -3371,0,3303 -3373,0,3300 -3375,0,3297 -3376,0,3294 -3378,0,3291 -3380,0,3288 -3381,0,3285 -3383,0,3282 -3384,0,3278 -3385,0,3275 -3387,0,3272 -3388,0,3269 -3389,0,3265 -3390,0,3262 -3391,0,3259 -3392,0,3255 -3393,0,3252 -3394,0,3249 -3395,0,3245 -3396,0,3242 -3396,0,3239 -3397,0,3235 -3397,0,3232 -3398,0,3228 -3398,0,3225 -3399,0,3221 -3399,0,3218 -3399,0,3214
mouvement 4aa676c5e3857524d5a9b386be4bdb90 [bord droit] -3272,0,4197 -3290,0,4196 -3307,0,4194 -3324,0,4192 -3342,0,4190 -3359,0,4187 -3376,0,4184 -3393,0,4181 -3410,0,4178 -3427,0,4174 -3444,0,4170 -3461,0,4165 -3477,0,4161 -3494,0,4156 -3511,0,4151 -3527,0,4145 -3544,0,4139 -3560,0,4133 -3576,0,4127 -3592,0,4120 -3608,0,4113 -3624,0,4106 -3639,0,4098 -3655,0,4090 -3670,0,4082 -3686,0,4074 -3701,0,4066 -3716,0,4057 -3731,0,4048 -3745,0,4038 -3760,0,4029 -3774,0,4019 -3788,0,4009 -3802,0,3998 -3816,0,3988 -3830,0,3977 -3843,0,3966 -3856,0,3955 -3869,0,3943 -3882,0,3931 -3895,0,3919 -3907,0,3907 -3919,0,3895 -3931,0,3882 -3943,0,3869 -3955,0,3856 -3966,0,3843 -3977,0,3830 -3988,0,3816 -3998,0,3802 -4009,0,3788 -4019,0,3774 -4029,0,3760 -4038,0,3745 -4048,0,3731 -4057,0,3716 -4066,0,3701 -4074,0,3686 -4082,0,3670 -4090,0,3655 -4098,0,3639 -4106,0,3624 -4113,0,3608 -4120,0,3592 -4127,0,3576 -4133,0,3560 -4139,0,3544 -4145,0,3527 -4151,0,3511 -4156,0,3494 -4161,0,3477 -4165,0,3461 -4170,0,3444 -4174,0,3427 -4178,0,3410 -4181,0,3393 -4184,0,3376 -4187,0,3359 -4190,0,3342 -4192,0,3324 -4194,0,3307 -4196,0,3290 -4197,0,3272
mouvement 4ac98ed2e41d83c91f0714135aa67ba7 [centre] -3592,0,2746 -3591,0,2744 -3589,0,2743 -3587,0,2741 -3585,0,2739 -3583,0,2738 -3581,0,2736 -3579,0,2734 -3577,0,2733 -3575,0,2731 -3573,0,2729 -3571,0,2728 -3569,0,2726 -3567,0,2724 -3565,0,2722 -3563,0,2721 -3562,0,2719 -3560,0,2717 -3558,0,2716 -3556,0,2714 -3554,0,2712 -3552,0,2710 -3550,0,2709 -3548,0,2707 -3546,0,2705 -3545,0,2703 -3543,0,2701 -3541,0,2700 -3539,0,2698 -3537,0,2696 -3535,0,2694 -3533,0,2692 -3532,0,2690 -3530,0,2689 -3528,0,2687 -3526,0,2685 -3524,0,2683 -3523,0,2681 -3521,0,2679 -3519,0,2677 -3517,0,2675 -3516,0,2674 -3514,0,2672 -3512,0,2670 -3510,0,2668 -3509,0,2666 -3507,0,2664 -3505,0,2662 -3504,0,2660 -3502,0,2658 -3500,0,2656 -3499,0,2654 -3497,0,2652 -3496,0,2650 -3494,0,2648 -3492,0,2646 -3491,0,2644 -3489,0,2641 -3488,0,2639 -3486,0,2637 -3485,0,2635 -3483,0,2633 -3482,0,2631 -3480,0,2629 -3479,0,2627 -3477,0,2625 -3476,0,2622 -3474,0,2620 -3473,0,2618 -3471,0,2616 -3470,0,2614 -3469,0,2611 -3467,0,2609 -3466,0,2607 -3465,0,2605 -3463,0,2603 -3462,0,2600 -3461,0,2598 -3459,0,2596 -3458,0,2594 -3457,0,2591 -3456,0,2589 -3454,0,2587 -3453,0,2584 -3452,0,2582 -3451,0,2580 -3450,0,2577 -3449,0,2575 -3447,0,2573 -3446,0,2570 -3445,0,2568 -3444,0,2566 -3443,0,2563 -3442,0,2561 -3441,0,2559 -3440,0,2556 -3439,0,2554 -3438,0,2551 -3437,0,2549 -3436,0,2547 -3435,0,2544 -3434,0,2542 -3433,0,2539 -3432,0,2537 -3431,0,2535 -3431,0,2532 -3430,0,2530 -3429,0,2527 -3428,0,2525 -3427,0,2522 -3426,0,2520 -3426,0,2518 -3425,0,2515 -3424,0,2513 -3423,0,2510 -3423,0,2508 -3422,0,2505 -3421,0,2503 -3421,0,2500 -3420,0,2498 -3419,0,2495 -3419,0,2493 -3418,0,2490 -3417,0,2488 -3417,0,2485 -3416,0,2483 -3416,0,2480 -3415,0,2478 -3415,0,2475 -3414,0,2473 -3414,0,2470 -3413,0,2468 -3413,0,2465 -3412,0,2463 -3412,0,2460 -3411,0,2458 -3411,0,2455 -3410,0,2453 -3410,0,2450 -3409,0,2448 -3409,0,2445 -3409,0,2443 -3408,0,2440 -3408,0,2438 -3407,0,2435 -3407,0,2433 -3407,0,2430 -3406,0,2428 -3406,0,2425 -3406,0,2423 -3406,0,2420 -3405,0,2418 -3405,0,2415 -3405,0,2413 -3404,0,2410 -3404,0,2408 -3404,0,2405 -3404,0,2403 -3404,0,2400 -3403,0,2397 -3403,0,2395 -3403,0,2392 -3403,0,2390 -3403,0,2387 -3402,0,2385 -3402,0,2382 -3402,0,2380 -3402,0,2377 -3402,0,2375 -3402,0,2372 -3401,0,2370 -3401,0,2367 -3401,0,2365 -3401,0,2362 -3401,0,2360 -3401,0,2357 -3401,0,2354 -3401,0,2352 -3401,0,2349 -3400,0,2347 -3400,0,2344 -3400,0,2342 -3400,0,2339 -3400,0,2337 -3400,0,2334 -3400,0,2332 -3400,0,2329 -3400,0,2327 -3400,0,2324 -3400,0,2321 -3400,0,2319 -3400,0,2316 -3400,0,2314 -3400,0,2311 -3400,0,2309 -3400,0,2306 -3400,0,2304 -3400,0,2301 -3400,0,2299 -3400,0,2296 -3400,0,2293 -3400,0,2291 -3400,0,2288 -3400,0,2286 -3400,0,2283 -3400,0,2281 -3400,0,2278 -3400,0,2276 -3400,0,2273 -3400,0,2271 -3400,0,2268 -3400,0,2265 -3400,0,2263 -3400,0,2260 -3400,0,2258 -3400,0,2255 -3400,0,2253 -3400,0,2250 -3400,0,2248 -3400,0,2245 -3400,0,2242 -3400,0,2240 -3400,0,2237 -3400,0,2235 -3400,0,2232 -3400,0,2230 -3400,0,2227 -3400,0,2224 -3400,0,2222 -3400,0,2219 -3400,0,2217 -3400,0,2214 -3400,0,2212 -3400,0,2209 -3400,0,2207 -3400,0,2204 -3400,0,2201 -3400,0,2199 -3400,0,2196 -3400,0,2194 -3400,0,2191 -3400,0,2189 -3400,0,2186 -3400,0,2183 -3400,0,2181 -3400,0,2178 -3400,0,2176 -3400,0,2173 -3400,0,2171 -3400,0,2168 -3400,0,2165 -3400,0,2163 -3400,0,2160 -3400,0,2158 -3400,0,2155 -3400,0,2153 -3400,0,2150
mouvement 4ac98ed2e41d83c91f0714135aa67ba7 [bord gauche] -3331,0,3049 -3329,0,3046 -3328,0,3044 -3326,0,3042 -3325,0,3039 -3323,0,3037 -3321,0,3034 -3319,0,3032 -3318,0,3029 -3316,0,3026 -3314,0,3024 -3312,0,3021 -3310,0,3018 -3308,0,3015 -3306,0,3012 -3304,0,3009 -3302,0,3006 -3300,0,3003 -3297,0,3000 -3295,0,2997 -3293,0,2994 -3291,0,2991 -3288,0,2988 -3286,0,2984 -3284,0,2981 -3281,0,2978 -3279,0,2975 -3277,0,2971 -3274,0,2968 -3272,0,2964 -3269,0,2961 -3267,0,2957 -3265,0,2954 -3262,0,2950 -3260,0,2946 -3257,0,2943 -3255,0,2939 -3252,0,2935 -3250,0,2931 -3247,0,2928 -3245,0,2924 -3243,0,2920 -3240,0,2916 -3238,0,2912 -3235,0,2908 -3233,0,2904 -3230,0,2900 -3228,0,2896 -3226,0,2892 -3223,0,2888 -3221,0,2884 -3219,0,2880 -3216,0,2876 -3214,0,2872 -3212,0,2867 -3209,0,2863 -3207,0,2859 -3205,0,2855 -3203,0,2850 -3201,0,2846 -3198,0,2842 -3196,0,2837 -3194,0,2833 -3192,0,2829 -3190,0,2824 -3188,0,2820 -3186,0,2815 -3184,0,2811 -3182,0,2806 -3180,0,2802 -3178,0,2798 -3176,0,2793 -3175,0,2789 -3173,0,2784 -3171,0,2779 -3169,0,2775 -3167,0,2770 -3166,0,2766 -3164,0,2761 -3162,0,2757 -3161,0,2752 -3159,0,2748 -3158,0,2743 -3156,0,2739 -3155,0,2734 -3153,0,2729 -3152,0,2725 -3151,0,2720 -3149,0,2716 -3148,0,2711 -3147,0,2706 -3145,0,2702 -3144,0,2697 -3143,0,2693 -3142,0,2688 -3141,0,2684 -3140,0,2679 -3139,0,2674 -3138,0,2670 -3137,0,2665 -3136,0,2661 -3135,0,2656 -3134,0,2652 -3133,0,2647 -3132,0,2643 -3132,0,2638 -3131,0,2634 -3130,0,2629 -3129,0,2625 -3129,0,2620 -3128,0,2616 -3128,0,2612 -3127,0,2607 -3126,0,2603 -3126,0,2598 -3126,0,2594 -3125,0,2590 -3125,0,2585 -3124,0,2581 -3124,0,2577 -3124,0,2572 -3123,0,2568 -3123,0,2564 -3123,0,2560 -3123,0,2555 -3122,0,2551 -3122,0,2547 -3122,0,2543 -3122,0,2539 -3122,0,2535 -3122,0,2530 -3122,0,2526 -3122,0,2522 -3122,0,2518 -3122,0,2514 -3122,0,2510 -3122,0,2506 -3122,0,2502 -3122,0,2498 -3122,0,2494 -3122,0,2490 -3123,0,2487 -3123,0,2483 -3123,0,2479 -3123,0,2475 -3124,0,2471 -3124,0,2468 -3124,0,2464 -3124,0,2460 -3125,0,2456 -3125,0,2453 -3125,0,2449 -3126,0,2445 -3126,0,2442 -3127,0,2438 -3127,0,2435 -3128,0,2431 -3128,0,2427 -3128,0,2424 -3129,0,2420 -3129,0,2417 -3130,0,2414 -3130,0,2410 -3131,0,2407 -3131,0,2403 -3132,0,2400 -3133,0,2397 -3133,0,2393 -3134,0,2390 -3134,0,2387 -3135,0,2384 -3136,0,2380 -3136,0,2377 -3137,0,2374 -3137,0,2371 -3138,0,2368 -3139,0,2364 -3139,0,2361 -3140,0,2358 -3141,0,2355 -3141,0,2352 -3142,0,2349 -3143,0,2346 -3143,0,2343 -3144,0,2340 -3145,0,2337 -3146,0,2334 -3146,0,2331 -3147,0,2328 -3148,0,2325 -3148,0,2322 -3149,0,2319 -3150,0,2317 -3151,0,2314 -3151,0,2311 -3152,0,2308 -3153,0,2305 -3154,0,2303 -3154,0,2300 -3155,0,2297 -3156,0,2294 -3157,0,2291 -3158,0,2289 -3158,0,2286 -3159,0,2283 -3160,0,2281 -3161,0,2278 -3161,0,2275 -3162,0,2273 -3163,0,2270 -3164,0,2267 -3165,0,2265 -3165,0,2262 -3166,0,2259 -3167,0,2257 -3168,0,2254 -3168,0,2252 -3169,0,2249 -3170,0,2246 -3171,0,2244 -3172,0,2241 -3172,0,2239 -3173,0,2236 -3174,0,2234 -3175,0,2231 -3176,0,2228 -3176,0,2226 -3177,0,2223 -3178,0,2221 -3179,0,2218 -3180,0,2216 -3180,0,2213 -3181,0,2211 -3182,0,2208 -3183,0,2206 -3184,0,2203 -3184,0,2201 -3185,0,2198 -3186,0,2196 -3187,0,2193 -3187,0,2191 -3188,0,2188 -3189,0,2186 -3190,0,2183 -3191,0,2181 -3191,0,2178 -3192,0,2175 -3193,0,2173 -3194,0,2170 -3195,0,2168 -3195,0,2165 -3196,0,2163 -3197,0,2160 -3198,0,2158 -3198,0,2155 -3199,0,2153 -3200,0,2150
mouvement 4ac98ed2e41d83c91f0714135aa67ba7 [bord droit] -3854,0,2444 -3852,0,2443 -3849,0,2441 -3847,0,2441 -3845,0,2440 -3842,0,2439 -3840,0,2438 -3838,0,2437 -3836,0,2436 -3834,0,2436 -3832,0,2435 -3830,0,2434 -3828,0,2434 -3827,0,2433 -3825,0,2433 -3823,0,2432 -3821,0,2432 -3820,0,2431 -3818,0,2431 -3816,0,2430 -3815,0,2430 -3813,0,2430 -3812,0,2429 -3810,0,2429 -3809,0,2429 -3808,0,2428 -3806,0,2428 -3805,0,2428 -3804,0,2428 -3802,0,2428 -3801,0,2428 -3800,0,2427 -3799,0,2427 -3797,0,2427 -3796,0,2427 -3795,0,2427 -3794,0,2427 -3793,0,2427 -3792,0,2427 -3791,0,2427 -3790,0,2427 -3789,0,2427 -3788,0,2427 -3787,0,2427 -3786,0,2427 -3785,0,2427 -3784,0,2427 -3783,0,2427 -3782,0,2427 -3781,0,2428 -3780,0,2428 -3779,0,2428 -3778,0,2428 -3777,0,2428 -3776,0,2428 -3775,0,2428 -3774,0,2428 -3773,0,2428 -3772,0,2429 -3772,0,2429 -3771,0,2429 -3770,0,2429 -3769,0,2429 -3768,0,2429 -3767,0,2429 -3766,0,2429 -3765,0,2429 -3764,0,2430 -3764,0,2430 -3763,0,2430 -3762,0,2430 -3761,0,2430 -3760,0,2430 -3759,0,2430 -3758,0,2430 -3757,0,2430 -3756,0,2430 -3756,0,2430 -3755,0,2430 -3754,0,2430 -3753,0,2430 -3752,0,2430 -3751,0,2430 -3750,0,2430 -3749,0,2430 -3748,0,2430 -3747,0,2430 -3747,0,2430 -3746,0,2430 -3745,0,2430 -3744,0,2430 -3743,0,2430 -3742,0,2429 -3741,0,2429 -3740,0,2429 -3739,0,2429 -3738,0,2429 -3737,0,2428 -3736,0,2428 -3735,0,2428 -3734,0,2428 -3733,0,2427 -3732,0,2427 -3732,0,2427 -3731,0,2426 -3730,0,2426 -3729,0,2426 -3728,0,2425 -3727,0,2425 -3726,0,2424 -3725,0,2424 -3724,0,2424 -3723,0,2423 -3722,0,2423 -3721,0,2422 -3720,0,2421 -3719,0,2421 -3718,0,2420 -3717,0,2420 -3716,0,2419 -3715,0,2418 -3714,0,2418 -3713,0,2417 -3712,0,2416 -3711,0,2415 -3710,0,2415 -3709,0,2414 -3708,0,2413 -3707,0,2412 -3706,0,2411 -3705,0,2410 -3704,0,2410 -3703,0,2409 -3702,0,2408 -3701,0,2407 -3700,0,2406 -3699,0,2405 -3698,0,2404 -3697,0,2402 -3696,0,2401 -3695,0,2400 -3694,0,2399 -3694,0,2398 -3693,0,2397 -3692,0,2396 -3691,0,2394 -3690,0,2393 -3689,0,2392 -3688,0,2390 -3687,0,2389 -3686,0,2388 -3685,0,2386 -3684,0,2385 -3683,0,2384 -3682,0,2382 -3681,0,2381 -3680,0,2379 -3679,0,2378 -3679,0,2376 -3678,0,2374 -3677,0,2373 -3676,0,2371 -3675,0,2370 -3674,0,2368 -3673,0,2366 -3672,0,2365 -3671,0,2363 -3671,0,2361 -3670,0,2359 -3669,0,2358 -3668,0,2356 -3667,0,2354 -3666,0,2352 -3665,0,2350 -3664,0,2348 -3664,0,2346 -3663,0,2344 -3662,0,2343 -3661,0,2341 -3660,0,2339 -3659,0,2337 -3659,0,2335 -3658,0,2332 -3657,0,2330 -3656,0,2328 -3655,0,2326 -3654,0,2324 -3654,0,2322 -3653,0,2320 -3652,0,2318 -3651,0,2315 -3650,0,2313 -3650,0,2311 -3649,0,2309 -3648,0,2307 -3647,0,2304 -3646,0,2302 -3646,0,2300 -3645,0,2297 -3644,0,2295 -3643,0,2293 -3643,0,2290 -3642,0,2288 -3641,0,2286 -3640,0,2283 -3639,0,2281 -3639,0,2278 -3638,0,2276 -3637,0,2274 -3636,0,2271 -3636,0,2269 -3635,0,2266 -3634,0,2264 -3633,0,2261 -3632,0,2259 -3632,0,2256 -3631,0,2254 -3630,0,2251 -3629,0,2249 -3629,0,2246 -3628,0,2244 -3627,0,2241 -3626,0,2238 -3626,0,2236 -3625,0,2233 -3624,0,2231 -3623,0,2228 -3623,0,2226 -3622,0,2223 -3621,0,2220 -3620,0,2218 -3619,0,2215 -3619,0,2213 -3618,0,2210 -3617,0,2207 -3616,0,2205 -3616,0,2202 -3615,0,2199 -3614,0,2197 -3613,0,2194 -3612,0,2192 -3612,0,2189 -3611,0,2186 -3610,0,2184 -3609,0,2181 -3609,0,2179 -3608,0,2176 -3607,0,2173 -3606,0,2171 -3605,0,2168 -3605,0,2166 -3604,0,2163 -3603,0,2160 -3602,0,2158 -3602,0,2155 -3601,0,2153 -3600,0,2150
mouvement 469fe81415e729b4258c4b7eda9e65a2 [centre] -3592,0,2746 -3584,0,2739 -3576,0,2733 -3568,0,2726 -3560,0,2720 -3552,0,2714 -3543,0,2708 -3534,0,2702 -3526,0,2696 -3517,0,2691 -3508,0,2685 -3499,0,2680 -3490,0,2675 -3481,0,2670 -3471,0,2665 -3462,0,2660 -3453,0,2656 -3443,0,2651 -3434,0,2647 -3424,0,2643 -3414,0,2640 -3404,0,2636 -3395,0,2632 -3385,0,2629 -3375,0,2626 -3365,0,2623 -3355,0,2620 -3345,0,2618 -3334,0,2615 -3324,0,2613 -3314,0,2611 -3304,0,2609 -3294,0,2607 -3283,0,2606 -3273,0,2604 -3262,0,2603 -3252,0,2602 -3242,0,2601 -3231,0,2601 -3221,0,2600 -3210,0,2600 -3200,0,2600 -3190,0,2600 -3179,0,2600 -3169,0,2601 -3158,0,2601 -3148,0,2602 -3138,0,2603 -3127,0,2604 -3117,0,2606 -3106,0,2607 -3096,0,2609 -3086,0,2611 -3076,0,2613 -3066,0,2615 -3055,0,2618 -3045,0,2620 -3035,0,2623 -3025,0,2626 -3015,0,2629 -3005,0,2632 -2996,0,2636 -2986,0,2640 -2976,0,2643 -2966,0,2647 -2957,0,2651 -2947,0,2656 -2938,0,2660 -2929,0,2665 -2919,0,2670 -2910,0,2675 -2901,0,2680 -2892,0,2685 -2883,0,2691 -2874,0,2696 -2866,0,2702 -2857,0,2708 -2848,0,2714 -2840,0,2720 -2832,0,2726 -2824,0,2733 -2816,0,2739 -2808,0,2746
mouvement 469fe81415e729b4258c4b7eda9e65a2 [bord gauche] -3331,0,3049 -3328,0,3046 -3325,0,3044 -3323,0,3042 -3320,0,3040 -3317,0,3038 -3314,0,3036 -3311,0,3034 -3309,0,3032 -3306,0,3030 -3303,0,3028 -3300,0,3027 -3297,0,3025 -3294,0,3023 -3290,0,3022 -3287,0,3020 -3284,0,3019 -3281,0,3017 -3278,0,3016 -3275,0,3014 -3271,0,3013 -3268,0,3012 -3265,0,3011 -3262,0,3010 -3258,0,3009 -3255,0,3008 -3252,0,3007 -3248,0,3006 -3245,0,3005 -3241,0,3004 -3238,0,3004 -3235,0,3003 -3231,0,3002 -3228,0,3002 -3224,0,3001 -3221,0,3001 -3217,0,3001 -3214,0,3000 -3210,0,3000 -3207,0,3000 -3203,0,3000 -3200,0,3000 -3197,0,3000 -3193,0,3000 -3190,0,3000 -3186,0,3000 -3183,0,3001 -3179,0,3001 -3176,0,3001 -3172,0,3002 -3169,0,3002 -3165,0,3003 -3162,0,3004 -3159,0,3004 -3155,0,3005 -3152,0,3006 -3148,0,3007 -3145,0,3008 -3142,0,3009 -3138,0,3010 -3135,0,3011 -3132,0,3012 -3129,0,3013 -3125,0,3014 -3122,0,3016 -3119,0,3017 -3116,0,3019 -3113,0,3020 -3110,0,3022 -3106,0,3023 -3103,0,3025 -3100,0,3027 -3097,0,3028 -3094,0,3030 -3091,0,3032 -3089,0,3034 -3086,0,3036 -3083,0,3038 -3080,0,3040 -3077,0,3042 -3075,0,3044 -3072,0,3046 -3069,0,3049
mouvement 469fe81415e729b4258c4b7eda9e65a2 [bord droit] -3854,0,2444 -3841,0,2432 -3827,0,2421 -3814,0,2410 -3800,0,2400 -3786,0,2390 -3772,0,2380 -3757,0,2370 -3743,0,2360 -3728,0,2351 -3713,0,2342 -3698,0,2333 -3683,0,2324 -3668,0,2316 -3652,0,2308 -3637,0,2300 -3621,0,2293 -3605,0,2286 -3589,0,2279 -3573,0,2272 -3557,0,2266 -3541,0,2260 -3524,0,2254 -3508,0,2249 -3491,0,2243 -3475,0,2238 -3458,0,2234 -3441,0,2229 -3424,0,2225 -3407,0,2222 -3390,0,2218 -3373,0,2215 -3356,0,2212 -3339,0,2210 -3321,0,2207 -3304,0,2205 -3287,0,2204 -3270,0,2202 -3252,0,2201 -3235,0,2201 -3217,0,2200 -3200,0,2200 -3183,0,2200 -3165,0,2201 -3148,0,2201 -3130,0,2202 -3113,0,2204 -3096,0,2205 -3079,0,2207 -3061,0,2210 -3044,0,2212 -3027,0,2215 -3010,0,2218 -2993,0,2222 -2976,0,2225 -2959,0,2229 -2942,0,2234 -2925,0,2238 -2909,0,2243 -2892,0,2249 -2876,0,2254 -2859,0,2260 -2843,0,2266 -2827,0,2272 -2811,0,2279 -2795,0,2286 -2779,0,2293 -2763,0,2300 -2748,0,2308 -2732,0,2316 -2717,0,2324 -2702,0,2333 -2687,0,2342 -2672,0,2351 -2657,0,2360 -2643,0,2370 -2628,0,2380 -2614,0,2390 -2600,0,2400 -2586,0,2410 -2573,0,2421 -2559,0,2432 -2546,0,2444
mouvement 45d560a7a864362a2f19600802713fac [centre] -2746,0,2808 -2744,0,2809 -2743,0,2811 -2741,0,2813 -2739,0,2815 -2738,0,2817 -2736,0,2819 -2734,0,2821 -2733,0,2823 -2731,0,2825 -2729,0,2827 -2728,0,2829 -2726,0,2831 -2724,0,2833 -2722,0,2835 -2721,0,2837 -2719,0,2838 -2717,0,2840 -2716,0,2842 -2714,0,2844 -2712,0,2846 -2710,0,2848 -2709,0,2850 -2707,0,2852 -2705,0,2854 -2703,0,2855 -2701,0,2857 -2700,0,2859 -2698,0,2861 -2696,0,2863 -2694,0,2865 -2692,0,2867 -2690,0,2868 -2689,0,2870 -2687,0,2872 -2685,0,2874 -2683,0,2876 -2681,0,2877 -2679,0,2879 -2677,0,2881 -2675,0,2883 -2674,0,2884 -2672,0,2886 -2670,0,2888 -2668,0,2890 -2666,0,2891 -2664,0,2893 -2662,0,2895 -2660,0,2896 -2658,0,2898 -2656,0,2900 -2654,0,2901 -2652,0,2903 -2650,0,2904 -2648,0,2906 -2646,0,2908 -2644,0,2909 -2641,0,2911 -2639,0,2912 -2637,0,2914 -2635,0,2915 -2633,0,2917 -2631,0,2918 -2629,0,2920 -2627,0,2921 -2625,0,2923 -2622,0,2924 -2620,0,2926 -2618,0,2927 -2616,0,2929 -2614,0,2930 -2611,0,2931 -2609,0,2933 -2607,0,2934 -2605,0,2935 -2603,0,2937 -2600,0,2938 -2598,0,2939 -2596,0,2941 -2594,0,2942 -2591,0,2943 -2589,0,2944 -2587,0,2946 -2584,0,2947 -2582,0,2948 -2580,0,2949 -2577,0,2950 -2575,0,2951 -2573,0,2953 -2570,0,2954 -2568,0,2955 -2566,0,2956 -2563,0,2957 -2561,0,2958 -2559,0,2959 -2556,0,2960 -2554,0,2961 -2551,0,2962 -2549,0,2963 -2547,0,2964 -2544,0,2965 -2542,0,2966 -2539,0,2967 -2537,0,2968 -2535,0,2969 -2532,0,2969 -2530,0,2970 -2527,0,2971 -2525,0,2972 -2522,0,2973 -2520,0,2974 -2518,0,2974 -2515,0,2975 -2513,0,2976 -2510,0,2977 -2508,0,2977 -2505,0,2978 -2503,0,2979 -2500,0,2979 -2498,0,2980 -2495,0,2981 -2493,0,2981 -2490,0,2982 -2488,0,2983 -2485,0,2983 -2483,0,2984 -2480,0,2984 -2478,0,2985 -2475,0,2985 -2473,0,2986 -2470,0,2986 -2468,0,2987 -2465,0,2987 -2463,0,2988 -2460,0,2988 -2458,0,2989 -2455,0,2989 -2453,0,2990 -2450,0,2990 -2448,0,2991 -2445,0,2991 -2443,0,2991 -2440,0,2992 -2438,0,2992 -2435,0,2993 -2433,0,2993 -2430,0,2993 -2428,0,2994 -2425,0,2994 -2423,0,2994 -2420,0,2994 -2418,0,2995 -2415,0,2995 -2413,0,2995 -2410,0,2996 -2408,0,2996 -2405,0,2996 -2403,0,2996 -2400,0,2996 -2397,0,2997 -2395,0,2997 -2392,0,2997 -2390,0,2997 -2387,0,2998 -2385,0,2998 -2382,0,2998 -2380,0,2998 -2377,0,2998 -2375,0,2998 -2372,0,2998 -2370,0,2999 -2367,0,2999 -2365,0,2999 -2362,0,2999 -2360,0,2999 -2357,0,2999 -2354,0,2999 -2352,0,2999 -2349,0,2999 -2347,0,3000 -2344,0,3000 -2342,0,3000 -2339,0,3000 -2337,0,3000 -2334,0,3000 -2332,0,3000 -2329,0,3000 -2327,0,3000 -2324,0,3000 -2321,0,3000 -2319,0,3000 -2316,0,3000 -2314,0,3000 -2311,0,3000 -2309,0,3000 -2306,0,3000 -2304,0,3000 -2301,0,3000 -2299,0,3000 -2296,0,3000 -2293,0,3000 -2291,0,3000 -2288,0,3000 -2286,0,3000 -2283,0,3000 -2281,0,3000 -2278,0,3000 -2276,0,3000 -2273,0,3000 -2271,0,3000 -2268,0,3000 -2265,0,3000 -2263,0,3000 -2260,0,3000 -2258,0,3000 -2255,0,3000 -2253,0,3000 -2250,0,3000 -2248,0,3000 -2245,0,3000 -2242,0,3000 -2240,0,3000 -2237,0,3000 -2235,0,3000 -2232,0,3000 -2230,0,3000 -2227,0,3000 -2224,0,3000 -2222,0,3000 -2219,0,3000 -2217,0,3000 -2214,0,3000 -2212,0,3000 -2209,0,3000 -2207,0,3000 -2204,0,3000 -2201,0,3000 -2199,0,3000 -2196,0,3000 -2194,0,3000 -2191,0,3000 -2189,0,3000 -2186,0,3000 -2183,0,3000 -2181,0,3000 -2178,0,3000 -2176,0,3000 -2173,0,3000 -2171,0,3000 -2168,0,3000 -2165,0,3000 -2163,0,3000 -2160,0,3000 -2158,0,3000 -2155,0,3000 -2153,0,3000 -2150,0,3000
mouvement 45d560a7a864362a2f19600802713fac [bord gauche] -3049,0,3069 -3046,0,3071 -3044,0,3072 -3042,0,3074 -3039,0,3075 -3037,0,3077 -3034,0,3079 -3032,0,3081 -3029,0,3082 -3026,0,3084 -3024,0,3086 -3021,0,3088 -3018,0,3090 -3015,0,3092 -3012,0,3094 -3009,0,3096 -3006,0,3098 -3003,0,3100 -3000,0,3103 -2997,0,3105 -2994,0,3107 -2991,0,3109 -2988,0,3112 -2984,0,3114 -2981,0,3116 -2978,0,3119 -2975,0,3121 -2971,0,3123 -2968,0,3126 -2964,0,3128 -2961,0,3131 -2957,0,3133 -2954,0,3135 -2950,0,3138 -2946,0,3140 -2943,0,3143 -2939,0,3145 -2935,0,3148 -2931,0,3150 -2928,0,3153 -2924,0,3155 -2920,0,3157 -2916,0,3160 -2912,0,3162 -2908,0,3165 -2904,0,3167 -2900,0,3170 -2896,0,3172 -2892,0,3174 -2888,0,3177 -2884,0,3179 -2880,0,3181 -2876,0,3184 -2872,0,3186 -2867,0,3188 -2863,0,3190 -2859,0,3193 -2855,0,3195 -2850,0,3197 -2846,0,3199 -2842,0,3202 -2837,0,3204 -2833,0,3206 -2829,0,3208 -2824,0,3210 -2820,0,3212 -2815,0,3214 -2811,0,3216 -2806,0,3218 -2802,0,3220 -2798,0,3222 -2793,0,3224 -2789,0,3225 -2784,0,3227 -2779,0,3229 -2775,0,3231 -2770,0,3233 -2766,0,3234 -2761,0,3236 -2757,0,3238 -2752,0,3239 -2748,0,3241 -2743,0,3242 -2739,0,3244 -2734,0,3245 -2729,0,3247 -2725,0,3248 -2720,0,3249 -2716,0,3251 -2711,0,3252 -2706,0,3253 -2702,0,3255 -2697,0,3256 -2693,0,3257 -2688,0,3258 -2684,0,3259 -2679,0,3260 -2674,0,3261 -2670,0,3262 -2665,0,3263 -2661,0,3264 -2656,0,3265 -2652,0,3266 -2647,0,3267 -2643,0,3268 -2638,0,3268 -2634,0,3269 -2629,0,3270 -2625,0,3271 -2620,0,3271 -2616,0,3272 -2612,0,3272 -2607,0,3273 -2603,0,3274 -2598,0,3274 -2594,0,3274 -2590,0,3275 -2585,0,3275 -2581,0,3276 -2577,0,3276 -2572,0,3276 -2568,0,3277 -2564,0,3277 -2560,0,3277 -2555,0,3277 -2551,0,3278 -2547,0,3278 -2543,0,3278 -2539,0,3278 -2535,0,3278 -2530,0,3278 -2526,0,3278 -2522,0,3278 -2518,0,3278 -2514,0,3278 -2510,0,3278 -2506,0,3278 -2502,0,3278 -2498,0,3278 -2494,0,3278 -2490,0,3278 -2487,0,3277 -2483,0,3277 -2479,0,3277 -2475,0,3277 -2471,0,3276 -2468,0,3276 -2464,0,3276 -2460,0,3276 -2456,0,3275 -2453,0,3275 -2449,0,3275 -2445,0,3274 -2442,0,3274 -2438,0,3273 -2435,0,3273 -2431,0,3272 -2427,0,3272 -2424,0,3272 -2420,0,3271 -2417,0,3271 -2414,0,3270 -2410,0,3270 -2407,0,3269 -2403,0,3269 -2400,0,3268 -2397,0,3267 -2393,0,3267 -2390,0,3266 -2387,0,3266 -2384,0,3265 -2380,0,3264 -2377,0,3264 -2374,0,3263 -2371,0,3263 -2368,0,3262 -2364,0,3261 -2361,0,3261 -2358,0,3260 -2355,0,3259 -2352,0,3259 -2349,0,3258 -2346,0,3257 -2343,0,3257 -2340,0,3256 -2337,0,3255 -2334,0,3254 -2331,0,3254 -2328,0,3253 -2325,0,3252 -2322,0,3252 -2319,0,3251 -2317,0,3250 -2314,0,3249 -2311,0,3249 -2308,0,3248 -2305,0,3247 -2303,0,3246 -2300,0,3246 -2297,0,3245 -2294,0,3244 -2291,0,3243 -2289,0,3242 -2286,0,3242 -2283,0,3241 -2281,0,3240 -2278,0,3239 -2275,0,3239 -2273,0,3238 -2270,0,3237 -2267,0,3236 -2265,0,3235 -2262,0,3235 -2259,0,3234 -2257,0,3233 -2254,0,3232 -2252,0,3232 -2249,0,3231 -2246,0,3230 -2244,0,3229 -2241,0,3228 -2239,0,3228 -2236,0,3227 -2234,0,3226 -2231,0,3225 -2228,0,3224 -2226,0,3224 -2223,0,3223 -2221,0,3222 -2218,0,3221 -2216,0,3220 -2213,0,3220 -2211,0,3219 -2208,0,3218 -2206,0,3217 -2203,0,3216 -2201,0,3216 -2198,0,3215 -2196,0,3214 -2193,0,3213 -2191,0,3213 -2188,0,3212 -2186,0,3211 -2183,0,3210 -2181,0,3209 -2178,0,3209 -2175,0,3208 -2173,0,3207 -2170,0,3206 -2168,0,3205 -2165,0,3205 -2163,0,3204 -2160,0,3203 -2158,0,3202 -2155,0,3202 -2153,0,3201 -2150,0,3200
mouvement 45d560a7a864362a2f19600802713fac [bord droit] -2444,0,2546 -2443,0,2548 -2441,0,2551 -2441,0,2553 -2440,0,2555 -2439,0,2558 -2438,0,2560 -2437,0,2562 -2436,0,2564 -2436,0,2566 -2435,0,2568 -2434,0,2570 -2434,0,2572 -2433,0,2573 -2433,0,2575 -2432,0,2577 -2432,0,2579 -2431,0,2580 -2431,0,2582 -2430,0,2584 -2430,0,2585 -2430,0,2587 -2429,0,2588 -2429,0,2590 -2429,0,2591 -2428,0,2592 -2428,0,2594 -2428,0,2595 -2428,0,2596 -2428,0,2598 -2428,0,2599 -2427,0,2600 -2427,0,2601 -2427,0,2603 -2427,0,2604 -2427,0,2605 -2427,0,2606 -2427,0,2607 -2427,0,2608 -2427,0,2609 -2427,0,2610 -2427,0,2611 -2427,0,2612 -2427,0,2613 -2427,0,2614 -2427,0,2615 -2427,0,2616 -2427,0,2617 -2427,0,2618 -2428,0,2619 -2428,0,2620 -2428,0,2621 -2428,0,2622 -2428,0,2623 -2428,0,2624 -2428,0,2625 -2428,0,2626 -2428,0,2627 -2429,0,2628 -2429,0,2628 -2429,0,2629 -2429,0,2630 -2429,0,2631 -2429,0,2632 -2429,0,2633 -2429,0,2634 -2429,0,2635 -2430,0,2636 -2430,0,2636 -2430,0,2637 -2430,0,2638 -2430,0,2639 -2430,0,2640 -2430,0,2641 -2430,0,2642 -2430,0,2643 -2430,0,2644 -2430,0,2644 -2430,0,2645 -2430,0,2646 -2430,0,2647 -2430,0,2648 -2430,0,2649 -2430,0,2650 -2430,0,2651 -2430,0,2652 -2430,0,2653 -2430,0,2653 -2430,0,2654 -2430,0,2655 -2430,0,2656 -2430,0,2657 -2429,0,2658 -2429,0,2659 -2429,0,2660 -2429,0,2661 -2429,0,2662 -2428,0,2663 -2428,0,2664 -2428,0,2665 -2428,0,2666 -2427,0,2667 -2427,0,2668 -2427,0,2668 -2426,0,2669 -2426,0,2670 -2426,0,2671 -2425,0,2672 -2425,0,2673 -2424,0,2674 -2424,0,2675 -2424,0,2676 -2423,0,2677 -2423,0,2678 -2422,0,2679 -2421,0,2680 -2421,0,2681 -2420,0,2682 -2420,0,2683 -2419,0,2684 -2418,0,2685 -2418,0,2686 -2417,0,2687 -2416,0,2688 -2415,0,2689 -2415,0,2690 -2414,0,2691 -2413,0,2692 -2412,0,2693 -2411,0,2694 -2410,0,2695 -2410,0,2696 -2409,0,2697 -2408,0,2698 -2407,0,2699 -2406,0,2700 -2405,0,2701 -2404,0,2702 -2402,0,2703 -2401,0,2704 -2400,0,2705 -2399,0,2706 -2398,0,2706 -2397,0,2707 -2396,0,2708 -2394,0,2709 -2393,0,2710 -2392,0,2711 -2390,0,2712 -2389,0,2713 -2388,0,2714 -2386,0,2715 -2385,0,2716 -2384,0,2717 -2382,0,2718 -2381,0,2719 -2379,0,2720 -2378,0,2721 -2376,0,2721 -2374,0,2722 -2373,0,2723 -2371,0,2724 -2370,0,2725 -2368,0,2726 -2366,0,2727 -2365,0,2728 -2363,0,2729 -2361,0,2729 -2359,0,2730 -2358,0,2731 -2356,0,2732 -2354,0,2733 -2352,0,2734 -2350,0,2735 -2348,0,2736 -2346,0,2736 -2344,0,2737 -2343,0,2738 -2341,0,2739 -2339,0,2740 -2337,0,2741 -2335,0,2741 -2332,0,2742 -2330,0,2743 -2328,0,2744 -2326,0,2745 -2324,0,2746 -2322,0,2746 -2320,0,2747 -2318,0,2748 -2315,0,2749 -2313,0,2750 -2311,0,2750 -2309,0,2751 -2307,0,2752 -2304,0,2753 -2302,0,2754 -2300,0,2754 -2297,0,2755 -2295,0,2756 -2293,0,2757 -2290,0,2757 -2288,0,2758 -2286,0,2759 -2283,0,2760 -2281,0,2761 -2278,0,2761 -2276,0,2762 -2274,0,2763 -2271,0,2764 -2269,0,2764 -2266,0,2765 -2264,0,2766 -2261,0,2767 -2259,0,2768 -2256,0,2768 -2254,0,2769 -2251,0,2770 -2249,0,2771 -2246,0,2771 -2244,0,2772 -2241,0,2773 -2238,0,2774 -2236,0,2774 -2233,0,2775 -2231,0,2776 -2228,0,2777 -2226,0,2778 -2223,0,2778 -2220,0,2779 -2218,0,2780 -2215,0,2781 -2213,0,2781 -2210,0,2782 -2207,0,2783 -2205,0,2784 -2202,0,2784 -2199,0,2785 -2197,0,2786 -2194,0,2787 -2192,0,2788 -2189,0,2788 -2186,0,2789 -2184,0,2790 -2181,0,2791 -2179,0,2791 -2176,0,2792 -2173,0,2793 -2171,0,2794 -2168,0,2795 -2166,0,2795 -2163,0,2796 -2160,0,2797 -2158,0,2798 -2155,0,2798 -2153,0,2799 -2150,0,2800
mouvement 431a11dff650b4115fa5bf99118b9b8a [centre] -2746,0,2808 -2739,0,2816 -2733,0,2824 -2726,0,2832 -2720,0,2840 -2714,0,2848 -2708,0,2857 -2702,0,2866 -2696,0,2874 -2691,0,2883 -2685,0,2892 -2680,0,2901 -2675,0,2910 -2670,0,2919 -2665,0,2929 -2660,0,2938 -2656,0,2947 -2651,0,2957 -2647,0,2966 -2643,0,2976 -2640,0,2986 -2636,0,2996 -2632,0,3005 -2629,0,3015 -2626,0,3025 -2623,0,3035 -2620,0,3045 -2618,0,3055 -2615,0,3066 -2613,0,3076 -2611,0,3086 -2609,0,3096 -2607,0,3106 -2606,0,3117 -2604,0,3127 -2603,0,3138 -2602,0,3148 -2601,0,3158 -2601,0,3169 -2600,0,3179 -2600,0,3190 -2600,0,3200 -2600,0,3210 -2600,0,3221 -2601,0,3231 -2601,0,3242 -2602,0,3252 -2603,0,3262 -2604,0,3273 -2606,0,3283 -2607,0,3294 -2609,0,3304 -2611,0,3314 -2613,0,3324 -2615,0,3334 -2618,0,3345 -2620,0,3355 -2623,0,3365 -2626,0,3375 -2629,0,3385 -2632,0,3395 -2636,0,3404 -2640,0,3414 -2643,0,3424 -2647,0,3434 -2651,0,3443 -2656,0,3453 -2660,0,3462 -2665,0,3471 -2670,0,3481 -2675,0,3490 -2680,0,3499 -2685,0,3508 -2691,0,3517 -2696,0,3526 -2702,0,3534 -2708,0,3543 -2714,0,3552 -2720,0,3560 -2726,0,3568 -2733,0,3576 -2739,0,3584 -2746,0,3592
mouvement 431a11dff650b4115fa5bf99118b9b8a [bord gauche] -3049,0,3069 -3046,0,3072 -3044,0,3075 -3042,0,3077 -3040,0,3080 -3038,0,3083 -3036,0,3086 -3034,0,3089 -3032,0,3091 -3030,0,3094 -3028,0,3097 -3027,0,3100 -3025,0,3103 -3023,0,3106 -3022,0,3110 -3020,0,3113 -3019,0,3116 -3017,0,3119 -3016,0,3122 -3014,0,3125 -3013,0,3129 -3012,0,3132 -3011,0,3135 -3010,0,3138 -3009,0,3142 -3008,0,3145 -3007,0,3148 -3006,0,3152 -3005,0,3155 -3004,0,3159 -3004,0,3162 -3003,0,3165 -3002,0,3169 -3002,0,3172 -3001,0,3176 -3001,0,3179 -3001,0,3183 -3000,0,3186 -3000,0,3190 -3000,0,3193 -3000,0,3197 -3000,0,3200 -3000,0,3203 -3000,0,3207 -3000,0,3210 -3000,0,3214 -3001,0,3217 -3001,0,3221 -3001,0,3224 -3002,0,3228 -3002,0,3231 -3003,0,3235 -3004,0,3238 -3004,0,3241 -3005,0,3245 -3006,0,3248 -3007,0,3252 -3008,0,3255 -3009,0,3258 -3010,0,3262 -3011,0,3265 -3012,0,3268 -3013,0,3271 -3014,0,3275 -3016,0,3278 -3017,0,3281 -3019,0,3284 -3020,0,3287 -3022,0,3290 -3023,0,3294 -3025,0,3297 -3027,0,3300 -3028,0,3303 -3030,0,3306 -3032,0,3309 -3034,0,3311 -3036,0,3314 -3038,0,3317 -3040,0,3320 -3042,0,3323 -3044,0,3325 -3046,0,3328 -3049,0,3331
mouvement 431a11dff650b4115fa5bf99118b9b8a [bord droit] -2444,0,2546 -2432,0,2559 -2421,0,2573 -2410,0,2586 -2400,0,2600 -2390,0,2614 -2380,0,2628 -2370,0,2643 -2360,0,2657 -2351,0,2672 -2342,0,2687 -2333,0,2702 -2324,0,2717 -2316,0,2732 -2308,0,2748 -2300,0,2763 -2293,0,2779 -2286,0,2795 -2279,0,2811 -2272,0,2827 -2266,0,2843 -2260,0,2859 -2254,0,2876 -2249,0,2892 -2243,0,2909 -2238,0,2925 -2234,0,2942 -2229,0,2959 -2225,0,2976 -2222,0,2993 -2218,0,3010 -2215,0,3027 -2212,0,3044 -2210,0,3061 -2207,0,3079 -2205,0,3096 -2204,0,3113 -2202,0,3130 -2201,0,3148 -2201,0,3165 -2200,0,3183 -2200,0,3200 -2200,0,3217 -2201,0,3235 -2201,0,3252 -2202,0,3270 -2204,0,3287 -2205,0,3304 -2207,0,3321 -2210,0,3339 -2212,0,3356 -2215,0,3373 -2218,0,3390 -2222,0,3407 -2225,0,3424 -2229,0,3441 -2234,0,3458 -2238,0,3475 -2243,0,3491 -2249,0,3508 -2254,0,3524 -2260,0,3541 -2266,0,3557 -2272,0,3573 -2279,0,3589 -2286,0,3605 -2293,0,3621 -2300,0,3637 -2308,0,3652 -2316,0,3668 -2324,0,3683 -2333,0,3698 -2342,0,3713 -2351,0,3728 -2360,0,3743 -2370,0,3757 -2380,0,3772 -2390,0,3786 -2400,0,3800 -2410,0,3814 -2421,0,3827 -2432,0,3841 -2444,0,3854
zone 405ba721192ad202e99c9ba49b5e9fb7 [431a11dff650b4115fa5bf99118b9b8a x 464127b42987ee35c9def93cb72dae8c] -2381,0,3322 ; 823,245,641
zone 40b126f3a984fa21883e88b3f099319c [452ee31e83feea5ebc05406c271424a9 x 4aa676c5e3857524d5a9b386be4bdb90] -3879,0,3537 ; 738,246,797
zone 43a738a3e1cbfb568fadc5b3548a1b8f [469fe81415e729b4258c4b7eda9e65a2 x 4d6ca77eae0d45e72a542a1478a2aa84] -3048,0,2381 ; 671,245,823
zone 43e5a24dac93246333d9faf399592587 [4ac98ed2e41d83c91f0714135aa67ba7 x 4d6ca77eae0d45e72a542a1478a2aa84] -3200,0,2217 ; 494,245,660
zone 45c7253beaef1bef98463cee884919a4 [45d560a7a864362a2f19600802713fac x 464127b42987ee35c9def93cb72dae8c] -2217,0,3200 ; 660,245,494
zone 47114f641089fae85c0ee8305935fdaa [452ee31e83feea5ebc05406c271424a9 x 46077471fe6db9c5bfc3327df0b647af] -3891,0,3891 ; 726,246,726
controle 42f3d162d75e244896863e1711a77287 [Uncontrolled, approche 4ec40e5f82f7a65bed1dc3d9679f8693, 2 mouvements] -3592,0,2746
controle 4332ef31bc230cb1e928d17c87c2b2a4 [Uncontrolled, approche 43e96165bde1e8229cf8d27082d6b798, 2 mouvements] -2746,0,2808
controle 4538b544fa7443645e9f0b55dfd20c81 [Uncontrolled, approche 4d5c15fca8e24f15b1bdf0f0695acebf, 1 mouvements] -3000,0,2150
controle 48d729046272166df666b735d860ff85 [Uncontrolled, approche 4ccc97c5021ae91587883344ee3ca299, 2 mouvements] -3243,0,3798
controle 4e6af9f2c3ccc0a6b1f0ef739679ccac [Uncontrolled, approche 4516fd525d5bf0205cb47b0093ab0794, 1 mouvements] -2150,0,3400
controle 4fcbd57e6baa66a28b0732836bc2e880 [Uncontrolled, approche 4f3543b1218b82af65b5b8fc58457fb3, 1 mouvements] -4084,0,3801

instance GlobalObjectId_V1-2-ee081d5cbff641bb9dd499b4f13a8d62-7654237338994223078-663126718 Roundabout_NorthEast (Roundabout)
corridor 4e67d7a19f6083c020b14cda38733f93 [centre] 3592,0,2746 3600,0,2753 3608,0,2760 3615,0,2767 3623,0,2774 3630,0,2782 3637,0,2789 3644,0,2797 3651,0,2804 3658,0,2812 3664,0,2820 3671,0,2828 3677,0,2836 3683,0,2845 3689,0,2853 3695,0,2861 3701,0,2870 3707,0,2879 3712,0,2888 3718,0,2896 3723,0,2905 3728,0,2914 3733,0,2924 3737,0,2933 3742,0,2942 3746,0,2951 3750,0,2961 3754,0,2970 3758,0,2980 3762,0,2990 3765,0,2999 3769,0,3009 3772,0,3019 3775,0,3029 3778,0,3039 3781,0,3049 3783,0,3059 3785,0,3069 3788,0,3079 3790,0,3089 3791,0,3099 3793,0,3109 3795,0,3120 3796,0,3130 3797,0,3140 3798,0,3150 3799,0,3161 3799,0,3171 3800,0,3181 3800,0,3192 3800,0,3202 3800,0,3212 3800,0,3223 3799,0,3233 3798,0,3243
corridor 4e67d7a19f6083c020b14cda38733f93 [bord gauche] 3331,0,3049 3333,0,3051 3336,0,3053 3338,0,3056 3341,0,3058 3343,0,3061 3346,0,3063 3348,0,3066 3350,0,3068 3353,0,3071 3355,0,3073 3357,0,3076 3359,0,3079 3361,0,3082 3363,0,3084 3365,0,3087 3367,0,3090 3369,0,3093 3371,0,3096 3373,0,3099 3374,0,3102 3376,0,3105 3378,0,3108 3379,0,3111 3381,0,3114 3382,0,3117 3383,0,3120 3385,0,3123 3386,0,3127 3387,0,3130 3388,0,3133 3390,0,3136 3391,0,3140 3392,0,3143 3393,0,3146 3394,0,3150 3394,0,3153 3395,0,3156 3396,0,3160 3397,0,3163 3397,0,3166 3398,0,3170 3398,0,3173 3399,0,3177 3399,0,3180 3399,0,3183 3400,0,3187 3400,0,3190 3400,0,3194 3400,0,3197 3400,0,3201 3400,0,3204 3400,0,3208 3400,0,3211 3399,0,3214
corridor 4e67d7a19f6083c020b14cda38733f93 [bord droit] 3854,0,2444 3867,0,2455 3880,0,2467 3892,0,2478 3905,0,2490 3917,0,2503 3929,0,2515 3940,0,2528 3952,0,2541 3963,0,2554 3974,0,2567 3985,0,2580 3995,0,2594 4006,0,2608 4016,0,2622 4026,0,2636 4035,0,2650 4045,0,2665 4054,0,2679 4063,0,2694 4071,0,2709 4079,0,2724 4088,0,2739 4095,0,2755 4103,0,2770 4110,0,2786 4117,0,2801 4124,0,2817 4130,0,2833 4137,0,2849 4142,0,2866 4148,0,2882 4153,0,2898 4158,0,2915 4163,0,2931 4168,0,2948 4172,0,2965 4176,0,2981 4179,0,2998 4183,0,3015 4186,0,3032 4189,0,3049 4191,0,3066 4193,0,3083 4195,0,3100 4197,0,3117 4198,0,3135 4199,0,3152 4200,0,3169 4200,0,3186 4200,0,3204 4200,0,3221 4199,0,3238 4198,0,3255 4197,0,3272
corridor 4c3fbf9d31b3efe44c908138001098b8 [centre] 3243,0,3798 3233,0,3799 3223,0,3800 3212,0,3800 3202,0,3800 3192,0,3800 3181,0,3800 3171,0,3799 3161,0,3799 3150,0,3798 3140,0,3797 3130,0,3796 3120,0,3795 3109,0,3793 3099,0,3791 3089,0,3790 3079,0,3788 3069,0,3785 3059,0,3783 3049,0,3781 3039,0,3778 3029,0,3775 3019,0,3772 3009,0,3769 2999,0,3765 2990,0,3762 2980,0,3758 2970,0,3754 2961,0,3750 2951,0,3746 2942,0,3742 2933,0,3737 2924,0,3733 2914,0,3728 2905,0,3723 2896,0,3718 2888,0,3712 2879,0,3707 2870,0,3701 2861,0,3695 2853,0,3689 2845,0,3683 2836,0,3677 2828,0,3671 2820,0,3664 2812,0,3658 2804,0,3651 2797,0,3644 2789,0,3637 2782,0,3630 2774,0,3623 2767,0,3615 2760,0,3608 2753,0,3600 2746,0,3592
corridor 4c3fbf9d31b3efe44c908138001098b8 [bord gauche] 3214,0,3399 3211,0,3400 3208,0,3400 3204,0,3400 3201,0,3400 3197,0,3400 3194,0,3400 3190,0,3400 3187,0,3400 3183,0,3399 3180,0,3399 3177,0,3399 3173,0,3398 3170,0,3398 3166,0,3397 3163,0,3397 3160,0,3396 3156,0,3395 3153,0,3394 3150,0,3394 3146,0,3393 3143,0,3392 3140,0,3391 3136,0,3390 3133,0,3388 3130,0,3387 3127,0,3386 3123,0,3385 3120,0,3383 3117,0,3382 3114,0,3381 3111,0,3379 3108,0,3378 3105,0,3376 3102,0,3374 3099,0,3373 3096,0,3371 3093,0,3369 3090,0,3367 3087,0,3365 3084,0,3363 3082,0,3361 3079,0,3359 3076,0,3357 3073,0,3355 3071,0,3353 3068,0,3350 3066,0,3348 3063,0,3346 3061,0,3343 3058,0,3341 3056,0,3338 3053,0,3336 3051,0,3333 3049,0,3331
corridor 4c3fbf9d31b3efe44c908138001098b8 [bord droit] 3272,0,4197 3255,0,4198 3238,0,4199 3221,0,4200 3204,0,4200 3186,0,4200 3169,0,4200 3152,0,4199 3135,0,4198 3117,0,4197 3100,0,4195 3083,0,4193 3066,0,4191 3049,0,4189 3032,0,4186 3015,0,4183 2998,0,4179 2981,0,4176 2965,0,4172 2948,0,4168 2931,0,4163 2915,0,4158 2898,0,4153 2882,0,4148 2866,0,4142 2849,0,4137 2833,0,4130 2817,0,4124 2801,0,4117 2786,0,4110 2770,0,4103 2755,0,4095 2739,0,4088 2724,0,4079 2709,0,4071 2694,0,4063 2679,0,4054 2665,0,4045 2650,0,4035 2636,0,4026 2622,0,4016 2608,0,4006 2594,0,3995 2580,0,3985 2567,0,3974 2554,0,3963 2541,0,3952 2528,0,3940 2515,0,3929 2503,0,3917 2490,0,3905 2478,0,3892 2467,0,3880 2455,0,3867 2444,0,3854
corridor 432025ce90895a6728955c79e3edfb9e [centre] 2746,0,2808 2753,0,2800 2759,0,2793 2766,0,2786 2772,0,2779 2779,0,2772 2786,0,2766 2793,0,2759 2800,0,2753 2808,0,2746
corridor 432025ce90895a6728955c79e3edfb9e [bord gauche] 3049,0,3069 3051,0,3067 3053,0,3064 3055,0,3062 3057,0,3060 3060,0,3057 3062,0,3055 3064,0,3053 3067,0,3051 3069,0,3049
corridor 432025ce90895a6728955c79e3edfb9e [bord droit] 2444,0,2546 2454,0,2534 2465,0,2522 2476,0,2510 2487,0,2499 2499,0,2487 2510,0,2476 2522,0,2465 2534,0,2454 2546,0,2444
frontiere 4309f6e91e6d597ef92349b8ede4fc89 [Roundabout] 3117,0,3117 ; 1167,400,1167
mouvement 4357c472225591a18683e67ea2dd5f92 [centre] 2150,0,3000 2153,0,3000 2155,0,3000 2158,0,3000 2160,0,3000 2163,0,3000 2165,0,3000 2168,0,3000 2171,0,3000 2173,0,3000 2176,0,3000 2178,0,3000 2181,0,3000 2183,0,3000 2186,0,3000 2189,0,3000 2191,0,3000 2194,0,3000 2196,0,3000 2199,0,3000 2201,0,3000 2204,0,3000 2207,0,3000 2209,0,3000 2212,0,3000 2214,0,3000 2217,0,3000 2219,0,3000 2222,0,3000 2224,0,3000 2227,0,3000 2230,0,3000 2232,0,3000 2235,0,3000 2237,0,3000 2240,0,3000 2242,0,3000 2245,0,3000 2248,0,3000 2250,0,3000 2253,0,3000 2255,0,3000 2258,0,3000 2260,0,3000 2263,0,3000 2265,0,3000 2268,0,3000 2271,0,3000 2273,0,3000 2276,0,3000 2278,0,3000 2281,0,3000 2283,0,3000 2286,0,3000 2288,0,3000 2291,0,3000 2293,0,3000 2296,0,3000 2299,0,3000 2301,0,3000 2304,0,3000 2306,0,3000 2309,0,3000 2311,0,3000 2314,0,3000 2316,0,3000 2319,0,3000 2321,0,3000 2324,0,3000 2327,0,3000 2329,0,3000 2332,0,3000 2334,0,3000 2337,0,3000 2339,0,3000 2342,0,3000 2344,0,3000 2347,0,3000 2349,0,2999 2352,0,2999 2354,0,2999 2357,0,2999 2360,0,2999 2362,0,2999 2365,0,2999 2367,0,2999 2370,0,2999 2372,0,2998 2375,0,2998 2377,0,2998 2380,0,2998 2382,0,2998 2385,0,2998 2387,0,2998 2390,0,2997 2392,0,2997 2395,0,2997 2397,0,2997 2400,0,2996 2403,0,2996 2405,0,2996 2408,0,2996 2410,0,2996 2413,0,2995 2415,0,2995 2418,0,2995 2420,0,2994 2423,0,2994 2425,0,2994 2428,0,2994 2430,0,2993 2433,0,2993 2435,0,2993 2438,0,2992 2440,0,2992 2443,0,2991 2445,0,2991 2448,0,2991 2450,0,2990 2453,0,2990 2455,0,2989 2458,0,2989 2460,0,2988 2463,0,2988 2465,0,2987 2468,0,2987 2470,0,2986 2473,0,2986 2475,0,2985 2478,0,2985 2480,0,2984 2483,0,2984 2485,0,2983 2488,0,2983 2490,0,2982 2493,0,2981 2495,0,2981 2498,0,2980 2500,0,2979 2503,0,2979 2505,0,2978 2508,0,2977 2510,0,2977 2513,0,2976 2515,0,2975 2518,0,2974 2520,0,2974 2522,0,2973 2525,0,2972 2527,0,2971 2530,0,2970 2532,0,2969 2535,0,2969 2537,0,2968 2539,0,2967 2542,0,2966 2544,0,2965 2547,0,2964 2549,0,2963 2551,0,2962 2554,0,2961 2556,0,2960 2559,0,2959 2561,0,2958 2563,0,2957 2566,0,2956 2568,0,2955 2570,0,2954 2573,0,2953 2575,0,2951 2577,0,2950 2580,0,2949 2582,0,2948 2584,0,2947 2587,0,2946 2589,0,2944 2591,0,2943 2594,0,2942 2596,0,2941 2598,0,2939 2600,0,2938 2603,0,2937 2605,0,2935 2607,0,2934 2609,0,2933 2611,0,2931 2614,0,2930 2616,0,2929 2618,0,2927 2620,0,2926 2622,0,2924 2625,0,2923 2627,0,2921 2629,0,2920 2631,0,2918 2633,0,2917 2635,0,2915 2637,0,2914 2639,0,2912 2641,0,2911 2644,0,2909 2646,0,2908 2648,0,2906 2650,0,2904 2652,0,2903 2654,0,2901 2656,0,2900 2658,0,2898 2660,0,2896 2662,0,2895 2664,0,2893 2666,0,2891 2668,0,2890 2670,0,2888 2672,0,2886 2674,0,2884 2675,0,2883 2677,0,2881 2679,0,2879 2681,0,2877 2683,0,2876 2685,0,2874 2687,0,2872 2689,0,2870 2690,0,2868 2692,0,2867 2694,0,2865 2696,0,2863 2698,0,2861 2700,0,2859 2701,0,2857 2703,0,2855 2705,0,2854 2707,0,2852 2709,0,2850 2710,0,2848 2712,0,2846 2714,0,2844 2716,0,2842 2717,0,2840 2719,0,2838 2721,0,2837 2722,0,2835 2724,0,2833 2726,0,2831 2728,0,2829 2729,0,2827 2731,0,2825 2733,0,2823 2734,0,2821 2736,0,2819 2738,0,2817 2739,0,2815 2741,0,2813 2743,0,2811 2744,0,2809 2746,0,2808
mouvement 4357c472225591a18683e67ea2dd5f92 [bord gauche] 2150,0,3200 2153,0,3201 2155,0,3202 2158,0,3202 2160,0,3203 2163,0,3204 2165,0,3205 2168,0,3205 2170,0,3206 2173,0,3207 2175,0,3208 2178,0,3209 2181,0,3209 2183,0,3210 2186,0,3211 2188,0,3212 2191,0,3213 2193,0,3213 2196,0,3214 2198,0,3215 2201,0,3216 2203,0,3216 2206,0,3217 2208,0,3218 2211,0,3219 2213,0,3220 2216,0,3220 2218,0,3221 2221,0,3222 2223,0,3223 2226,0,3224 2228,0,3224 2231,0,3225 2234,0,3226 2236,0,3227 2239,0,3228 2241,0,3228 2244,0,3229 2246,0,3230 2249,0,3231 2252,0,3232 2254,0,3232 2257,0,3233 2259,0,3234 2262,0,3235 2265,0,3235 2267,0,3236 2270,0,3237 2273,0,3238 2275,0,3239 2278,0,3239 2281,0,3240 2283,0,3241 2286,0,3242 2289,0,3242 2291,0,3243 2294,0,3244 2297,0,3245 2300,0,3246 2303,0,3246 2305,0,3247 2308,0,3248 2311,0,3249 2314,0,3249 2317,0,3250 2319,0,3251 2322,0,3252 2325,0,3252 2328,0,3253 2331,0,3254 2334,0,3254 2337,0,3255 2340,0,3256 2343,0,3257 2346,0,3257 2349,0,3258 2352,0,3259 2355,0,3259 2358,0,3260 2361,0,3261 2364,0,3261 2368,0,3262 2371,0,3263 2374,0,3263 2377,0,3264 2380,0,3264 2384,0,3265 2387,0,3266 2390,0,3266 2393,0,3267 2397,0,3267 2400,0,3268 2403,0,3269 2407,0,3269 2410,0,3270 2414,0,3270 2417,0,3271 2420,0,3271 2424,0,3272 2427,0,3272 2431,0,3272 2435,0,3273 2438,0,3273 2442,0,3274 2445,0,3274 2449,0,3275 2453,0,3275 2456,0,3275 2460,0,3276 2464,0,3276 2468,0,3276 2471,0,3276 2475,0,3277 2479,0,3277 2483,0,3277 2487,0,3277 2490,0,3278 2494,0,3278 2498,0,3278 2502,0,3278 2506,0,3278 2510,0,3278 2514,0,3278 2518,0,3278 2522,0,3278 2526,0,3278 2530,0,3278 2535,0,3278 2539,0,3278 2543,0,3278 2547,0,3278 2551,0,3278 2555,0,3277 2560,0,3277 2564,0,3277 2568,0,3277 2572,0,3276 2577,0,3276 2581,0,3276 2585,0,3275 2590,0,3275 2594,0,3274 2598,0,3274 2603,0,3274 2607,0,3273 2612,0,3272 2616,0,3272 2620,0,3271 2625,0,3271 2629,0,3270 2634,0,3269 2638,0,3268 2643,0,3268 2647,0,3267 2652,0,3266 2656,0,3265 2661,0,3264 2665,0,3263 2670,0,3262 2674,0,3261 2679,0,3260 2684,0,3259 2688,0,3258 2693,0,3257 2697,0,3256 2702,0,3255 2706,0,3253 2711,0,3252 2716,0,3251 2720,0,3249 2725,0,3248 2729,0,3247 2734,0,3245 2739,0,3244 2743,0,3242 2748,0,3241 2752,0,3239 2757,0,3238 2761,0,3236 2766,0,3234 2770,0,3233 2775,0,3231 2779,0,3229 2784,0,3227 2789,0,3225 2793,0,3224 2798,0,3222 2802,0,3220 2806,0,3218 2811,0,3216 2815,0,3214 2820,0,3212 2824,0,3210 2829,0,3208 2833,0,3206 2837,0,3204 2842,0,3202 2846,0,3199 2850,0,3197 2855,0,3195 2859,0,3193 2863,0,3191 2867,0,3188 2872,0,3186 2876,0,3184 2880,0,3181 2884,0,3179 2888,0,3177 2892,0,3174 2896,0,3172 2900,0,3170 2904,0,3167 2908,0,3165 2912,0,3162 2916,0,3160 2920,0,3157 2924,0,3155 2928,0,3153 2931,0,3150 2935,0,3148 2939,0,3145 2943,0,3143 2946,0,3140 2950,0,3138 2954,0,3135 2957,0,3133 2961,0,3131 2964,0,3128 2968,0,3126 2971,0,3123 2975,0,3121 2978,0,3119 2981,0,3116 2984,0,3114 2988,0,3112 2991,0,3109 2994,0,3107 2997,0,3105 3000,0,3103 3003,0,3100 3006,0,3098 3009,0,3096 3012,0,3094 3015,0,3092 3018,0,3090 3021,0,3088 3024,0,3086 3026,0,3084 3029,0,3082 3032,0,3081 3034,0,3079 3037,0,3077 3039,0,3075 3042,0,3074 3044,0,3072 3046,0,3071 3049,0,3069
mouvement 4357c472225591a18683e67ea2dd5f92 [bord droit] 2150,0,2800 2153,0,2799 2155,0,2798 2158,0,2798 2160,0,2797 2163,0,2796 2166,0,2795 2168,0,2795 2171,0,2794 2173,0,2793 2176,0,2792 2179,0,2791 2181,0,2791 2184,0,2790 2186,0,2789 2189,0,2788 2192,0,2788 2194,0,2787 2197,0,2786 2199,0,2785 2202,0,2784 2205,0,2784 2207,0,2783 2210,0,2782 2213,0,2781 2215,0,2781 2218,0,2780 2220,0,2779 2223,0,2778 2226,0,2778 2228,0,2777 2231,0,2776 2233,0,2775 2236,0,2774 2238,0,2774 2241,0,2773 2244,0,2772 2246,0,2771 2249,0,2771 2251,0,2770 2254,0,2769 2256,0,2768 2259,0,2768 2261,0,2767 2264,0,2766 2266,0,2765 2269,0,2764 2271,0,2764 2274,0,2763 2276,0,2762 2278,0,2761 2281,0,2761 2283,0,2760 2286,0,2759 2288,0,2758 2290,0,2757 2293,0,2757 2295,0,2756 2297,0,2755 2300,0,2754 2302,0,2754 2304,0,2753 2307,0,2752 2309,0,2751 2311,0,2750 2313,0,2750 2315,0,2749 2318,0,2748 2320,0,2747 2322,0,2746 2324,0,2746 2326,0,2745 2328,0,2744 2330,0,2743 2332,0,2742 2335,0,2741 2337,0,2741 2339,0,2740 2341,0,2739 2343,0,2738 2344,0,2737 2346,0,2736 2348,0,2736 2350,0,2735 2352,0,2734 2354,0,2733 2356,0,2732 2358,0,2731 2359,0,2730 2361,0,2729 2363,0,2729 2365,0,2728 2366,0,2727 2368,0,2726 2370,0,2725 2371,0,2724 2373,0,2723 2374,0,2722 2376,0,2721 2378,0,2721 2379,0,2720 2381,0,2719 2382,0,2718 2384,0,2717 2385,0,2716 2386,0,2715 2388,0,2714 2389,0,2713 2390,0,2712 2392,0,2711 2393,0,2710 2394,0,2709 2396,0,2708 2397,0,2707 2398,0,2706 2399,0,2706 2400,0,2705 2401,0,2704 2402,0,2703 2404,0,2702 2405,0,2701 2406,0,2700 2407,0,2699 2408,0,2698 2409,0,2697 2410,0,2696 2410,0,2695 2411,0,2694 2412,0,2693 2413,0,2692 2414,0,2691 2415,0,2690 2415,0,2689 2416,0,2688 2417,0,2687 2418,0,2686 2418,0,2685 2419,0,2684 2420,0,2683 2420,0,2682 2421,0,2681 2421,0,2680 2422,0,2679 2423,0,2678 2423,0,2677 2424,0,2676 2424,0,2675 2424,0,2674 2425,0,2673 2425,0,2672 2426,0,2671 2426,0,2670 2426,0,2669 2427,0,2668 2427,0,2668 2427,0,2667 2428,0,2666 2428,0,2665 2428,0,2664 2428,0,2663 2429,0,2662 2429,0,2661 2429,0,2660 2429,0,2659 2429,0,2658 2430,0,2657 2430,0,2656 2430,0,2655 2430,0,2654 2430,0,2653 2430,0,2653 2430,0,2652 2430,0,2651 2430,0,2650 2430,0,2649 2430,0,2648 2430,0,2647 2430,0,2646 2430,0,2645 2430,0,2644 2430,0,2644 2430,0,2643 2430,0,2642 2430,0,2641 2430,0,2640 2430,0,2639 2430,0,2638 2430,0,2637 2430,0,2636 2430,0,2636 2429,0,2635 2429,0,2634 2429,0,2633 2429,0,2632 2429,0,2631 2429,0,2630 2429,0,2629 2429,0,2628 2429,0,2628 2428,0,2627 2428,0,2626 2428,0,2625 2428,0,2624 2428,0,2623 2428,0,2622 2428,0,2621 2428,0,2620 2428,0,2619 2427,0,2618 2427,0,2617 2427,0,2616 2427,0,2615 2427,0,2614 2427,0,2613 2427,0,2612 2427,0,2611 2427,0,2610 2427,0,2609 2427,0,2608 2427,0,2607 2427,0,2606 2427,0,2605 2427,0,2604 2427,0,2603 2427,0,2601 2427,0,2600 2428,0,2599 2428,0,2598 2428,0,2596 2428,0,2595 2428,0,2594 2428,0,2592 2429,0,2591 2429,0,2590 2429,0,2588 2430,0,2587 2430,0,2585 2430,0,2584 2431,0,2582 2431,0,2580 2432,0,2579 2432,0,2577 2433,0,2575 2433,0,2573 2434,0,2572 2434,0,2570 2435,0,2568 2436,0,2566 2436,0,2564 2437,0,2562 2438,0,2560 2439,0,2558 2440,0,2555 2441,0,2553 2441,0,2551 2443,0,2548 2444,0,2546
mouvement 4439e11d9c47c1d09aad97b8f5dd1cbe [centre] 3801,0,4084 3799,0,4082 3797,0,4080 3796,0,4078 3794,0,4077 3792,0,4075 3790,0,4073 3788,0,4071 3787,0,4069 3785,0,4068 3783,0,4066 3781,0,4064 3779,0,4062 3777,0,4060 3776,0,4058 3774,0,4057 3772,0,4055 3770,0,4053 3768,0,4051 3767,0,4049 3765,0,4047 3763,0,4046 3761,0,4044 3759,0,4042 3758,0,4040 3756,0,4038 3754,0,4037 3752,0,4035 3750,0,4033 3748,0,4031 3747,0,4029 3745,0,4027 3743,0,4026 3741,0,4024 3739,0,4022 3738,0,4020 3736,0,4018 3734,0,4017 3732,0,4015 3730,0,4013 3729,0,4011 3727,0,4009 3725,0,4007 3723,0,4006 3721,0,4004 3720,0,4002 3718,0,4000 3716,0,3998 3714,0,3997 3712,0,3995 3711,0,3993 3709,0,3991 3707,0,3989 3705,0,3988 3703,0,3986 3702,0,3984 3700,0,3982 3698,0,3980 3696,0,3979 3694,0,3977 3693,0,3975 3691,0,3973 3689,0,3971 3687,0,3970 3685,0,3968 3684,0,3966 3682,0,3964 3680,0,3963 3678,0,3961 3676,0,3959 3674,0,3957 3673,0,3956 3671,0,3954 3669,0,3952 3667,0,3950 3665,0,3949 3663,0,3947 3662,0,3945 3660,0,3943 3658,0,3942 3656,0,3940 3654,0,3938 3652,0,3936 3650,0,3935 3648,0,3933 3647,0,3931 3645,0,3930 3643,0,3928 3641,0,3926 3639,0,3924 3637,0,3923 3635,0,3921 3633,0,3919 3631,0,3918 3630,0,3916 3628,0,3915 3626,0,3913 3624,0,3911 3622,0,3910 3620,0,3908 3618,0,3906 3616,0,3905 3614,0,3903 3612,0,3902 3610,0,3900 3608,0,3898 3606,0,3897 3604,0,3895 3602,0,3894 3600,0,3892 3598,0,3890 3596,0,3889 3594,0,3887 3592,0,3886 3590,0,3884 3588,0,3883 3586,0,3881 3584,0,3880 3582,0,3878 3580,0,3877 3578,0,3875 3575,0,3874 3573,0,3873 3571,0,3871 3569,0,3870 3567,0,3868 3565,0,3867 3563,0,3865 3561,0,3864 3558,0,3863 3556,0,3861 3554,0,3860 3552,0,3859 3550,0,3857 3548,0,3856 3545,0,3855 3543,0,3853 3541,0,3852 3539,0,3851 3537,0,3849 3534,0,3848 3532,0,3847 3530,0,3846 3528,0,3845 3525,0,3843 3523,0,3842 3521,0,3841 3518,0,3840 3516,0,3839 3514,0,3838 3511,0,3836 3509,0,3835 3507,0,3834 3505,0,3833 3502,0,3832 3500,0,3831 3497,0,3830 3495,0,3829 3493,0,3828 3490,0,3827 3488,0,3826 3486,0,3825 3483,0,3824 3481,0,3823 3478,0,3822 3476,0,3821 3473,0,3820 3471,0,3819 3469,0,3818 3466,0,3818 3464,0,3817 3461,0,3816 3459,0,3815 3456,0,3814 3454,0,3814 3451,0,3813 3449,0,3812 3446,0,3811 3444,0,3811 3441,0,3810 3439,0,3809 3436,0,3809 3434,0,3808 3431,0,3807 3429,0,3807 3426,0,3806 3424,0,3806 3421,0,3805 3419,0,3804 3416,0,3804 3414,0,3803 3411,0,3803 3408,0,3802 3406,0,3802 3403,0,3801 3401,0,3801 3398,0,3801 3396,0,3800 3393,0,3800 3390,0,3799 3388,0,3799 3385,0,3799 3383,0,3798 3380,0,3798 3378,0,3798 3375,0,3797 3372,0,3797 3370,0,3797 3367,0,3797 3365,0,3796 3362,0,3796 3359,0,3796 3357,0,3796 3354,0,3796 3352,0,3796 3349,0,3795 3346,0,3795 3344,0,3795 3341,0,3795 3339,0,3795 3336,0,3795 3334,0,3795 3331,0,3795 3328,0,3795 3326,0,3795 3323,0,3795 3321,0,3795 3318,0,3795 3315,0,3795 3313,0,3795 3310,0,3795 3308,0,3795 3305,0,3795 3303,0,3795 3300,0,3795 3297,0,3795 3295,0,3795 3292,0,3795 3290,0,3796 3287,0,3796 3284,0,3796 3282,0,3796 3279,0,3796 3277,0,3796 3274,0,3796 3272,0,3796 3269,0,3797 3267,0,3797 3264,0,3797 3261,0,3797 3259,0,3797 3256,0,3798 3254,0,3798 3251,0,3798 3249,0,3798 3246,0,3798 3243,0,3798
mouvement 4439e11d9c47c1d09aad97b8f5dd1cbe [bord gauche] 3942,0,3942 3941,0,3940 3940,0,3938 3939,0,3935 3937,0,3933 3936,0,3931 3935,0,3928 3934,0,3926 3932,0,3924 3931,0,3921 3930,0,3919 3929,0,3917 3928,0,3914 3926,0,3912 3925,0,3910 3924,0,3907 3923,0,3905 3921,0,3903 3920,0,3900 3919,0,3898 3918,0,3896 3917,0,3893 3915,0,3891 3914,0,3888 3913,0,3886 3912,0,3884 3910,0,3881 3909,0,3879 3908,0,3877 3907,0,3874 3905,0,3872 3904,0,3870 3903,0,3867 3902,0,3865 3900,0,3863 3899,0,3860 3898,0,3858 3897,0,3855 3895,0,3853 3894,0,3851 3893,0,3848 3892,0,3846 3890,0,3844 3889,0,3841 3888,0,3839 3886,0,3836 3885,0,3834 3884,0,3831 3883,0,3829 3881,0,3827 3880,0,3824 3878,0,3822 3877,0,3819 3876,0,3817 3874,0,3814 3873,0,3812 3872,0,3809 3870,0,3807 3869,0,3804 3867,0,3802 3866,0,3799 3864,0,3797 3863,0,3794 3862,0,3792 3860,0,3789 3859,0,3787 3857,0,3784 3855,0,3782 3854,0,3779 3852,0,3776 3851,0,3774 3849,0,3771 3848,0,3769 3846,0,3766 3844,0,3763 3843,0,3761 3841,0,3758 3839,0,3755 3838,0,3753 3836,0,3750 3834,0,3748 3832,0,3745 3831,0,3742 3829,0,3739 3827,0,3737 3825,0,3734 3823,0,3731 3821,0,3729 3820,0,3726 3818,0,3723 3816,0,3720 3814,0,3718 3812,0,3715 3810,0,3712 3808,0,3709 3806,0,3707 3804,0,3704 3801,0,3701 3799,0,3698 3797,0,3695 3795,0,3693 3793,0,3690 3791,0,3687 3788,0,3684 3786,0,3681 3784,0,3678 3781,0,3676 3779,0,3673 3777,0,3670 3774,0,3667 3772,0,3664 3769,0,3661 3767,0,3658 3764,0,3656 3762,0,3653 3759,0,3650 3757,0,3647 3754,0,3644 3751,0,3641 3748,0,3638 3746,0,3635 3743,0,3633 3740,0,3630 3737,0,3627 3735,0,3624 3732,0,3621 3729,0,3618 3726,0,3615 3723,0,3612 3720,0,3610 3717,0,3607 3714,0,3604 3711,0,3601 3707,0,3598 3704,0,3595 3701,0,3593 3698,0,3590 3695,0,3587 3691,0,3584 3688,0,3581 3685,0,3579 3681,0,3576 3678,0,3573 3674,0,3570 3671,0,3568 3667,0,3565 3664,0,3562 3660,0,3559 3657,0,3557 3653,0,3554 3649,0,3551 3646,0,3549 3642,0,3546 3638,0,3544 3634,0,3541 3631,0,3538 3627,0,3536 3623,0,3533 3619,0,3531 3615,0,3528 3611,0,3526 3607,0,3523 3603,0,3521 3599,0,3518 3595,0,3516 3591,0,3514 3587,0,3511 3583,0,3509 3578,0,3507 3574,0,3504 3570,0,3502 3566,0,3500 3562,0,3498 3557,0,3495 3553,0,3493 3549,0,3491 3544,0,3489 3540,0,3487 3536,0,3485 3531,0,3483 3527,0,3481 3522,0,3479 3518,0,3477 3513,0,3475 3509,0,3473 3505,0,3471 3500,0,3469 3495,0,3467 3491,0,3466 3486,0,3464 3482,0,3462 3477,0,3460 3473,0,3459 3468,0,3457 3464,0,3455 3459,0,3454 3454,0,3452 3450,0,3451 3445,0,3449 3441,0,3448 3436,0,3446 3432,0,3445 3427,0,3444 3422,0,3442 3418,0,3441 3413,0,3440 3409,0,3438 3404,0,3437 3399,0,3436 3395,0,3435 3390,0,3434 3386,0,3432 3381,0,3431 3377,0,3430 3372,0,3429 3368,0,3428 3363,0,3427 3359,0,3426 3355,0,3425 3350,0,3424 3346,0,3423 3341,0,3422 3337,0,3422 3333,0,3421 3329,0,3420 3324,0,3419 3320,0,3418 3316,0,3418 3312,0,3417 3308,0,3416 3304,0,3415 3300,0,3415 3296,0,3414 3292,0,3413 3288,0,3413 3284,0,3412 3280,0,3411 3276,0,3411 3272,0,3410 3269,0,3409 3265,0,3409 3261,0,3408 3258,0,3408 3254,0,3407 3251,0,3406 3248,0,3406 3244,0,3405 3241,0,3405 3238,0,3404 3235,0,3404 3232,0,3403 3228,0,3402 3226,0,3402 3223,0,3401 3220,0,3401 3217,0,3400 3214,0,3399
mouvement 4439e11d9c47c1d09aad97b8f5dd1cbe [bord droit] 3660,0,4225 3657,0,4224 3655,0,4223 3652,0,4221 3650,0,4220 3648,0,4219 3645,0,4218 3643,0,4216 3641,0,4215 3638,0,4214 3636,0,4212 3633,0,4211 3631,0,4210 3629,0,4209 3626,0,4207 3624,0,4206 3621,0,4205 3619,0,4203 3617,0,4202 3614,0,4201 3612,0,4199 3609,0,4198 3607,0,4197 3605,0,4196 3602,0,4194 3600,0,4193 3597,0,4192 3595,0,4190 3593,0,4189 3590,0,4188 3588,0,4187 3586,0,4185 3583,0,4184 3581,0,4183 3578,0,4181 3576,0,4180 3574,0,4179 3571,0,4178 3569,0,4176 3567,0,4175 3564,0,4174 3562,0,4173 3560,0,4171 3557,0,4170 3555,0,4169 3553,0,4168 3551,0,4167 3548,0,4165 3546,0,4164 3544,0,4163 3542,0,4162 3539,0,4161 3537,0,4160 3535,0,4158 3533,0,4157 3530,0,4156 3528,0,4155 3526,0,4154 3524,0,4153 3521,0,4152 3519,0,4151 3517,0,4150 3515,0,4149 3513,0,4148 3511,0,4147 3509,0,4146 3506,0,4145 3504,0,4144 3502,0,4143 3500,0,4142 3498,0,4141 3496,0,4140 3494,0,4139 3492,0,4138 3490,0,4137 3488,0,4136 3486,0,4135 3484,0,4135 3482,0,4134 3480,0,4133 3478,0,4132 3476,0,4131 3474,0,4131 3472,0,4130 3470,0,4129 3468,0,4129 3466,0,4128 3464,0,4127 3462,0,4127 3460,0,4126 3459,0,4125 3457,0,4125 3455,0,4124 3453,0,4124 3451,0,4123 3450,0,4122 3448,0,4122 3446,0,4122 3444,0,4121 3443,0,4121 3441,0,4120 3439,0,4120 3437,0,4119 3436,0,4119 3434,0,4119 3432,0,4118 3431,0,4118 3429,0,4118 3428,0,4117 3426,0,4117 3424,0,4117 3423,0,4117 3421,0,4116 3420,0,4116 3418,0,4116 3417,0,4116 3415,0,4116 3414,0,4116 3412,0,4116 3411,0,4116 3409,0,4115 3408,0,4115 3407,0,4115 3405,0,4115 3404,0,4115 3402,0,4115 3401,0,4116 3400,0,4116 3398,0,4116 3397,0,4116 3396,0,4116 3395,0,4116 3393,0,4116 3392,0,4116 3391,0,4116 3390,0,4117 3389,0,4117 3387,0,4117 3386,0,4117 3385,0,4118 3384,0,4118 3383,0,4118 3382,0,4118 3381,0,4119 3380,0,4119 3379,0,4119 3378,0,4120 3377,0,4120 3376,0,4121 3375,0,4121 3374,0,4121 3373,0,4122 3372,0,4122 3371,0,4123 3370,0,4123 3369,0,4123 3368,0,4124 3367,0,4124 3367,0,4125 3366,0,4125 3365,0,4126 3364,0,4126 3363,0,4127 3362,0,4128 3362,0,4128 3361,0,4129 3360,0,4129 3359,0,4130 3359,0,4130 3358,0,4131 3357,0,4132 3357,0,4132 3356,0,4133 3355,0,4133 3355,0,4134 3354,0,4135 3353,0,4135 3353,0,4136 3352,0,4137 3351,0,4137 3351,0,4138 3350,0,4138 3350,0,4139 3349,0,4140 3349,0,4140 3348,0,4141 3347,0,4142 3347,0,4143 3346,0,4143 3346,0,4144 3345,0,4145 3345,0,4145 3344,0,4146 3343,0,4147 3343,0,4147 3342,0,4148 3342,0,4149 3341,0,4150 3341,0,4150 3340,0,4151 3340,0,4152 3339,0,4152 3338,0,4153 3338,0,4154 3337,0,4155 3337,0,4155 3336,0,4156 3336,0,4157 3335,0,4158 3334,0,4158 3334,0,4159 3333,0,4160 3332,0,4161 3332,0,4161 3331,0,4162 3330,0,4163 3330,0,4164 3329,0,4164 3328,0,4165 3327,0,4166 3326,0,4167 3326,0,4167 3325,0,4168 3324,0,4169 3323,0,4170 3322,0,4170 3321,0,4171 3320,0,4172 3319,0,4173 3318,0,4174 3317,0,4174 3316,0,4175 3315,0,4176 3314,0,4177 3312,0,4178 3311,0,4179 3310,0,4179 3308,0,4180 3307,0,4181 3305,0,4182 3304,0,4183 3302,0,4184 3301,0,4184 3299,0,4185 3298,0,4186 3296,0,4187 3294,0,4188 3292,0,4189 3290,0,4190 3288,0,4191 3286,0,4192 3284,0,4193 3282,0,4194 3280,0,4195 3277,0,4195 3275,0,4196 3272,0,4197
mouvement 4f47e1a8140c798681fef66fa633b3b5 [centre] 3400,0,2150 3400,0,2153 3400,0,2155 3400,0,2158 3400,0,2160 3400,0,2163 3400,0,2165 3400,0,2168 3400,0,2171 3400,0,2173 3400,0,2176 3400,0,2178 3400,0,2181 3400,0,2183 3400,0,2186 3400,0,2189 3400,0,2191 3400,0,2194 3400,0,2196 3400,0,2199 3400,0,2201 3400,0,2204 3400,0,2207 3400,0,2209 3400,0,2212 3400,0,2214 3400,0,2217 3400,0,2219 3400,0,2222 3400,0,2224 3400,0,2227 3400,0,2230 3400,0,2232 3400,0,2235 3400,0,2237 3400,0,2240 3400,0,2242 3400,0,2245 3400,0,2248 3400,0,2250 3400,0,2253 3400,0,2255 3400,0,2258 3400,0,2260 3400,0,2263 3400,0,2265 3400,0,2268 3400,0,2271 3400,0,2273 3400,0,2276 3400,0,2278 3400,0,2281 3400,0,2283 3400,0,2286 3400,0,2288 3400,0,2291 3400,0,2293 3400,0,2296 3400,0,2299 3400,0,2301 3400,0,2304 3400,0,2306 3400,0,2309 3400,0,2311 3400,0,2314 3400,0,2316 3400,0,2319 3400,0,2321 3400,0,2324 3400,0,2327 3400,0,2329 3400,0,2332 3400,0,2334 3400,0,2337 3400,0,2339 3400,0,2342 3400,0,2344 3400,0,2347 3401,0,2349 3401,0,2352 3401,0,2354 3401,0,2357 3401,0,2360 3401,0,2362 3401,0,2365 3401,0,2367 3401,0,2370 3402,0,2372 3402,0,2375 3402,0,2377 3402,0,2380 3402,0,2382 3402,0,2385 3402,0,2387 3403,0,2390 3403,0,2392 3403,0,2395 3403,0,2397 3404,0,2400 3404,0,2403 3404,0,2405 3404,0,2408 3404,0,2410 3405,0,2413 3405,0,2415 3405,0,2418 3406,0,2420 3406,0,2423 3406,0,2425 3406,0,2428 3407,0,2430 3407,0,2433 3407,0,2435 3408,0,2438 3408,0,2440 3409,0,2443 3409,0,2445 3409,0,2448 3410,0,2450 3410,0,2453 3411,0,2455 3411,0,2458 3412,0,2460 3412,0,2463 3413,0,2465 3413,0,2468 3414,0,2470 3414,0,2473 3415,0,2475 3415,0,2478 3416,0,2480 3416,0,2483 3417,0,2485 3417,0,2488 3418,0,2490 3419,0,2493 3419,0,2495 3420,0,2498 3421,0,2500 3421,0,2503 3422,0,2505 3423,0,2508 3423,0,2510 3424,0,2513 3425,0,2515 3426,0,2518 3426,0,2520 3427,0,2522 3428,0,2525 3429,0,2527 3430,0,2530 3431,0,2532 3431,0,2535 3432,0,2537 3433,0,2539 3434,0,2542 3435,0,2544 3436,0,2547 3437,0,2549 3438,0,2551 3439,0,2554 3440,0,2556 3441,0,2559 3442,0,2561 3443,0,2563 3444,0,2566 3445,0,2568 3446,0,2570 3447,0,2573 3449,0,2575 3450,0,2577 3451,0,2580 3452,0,2582 3453,0,2584 3454,0,2587 3456,0,2589 3457,0,2591 3458,0,2594 3459,0,2596 3461,0,2598 3462,0,2600 3463,0,2603 3465,0,2605 3466,0,2607 3467,0,2609 3469,0,2611 3470,0,2614 3471,0,2616 3473,0,2618 3474,0,2620 3476,0,2622 3477,0,2625 3479,0,2627 3480,0,2629 3482,0,2631 3483,0,2633 3485,0,2635 3486,0,2637 3488,0,2639 3489,0,2641 3491,0,2644 3492,0,2646 3494,0,2648 3496,0,2650 3497,0,2652 3499,0,2654 3500,0,2656 3502,0,2658 3504,0,2660 3505,0,2662 3507,0,2664 3509,0,2666 3510,0,2668 3512,0,2670 3514,0,2672 3516,0,2674 3517,0,2675 3519,0,2677 3521,0,2679 3523,0,2681 3524,0,2683 3526,0,2685 3528,0,2687 3530,0,2689 3532,0,2690 3533,0,2692 3535,0,2694 3537,0,2696 3539,0,2698 3541,0,2700 3543,0,2701 3545,0,2703 3546,0,2705 3548,0,2707 3550,0,2709 3552,0,2710 3554,0,2712 3556,0,2714 3558,0,2716 3560,0,2717 3562,0,2719 3563,0,2721 3565,0,2722 3567,0,2724 3569,0,2726 3571,0,2728 3573,0,2729 3575,0,2731 3577,0,2733 3579,0,2734 3581,0,2736 3583,0,2738 3585,0,2739 3587,0,2741 3589,0,2743 3591,0,2744 3592,0,2746
mouvement 4f47e1a8140c798681fef66fa633b3b5 [bord gauche] 3200,0,2150 3199,0,2153 3198,0,2155 3198,0,2158 3197,0,2160 3196,0,2163 3195,0,2165 3195,0,2168 3194,0,2170 3193,0,2173 3192,0,2175 3191,0,2178 3191,0,2181 3190,0,2183 3189,0,2186 3188,0,2188 3187,0,2191 3187,0,2193 3186,0,2196 3185,0,2198 3184,0,2201 3184,0,2203 3183,0,2206 3182,0,2208 3181,0,2211 3180,0,2213 3180,0,2216 3179,0,2218 3178,0,2221 3177,0,2223 3176,0,2226 3176,0,2228 3175,0,2231 3174,0,2234 3173,0,2236 3172,0,2239 3172,0,2241 3171,0,2244 3170,0,2246 3169,0,2249 3168,0,2252 3168,0,2254 3167,0,2257 3166,0,2259 3165,0,2262 3165,0,2265 3164,0,2267 3163,0,2270 3162,0,2273 3161,0,2275 3161,0,2278 3160,0,2281 3159,0,2283 3158,0,2286 3158,0,2289 3157,0,2291 3156,0,2294 3155,0,2297 3154,0,2300 3154,0,2303 3153,0,2305 3152,0,2308 3151,0,2311 3151,0,2314 3150,0,2317 3149,0,2319 3148,0,2322 3148,0,2325 3147,0,2328 3146,0,2331 3146,0,2334 3145,0,2337 3144,0,2340 3143,0,2343 3143,0,2346 3142,0,2349 3141,0,2352 3141,0,2355 3140,0,2358 3139,0,2361 3139,0,2364 3138,0,2368 3137,0,2371 3137,0,2374 3136,0,2377 3136,0,2380 3135,0,2384 3134,0,2387 3134,0,2390 3133,0,2393 3133,0,2397 3132,0,2400 3131,0,2403 3131,0,2407 3130,0,2410 3130,0,2414 3129,0,2417 3129,0,2420 3128,0,2424 3128,0,2427 3128,0,2431 3127,0,2435 3127,0,2438 3126,0,2442 3126,0,2445 3125,0,2449 3125,0,2453 3125,0,2456 3124,0,2460 3124,0,2464 3124,0,2468 3124,0,2471 3123,0,2475 3123,0,2479 3123,0,2483 3123,0,2487 3122,0,2490 3122,0,2494 3122,0,2498 3122,0,2502 3122,0,2506 3122,0,2510 3122,0,2514 3122,0,2518 3122,0,2522 3122,0,2526 3122,0,2530 3122,0,2535 3122,0,2539 3122,0,2543 3122,0,2547 3122,0,2551 3123,0,2555 3123,0,2560 3123,0,2564 3123,0,2568 3124,0,2572 3124,0,2577 3124,0,2581 3125,0,2585 3125,0,2590 3126,0,2594 3126,0,2598 3126,0,2603 3127,0,2607 3128,0,2612 3128,0,2616 3129,0,2620 3129,0,2625 3130,0,2629 3131,0,2634 3132,0,2638 3132,0,2643 3133,0,2647 3134,0,2652 3135,0,2656 3136,0,2661 3137,0,2665 3138,0,2670 3139,0,2674 3140,0,2679 3141,0,2684 3142,0,2688 3143,0,2693 3144,0,2697 3145,0,2702 3147,0,2706 3148,0,2711 3149,0,2716 3151,0,2720 3152,0,2725 3153,0,2729 3155,0,2734 3156,0,2739 3158,0,2743 3159,0,2748 3161,0,2752 3162,0,2757 3164,0,2761 3166,0,2766 3167,0,2770 3169,0,2775 3171,0,2779 3173,0,2784 3174,0,2789 3176,0,2793 3178,0,2798 3180,0,2802 3182,0,2806 3184,0,2811 3186,0,2815 3188,0,2820 3190,0,2824 3192,0,2829 3194,0,2833 3196,0,2837 3198,0,2842 3201,0,2846 3203,0,2850 3205,0,2855 3207,0,2859 3209,0,2863 3212,0,2867 3214,0,2872 3216,0,2876 3219,0,2880 3221,0,2884 3223,0,2888 3226,0,2892 3228,0,2896 3230,0,2900 3233,0,2904 3235,0,2908 3238,0,2912 3240,0,2916 3243,0,2920 3245,0,2924 3247,0,2928 3250,0,2931 3252,0,2935 3255,0,2939 3257,0,2943 3260,0,2946 3262,0,2950 3265,0,2954 3267,0,2957 3269,0,2961 3272,0,2964 3274,0,2968 3277,0,2971 3279,0,2975 3281,0,2978 3284,0,2981 3286,0,2984 3288,0,2988 3291,0,2991 3293,0,2994 3295,0,2997 3297,0,3000 3300,0,3003 3302,0,3006 3304,0,3009 3306,0,3012 3308,0,3015 3310,0,3018 3312,0,3021 3314,0,3024 3316,0,3026 3318,0,3029 3319,0,3032 3321,0,3034 3323,0,3037 3325,0,3039 3326,0,3042 3328,0,3044 3329,0,3046 3331,0,3049
mouvement 4f47e1a8140c798681fef66fa633b3b5 [bord droit] 3600,0,2150 3601,0,2153 3602,0,2155 3602,0,2158 3603,0,2160 3604,0,2163 3605,0,2166 3605,0,2168 3606,0,2171 3607,0,2173 3608,0,2176 3609,0,2179 3609,0,2181 3610,0,2184 3611,0,2186 3612,0,2189 3612,0,2192 3613,0,2194 3614,0,2197 3615,0,2199 3616,0,2202 3616,0,2205 3617,0,2207 3618,0,2210 3619,0,2213 3619,0,2215 3620,0,2218 3621,0,2220 3622,0,2223 3623,0,2226 3623,0,2228 3624,0,2231 3625,0,2233 3626,0,2236 3626,0,2238 3627,0,2241 3628,0,2244 3629,0,2246 3629,0,2249 3630,0,2251 3631,0,2254 3632,0,2256 3632,0,2259 3633,0,2261 3634,0,2264 3635,0,2266 3636,0,2269 3636,0,2271 3637,0,2274 3638,0,2276 3639,0,2278 3639,0,2281 3640,0,2283 3641,0,2286 3642,0,2288 3643,0,2290 3643,0,2293 3644,0,2295 3645,0,2297 3646,0,2300 3646,0,2302 3647,0,2304 3648,0,2307 3649,0,2309 3650,0,2311 3650,0,2313 3651,0,2315 3652,0,2318 3653,0,2320 3654,0,2322 3654,0,2324 3655,0,2326 3656,0,2328 3657,0,2330 3658,0,2332 3659,0,2335 3659,0,2337 3660,0,2339 3661,0,2341 3662,0,2343 3663,0,2344 3664,0,2346 3664,0,2348 3665,0,2350 3666,0,2352 3667,0,2354 3668,0,2356 3669,0,2358 3670,0,2359 3671,0,2361 3671,0,2363 3672,0,2365 3673,0,2366 3674,0,2368 3675,0,2370 3676,0,2371 3677,0,2373 3678,0,2374 3679,0,2376 3679,0,2378 3680,0,2379 3681,0,2381 3682,0,2382 3683,0,2384 3684,0,2385 3685,0,2386 3686,0,2388 3687,0,2389 3688,0,2390 3689,0,2392 3690,0,2393 3691,0,2394 3692,0,2396 3693,0,2397 3694,0,2398 3694,0,2399 3695,0,2400 3696,0,2401 3697,0,2402 3698,0,2404 3699,0,2405 3700,0,2406 3701,0,2407 3702,0,2408 3703,0,2409 3704,0,2410 3705,0,2410 3706,0,2411 3707,0,2412 3708,0,2413 3709,0,2414 3710,0,2415 3711,0,2415 3712,0,2416 3713,0,2417 3714,0,2418 3715,0,2418 3716,0,2419 3717,0,2420 3718,0,2420 3719,0,2421 3720,0,2421 3721,0,2422 3722,0,2423 3723,0,2423 3724,0,2424 3725,0,2424 3726,0,2424 3727,0,2425 3728,0,2425 3729,0,2426 3730,0,2426 3731,0,2426 3732,0,2427 3732,0,2427 3733,0,2427 3734,0,2428 3735,0,2428 3736,0,2428 3737,0,2428 3738,0,2429 3739,0,2429 3740,0,2429 3741,0,2429 3742,0,2429 3743,0,2430 3744,0,2430 3745,0,2430 3746,0,2430 3747,0,2430 3747,0,2430 3748,0,2430 3749,0,2430 3750,0,2430 3751,0,2430 3752,0,2430 3753,0,2430 3754,0,2430 3755,0,2430 3756,0,2430 3756,0,2430 3757,0,2430 3758,0,2430 3759,0,2430 3760,0,2430 3761,0,2430 3762,0,2430 3763,0,2430 3764,0,2430 3764,0,2430 3765,0,2429 3766,0,2429 3767,0,2429 3768,0,2429 3769,0,2429 3770,0,2429 3771,0,2429 3772,0,2429 3772,0,2429 3773,0,2428 3774,0,2428 3775,0,2428 3776,0,2428 3777,0,2428 3778,0,2428 3779,0,2428 3780,0,2428 3781,0,2428 3782,0,2427 3783,0,2427 3784,0,2427 3785,0,2427 3786,0,2427 3787,0,2427 3788,0,2427 3789,0,2427 3790,0,2427 3791,0,2427 3792,0,2427 3793,0,2427 3794,0,2427 3795,0,2427 3796,0,2427 3797,0,2427 3799,0,2427 3800,0,2427 3801,0,2428 3802,0,2428 3804,0,2428 3805,0,2428 3806,0,2428 3808,0,2428 3809,0,2429 3810,0,2429 3812,0,2429 3813,0,2430 3815,0,2430 3816,0,2430 3818,0,2431 3820,0,2431 3821,0,2432 3823,0,2432 3825,0,2433 3827,0,2433 3828,0,2434 3830,0,2434 3832,0,2435 3834,0,2436 3836,0,2436 3838,0,2437 3840,0,2438 3842,0,2439 3845,0,2440 3847,0,2441 3849,0,2441 3852,0,2443 3854,0,2444
mouvement 4a772fed8c8aaeab952d011659612ea7 [centre] 3798,0,3243 3798,0,3246 3798,0,3249 3798,0,3251 3798,0,3254 3798,0,3256 3797,0,3259 3797,0,3261 3797,0,3264 3797,0,3267 3797,0,3269 3796,0,3272 3796,0,3274 3796,0,3277 3796,0,3279 3796,0,3282 3796,0,3284 3796,0,3287 3796,0,3290 3795,0,3292 3795,0,3295 3795,0,3297 3795,0,3300 3795,0,3303 3795,0,3305 3795,0,3308 3795,0,3310 3795,0,3313 3795,0,3315 3795,0,3318 3795,0,3321 3795,0,3323 3795,0,3326 3795,0,3328 3795,0,3331 3795,0,3334 3795,0,3336 3795,0,3339 3795,0,3341 3795,0,3344 3795,0,3346 3795,0,3349 3796,0,3352 3796,0,3354 3796,0,3357 3796,0,3359 3796,0,3362 3796,0,3365 3797,0,3367 3797,0,3370 3797,0,3372 3797,0,3375 3798,0,3378 3798,0,3380 3798,0,3383 3799,0,3385 3799,0,3388 3799,0,3390 3800,0,3393 3800,0,3396 3801,0,3398 3801,0,3401 3801,0,3403 3802,0,3406 3802,0,3408 3803,0,3411 3803,0,3414 3804,0,3416 3804,0,3419 3805,0,3421 3806,0,3424 3806,0,3426 3807,0,3429 3807,0,3431 3808,0,3434 3809,0,3436 3809,0,3439 3810,0,3441 3811,0,3444 3811,0,3446 3812,0,3449 3813,0,3451 3814,0,3454 3814,0,3456 3815,0,3459 3816,0,3461 3817,0,3464 3818,0,3466 3818,0,3469 3819,0,3471 3820,0,3473 3821,0,3476 3822,0,3478 3823,0,3481 3824,0,3483 3825,0,3486 3826,0,3488 3827,0,3490 3828,0,3493 3829,0,3495 3830,0,3497 3831,0,3500 3832,0,3502 3833,0,3505 3834,0,3507 3835,0,3509 3836,0,3511 3838,0,3514 3839,0,3516 3840,0,3518 3841,0,3521 3842,0,3523 3843,0,3525 3845,0,3528 3846,0,3530 3847,0,3532 3848,0,3534 3849,0,3537 3851,0,3539 3852,0,3541 3853,0,3543 3855,0,3545 3856,0,3548 3857,0,3550 3859,0,3552 3860,0,3554 3861,0,3556 3863,0,3558 3864,0,3561 3865,0,3563 3867,0,3565 3868,0,3567 3870,0,3569 3871,0,3571 3873,0,3573 3874,0,3575 3875,0,3578 3877,0,3580 3878,0,3582 3880,0,3584 3881,0,3586 3883,0,3588 3884,0,3590 3886,0,3592 3887,0,3594 3889,0,3596 3890,0,3598 3892,0,3600 3894,0,3602 3895,0,3604 3897,0,3606 3898,0,3608 3900,0,3610 3902,0,3612 3903,0,3614 3905,0,3616 3906,0,3618 3908,0,3620 3910,0,3622 3911,0,3624 3913,0,3626 3915,0,3628 3916,0,3630 3918,0,3631 3919,0,3633 3921,0,3635 3923,0,3637 3924,0,3639 3926,0,3641 3928,0,3643 3930,0,3645 3931,0,3647 3933,0,3648 3935,0,3650 3936,0,3652 3938,0,3654 3940,0,3656 3942,0,3658 3943,0,3660 3945,0,3662 3947,0,3663 3949,0,3665 3950,0,3667 3952,0,3669 3954,0,3671 3956,0,3673 3957,0,3674 3959,0,3676 3961,0,3678 3963,0,3680 3964,0,3682 3966,0,3684 3968,0,3685 3970,0,3687 3971,0,3689 3973,0,3691 3975,0,3693 3977,0,3694 3979,0,3696 3980,0,3698 3982,0,3700 3984,0,3702 3986,0,3703 3988,0,3705 3989,0,3707 3991,0,3709 3993,0,3711 3995,0,3712 3997,0,3714 3998,0,3716 4000,0,3718 4002,0,3720 4004,0,3721 4006,0,3723 4007,0,3725 4009,0,3727 4011,0,3729 4013,0,3730 4015,0,3732 4017,0,3734 4018,0,3736 4020,0,3738 4022,0,3739 4024,0,3741 4026,0,3743 4027,0,3745 4029,0,3747 4031,0,3748 4033,0,3750 4035,0,3752 4037,0,3754 4038,0,3756 4040,0,3758 4042,0,3759 4044,0,3761 4046,0,3763 4047,0,3765 4049,0,3767 4051,0,3768 4053,0,3770 4055,0,3772 4057,0,3774 4058,0,3776 4060,0,3777 4062,0,3779 4064,0,3781 4066,0,3783 4068,0,3785 4069,0,3787 4071,0,3788 4073,0,3790 4075,0,3792 4077,0,3794 4078,0,3796 4080,0,3797 4082,0,3799 4084,0,3801
mouvement 4a772fed8c8aaeab952d011659612ea7 [bord gauche] 3399,0,3214 3400,0,3217 3401,0,3220 3401,0,3223 3402,0,3226 3402,0,3228 3403,0,3232 3404,0,3235 3404,0,3238 3405,0,3241 3405,0,3244 3406,0,3248 3406,0,3251 3407,0,3254 3408,0,3258 3408,0,3261 3409,0,3265 3409,0,3269 3410,0,3272 3411,0,3276 3411,0,3280 3412,0,3284 3413,0,3288 3413,0,3292 3414,0,3296 3415,0,3300 3415,0,3304 3416,0,3308 3417,0,3312 3418,0,3316 3418,0,3320 3419,0,3324 3420,0,3329 3421,0,3333 3422,0,3337 3422,0,3341 3423,0,3346 3424,0,3350 3425,0,3355 3426,0,3359 3427,0,3363 3428,0,3368 3429,0,3372 3430,0,3377 3431,0,3381 3432,0,3386 3434,0,3390 3435,0,3395 3436,0,3399 3437,0,3404 3438,0,3409 3440,0,3413 3441,0,3418 3442,0,3422 3444,0,3427 3445,0,3432 3446,0,3436 3448,0,3441 3449,0,3445 3451,0,3450 3452,0,3454 3454,0,3459 3455,0,3464 3457,0,3468 3459,0,3473 3460,0,3477 3462,0,3482 3464,0,3486 3466,0,3491 3467,0,3495 3469,0,3500 3471,0,3505 3473,0,3509 3475,0,3513 3477,0,3518 3479,0,3522 3481,0,3527 3483,0,3531 3485,0,3536 3487,0,3540 3489,0,3544 3491,0,3549 3493,0,3553 3495,0,3557 3498,0,3562 3500,0,3566 3502,0,3570 3504,0,3574 3507,0,3578 3509,0,3583 3511,0,3587 3514,0,3591 3516,0,3595 3518,0,3599 3521,0,3603 3523,0,3607 3526,0,3611 3528,0,3615 3531,0,3619 3533,0,3623 3536,0,3627 3538,0,3631 3541,0,3634 3544,0,3638 3546,0,3642 3549,0,3646 3551,0,3649 3554,0,3653 3557,0,3657 3559,0,3660 3562,0,3664 3565,0,3667 3568,0,3671 3570,0,3674 3573,0,3678 3576,0,3681 3579,0,3685 3581,0,3688 3584,0,3691 3587,0,3695 3590,0,3698 3593,0,3701 3595,0,3704 3598,0,3707 3601,0,3711 3604,0,3714 3607,0,3717 3610,0,3720 3612,0,3723 3615,0,3726 3618,0,3729 3621,0,3732 3624,0,3735 3627,0,3737 3630,0,3740 3633,0,3743 3635,0,3746 3638,0,3748 3641,0,3751 3644,0,3754 3647,0,3757 3650,0,3759 3653,0,3762 3656,0,3764 3658,0,3767 3661,0,3769 3664,0,3772 3667,0,3774 3670,0,3777 3673,0,3779 3676,0,3781 3678,0,3784 3681,0,3786 3684,0,3788 3687,0,3791 3690,0,3793 3693,0,3795 3695,0,3797 3698,0,3799 3701,0,3801 3704,0,3804 3707,0,3806 3709,0,3808 3712,0,3810 3715,0,3812 3718,0,3814 3720,0,3816 3723,0,3818 3726,0,3820 3729,0,3821 3731,0,3823 3734,0,3825 3737,0,3827 3739,0,3829 3742,0,3831 3745,0,3832 3748,0,3834 3750,0,3836 3753,0,3838 3755,0,3839 3758,0,3841 3761,0,3843 3763,0,3844 3766,0,3846 3769,0,3848 3771,0,3849 3774,0,3851 3776,0,3852 3779,0,3854 3782,0,3855 3784,0,3857 3787,0,3859 3789,0,3860 3792,0,3862 3794,0,3863 3797,0,3864 3799,0,3866 3802,0,3867 3804,0,3869 3807,0,3870 3809,0,3872 3812,0,3873 3814,0,3874 3817,0,3876 3819,0,3877 3822,0,3878 3824,0,3880 3827,0,3881 3829,0,3883 3831,0,3884 3834,0,3885 3836,0,3886 3839,0,3888 3841,0,3889 3844,0,3890 3846,0,3892 3848,0,3893 3851,0,3894 3853,0,3895 3855,0,3897 3858,0,3898 3860,0,3899 3863,0,3900 3865,0,3902 3867,0,3903 3870,0,3904 3872,0,3905 3874,0,3907 3877,0,3908 3879,0,3909 3881,0,3910 3884,0,3912 3886,0,3913 3888,0,3914 3891,0,3915 3893,0,3917 3896,0,3918 3898,0,3919 3900,0,3920 3903,0,3921 3905,0,3923 3907,0,3924 3910,0,3925 3912,0,3926 3914,0,3928 3917,0,3929 3919,0,3930 3921,0,3931 3924,0,3932 3926,0,3934 3928,0,3935 3931,0,3936 3933,0,3937 3935,0,3939 3938,0,3940 3940,0,3941 3942,0,3942
mouvement 4a772fed8c8aaeab952d011659612ea7 [bord droit] 4197,0,3272 4196,0,3275 4195,0,3277 4195,0,3280 4194,0,3282 4193,0,3284 4192,0,3286 4191,0,3288 4190,0,3290 4189,0,3292 4188,0,3294 4187,0,3296 4186,0,3298 4185,0,3299 4184,0,3301 4184,0,3302 4183,0,3304 4182,0,3305 4181,0,3307 4180,0,3308 4179,0,3310 4179,0,3311 4178,0,3312 4177,0,3314 4176,0,3315 4175,0,3316 4174,0,3317 4174,0,3318 4173,0,3319 4172,0,3320 4171,0,3321 4170,0,3322 4170,0,3323 4169,0,3324 4168,0,3325 4167,0,3326 4167,0,3326 4166,0,3327 4165,0,3328 4164,0,3329 4164,0,3330 4163,0,3330 4162,0,3331 4161,0,3332 4161,0,3332 4160,0,3333 4159,0,3334 4158,0,3334 4158,0,3335 4157,0,3336 4156,0,3336 4155,0,3337 4155,0,3337 4154,0,3338 4153,0,3338 4152,0,3339 4152,0,3340 4151,0,3340 4150,0,3341 4150,0,3341 4149,0,3342 4148,0,3342 4147,0,3343 4147,0,3343 4146,0,3344 4145,0,3345 4145,0,3345 4144,0,3346 4143,0,3346 4143,0,3347 4142,0,3347 4141,0,3348 4140,0,3349 4140,0,3349 4139,0,3350 4138,0,3350 4138,0,3351 4137,0,3351 4137,0,3352 4136,0,3353 4135,0,3353 4135,0,3354 4134,0,3355 4133,0,3355 4133,0,3356 4132,0,3357 4132,0,3357 4131,0,3358 4130,0,3359 4130,0,3359 4129,0,3360 4129,0,3361 4128,0,3362 4128,0,3362 4127,0,3363 4126,0,3364 4126,0,3365 4125,0,3366 4125,0,3367 4124,0,3367 4124,0,3368 4123,0,3369 4123,0,3370 4123,0,3371 4122,0,3372 4122,0,3373 4121,0,3374 4121,0,3375 4121,0,3376 4120,0,3377 4120,0,3378 4119,0,3379 4119,0,3380 4119,0,3381 4118,0,3382 4118,0,3383 4118,0,3384 4118,0,3385 4117,0,3386 4117,0,3387 4117,0,3389 4117,0,3390 4116,0,3391 4116,0,3392 4116,0,3393 4116,0,3395 4116,0,3396 4116,0,3397 4116,0,3398 4116,0,3400 4116,0,3401 4115,0,3402 4115,0,3404 4115,0,3405 4115,0,3407 4115,0,3408 4115,0,3409 4116,0,3411 4116,0,3412 4116,0,3414 4116,0,3415 4116,0,3417 4116,0,3418 4116,0,3420 4116,0,3421 4117,0,3423 4117,0,3424 4117,0,3426 4117,0,3428 4118,0,3429 4118,0,3431 4118,0,3432 4119,0,3434 4119,0,3436 4119,0,3437 4120,0,3439 4120,0,3441 4121,0,3443 4121,0,3444 4122,0,3446 4122,0,3448 4122,0,3450 4123,0,3451 4124,0,3453 4124,0,3455 4125,0,3457 4125,0,3459 4126,0,3460 4127,0,3462 4127,0,3464 4128,0,3466 4129,0,3468 4129,0,3470 4130,0,3472 4131,0,3474 4131,0,3476 4132,0,3478 4133,0,3480 4134,0,3482 4135,0,3484 4135,0,3486 4136,0,3488 4137,0,3490 4138,0,3492 4139,0,3494 4140,0,3496 4141,0,3498 4142,0,3500 4143,0,3502 4144,0,3504 4145,0,3506 4146,0,3509 4147,0,3511 4148,0,3513 4149,0,3515 4150,0,3517 4151,0,3519 4152,0,3521 4153,0,3524 4154,0,3526 4155,0,3528 4156,0,3530 4157,0,3533 4158,0,3535 4160,0,3537 4161,0,3539 4162,0,3542 4163,0,3544 4164,0,3546 4165,0,3548 4167,0,3551 4168,0,3553 4169,0,3555 4170,0,3557 4171,0,3560 4173,0,3562 4174,0,3564 4175,0,3567 4176,0,3569 4178,0,3571 4179,0,3574 4180,0,3576 4181,0,3578 4183,0,3581 4184,0,3583 4185,0,3586 4187,0,3588 4188,0,3590 4189,0,3593 4190,0,3595 4192,0,3597 4193,0,3600 4194,0,3602 4196,0,3605 4197,0,3607 4198,0,3609 4199,0,3612 4201,0,3614 4202,0,3617 4203,0,3619 4205,0,3621 4206,0,3624 4207,0,3626 4209,0,3629 4210,0,3631 4211,0,3633 4212,0,3636 4214,0,3638 4215,0,3641 4216,0,3643 4218,0,3645 4219,0,3648 4220,0,3650 4221,0,3652 4223,0,3655 4224,0,3657 4225,0,3660
mouvement 47c7c84e9d1de0910268c837613d11b7 [centre] 3798,0,3243 3798,0,3254 3797,0,3264 3795,0,3275 3794,0,3285 3792,0,3295 3791,0,3306 3789,0,3316 3787,0,3326 3784,0,3336 3782,0,3346 3779,0,3356 3776,0,3366 3773,0,3376 3770,0,3386 3767,0,3396 3763,0,3406 3760,0,3416 3756,0,3426 3752,0,3435 3748,0,3445 3743,0,3454 3739,0,3464 3734,0,3473 3729,0,3482 3724,0,3491 3719,0,3500 3714,0,3509 3709,0,3518 3703,0,3527 3697,0,3536 3691,0,3544 3685,0,3553 3679,0,3561 3673,0,3570 3666,0,3578 3660,0,3586 3653,0,3594 3646,0,3602 3639,0,3609 3632,0,3617 3624,0,3624 3617,0,3632 3609,0,3639 3602,0,3646 3594,0,3653 3586,0,3660 3578,0,3666 3570,0,3673 3561,0,3679 3553,0,3685 3544,0,3691 3536,0,3697 3527,0,3703 3518,0,3709 3509,0,3714 3500,0,3719 3491,0,3724 3482,0,3729 3473,0,3734 3464,0,3739 3454,0,3743 3445,0,3748 3435,0,3752 3426,0,3756 3416,0,3760 3406,0,3763 3396,0,3767 3386,0,3770 3376,0,3773 3366,0,3776 3356,0,3779 3346,0,3782 3336,0,3784 3326,0,3787 3316,0,3789 3306,0,3791 3295,0,3792 3285,0,3794 3275,0,3795 3264,0,3797 3254,0,3798 3243,0,3798
mouvement 47c7c84e9d1de0910268c837613d11b7 [bord gauche] 3399,0,3214 3399,0,3218 3399,0,3221 3398,0,3225 3398,0,3228 3397,0,3232 3397,0,3235 3396,0,3239 3396,0,3242 3395,0,3245 3394,0,3249 3393,0,3252 3392,0,3255 3391,0,3259 3390,0,3262 3389,0,3265 3388,0,3269 3387,0,3272 3385,0,3275 3384,0,3278 3383,0,3282 3381,0,3285 3380,0,3288 3378,0,3291 3376,0,3294 3375,0,3297 3373,0,3300 3371,0,3303 3370,0,3306 3368,0,3309 3366,0,3312 3364,0,3315 3362,0,3318 3360,0,3320 3358,0,3323 3355,0,3326 3353,0,3329 3351,0,3331 3349,0,3334 3346,0,3336 3344,0,3339 3341,0,3341 3339,0,3344 3336,0,3346 3334,0,3349 3331,0,3351 3329,0,3353 3326,0,3355 3323,0,3358 3320,0,3360 3318,0,3362 3315,0,3364 3312,0,3366 3309,0,3368 3306,0,3370 3303,0,3371 3300,0,3373 3297,0,3375 3294,0,3376 3291,0,3378 3288,0,3380 3285,0,3381 3282,0,3383 3278,0,3384 3275,0,3385 3272,0,3387 3269,0,3388 3265,0,3389 3262,0,3390 3259,0,3391 3255,0,3392 3252,0,3393 3249,0,3394 3245,0,3395 3242,0,3396 3239,0,3396 3235,0,3397 3232,0,3397 3228,0,3398 3225,0,3398 3221,0,3399 3218,0,3399 3214,0,3399
mouvement 47c7c84e9d1de0910268c837613d11b7 [bord droit] 4197,0,3272 4196,0,3290 4194,0,3307 4192,0,3324 4190,0,3342 4187,0,3359 4184,0,3376 4181,0,3393 4178,0,3410 4174,0,3427 4170,0,3444 4165,0,3461 4161,0,3477 4156,0,3494 4151,0,3511 4145,0,3527 4139,0,3544 4133,0,3560 4127,0,3576 4120,0,3592 4113,0,3608 4106,0,3624 4098,0,3639 4090,0,3655 4082,0,3670 4074,0,3686 4066,0,3701 4057,0,3716 4048,0,3731 4038,0,3745 4029,0,3760 4019,0,3774 4009,0,3788 3998,0,3802 3988,0,3816 3977,0,3830 3966,0,3843 3955,0,3856 3943,0,3869 3931,0,3882 3919,0,3895 3907,0,3907 3895,0,3919 3882,0,3931 3869,0,3943 3856,0,3955 3843,0,3966 3830,0,3977 3816,0,3988 3802,0,3998 3788,0,4009 3774,0,4019 3760,0,4029 3745,0,4038 3731,0,4048 3716,0,4057 3701,0,4066 3686,0,4074 3670,0,4082 3655,0,4090 3639,0,4098 3624,0,4106 3608,0,4113 3592,0,4120 3576,0,4127 3560,0,4133 3544,0,4139 3527,0,4145 3511,0,4151 3494,0,4156 3477,0,4161 3461,0,4165 3444,0,4170 3427,0,4174 3410,0,4178 3393,0,4181 3376,0,4184 3359,0,4187 3342,0,4190 3324,0,4192 3307,0,4194 3290,0,4196 3272,0,4197
mouvement 401b55e11b401435eb1bdd8dde7caa94 [centre] 2746,0,3592 2744,0,3591 2743,0,3589 2741,0,3587 2739,0,3585 2738,0,3583 2736,0,3581 2734,0,3579 2733,0,3577 2731,0,3575 2729,0,3573 2728,0,3571 2726,0,3569 2724,0,3567 2722,0,3565 2721,0,3563 2719,0,3562 2717,0,3560 2716,0,3558 2714,0,3556 2712,0,3554 2710,0,3552 2709,0,3550 2707,0,3548 2705,0,3546 2703,0,3545 2701,0,3543 2700,0,3541 2698,0,3539 2696,0,3537 2694,0,3535 2692,0,3533 2690,0,3532 2689,0,3530 2687,0,3528 2685,0,3526 2683,0,3524 2681,0,3523 2679,0,3521 2677,0,3519 2675,0,3517 2674,0,3516 2672,0,3514 2670,0,3512 2668,0,3510 2666,0,3509 2664,0,3507 2662,0,3505 2660,0,3504 2658,0,3502 2656,0,3500 2654,0,3499 2652,0,3497 2650,0,3496 2648,0,3494 2646,0,3492 2644,0,3491 2641,0,3489 2639,0,3488 2637,0,3486 2635,0,3485 2633,0,3483 2631,0,3482 2629,0,3480 2627,0,3479 2625,0,3477 2622,0,3476 2620,0,3474 2618,0,3473 2616,0,3471 2614,0,3470 2611,0,3469 2609,0,3467 2607,0,3466 2605,0,3465 2603,0,3463 2600,0,3462 2598,0,3461 2596,0,3459 2594,0,3458 2591,0,3457 2589,0,3456 2587,0,3454 2584,0,3453 2582,0,3452 2580,0,3451 2577,0,3450 2575,0,3449 2573,0,3447 2570,0,3446 2568,0,3445 2566,0,3444 2563,0,3443 2561,0,3442 2559,0,3441 2556,0,3440 2554,0,3439 2551,0,3438 2549,0,3437 2547,0,3436 2544,0,3435 2542,0,3434 2539,0,3433 2537,0,3432 2535,0,3431 2532,0,3431 2530,0,3430 2527,0,3429 2525,0,3428 2522,0,3427 2520,0,3426 2518,0,3426 2515,0,3425 2513,0,3424 2510,0,3423 2508,0,3423 2505,0,3422 2503,0,3421 2500,0,3421 2498,0,3420 2495,0,3419 2493,0,3419 2490,0,3418 2488,0,3417 2485,0,3417 2483,0,3416 2480,0,3416 2478,0,3415 2475,0,3415 2473,0,3414 2470,0,3414 2468,0,3413 2465,0,3413 2463,0,3412 2460,0,3412 2458,0,3411 2455,0,3411 2453,0,3410 2450,0,3410 2448,0,3409 2445,0,3409 2443,0,3409 2440,0,3408 2438,0,3408 2435,0,3407 2433,0,3407 2430,0,3407 2428,0,3406 2425,0,3406 2423,0,3406 2420,0,3406 2418,0,3405 2415,0,3405 2413,0,3405 2410,0,3404 2408,0,3404 2405,0,3404 2403,0,3404 2400,0,3404 2397,0,3403 2395,0,3403 2392,0,3403 2390,0,3403 2387,0,3403 2385,0,3402 2382,0,3402 2380,0,3402 2377,0,3402 2375,0,3402 2372,0,3402 2370,0,3401 2367,0,3401 2365,0,3401 2362,0,3401 2360,0,3401 2357,0,3401 2354,0,3401 2352,0,3401 2349,0,3401 2347,0,3400 2344,0,3400 2342,0,3400 2339,0,3400 2337,0,3400 2334,0,3400 2332,0,3400 2329,0,3400 2327,0,3400 2324,0,3400 2321,0,3400 2319,0,3400 2316,0,3400 2314,0,3400 2311,0,3400 2309,0,3400 2306,0,3400 2304,0,3400 2301,0,3400 2299,0,3400 2296,0,3400 2293,0,3400 2291,0,3400 2288,0,3400 2286,0,3400 2283,0,3400 2281,0,3400 2278,0,3400 2276,0,3400 2273,0,3400 2271,0,3400 2268,0,3400 2265,0,3400 2263,0,3400 2260,0,3400 2258,0,3400 2255,0,3400 2253,0,3400 2250,0,3400 2248,0,3400 2245,0,3400 2242,0,3400 2240,0,3400 2237,0,3400 2235,0,3400 2232,0,3400 2230,0,3400 2227,0,3400 2224,0,3400 2222,0,3400 2219,0,3400 2217,0,3400 2214,0,3400 2212,0,3400 2209,0,3400 2207,0,3400 2204,0,3400 2201,0,3400 2199,0,3400 2196,0,3400 2194,0,3400 2191,0,3400 2189,0,3400 2186,0,3400 2183,0,3400 2181,0,3400 2178,0,3400 2176,0,3400 2173,0,3400 2171,0,3400 2168,0,3400 2165,0,3400 2163,0,3400 2160,0,3400 2158,0,3400 2155,0,3400 2153,0,3400 2150,0,3400
mouvement 401b55e11b401435eb1bdd8dde7caa94 [bord gauche] 3049,0,3331 3046,0,3329 3044,0,3328 3042,0,3326 3039,0,3325 3037,0,3323 3034,0,3321 3032,0,3319 3029,0,3318 3026,0,3316 3024,0,3314 3021,0,3312 3018,0,3310 3015,0,3308 3012,0,3306 3009,0,3304 3006,0,3302 3003,0,3300 3000,0,3297 2997,0,3295 2994,0,3293 2991,0,3291 2988,0,3288 2984,0,3286 2981,0,3284 2978,0,3281 2975,0,3279 2971,0,3277 2968,0,3274 2964,0,3272 2961,0,3269 2957,0,3267 2954,0,3265 2950,0,3262 2946,0,3260 2943,0,3257 2939,0,3255 2935,0,3252 2931,0,3250 2928,0,3247 2924,0,3245 2920,0,3243 2916,0,3240 2912,0,3238 2908,0,3235 2904,0,3233 2900,0,3230 2896,0,3228 2892,0,3226 2888,0,3223 2884,0,3221 2880,0,3219 2876,0,3216 2872,0,3214 2867,0,3212 2863,0,3209 2859,0,3207 2855,0,3205 2850,0,3203 2846,0,3201 2842,0,3198 2837,0,3196 2833,0,3194 2829,0,3192 2824,0,3190 2820,0,3188 2815,0,3186 2811,0,3184 2806,0,3182 2802,0,3180 2798,0,3178 2793,0,3176 2789,0,3175 2784,0,3173 2779,0,3171 2775,0,3169 2770,0,3167 2766,0,3166 2761,0,3164 2757,0,3162 2752,0,3161 2748,0,3159 2743,0,3158 2739,0,3156 2734,0,3155 2729,0,3153 2725,0,3152 2720,0,3151 2716,0,3149 2711,0,3148 2706,0,3147 2702,0,3145 2697,0,3144 2693,0,3143 2688,0,3142 2684,0,3141 2679,0,3140 2674,0,3139 2670,0,3138 2665,0,3137 2661,0,3136 2656,0,3135 2652,0,3134 2647,0,3133 2643,0,3132 2638,0,3132 2634,0,3131 2629,0,3130 2625,0,3129 2620,0,3129 2616,0,3128 2612,0,3128 2607,0,3127 2603,0,3126 2598,0,3126 2594,0,3126 2590,0,3125 2585,0,3125 2581,0,3124 2577,0,3124 2572,0,3124 2568,0,3123 2564,0,3123 2560,0,3123 2555,0,3123 2551,0,3122 2547,0,3122 2543,0,3122 2539,0,3122 2535,0,3122 2530,0,3122 2526,0,3122 2522,0,3122 2518,0,3122 2514,0,3122 2510,0,3122 2506,0,3122 2502,0,3122 2498,0,3122 2494,0,3122 2490,0,3122 2487,0,3123 2483,0,3123 2479,0,3123 2475,0,3123 2471,0,3124 2468,0,3124 2464,0,3124 2460,0,3124 2456,0,3125 2453,0,3125 2449,0,3125 2445,0,3126 2442,0,3126 2438,0,3127 2435,0,3127 2431,0,3128 2427,0,3128 2424,0,3128 2420,0,3129 2417,0,3129 2414,0,3130 2410,0,3130 2407,0,3131 2403,0,3131 2400,0,3132 2397,0,3133 2393,0,3133 2390,0,3134 2387,0,3134 2384,0,3135 2380,0,3136 2377,0,3136 2374,0,3137 2371,0,3137 2368,0,3138 2364,0,3139 2361,0,3139 2358,0,3140 2355,0,3141 2352,0,3141 2349,0,3142 2346,0,3143 2343,0,3143 2340,0,3144 2337,0,3145 2334,0,3146 2331,0,3146 2328,0,3147 2325,0,3148 2322,0,3148 2319,0,3149 2317,0,3150 2314,0,3151 2311,0,3151 2308,0,3152 2305,0,3153 2303,0,3154 2300,0,3154 2297,0,3155 2294,0,3156 2291,0,3157 2289,0,3158 2286,0,3158 2283,0,3159 2281,0,3160 2278,0,3161 2275,0,3161 2273,0,3162 2270,0,3163 2267,0,3164 2265,0,3165 2262,0,3165 2259,0,3166 2257,0,3167 2254,0,3168 2252,0,3168 2249,0,3169 2246,0,3170 2244,0,3171 2241,0,3172 2239,0,3172 2236,0,3173 2234,0,3174 2231,0,3175 2228,0,3176 2226,0,3176 2223,0,3177 2221,0,3178 2218,0,3179 2216,0,3180 2213,0,3180 2211,0,3181 2208,0,3182 2206,0,3183 2203,0,3184 2201,0,3184 2198,0,3185 2196,0,3186 2193,0,3187 2191,0,3187 2188,0,3188 2186,0,3189 2183,0,3190 2181,0,3191 2178,0,3191 2175,0,3192 2173,0,3193 2170,0,3194 2168,0,3195 2165,0,3195 2163,0,3196 2160,0,3197 2158,0,3198 2155,0,3198 2153,0,3199 2150,0,3200
mouvement 401b55e11b401435eb1bdd8dde7caa94 [bord droit] 2444,0,3854 2443,0,3852 2441,0,3849 2441,0,3847 2440,0,3845 2439,0,3842 2438,0,3840 2437,0,3838 2436,0,3836 2436,0,3834 2435,0,3832 2434,0,3830 2434,0,3828 2433,0,3827 2433,0,3825 2432,0,3823 2432,0,3821 2431,0,3820 2431,0,3818 2430,0,3816 2430,0,3815 2430,0,3813 2429,0,3812 2429,0,3810 2429,0,3809 2428,0,3808 2428,0,3806 2428,0,3805 2428,0,3804 2428,0,3802 2428,0,3801 2427,0,3800 2427,0,3799 2427,0,3797 2427,0,3796 2427,0,3795 2427,0,3794 2427,0,3793 2427,0,3792 2427,0,3791 2427,0,3790 2427,0,3789 2427,0,3788 2427,0,3787 2427,0,3786 2427,0,3785 2427,0,3784 2427,0,3783 2427,0,3782 2428,0,3781 2428,0,3780 2428,0,3779 2428,0,3778 2428,0,3777 2428,0,3776 2428,0,3775 2428,0,3774 2428,0,3773 2429,0,3772 2429,0,3772 2429,0,3771 2429,0,3770 2429,0,3769 2429,0,3768 2429,0,3767 2429,0,3766 2429,0,3765 2430,0,3764 2430,0,3764 2430,0,3763 2430,0,3762 2430,0,3761 2430,0,3760 2430,0,3759 2430,0,3758 2430,0,3757 2430,0,3756 2430,0,3756 2430,0,3755 2430,0,3754 2430,0,3753 2430,0,3752 2430,0,3751 2430,0,3750 2430,0,3749 2430,0,3748 2430,0,3747 2430,0,3747 2430,0,3746 2430,0,3745 2430,0,3744 2430,0,3743 2429,0,3742 2429,0,3741 2429,0,3740 2429,0,3739 2429,0,3738 2428,0,3737 2428,0,3736 2428,0,3735 2428,0,3734 2427,0,3733 2427,0,3732 2427,0,3732 2426,0,3731 2426,0,3730 2426,0,3729 2425,0,3728 2425,0,3727 2424,0,3726 2424,0,3725 2424,0,3724 2423,0,3723 2423,0,3722 2422,0,3721 2421,0,3720 2421,0,3719 2420,0,3718 2420,0,3717 2419,0,3716 2418,0,3715 2418,0,3714 2417,0,3713 2416,0,3712 2415,0,3711 2415,0,3710 2414,0,3709 2413,0,3708 2412,0,3707 2411,0,3706 2410,0,3705 2410,0,3704 2409,0,3703 2408,0,3702 2407,0,3701 2406,0,3700 2405,0,3699 2404,0,3698 2402,0,3697 2401,0,3696 2400,0,3695 2399,0,3694 2398,0,3694 2397,0,3693 2396,0,3692 2394,0,3691 2393,0,3690 2392,0,3689 2390,0,3688 2389,0,3687 2388,0,3686 2386,0,3685 2385,0,3684 2384,0,3683 2382,0,3682 2381,0,3681 2379,0,3680 2378,0,3679 2376,0,3679 2374,0,3678 2373,0,3677 2371,0,3676 2370,0,3675 2368,0,3674 2366,0,3673 2365,0,3672 2363,0,3671 2361,0,3671 2359,0,3670 2358,0,3669 2356,0,3668 2354,0,3667 2352,0,3666 2350,0,3665 2348,0,3664 2346,0,3664 2344,0,3663 2343,0,3662 2341,0,3661 2339,0,3660 2337,0,3659 2335,0,3659 2332,0,3658 2330,0,3657 2328,0,3656 2326,0,3655 2324,0,3654 2322,0,3654 2320,0,3653 2318,0,3652 2315,0,3651 2313,0,3650 2311,0,3650 2309,0,3649 2307,0,3648 2304,0,3647 2302,0,3646 2300,0,3646 2297,0,3645 2295,0,3644 2293,0,3643 2290,0,3643 2288,0,3642 2286,0,3641 2283,0,3640 2281,0,3639 2278,0,3639 2276,0,3638 2274,0,3637 2271,0,3636 2269,0,3636 2266,0,3635 2264,0,3634 2261,0,3633 2259,0,3632 2256,0,3632 2254,0,3631 2251,0,3630 2249,0,3629 2246,0,3629 2244,0,3628 2241,0,3627 2238,0,3626 2236,0,3626 2233,0,3625 2231,0,3624 2228,0,3623 2226,0,3623 2223,0,3622 2220,0,3621 2218,0,3620 2215,0,3619 2213,0,3619 2210,0,3618 2207,0,3617 2205,0,3616 2202,0,3616 2199,0,3615 2197,0,3614 2194,0,3613 2192,0,3612 2189,0,3612 2186,0,3611 2184,0,3610 2181,0,3609 2179,0,3609 2176,0,3608 2173,0,3607 2171,0,3606 2168,0,3605 2166,0,3605 2163,0,3604 2160,0,3603 2158,0,3602 2155,0,3602 2153,0,3601 2150,0,3600
mouvement 41275077956795084d45b347a670eba1 [centre] 2746,0,3592 2739,0,3584 2733,0,3576 2726,0,3568 2720,0,3560 2714,0,3552 2708,0,3543 2702,0,3534 2696,0,3526 2691,0,3517 2685,0,3508 2680,0,3499 2675,0,3490 2670,0,3481 2665,0,3471 2660,0,3462 2656,0,3453 2651,0,3443 2647,0,3434 2643,0,3424 2640,0,3414 2636,0,3404 2632,0,3395 2629,0,3385 2626,0,3375 2623,0,3365 2620,0,3355 2618,0,3345 2615,0,3334 2613,0,3324 2611,0,3314 2609,0,3304 2607,0,3294 2606,0,3283 2604,0,3273 2603,0,3262 2602,0,3252 2601,0,3242 2601,0,3231 2600,0,3221 2600,0,3210 2600,0,3200 2600,0,3190 2600,0,3179 2601,0,3169 2601,0,3158 2602,0,3148 2603,0,3138 2604,0,3127 2606,0,3117 2607,0,3106 2609,0,3096 2611,0,3086 2613,0,3076 2615,0,3066 2618,0,3055 2620,0,3045 2623,0,3035 2626,0,3025 2629,0,3015 2632,0,3005 2636,0,2996 2640,0,2986 2643,0,2976 2647,0,2966 2651,0,2957 2656,0,2947 2660,0,2938 2665,0,2929 2670,0,2919 2675,0,2910 2680,0,2901 2685,0,2892 2691,0,2883 2696,0,2874 2702,0,2866 2708,0,2857 2714,0,2848 2720,0,2840 2726,0,2832 2733,0,2824 2739,0,2816 2746,0,2808
mouvement 41275077956795084d45b347a670eba1 [bord gauche] 3049,0,3331 3046,0,3328 3044,0,3325 3042,0,3323 3040,0,3320 3038,0,3317 3036,0,3314 3034,0,3311 3032,0,3309 3030,0,3306 3028,0,3303 3027,0,3300 3025,0,3297 3023,0,3294 3022,0,3290 3020,0,3287 3019,0,3284 3017,0,3281 3016,0,3278 3014,0,3275 3013,0,3271 3012,0,3268 3011,0,3265 3010,0,3262 3009,0,3258 3008,0,3255 3007,0,3252 3006,0,3248 3005,0,3245 3004,0,3241 3004,0,3238 3003,0,3235 3002,0,3231 3002,0,3228 3001,0,3224 3001,0,3221 3001,0,3217 3000,0,3214 3000,0,3210 3000,0,3207 3000,0,3203 3000,0,3200 3000,0,3197 3000,0,3193 3000,0,3190 3000,0,3186 3001,0,3183 3001,0,3179 3001,0,3176 3002,0,3172 3002,0,3169 3003,0,3165 3004,0,3162 3004,0,3159 3005,0,3155 3006,0,3152 3007,0,3148 3008,0,3145 3009,0,3142 3010,0,3138 3011,0,3135 3012,0,3132 3013,0,3129 3014,0,3125 3016,0,3122 3017,0,3119 3019,0,3116 3020,0,3113 3022,0,3110 3023,0,3106 3025,0,3103 3027,0,3100 3028,0,3097 3030,0,3094 3032,0,3091 3034,0,3089 3036,0,3086 3038,0,3083 3040,0,3080 3042,0,3077 3044,0,3075 3046,0,3072 3049,0,3069
mouvement 41275077956795084d45b347a670eba1 [bord droit] 2444,0,3854 2432,0,3841 2421,0,3827 2410,0,3814 2400,0,3800 2390,0,3786 2380,0,3772 2370,0,3757 2360,0,3743 2351,0,3728 2342,0,3713 2333,0,3698 2324,0,3683 2316,0,3668 2308,0,3652 2300,0,3637 2293,0,3621 2286,0,3605 2279,0,3589 2272,0,3573 2266,0,3557 2260,0,3541 2254,0,3524 2249,0,3508 2243,0,3491 2238,0,3475 2234,0,3458 2229,0,3441 2225,0,3424 2222,0,3407 2218,0,3390 2215,0,3373 2212,0,3356 2210,0,3339 2207,0,3321 2205,0,3304 2204,0,3287 2202,0,3270 2201,0,3252 2201,0,3235 2200,0,3217 2200,0,3200 2200,0,3183 2201,0,3165 2201,0,3148 2202,0,3130 2204,0,3113 2205,0,3096 2207,0,3079 2210,0,3061 2212,0,3044 2215,0,3027 2218,0,3010 2222,0,2993 2225,0,2976 2229,0,2959 2234,0,2942 2238,0,2925 2243,0,2909 2249,0,2892 2254,0,2876 2260,0,2859 2266,0,2843 2272,0,2827 2279,0,2811 2286,0,2795 2293,0,2779 2300,0,2763 2308,0,2748 2316,0,2732 2324,0,2717 2333,0,2702 2342,0,2687 2351,0,2672 2360,0,2657 2370,0,2643 2380,0,2628 2390,0,2614 2400,0,2600 2410,0,2586 2421,0,2573 2432,0,2559 2444,0,2546
mouvement 4b517add680eba2b77f4e15e9033e180 [centre] 2808,0,2746 2809,0,2744 2811,0,2743 2813,0,2741 2815,0,2739 2817,0,2738 2819,0,2736 2821,0,2734 2823,0,2733 2825,0,2731 2827,0,2729 2829,0,2728 2831,0,2726 2833,0,2724 2835,0,2722 2837,0,2721 2838,0,2719 2840,0,2717 2842,0,2716 2844,0,2714 2846,0,2712 2848,0,2710 2850,0,2709 2852,0,2707 2854,0,2705 2855,0,2703 2857,0,2701 2859,0,2700 2861,0,2698 2863,0,2696 2865,0,2694 2867,0,2692 2868,0,2690 2870,0,2689 2872,0,2687 2874,0,2685 2876,0,2683 2877,0,2681 2879,0,2679 2881,0,2677 2883,0,2675 2884,0,2674 2886,0,2672 2888,0,2670 2890,0,2668 2891,0,2666 2893,0,2664 2895,0,2662 2896,0,2660 2898,0,2658 2900,0,2656 2901,0,2654 2903,0,2652 2904,0,2650 2906,0,2648 2908,0,2646 2909,0,2644 2911,0,2641 2912,0,2639 2914,0,2637 2915,0,2635 2917,0,2633 2918,0,2631 2920,0,2629 2921,0,2627 2923,0,2625 2924,0,2622 2926,0,2620 2927,0,2618 2929,0,2616 2930,0,2614 2931,0,2611 2933,0,2609 2934,0,2607 2935,0,2605 2937,0,2603 2938,0,2600 2939,0,2598 2941,0,2596 2942,0,2594 2943,0,2591 2944,0,2589 2946,0,2587 2947,0,2584 2948,0,2582 2949,0,2580 2950,0,2577 2951,0,2575 2953,0,2573 2954,0,2570 2955,0,2568 2956,0,2566 2957,0,2563 2958,0,2561 2959,0,2559 2960,0,2556 2961,0,2554 2962,0,2551 2963,0,2549 2964,0,2547 2965,0,2544 2966,0,2542 2967,0,2539 2968,0,2537 2969,0,2535 2969,0,2532 2970,0,2530 2971,0,2527 2972,0,2525 2973,0,2522 2974,0,2520 2974,0,2518 2975,0,2515 2976,0,2513 2977,0,2510 2977,0,2508 2978,0,2505 2979,0,2503 2979,0,2500 2980,0,2498 2981,0,2495 2981,0,2493 2982,0,2490 2983,0,2488 2983,0,2485 2984,0,2483 2984,0,2480 2985,0,2478 2985,0,2475 2986,0,2473 2986,0,2470 2987,0,2468 2987,0,2465 2988,0,2463 2988,0,2460 2989,0,2458 2989,0,2455 2990,0,2453 2990,0,2450 2991,0,2448 2991,0,2445 2991,0,2443 2992,0,2440 2992,0,2438 2993,0,2435 2993,0,2433 2993,0,2430 2994,0,2428 2994,0,2425 2994,0,2423 2994,0,2420 2995,0,2418 2995,0,2415 2995,0,2413 2996,0,2410 2996,0,2408 2996,0,2405 2996,0,2403 2996,0,2400 2997,0,2397 2997,0,2395 2997,0,2392 2997,0,2390 2998,0,2387 2998,0,2385 2998,0,2382 2998,0,2380 2998,0,2377 2998,0,2375 2998,0,2372 2999,0,2370 2999,0,2367 2999,0,2365 2999,0,2362 2999,0,2360 2999,0,2357 2999,0,2354 2999,0,2352 2999,0,2349 3000,0,2347 3000,0,2344 3000,0,2342 3000,0,2339 3000,0,2337 3000,0,2334 3000,0,2332 3000,0,2329 3000,0,2327 3000,0,2324 3000,0,2321 3000,0,2319 3000,0,2316 3000,0,2314 3000,0,2311 3000,0,2309 3000,0,2306 3000,0,2304 3000,0,2301 3000,0,2299 3000,0,2296 3000,0,2293 3000,0,2291 3000,0,2288 3000,0,2286 3000,0,2283 3000,0,2281 3000,0,2278 3000,0,2276 3000,0,2273 3000,0,2271 3000,0,2268 3000,0,2265 3000,0,2263 3000,0,2260 3000,0,2258 3000,0,2255 3000,0,2253 3000,0,2250 3000,0,2248 3000,0,2245 3000,0,2242 3000,0,2240 3000,0,2237 3000,0,2235 3000,0,2232 3000,0,2230 3000,0,2227 3000,0,2224 3000,0,2222 3000,0,2219 3000,0,2217 3000,0,2214 3000,0,2212 3000,0,2209 3000,0,2207 3000,0,2204 3000,0,2201 3000,0,2199 3000,0,2196 3000,0,2194 3000,0,2191 3000,0,2189 3000,0,2186 3000,0,2183 3000,0,2181 3000,0,2178 3000,0,2176 3000,0,2173 3000,0,2171 3000,0,2168 3000,0,2165 3000,0,2163 3000,0,2160 3000,0,2158 3000,0,2155 3000,0,2153 3000,0,2150
mouvement 4b517add680eba2b77f4e15e9033e180 [bord gauche] 3069,0,3049 3071,0,3046 3072,0,3044 3074,0,3042 3075,0,3039 3077,0,3037 3079,0,3034 3081,0,3032 3082,0,3029 3084,0,3026 3086,0,3024 3088,0,3021 3090,0,3018 3092,0,3015 3094,0,3012 3096,0,3009 3098,0,3006 3100,0,3003 3103,0,3000 3105,0,2997 3107,0,2994 3109,0,2991 3112,0,2988 3114,0,2984 3116,0,2981 3119,0,2978 3121,0,2975 3123,0,2971 3126,0,2968 3128,0,2964 3131,0,2961 3133,0,2957 3135,0,2954 3138,0,2950 3140,0,2946 3143,0,2943 3145,0,2939 3148,0,2935 3150,0,2931 3153,0,2928 3155,0,2924 3157,0,2920 3160,0,2916 3162,0,2912 3165,0,2908 3167,0,2904 3170,0,2900 3172,0,2896 3174,0,2892 3177,0,2888 3179,0,2884 3181,0,2880 3184,0,2876 3186,0,2872 3188,0,2867 3190,0,2863 3193,0,2859 3195,0,2855 3197,0,2850 3199,0,2846 3202,0,2842 3204,0,2837 3206,0,2833 3208,0,2829 3210,0,2824 3212,0,2820 3214,0,2815 3216,0,2811 3218,0,2806 3220,0,2802 3222,0,2798 3224,0,2793 3225,0,2789 3227,0,2784 3229,0,2779 3231,0,2775 3233,0,2770 3234,0,2766 3236,0,2761 3238,0,2757 3239,0,2752 3241,0,2748 3242,0,2743 3244,0,2739 3245,0,2734 3247,0,2729 3248,0,2725 3249,0,2720 3251,0,2716 3252,0,2711 3253,0,2706 3255,0,2702 3256,0,2697 3257,0,2693 3258,0,2688 3259,0,2684 3260,0,2679 3261,0,2674 3262,0,2670 3263,0,2665 3264,0,2661 3265,0,2656 3266,0,2652 3267,0,2647 3268,0,2643 3268,0,2638 3269,0,2634 3270,0,2629 3271,0,2625 3271,0,2620 3272,0,2616 3272,0,2612 3273,0,2607 3274,0,2603 3274,0,2598 3274,0,2594 3275,0,2590 3275,0,2585 3276,0,2581 3276,0,2577 3276,0,2572 3277,0,2568 3277,0,2564 3277,0,2560 3277,0,2555 3278,0,2551 3278,0,2547 3278,0,2543 3278,0,2539 3278,0,2535 3278,0,2530 3278,0,2526 3278,0,2522 3278,0,2518 3278,0,2514 3278,0,2510 3278,0,2506 3278,0,2502 3278,0,2498 3278,0,2494 3278,0,2490 3277,0,2487 3277,0,2483 3277,0,2479 3277,0,2475 3276,0,2471 3276,0,2468 3276,0,2464 3276,0,2460 3275,0,2456 3275,0,2453 3275,0,2449 3274,0,2445 3274,0,2442 3273,0,2438 3273,0,2435 3272,0,2431 3272,0,2427 3272,0,2424 3271,0,2420 3271,0,2417 3270,0,2414 3270,0,2410 3269,0,2407 3269,0,2403 3268,0,2400 3267,0,2397 3267,0,2393 3266,0,2390 3266,0,2387 3265,0,2384 3264,0,2380 3264,0,2377 3263,0,2374 3263,0,2371 3262,0,2368 3261,0,2364 3261,0,2361 3260,0,2358 3259,0,2355 3259,0,2352 3258,0,2349 3257,0,2346 3257,0,2343 3256,0,2340 3255,0,2337 3254,0,2334 3254,0,2331 3253,0,2328 3252,0,2325 3252,0,2322 3251,0,2319 3250,0,2317 3249,0,2314 3249,0,2311 3248,0,2308 3247,0,2305 3246,0,2303 3246,0,2300 3245,0,2297 3244,0,2294 3243,0,2291 3242,0,2289 3242,0,2286 3241,0,2283 3240,0,2281 3239,0,2278 3239,0,2275 3238,0,2273 3237,0,2270 3236,0,2267 3235,0,2265 3235,0,2262 3234,0,2259 3233,0,2257 3232,0,2254 3232,0,2252 3231,0,2249 3230,0,2246 3229,0,2244 3228,0,2241 3228,0,2239 3227,0,2236 3226,0,2234 3225,0,2231 3224,0,2228 3224,0,2226 3223,0,2223 3222,0,2221 3221,0,2218 3220,0,2216 3220,0,2213 3219,0,2211 3218,0,2208 3217,0,2206 3216,0,2203 3216,0,2201 3215,0,2198 3214,0,2196 3213,0,2193 3213,0,2191 3212,0,2188 3211,0,2186 3210,0,2183 3209,0,2181 3209,0,2178 3208,0,2175 3207,0,2173 3206,0,2170 3205,0,2168 3205,0,2165 3204,0,2163 3203,0,2160 3202,0,2158 3202,0,2155 3201,0,2153 3200,0,2150
mouvement 4b517add680eba2b77f4e15e9033e180 [bord droit] 2546,0,2444 2548,0,2443 2551,0,2441 2553,0,2441 2555,0,2440 2558,0,2439 2560,0,2438 2562,0,2437 2564,0,2436 2566,0,2436 2568,0,2435 2570,0,2434 2572,0,2434 2573,0,2433 2575,0,2433 2577,0,2432 2579,0,2432 2580,0,2431 2582,0,2431 2584,0,2430 2585,0,2430 2587,0,2430 2588,0,2429 2590,0,2429 2591,0,2429 2592,0,2428 2594,0,2428 2595,0,2428 2596,0,2428 2598,0,2428 2599,0,2428 2600,0,2427 2601,0,2427 2603,0,2427 2604,0,2427 2605,0,2427 2606,0,2427 2607,0,2427 2608,0,2427 2609,0,2427 2610,0,2427 2611,0,2427 2612,0,2427 2613,0,2427 2614,0,2427 2615,0,2427 2616,0,2427 2617,0,2427 2618,0,2427 2619,0,2428 2620,0,2428 2621,0,2428 2622,0,2428 2623,0,2428 2624,0,2428 2625,0,2428 2626,0,2428 2627,0,2428 2628,0,2429 2628,0,2429 2629,0,2429 2630,0,2429 2631,0,2429 2632,0,2429 2633,0,2429 2634,0,2429 2635,0,2429 2636,0,2430 2636,0,2430 2637,0,2430 2638,0,2430 2639,0,2430 2640,0,2430 2641,0,2430 2642,0,2430 2643,0,2430 2644,0,2430 2644,0,2430 2645,0,2430 2646,0,2430 2647,0,2430 2648,0,2430 2649,0,2430 2650,0,2430 2651,0,2430 2652,0,2430 2653,0,2430 2653,0,2430 2654,0,2430 2655,0,2430 2656,0,2430 2657,0,2430 2658,0,2429 2659,0,2429 2660,0,2429 2661,0,2429 2662,0,2429 2663,0,2428 2664,0,2428 2665,0,2428 2666,0,2428 2667,0,2427 2668,0,2427 2668,0,2427 2669,0,2426 2670,0,2426 2671,0,2426 2672,0,2425 2673,0,2425 2674,0,2424 2675,0,2424 2676,0,2424 2677,0,2423 2678,0,2423 2679,0,2422 2680,0,2421 2681,0,2421 2682,0,2420 2683,0,2420 2684,0,2419 2685,0,2418 2686,0,2418 2687,0,2417 2688,0,2416 2689,0,2415 2690,0,2415 2691,0,2414 2692,0,2413 2693,0,2412 2694,0,2411 2695,0,2410 2696,0,2410 2697,0,2409 2698,0,2408 2699,0,2407 2700,0,2406 2701,0,2405 2702,0,2404 2703,0,2402 2704,0,2401 2705,0,2400 2706,0,2399 2706,0,2398 2707,0,2397 2708,0,2396 2709,0,2394 2710,0,2393 2711,0,2392 2712,0,2390 2713,0,2389 2714,0,2388 2715,0,2386 2716,0,2385 2717,0,2384 2718,0,2382 2719,0,2381 2720,0,2379 2721,0,2378 2721,0,2376 2722,0,2374 2723,0,2373 2724,0,2371 2725,0,2370 2726,0,2368 2727,0,2366 2728,0,2365 2729,0,2363 2729,0,2361 2730,0,2359 2731,0,2358 2732,0,2356 2733,0,2354 2734,0,2352 2735,0,2350 2736,0,2348 2736,0,2346 2737,0,2344 2738,0,2343 2739,0,2341 2740,0,2339 2741,0,2337 2741,0,2335 2742,0,2332 2743,0,2330 2744,0,2328 2745,0,2326 2746,0,2324 2746,0,2322 2747,0,2320 2748,0,2318 2749,0,2315 2750,0,2313 2750,0,2311 2751,0,2309 2752,0,2307 2753,0,2304 2754,0,2302 2754,0,2300 2755,0,2297 2756,0,2295 2757,0,2293 2757,0,2290 2758,0,2288 2759,0,2286 2760,0,2283 2761,0,2281 2761,0,2278 2762,0,2276 2763,0,2274 2764,0,2271 2764,0,2269 2765,0,2266 2766,0,2264 2767,0,2261 2768,0,2259 2768,0,2256 2769,0,2254 2770,0,2251 2771,0,2249 2771,0,2246 2772,0,2244 2773,0,2241 2774,0,2238 2774,0,2236 2775,0,2233 2776,0,2231 2777,0,2228 2778,0,2226 2778,0,2223 2779,0,2220 2780,0,2218 2781,0,2215 2781,0,2213 2782,0,2210 2783,0,2207 2784,0,2205 2784,0,2202 2785,0,2199 2786,0,2197 2787,0,2194 2788,0,2192 2788,0,2189 2789,0,2186 2790,0,2184 2791,0,2181 2791,0,2179 2792,0,2176 2793,0,2173 2794,0,2171 2795,0,2168 2795,0,2166 2796,0,2163 2797,0,2160 2798,0,2158 2798,0,2155 2799,0,2153 2800,0,2150
mouvement 47503370c9eef190188a0ab64232d285 [centre] 2808,0,2746 2816,0,2739 2824,0,2733 2832,0,2726 2840,0,2720 2848,0,2714 2857,0,2708 2866,0,2702 2874,0,2696 2883,0,2691 2892,0,2685 2901,0,2680 2910,0,2675 2919,0,2670 2929,0,2665 2938,0,2660 2947,0,2656 2957,0,2651 2966,0,2647 2976,0,2643 2986,0,2640 2996,0,2636 3005,0,2632 3015,0,2629 3025,0,2626 3035,0,2623 3045,0,2620 3055,0,2618 3066,0,2615 3076,0,2613 3086,0,2611 3096,0,2609 3106,0,2607 3117,0,2606 3127,0,2604 3138,0,2603 3148,0,2602 3158,0,2601 3169,0,2601 3179,0,2600 3190,0,2600 3200,0,2600 3210,0,2600 3221,0,2600 3231,0,2601 3242,0,2601 3252,0,2602 3262,0,2603 3273,0,2604 3283,0,2606 3294,0,2607 3304,0,2609 3314,0,2611 3324,0,2613 3334,0,2615 3345,0,2618 3355,0,2620 3365,0,2623 3375,0,2626 3385,0,2629 3395,0,2632 3404,0,2636 3414,0,2640 3424,0,2643 3434,0,2647 3443,0,2651 3453,0,2656 3462,0,2660 3471,0,2665 3481,0,2670 3490,0,2675 3499,0,2680 3508,0,2685 3517,0,2691 3526,0,2696 3534,0,2702 3543,0,2708 3552,0,2714 3560,0,2720 3568,0,2726 3576,0,2733 3584,0,2739 3592,0,2746
mouvement 47503370c9eef190188a0ab64232d285 [bord gauche] 3069,0,3049 3072,0,3046 3075,0,3044 3077,0,3042 3080,0,3040 3083,0,3038 3086,0,3036 3089,0,3034 3091,0,3032 3094,0,3030 3097,0,3028 3100,0,3027 3103,0,3025 3106,0,3023 3110,0,3022 3113,0,3020 3116,0,3019 3119,0,3017 3122,0,3016 3125,0,3014 3129,0,3013 3132,0,3012 3135,0,3011 3138,0,3010 3142,0,3009 3145,0,3008 3148,0,3007 3152,0,3006 3155,0,3005 3159,0,3004 3162,0,3004 3165,0,3003 3169,0,3002 3172,0,3002 3176,0,3001 3179,0,3001 3183,0,3001 3186,0,3000 3190,0,3000 3193,0,3000 3197,0,3000 3200,0,3000 3203,0,3000 3207,0,3000 3210,0,3000 3214,0,3000 3217,0,3001 3221,0,3001 3224,0,3001 3228,0,3002 3231,0,3002 3235,0,3003 3238,0,3004 3241,0,3004 3245,0,3005 3248,0,3006 3252,0,3007 3255,0,3008 3258,0,3009 3262,0,3010 3265,0,3011 3268,0,3012 3271,0,3013 3275,0,3014 3278,0,3016 3281,0,3017 3284,0,3019 3287,0,3020 3290,0,3022 3294,0,3023 3297,0,3025 3300,0,3027 3303,0,3028 3306,0,3030 3309,0,3032 3311,0,3034 3314,0,3036 3317,0,3038 3320,0,3040 3323,0,3042 3325,0,3044 3328,0,3046 3331,0,3049
mouvement 47503370c9eef190188a0ab64232d285 [bord droit] 2546,0,2444 2559,0,2432 2573,0,2421 2586,0,2410 2600,0,2400 2614,0,2390 2628,0,2380 2643,0,2370 2657,0,2360 2672,0,2351 2687,0,2342 2702,0,2333 2717,0,2324 2732,0,2316 2748,0,2308 2763,0,2300 2779,0,2293 2795,0,2286 2811,0,2279 2827,0,2272 2843,0,2266 2859,0,2260 2876,0,2254 2892,0,2249 2909,0,2243 2925,0,2238 2942,0,2234 2959,0,2229 2976,0,2225 2993,0,2222 3010,0,2218 3027,0,2215 3044,0,2212 3061,0,2210 3079,0,2207 3096,0,2205 3113,0,2204 3130,0,2202 3148,0,2201 3165,0,2201 3183,0,2200 3200,0,2200 3217,0,2200 3235,0,2201 3252,0,2201 3270,0,2202 3287,0,2204 3304,0,2205 3321,0,2207 3339,0,2210 3356,0,2212 3373,0,2215 3390,0,2218 3407,0,2222 3424,0,2225 3441,0,2229 3458,0,2234 3475,0,2238 3491,0,2243 3508,0,2249 3524,0,2254 3541,0,2260 3557,0,2266 3573,0,2272 3589,0,2279 3605,0,2286 3621,0,2293 3637,0,2300 3652,0,2308 3668,0,2316 3683,0,2324 3698,0,2333 3713,0,2342 3728,0,2351 3743,0,2360 3757,0,2370 3772,0,2380 3786,0,2390 3800,0,2400 3814,0,2410 3827,0,2421 3841,0,2432 3854,0,2444
zone 40e3e192ec85c0457be62034d55155a4 [47503370c9eef190188a0ab64232d285 x 4f47e1a8140c798681fef66fa633b3b5] 3322,0,2381 ; 641,245,823
zone 415d14c83ddadbaca56eba4406bcf2b8 [401b55e11b401435eb1bdd8dde7caa94 x 4357c472225591a18683e67ea2dd5f92] 2217,0,3200 ; 660,245,494
zone 41ddaaa21dd44070074b0aa5e4581880 [41275077956795084d45b347a670eba1 x 4357c472225591a18683e67ea2dd5f92] 2381,0,3048 ; 823,245,671
zone 44434fa7a74b378cd42ed08c42fe8692 [4439e11d9c47c1d09aad97b8f5dd1cbe x 4a772fed8c8aaeab952d011659612ea7] 3891,0,3891 ; 726,245,726
zone 49b398688f7efc5feae64cccd10773ac [4b517add680eba2b77f4e15e9033e180 x 4f47e1a8140c798681fef66fa633b3b5] 3200,0,2217 ; 494,245,660
zone 4ef00a041311cff1569a33b5a476aa88 [4439e11d9c47c1d09aad97b8f5dd1cbe x 47c7c84e9d1de0910268c837613d11b7] 3537,0,3879 ; 797,245,738
controle 4258e4997d604bdaddd64f90730258ae [Uncontrolled, approche 4ae5e1290d8b815bcb8f509e915fef89, 1 mouvements] 3400,0,2150
controle 43fe03f1814155e96d6d1d49b9f2ffa4 [Uncontrolled, approche 455e4360eac83d9900ad7ea698758890, 1 mouvements] 2150,0,3000
controle 469dd39290081f19c5f45716e14fa988 [Uncontrolled, approche 4c3fbf9d31b3efe44c908138001098b8, 2 mouvements] 2746,0,3592
controle 4b8f1772f907da8ab8daecc656395b8b [Uncontrolled, approche 4feeebdeeefd1a0f872a7e456b3a5287, 1 mouvements] 3801,0,4084
controle 4df5972c8018084b60d1e41cee091db6 [Uncontrolled, approche 432025ce90895a6728955c79e3edfb9e, 2 mouvements] 2808,0,2746
controle 4e578eb71bb93361716c13717c771faa [Uncontrolled, approche 4e67d7a19f6083c020b14cda38733f93, 2 mouvements] 3798,0,3243

instance GlobalObjectId_V1-2-ee081d5cbff641bb9dd499b4f13a8d62-7654237338994223078-764670077 Roundabout_SouthEast (Roundabout)
corridor 4e878e4befb474cfbdc785346bd6f6a4 [centre] 2746,0,-3592 2753,0,-3600 2760,0,-3608 2767,0,-3615 2774,0,-3623 2782,0,-3630 2789,0,-3637 2797,0,-3644 2804,0,-3651 2812,0,-3658 2820,0,-3664 2828,0,-3671 2836,0,-3677 2845,0,-3683 2853,0,-3689 2861,0,-3695 2870,0,-3701 2879,0,-3707 2888,0,-3712 2896,0,-3718 2905,0,-3723 2914,0,-3728 2924,0,-3733 2933,0,-3737 2942,0,-3742 2951,0,-3746 2961,0,-3750 2970,0,-3754 2980,0,-3758 2990,0,-3762 2999,0,-3765 3009,0,-3769 3019,0,-3772 3029,0,-3775 3039,0,-3778 3049,0,-3781 3059,0,-3783 3069,0,-3785 3079,0,-3788 3089,0,-3790 3099,0,-3791 3109,0,-3793 3120,0,-3795 3130,0,-3796 3140,0,-3797 3150,0,-3798 3161,0,-3799 3171,0,-3799 3181,0,-3800 3192,0,-3800 3202,0,-3800 3212,0,-3800 3223,0,-3800 3233,0,-3799 3243,0,-3798
corridor 4e878e4befb474cfbdc785346bd6f6a4 [bord gauche] 3049,0,-3331 3051,0,-3333 3053,0,-3336 3056,0,-3338 3058,0,-3341 3061,0,-3343 3063,0,-3346 3066,0,-3348 3068,0,-3350 3071,0,-3353 3073,0,-3355 3076,0,-3357 3079,0,-3359 3082,0,-3361 3084,0,-3363 3087,0,-3365 3090,0,-3367 3093,0,-3369 3096,0,-3371 3099,0,-3373 3102,0,-3374 3105,0,-3376 3108,0,-3378 3111,0,-3379 3114,0,-3381 3117,0,-3382 3120,0,-3383 3123,0,-3385 3127,0,-3386 3130,0,-3387 3133,0,-3388 3136,0,-3390 3140,0,-3391 3143,0,-3392 3146,0,-3393 3150,0,-3394 3153,0,-3394 3156,0,-3395 3160,0,-3396 3163,0,-3397 3166,0,-3397 3170,0,-3398 3173,0,-3398 3177,0,-3399 3180,0,-3399 3183,0,-3399 3187,0,-3400 3190,0,-3400 3194,0,-3400 3197,0,-3400 3201,0,-3400 3204,0,-3400 3208,0,-3400 3211,0,-3400 3214,0,-3399
corridor 4e878e4befb474cfbdc785346bd6f6a4 [bord droit] 2444,0,-3854 2455,0,-3867 2467,0,-3880 2478,0,-3892 2490,0,-3905 2503,0,-3917 2515,0,-3929 2528,0,-3940 2541,0,-3952 2554,0,-3963 2567,0,-3974 2580,0,-3985 2594,0,-3995 2608,0,-4006 2622,0,-4016 2636,0,-4026 2650,0,-4035 2665,0,-4045 2679,0,-4054 2694,0,-4063 2709,0,-4071 2724,0,-4079 2739,0,-4088 2755,0,-4095 2770,0,-4103 2786,0,-4110 2801,0,-4117 2817,0,-4124 2833,0,-4130 2849,0,-4137 2866,0,-4142 2882,0,-4148 2898,0,-4153 2915,0,-4158 2931,0,-4163 2948,0,-4168 2965,0,-4172 2981,0,-4176 2998,0,-4179 3015,0,-4183 3032,0,-4186 3049,0,-4189 3066,0,-4191 3083,0,-4193 3100,0,-4195 3117,0,-4197 3135,0,-4198 3152,0,-4199 3169,0,-4200 3186,0,-4200 3204,0,-4200 3221,0,-4200 3238,0,-4199 3255,0,-4198 3272,0,-4197
corridor 41d3971913a0bc729dacb328aaa17495 [centre] 3798,0,-3243 3799,0,-3233 3800,0,-3223 3800,0,-3212 3800,0,-3202 3800,0,-3192 3800,0,-3181 3799,0,-3171 3799,0,-3161 3798,0,-3150 3797,0,-3140 3796,0,-3130 3795,0,-3120 3793,0,-3109 3791,0,-3099 3790,0,-3089 3788,0,-3079 3785,0,-3069 3783,0,-3059 3781,0,-3049 3778,0,-3039 3775,0,-3029 3772,0,-3019 3769,0,-3009 3765,0,-2999 3762,0,-2990 3758,0,-2980 3754,0,-2970 3750,0,-2961 3746,0,-2951 3742,0,-2942 3737,0,-2933 3733,0,-2924 3728,0,-2914 3723,0,-2905 3718,0,-2896 3712,0,-2888 3707,0,-2879 3701,0,-2870 3695,0,-2861 3689,0,-2853 3683,0,-2845 3677,0,-2836 3671,0,-2828 3664,0,-2820 3658,0,-2812 3651,0,-2804 3644,0,-2797 3637,0,-2789 3630,0,-2782 3623,0,-2774 3615,0,-2767 3608,0,-2760 3600,0,-2753 3592,0,-2746
corridor 41d3971913a0bc729dacb328aaa17495 [bord gauche] 3399,0,-3214 3400,0,-3211 3400,0,-3208 3400,0,-3204 3400,0,-3201 3400,0,-3197 3400,0,-3194 3400,0,-3190 3400,0,-3187 3399,0,-3183 3399,0,-3180 3399,0,-3177 3398,0,-3173 3398,0,-3170 3397,0,-3166 3397,0,-3163 3396,0,-3160 3395,0,-3156 3394,0,-3153 3394,0,-3150 3393,0,-3146 3392,0,-3143 3391,0,-3140 3390,0,-3136 3388,0,-3133 3387,0,-3130 3386,0,-3127 3385,0,-3123 3383,0,-3120 3382,0,-3117 3381,0,-3114 3379,0,-3111 3378,0,-3108 3376,0,-3105 3374,0,-3102 3373,0,-3099 3371,0,-3096 3369,0,-3093 3367,0,-3090 3365,0,-3087 3363,0,-3084 3361,0,-3082 3359,0,-3079 3357,0,-3076 3355,0,-3073 3353,0,-3071 3350,0,-3068 3348,0,-3066 3346,0,-3063 3343,0,-3061 3341,0,-3058 3338,0,-3056 3336,0,-3053 3333,0,-3051 3331,0,-3049
corridor 41d3971913a0bc729dacb328aaa17495 [bord droit] 4197,0,-3272 4198,0,-3255 4199,0,-3238 4200,0,-3221 4200,0,-3204 4200,0,-3186 4200,0,-3169 4199,0,-3152 4198,0,-3135 4197,0,-3117 4195,0,-3100 4193,0,-3083 4191,0,-3066 4189,0,-3049 4186,0,-3032 4183,0,-3015 4179,0,-2998 4176,0,-2981 4172,0,-2965 4168,0,-2948 4163,0,-2931 4158,0,-2915 4153,0,-2898 4148,0,-2882 4142,0,-2866 4137,0,-2849 4130,0,-2833 4124,0,-2817 4117,0,-2801 4110,0,-2786 4103,0,-2770 4095,0,-2755 4088,0,-2739 4079,0,-2724 4071,0,-2709 4063,0,-2694 4054,0,-2679 4045,0,-2665 4035,0,-2650 4026,0,-2636 4016,0,-2622 4006,0,-2608 3995,0,-2594 3985,0,-2580 3974,0,-2567 3963,0,-2554 3952,0,-2541 3940,0,-2528 3929,0,-2515 3917,0,-2503 3905,0,-2490 3892,0,-2478 3880,0,-2467 3867,0,-2455 3854,0,-2444
corridor 4b5540b59d5cd5141bb4bb279d10fb96 [centre] 2808,0,-2746 2800,0,-2753 2793,0,-2759 2786,0,-2766 2779,0,-2772 2772,0,-2779 2766,0,-2786 2759,0,-2793 2753,0,-2800 2746,0,-2808
corridor 4b5540b59d5cd5141bb4bb279d10fb96 [bord gauche] 3069,0,-3049 3067,0,-3051 3064,0,-3053 3062,0,-3055 3060,0,-3057 3057,0,-3060 3055,0,-3062 3053,0,-3064 3051,0,-3067 3049,0,-3069
corridor 4b5540b59d5cd5141bb4bb279d10fb96 [bord droit] 2546,0,-2444 2534,0,-2454 2522,0,-2465 2510,0,-2476 2499,0,-2487 2487,0,-2499 2476,0,-2510 2465,0,-2522 2454,0,-2534 2444,0,-2546
frontiere 4933ae7e9cbb42b7278015dfd5e3c3b0 [Roundabout] 3117,0,-3117 ; 1167,400,1167
mouvement 4469169721b83714f20e63d9fcfff484 [centre] 3000,0,-2150 3000,0,-2153 3000,0,-2155 3000,0,-2158 3000,0,-2160 3000,0,-2163 3000,0,-2165 3000,0,-2168 3000,0,-2171 3000,0,-2173 3000,0,-2176 3000,0,-2178 3000,0,-2181 3000,0,-2183 3000,0,-2186 3000,0,-2189 3000,0,-2191 3000,0,-2194 3000,0,-2196 3000,0,-2199 3000,0,-2201 3000,0,-2204 3000,0,-2207 3000,0,-2209 3000,0,-2212 3000,0,-2214 3000,0,-2217 3000,0,-2219 3000,0,-2222 3000,0,-2224 3000,0,-2227 3000,0,-2230 3000,0,-2232 3000,0,-2235 3000,0,-2237 3000,0,-2240 3000,0,-2242 3000,0,-2245 3000,0,-2248 3000,0,-2250 3000,0,-2253 3000,0,-2255 3000,0,-2258 3000,0,-2260 3000,0,-2263 3000,0,-2265 3000,0,-2268 3000,0,-2271 3000,0,-2273 3000,0,-2276 3000,0,-2278 3000,0,-2281 3000,0,-2283 3000,0,-2286 3000,0,-2288 3000,0,-2291 3000,0,-2293 3000,0,-2296 3000,0,-2299 3000,0,-2301 3000,0,-2304 3000,0,-2306 3000,0,-2309 3000,0,-2311 3000,0,-2314 3000,0,-2316 3000,0,-2319 3000,0,-2321 3000,0,-2324 3000,0,-2327 3000,0,-2329 3000,0,-2332 3000,0,-2334 3000,0,-2337 3000,0,-2339 3000,0,-2342 3000,0,-2344 3000,0,-2347 2999,0,-2349 2999,0,-2352 2999,0,-2354 2999,0,-2357 2999,0,-2360 2999,0,-2362 2999,0,-2365 2999,0,-2367 2999,0,-2370 2998,0,-2372 2998,0,-2375 2998,0,-2377 2998,0,-2380 2998,0,-2382 2998,0,-2385 2998,0,-2387 2997,0,-2390 2997,0,-2392 2997,0,-2395 2997,0,-2397 2996,0,-2400 2996,0,-2403 2996,0,-2405 2996,0,-2408 2996,0,-2410 2995,0,-2413 2995,0,-2415 2995,0,-2418 2994,0,-2420 2994,0,-2423 2994,0,-2425 2994,0,-2428 2993,0,-2430 2993,0,-2433 2993,0,-2435 2992,0,-2438 2992,0,-2440 2991,0,-2443 2991,0,-2445 2991,0,-2448 2990,0,-2450 2990,0,-2453 2989,0,-2455 2989,0,-2458 2988,0,-2460 2988,0,-2463 2987,0,-2465 2987,0,-2468 2986,0,-2470 2986,0,-2473 2985,0,-2475 2985,0,-2478 2984,0,-2480 2984,0,-2483 2983,0,-2485 2983,0,-2488 2982,0,-2490 2981,0,-2493 2981,0,-2495 2980,0,-2498 2979,0,-2500 2979,0,-2503 2978,0,-2505 2977,0,-2508 2977,0,-2510 2976,0,-2513 2975,0,-2515 2974,0,-2518 2974,0,-2520 2973,0,-2522 2972,0,-2525 2971,0,-2527 2970,0,-2530 2969,0,-2532 2969,0,-2535 2968,0,-2537 2967,0,-2539 2966,0,-2542 2965,0,-2544 2964,0,-2547 2963,0,-2549 2962,0,-2551 2961,0,-2554 2960,0,-2556 2959,0,-2559 2958,0,-2561 2957,0,-2563 2956,0,-2566 2955,0,-2568 2954,0,-2570 2953,0,-2573 2951,0,-2575 2950,0,-2577 2949,0,-2580 2948,0,-2582 2947,0,-2584 2946,0,-2587 2944,0,-2589 2943,0,-2591 2942,0,-2594 2941,0,-2596 2939,0,-2598 2938,0,-2600 2937,0,-2603 2935,0,-2605 2934,0,-2607 2933,0,-2609 2931,0,-2611 2930,0,-2614 2929,0,-2616 2927,0,-2618 2926,0,-2620 2924,0,-2622 2923,0,-2625 2921,0,-2627 2920,0,-2629 2918,0,-2631 2917,0,-2633 2915,0,-2635 2914,0,-2637 2912,0,-2639 2911,0,-2641 2909,0,-2644 2908,0,-2646 2906,0,-2648 2904,0,-2650 2903,0,-2652 2901,0,-2654 2900,0,-2656 2898,0,-2658 2896,0,-2660 2895,0,-2662 2893,0,-2664 2891,0,-2666 2890,0,-2668 2888,0,-2670 2886,0,-2672 2884,0,-2674 2883,0,-2675 2881,0,-2677 2879,0,-2679 2877,0,-2681 2876,0,-2683 2874,0,-2685 2872,0,-2687 2870,0,-2689 2868,0,-2690 2867,0,-2692 2865,0,-2694 2863,0,-2696 2861,0,-2698 2859,0,-2700 2857,0,-2701 2855,0,-2703 2854,0,-2705 2852,0,-2707 2850,0,-2709 2848,0,-2710 2846,0,-2712 2844,0,-2714 2842,0,-2716 2840,0,-2717 2838,0,-2719 2837,0,-2721 2835,0,-2722 2833,0,-2724 2831,0,-2726 2829,0,-2728 2827,0,-2729 2825,0,-2731 2823,0,-2733 2821,0,-2734 2819,0,-2736 2817,0,-2738 2815,0,-2739 2813,0,-2741 2811,0,-2743 2809,0,-2744 2808,0,-2746
mouvement 4469169721b83714f20e63d9fcfff484 [bord gauche] 3200,0,-2150 3201,0,-2153 3202,0,-2155 3202,0,-2158 3203,0,-2160 3204,0,-2163 3205,0,-2165 3205,0,-2168 3206,0,-2170 3207,0,-2173 3208,0,-2175 3209,0,-2178 3209,0,-2181 3210,0,-2183 3211,0,-2186 3212,0,-2188 3213,0,-2191 3213,0,-2193 3214,0,-2196 3215,0,-2198 3216,0,-2201 3216,0,-2203 3217,0,-2206 3218,0,-2208 3219,0,-2211 3220,0,-2213 3220,0,-2216 3221,0,-2218 3222,0,-2221 3223,0,-2223 3224,0,-2226 3224,0,-2228 3225,0,-2231 3226,0,-2234 3227,0,-2236 3228,0,-2239 3228,0,-2241 3229,0,-2244 3230,0,-2246 3231,0,-2249 3232,0,-2252 3232,0,-2254 3233,0,-2257 3234,0,-2259 3235,0,-2262 3235,0,-2265 3236,0,-2267 3237,0,-2270 3238,0,-2273 3239,0,-2275 3239,0,-2278 3240,0,-2281 3241,0,-2283 3242,0,-2286 3242,0,-2289 3243,0,-2291 3244,0,-2294 3245,0,-2297 3246,0,-2300 3246,0,-2303 3247,0,-2305 3248,0,-2308 3249,0,-2311 3249,0,-2314 3250,0,-2317 3251,0,-2319 3252,0,-2322 3252,0,-2325 3253,0,-2328 3254,0,-2331 3254,0,-2334 3255,0,-2337 3256,0,-2340 3257,0,-2343 3257,0,-2346 3258,0,-2349 3259,0,-2352 3259,0,-2355 3260,0,-2358 3261,0,-2361 3261,0,-2364 3262,0,-2368 3263,0,-2371 3263,0,-2374 3264,0,-2377 3264,0,-2380 3265,0,-2384 3266,0,-2387 3266,0,-2390 3267,0,-2393 3267,0,-2397 3268,0,-2400 3269,0,-2403 3269,0,-2407 3270,0,-2410 3270,0,-2414 3271,0,-2417 3271,0,-2420 3272,0,-2424 3272,0,-2427 3272,0,-2431 3273,0,-2435 3273,0,-2438 3274,0,-2442 3274,0,-2445 3275,0,-2449 3275,0,-2453 3275,0,-2456 3276,0,-2460 3276,0,-2464 3276,0,-2468 3276,0,-2471 3277,0,-2475 3277,0,-2479 3277,0,-2483 3277,0,-2487 3278,0,-2490 3278,0,-2494 3278,0,-2498 3278,0,-2502 3278,0,-2506 3278,0,-2510 3278,0,-2514 3278,0,-2518 3278,0,-2522 3278,0,-2526 3278,0,-2530 3278,0,-2535 3278,0,-2539 3278,0,-2543 3278,0,-2547 3278,0,-2551 3277,0,-2555 3277,0,-2560 3277,0,-2564 3277,0,-2568 3276,0,-2572 3276,0,-2577 3276,0,-2581 3275,0,-2585 3275,0,-2590 3274,0,-2594 3274,0,-2598 3274,0,-2603 3273,0,-2607 3272,0,-2612 3272,0,-2616 3271,0,-2620 3271,0,-2625 3270,0,-2629 3269,0,-2634 3268,0,-2638 3268,0,-2643 3267,0,-2647 3266,0,-2652 3265,0,-2656 3264,0,-2661 3263,0,-2665 3262,0,-2670 3261,0,-2674 3260,0,-2679 3259,0,-2684 3258,0,-2688 3257,0,-2693 3256,0,-2697 3255,0,-2702 3253,0,-2706 3252,0,-2711 3251,0,-2716 3249,0,-2720 3248,0,-2725 3247,0,-2729 3245,0,-2734 3244,0,-2739 3242,0,-2743 3241,0,-2748 3239,0,-2752 3238,0,-2757 3236,0,-2761 3234,0,-2766 3233,0,-2770 3231,0,-2775 3229,0,-2779 3227,0,-2784 3225,0,-2789 3224,0,-2793 3222,0,-2798 3220,0,-2802 3218,0,-2806 3216,0,-2811 3214,0,-2815 3212,0,-2820 3210,0,-2824 3208,0,-2829 3206,0,-2833 3204,0,-2837 3202,0,-2842 3199,0,-2846 3197,0,-2850 3195,0,-2855 3193,0,-2859 3191,0,-2863 3188,0,-2867 3186,0,-2872 3184,0,-2876 3181,0,-2880 3179,0,-2884 3177,0,-2888 3174,0,-2892 3172,0,-2896 3170,0,-2900 3167,0,-2904 3165,0,-2908 3162,0,-2912 3160,0,-2916 3157,0,-2920 3155,0,-2924 3153,0,-2928 3150,0,-2931 3148,0,-2935 3145,0,-2939 3143,0,-2943 3140,0,-2946 3138,0,-2950 3135,0,-2954 3133,0,-2957 3131,0,-2961 3128,0,-2964 3126,0,-2968 3123,0,-2971 3121,0,-2975 3119,0,-2978 3116,0,-2981 3114,0,-2984 3112,0,-2988 3109,0,-2991 3107,0,-2994 3105,0,-2997 3103,0,-3000 3100,0,-3003 3098,0,-3006 3096,0,-3009 3094,0,-3012 3092,0,-3015 3090,0,-3018 3088,0,-3021 3086,0,-3024 3084,0,-3026 3082,0,-3029 3081,0,-3032 3079,0,-3034 3077,0,-3037 3075,0,-3039 3074,0,-3042 3072,0,-3044 3071,0,-3046 3069,0,-3049
mouvement 4469169721b83714f20e63d9fcfff484 [bord droit] 2800,0,-2150 2799,0,-2153 2798,0,-2155 2798,0,-2158 2797,0,-2160 2796,0,-2163 2795,0,-2166 2795,0,-2168 2794,0,-2171 2793,0,-2173 2792,0,-2176 2791,0,-2179 2791,0,-2181 2790,0,-2184 2789,0,-2186 2788,0,-2189 2788,0,-2192 2787,0,-2194 2786,0,-2197 2785,0,-2199 2784,0,-2202 2784,0,-2205 2783,0,-2207 2782,0,-2210 2781,0,-2213 2781,0,-2215 2780,0,-2218 2779,0,-2220 2778,0,-2223 2778,0,-2226 2777,0,-2228 2776,0,-2231 2775,0,-2233 2774,0,-2236 2774,0,-2238 2773,0,-2241 2772,0,-2244 2771,0,-2246 2771,0,-2249 2770,0,-2251 2769,0,-2254 2768,0,-2256 2768,0,-2259 2767,0,-2261 2766,0,-2264 2765,0,-2266 2764,0,-2269 2764,0,-2271 2763,0,-2274 2762,0,-2276 2761,0,-2278 2761,0,-2281 2760,0,-2283 2759,0,-2286 2758,0,-2288 2757,0,-2290 2757,0,-2293 2756,0,-2295 2755,0,-2297 2754,0,-2300 2754,0,-2302 2753,0,-2304 2752,0,-2307 2751,0,-2309 2750,0,-2311 2750,0,-2313 2749,0,-2315 2748,0,-2318 2747,0,-2320 2746,0,-2322 2746,0,-2324 2745,0,-2326 2744,0,-2328 2743,0,-2330 2742,0,-2332 2741,0,-2335 2741,0,-2337 2740,0,-2339 2739,0,-2341 2738,0,-2343 2737,0,-2344 2736,0,-2346 2736,0,-2348 2735,0,-2350 2734,0,-2352 2733,0,-2354 2732,0,-2356 2731,0,-2358 2730,0,-2359 2729,0,-2361 2729,0,-2363 2728,0,-2365 2727,0,-2366 2726,0,-2368 2725,0,-2370 2724,0,-2371 2723,0,-2373 2722,0,-2374 2721,0,-2376 2721,0,-2378 2720,0,-2379 2719,0,-2381 2718,0,-2382 2717,0,-2384 2716,0,-2385 2715,0,-2386 2714,0,-2388 2713,0,-2389 2712,0,-2390 2711,0,-2392 2710,0,-2393 2709,0,-2394 2708,0,-2396 2707,0,-2397 2706,0,-2398 2706,0,-2399 2705,0,-2400 2704,0,-2401 2703,0,-2402 2702,0,-2404 2701,0,-2405 2700,0,-2406 2699,0,-2407 2698,0,-2408 2697,0,-2409 2696,0,-2410 2695,0,-2410 2694,0,-2411 2693,0,-2412 2692,0,-2413 2691,0,-2414 2690,0,-2415 2689,0,-2415 2688,0,-2416 2687,0,-2417 2686,0,-2418 2685,0,-2418 2684,0,-2419 2683,0,-2420 2682,0,-2420 2681,0,-2421 2680,0,-2421 2679,0,-2422 2678,0,-2423 2677,0,-2423 2676,0,-2424 2675,0,-2424 2674,0,-2424 2673,0,-2425 2672,0,-2425 2671,0,-2426 2670,0,-2426 2669,0,-2426 2668,0,-2427 2668,0,-2427 2667,0,-2427 2666,0,-2428 2665,0,-2428 2664,0,-2428 2663,0,-2428 2662,0,-2429 2661,0,-2429 2660,0,-2429 2659,0,-2429 2658,0,-2429 2657,0,-2430 2656,0,-2430 2655,0,-2430 2654,0,-2430 2653,0,-2430 2653,0,-2430 2652,0,-2430 2651,0,-2430 2650,0,-2430 2649,0,-2430 2648,0,-2430 2647,0,-2430 2646,0,-2430 2645,0,-2430 2644,0,-2430 2644,0,-2430 2643,0,-2430 2642,0,-2430 2641,0,-2430 2640,0,-2430 2639,0,-2430 2638,0,-2430 2637,0,-2430 2636,0,-2430 2636,0,-2430 2635,0,-2429 2634,0,-2429 2633,0,-2429 2632,0,-2429 2631,0,-2429 2630,0,-2429 2629,0,-2429 2628,0,-2429 2628,0,-2429 2627,0,-2428 2626,0,-2428 2625,0,-2428 2624,0,-2428 2623,0,-2428 2622,0,-2428 2621,0,-2428 2620,0,-2428 2619,0,-2428 2618,0,-2427 2617,0,-2427 2616,0,-2427 2615,0,-2427 2614,0,-2427 2613,0,-2427 2612,0,-2427 2611,0,-2427 2610,0,-2427 2609,0,-2427 2608,0,-2427 2607,0,-2427 2606,0,-2427 2605,0,-2427 2604,0,-2427 2603,0,-2427 2601,0,-2427 2600,0,-2427 2599,0,-2428 2598,0,-2428 2596,0,-2428 2595,0,-2428 2594,0,-2428 2592,0,-2428 2591,0,-2429 2590,0,-2429 2588,0,-2429 2587,0,-2430 2585,0,-2430 2584,0,-2430 2582,0,-2431 2580,0,-2431 2579,0,-2432 2577,0,-2432 2575,0,-2433 2573,0,-2433 2572,0,-2434 2570,0,-2434 2568,0,-2435 2566,0,-2436 2564,0,-2436 2562,0,-2437 2560,0,-2438 2558,0,-2439 2555,0,-2440 2553,0,-2441 2551,0,-2441 2548,0,-2443 2546,0,-2444
mouvement 470e78565e75b89add119d1f7bf3d8b3 [centre] 4084,0,-3801 4082,0,-3799 4080,0,-3797 4078,0,-3796 4077,0,-3794 4075,0,-3792 4073,0,-3790 4071,0,-3788 4069,0,-3787 4068,0,-3785 4066,0,-3783 4064,0,-3781 4062,0,-3779 4060,0,-3777 4058,0,-3776 4057,0,-3774 4055,0,-3772 4053,0,-3770 4051,0,-3768 4049,0,-3767 4047,0,-3765 4046,0,-3763 4044,0,-3761 4042,0,-3759 4040,0,-3758 4038,0,-3756 4037,0,-3754 4035,0,-3752 4033,0,-3750 4031,0,-3748 4029,0,-3747 4027,0,-3745 4026,0,-3743 4024,0,-3741 4022,0,-3739 4020,0,-3738 4018,0,-3736 4017,0,-3734 4015,0,-3732 4013,0,-3730 4011,0,-3729 4009,0,-3727 4007,0,-3725 4006,0,-3723 4004,0,-3721 4002,0,-3720 4000,0,-3718 3998,0,-3716 3997,0,-3714 3995,0,-3712 3993,0,-3711 3991,0,-3709 3989,0,-3707 3988,0,-3705 3986,0,-3703 3984,0,-3702 3982,0,-3700 3980,0,-3698 3979,0,-3696 3977,0,-3694 3975,0,-3693 3973,0,-3691 3971,0,-3689 3970,0,-3687 3968,0,-3685 3966,0,-3684 3964,0,-3682 3963,0,-3680 3961,0,-3678 3959,0,-3676 3957,0,-3674 3956,0,-3673 3954,0,-3671 3952,0,-3669 3950,0,-3667 3949,0,-3665 3947,0,-3663 3945,0,-3662 3943,0,-3660 3942,0,-3658 3940,0,-3656 3938,0,-3654 3936,0,-3652 3935,0,-3650 3933,0,-3648 3931,0,-3647 3930,0,-3645 3928,0,-3643 3926,0,-3641 3924,0,-3639 3923,0,-3637 3921,0,-3635 3919,0,-3633 3918,0,-3631 3916,0,-3630 3915,0,-3628 3913,0,-3626 3911,0,-3624 3910,0,-3622 3908,0,-3620 3906,0,-3618 3905,0,-3616 3903,0,-3614 3902,0,-3612 3900,0,-3610 3898,0,-3608 3897,0,-3606 3895,0,-3604 3894,0,-3602 3892,0,-3600 3890,0,-3598 3889,0,-3596 3887,0,-3594 3886,0,-3592 3884,0,-3590 3883,0,-3588 3881,0,-3586 3880,0,-3584 3878,0,-3582 3877,0,-3580 3875,0,-3578 3874,0,-3575 3873,0,-3573 3871,0,-3571 3870,0,-3569 3868,0,-3567 3867,0,-3565 3865,0,-3563 3864,0,-3561 3863,0,-3558 3861,0,-3556 3860,0,-3554 3859,0,-3552 3857,0,-3550 3856,0,-3548 3855,0,-3545 3853,0,-3543 3852,0,-3541 3851,0,-3539 3849,0,-3537 3848,0,-3534 3847,0,-3532 3846,0,-3530 3845,0,-3528 3843,0,-3525 3842,0,-3523 3841,0,-3521 3840,0,-3518 3839,0,-3516 3838,0,-3514 3836,0,-3511 3835,0,-3509 3834,0,-3507 3833,0,-3505 3832,0,-3502 3831,0,-3500 3830,0,-3497 3829,0,-3495 3828,0,-3493 3827,0,-3490 3826,0,-3488 3825,0,-3486 3824,0,-3483 3823,0,-3481 3822,0,-3478 3821,0,-3476 3820,0,-3473 3819,0,-3471 3818,0,-3469 3818,0,-3466 3817,0,-3464 3816,0,-3461 3815,0,-3459 3814,0,-3456 3814,0,-3454 3813,0,-3451 3812,0,-3449 3811,0,-3446 3811,0,-3444 3810,0,-3441 3809,0,-3439 3809,0,-3436 3808,0,-3434 3807,0,-3431 3807,0,-3429 3806,0,-3426 3806,0,-3424 3805,0,-3421 3804,0,-3419 3804,0,-3416 3803,0,-3414 3803,0,-3411 3802,0,-3408 3802,0,-3406 3801,0,-3403 3801,0,-3401 3801,0,-3398 3800,0,-3396 3800,0,-3393 3799,0,-3390 3799,0,-3388 3799,0,-3385 3798,0,-3383 3798,0,-3380 3798,0,-3378 3797,0,-3375 3797,0,-3372 3797,0,-3370 3797,0,-3367 3796,0,-3365 3796,0,-3362 3796,0,-3359 3796,0,-3357 3796,0,-3354 3796,0,-3352 3795,0,-3349 3795,0,-3346 3795,0,-3344 3795,0,-3341 3795,0,-3339 3795,0,-3336 3795,0,-3334 3795,0,-3331 3795,0,-3328 3795,0,-3326 3795,0,-3323 3795,0,-3321 3795,0,-3318 3795,0,-3315 3795,0,-3313 3795,0,-3310 3795,0,-3308 3795,0,-3305 3795,0,-3303 3795,0,-3300 3795,0,-3297 3795,0,-3295 3795,0,-3292 3796,0,-3290 3796,0,-3287 3796,0,-3284 3796,0,-3282 3796,0,-3279 3796,0,-3277 3796,0,-3274 3796,0,-3272 3797,0,-3269 3797,0,-3267 3797,0,-3264 3797,0,-3261 3797,0,-3259 3798,0,-3256 3798,0,-3254 3798,0,-3251 3798,0,-3249 3798,0,-3246 3798,0,-3243
mouvement 470e78565e75b89add119d1f7bf3d8b3 [bord gauche] 3942,0,-3942 3940,0,-3941 3938,0,-3940 3935,0,-3939 3933,0,-3937 3931,0,-3936 3928,0,-3935 3926,0,-3934 3924,0,-3932 3921,0,-3931 3919,0,-3930 3917,0,-3929 3914,0,-3928 3912,0,-3926 3910,0,-3925 3907,0,-3924 3905,0,-3923 3903,0,-3921 3900,0,-3920 3898,0,-3919 3896,0,-3918 3893,0,-3917 3891,0,-3915 3888,0,-3914 3886,0,-3913 3884,0,-3912 3881,0,-3910 3879,0,-3909 3877,0,-3908 3874,0,-3907 3872,0,-3905 3870,0,-3904 3867,0,-3903 3865,0,-3902 3863,0,-3900 3860,0,-3899 3858,0,-3898 3855,0,-3897 3853,0,-3895 3851,0,-3894 3848,0,-3893 3846,0,-3892 3844,0,-3890 3841,0,-3889 3839,0,-3888 3836,0,-3886 3834,0,-3885 3831,0,-3884 3829,0,-3883 3827,0,-3881 3824,0,-3880 3822,0,-3878 3819,0,-3877 3817,0,-3876 3814,0,-3874 3812,0,-3873 3809,0,-3872 3807,0,-3870 3804,0,-3869 3802,0,-3867 3799,0,-3866 3797,0,-3864 3794,0,-3863 3792,0,-3862 3789,0,-3860 3787,0,-3859 3784,0,-3857 3782,0,-3855 3779,0,-3854 3776,0,-3852 3774,0,-3851 3771,0,-3849 3769,0,-3848 3766,0,-3846 3763,0,-3844 3761,0,-3843 3758,0,-3841 3755,0,-3839 3753,0,-3838 3750,0,-3836 3748,0,-3834 3745,0,-3832 3742,0,-3831 3739,0,-3829 3737,0,-3827 3734,0,-3825 3731,0,-3823 3729,0,-3821 3726,0,-3820 3723,0,-3818 3720,0,-3816 3718,0,-3814 3715,0,-3812 3712,0,-3810 3709,0,-3808 3707,0,-3806 3704,0,-3804 3701,0,-3801 3698,0,-3799 3695,0,-3797 3693,0,-3795 3690,0,-3793 3687,0,-3791 3684,0,-3788 3681,0,-3786 3678,0,-3784 3676,0,-3781 3673,0,-3779 3670,0,-3777 3667,0,-3774 3664,0,-3772 3661,0,-3769 3658,0,-3767 3656,0,-3764 3653,0,-3762 3650,0,-3759 3647,0,-3757 3644,0,-3754 3641,0,-3751 3638,0,-3748 3635,0,-3746 3633,0,-3743 3630,0,-3740 3627,0,-3737 3624,0,-3735 3621,0,-3732 3618,0,-3729 3615,0,-3726 3612,0,-3723 3610,0,-3720 3607,0,-3717 3604,0,-3714 3601,0,-3711 3598,0,-3707 3595,0,-3704 3593,0,-3701 3590,0,-3698 3587,0,-3695 3584,0,-3691 3581,0,-3688 3579,0,-3685 3576,0,-3681 3573,0,-3678 3570,0,-3674 3568,0,-3671 3565,0,-3667 3562,0,-3664 3559,0,-3660 3557,0,-3657 3554,0,-3653 3551,0,-3649 3549,0,-3646 3546,0,-3642 3544,0,-3638 3541,0,-3634 3538,0,-3631 3536,0,-3627 3533,0,-3623 3531,0,-3619 3528,0,-3615 3526,0,-3611 3523,0,-3607 3521,0,-3603 3518,0,-3599 3516,0,-3595 3514,0,-3591 3511,0,-3587 3509,0,-3583 3507,0,-3578 3504,0,-3574 3502,0,-3570 3500,0,-3566 3498,0,-3562 3495,0,-3557 3493,0,-3553 3491,0,-3549 3489,0,-3544 3487,0,-3540 3485,0,-3536 3483,0,-3531 3481,0,-3527 3479,0,-3522 3477,0,-3518 3475,0,-3513 3473,0,-3509 3471,0,-3505 3469,0,-3500 3467,0,-3495 3466,0,-3491 3464,0,-3486 3462,0,-3482 3460,0,-3477 3459,0,-3473 3457,0,-3468 3455,0,-3464 3454,0,-3459 3452,0,-3454 3451,0,-3450 3449,0,-3445 3448,0,-3441 3446,0,-3436 3445,0,-3432 3444,0,-3427 3442,0,-3422 3441,0,-3418 3440,0,-3413 3438,0,-3409 3437,0,-3404 3436,0,-3399 3435,0,-3395 3434,0,-3390 3432,0,-3386 3431,0,-3381 3430,0,-3377 3429,0,-3372 3428,0,-3368 3427,0,-3363 3426,0,-3359 3425,0,-3355 3424,0,-3350 3423,0,-3346 3422,0,-3341 3422,0,-3337 3421,0,-3333 3420,0,-3329 3419,0,-3324 3418,0,-3320 3418,0,-3316 3417,0,-3312 3416,0,-3308 3415,0,-3304 3415,0,-3300 3414,0,-3296 3413,0,-3292 3413,0,-3288 3412,0,-3284 3411,0,-3280 3411,0,-3276 3410,0,-3272 3409,0,-3269 3409,0,-3265 3408,0,-3261 3408,0,-3258 3407,0,-3254 3406,0,-3251 3406,0,-3248 3405,0,-3244 3405,0,-3241 3404,0,-3238 3404,0,-3235 3403,0,-3232 3402,0,-3228 3402,0,-3226 3401,0,-3223 3401,0,-3220 3400,0,-3217 3399,0,-3214
mouvement 470e78565e75b89add119d1f7bf3d8b3 [bord droit] 4225,0,-3660 4224,0,-3657 4223,0,-3655 4221,0,-3652 4220,0,-3650 4219,0,-3648 4218,0,-3645 4216,0,-3643 4215,0,-3641 4214,0,-3638 4212,0,-3636 4211,0,-3633 4210,0,-3631 4209,0,-3629 4207,0,-3626 4206,0,-3624 4205,0,-3621 4203,0,-3619 4202,0,-3617 4201,0,-3614 4199,0,-3612 4198,0,-3609 4197,0,-3607 4196,0,-3605 4194,0,-3602 4193,0,-3600 4192,0,-3597 4190,0,-3595 4189,0,-3593 4188,0,-3590 4187,0,-3588 4185,0,-3586 4184,0,-3583 4183,0,-3581 4181,0,-3578 4180,0,-3576 4179,0,-3574 4178,0,-3571 4176,0,-3569 4175,0,-3567 4174,0,-3564 4173,0,-3562 4171,0,-3560 4170,0,-3557 4169,0,-3555 4168,0,-3553 4167,0,-3551 4165,0,-3548 4164,0,-3546 4163,0,-3544 4162,0,-3542 4161,0,-3539 4160,0,-3537 4158,0,-3535 4157,0,-3533 4156,0,-3530 4155,0,-3528 4154,0,-3526 4153,0,-3524 4152,0,-3521 4151,0,-3519 4150,0,-3517 4149,0,-3515 4148,0,-3513 4147,0,-3511 4146,0,-3509 4145,0,-3506 4144,0,-3504 4143,0,-3502 4142,0,-3500 4141,0,-3498 4140,0,-3496 4139,0,-3494 4138,0,-3492 4137,0,-3490 4136,0,-3488 4135,0,-3486 4135,0,-3484 4134,0,-3482 4133,0,-3480 4132,0,-3478 4131,0,-3476 4131,0,-3474 4130,0,-3472 4129,0,-3470 4129,0,-3468 4128,0,-3466 4127,0,-3464 4127,0,-3462 4126,0,-3460 4125,0,-3459 4125,0,-3457 4124,0,-3455 4124,0,-3453 4123,0,-3451 4122,0,-3450 4122,0,-3448 4122,0,-3446 4121,0,-3444 4121,0,-3443 4120,0,-3441 4120,0,-3439 4119,0,-3437 4119,0,-3436 4119,0,-3434 4118,0,-3432 4118,0,-3431 4118,0,-3429 4117,0,-3428 4117,0,-3426 4117,0,-3424 4117,0,-3423 4116,0,-3421 4116,0,-3420 4116,0,-3418 4116,0,-3417 4116,0,-3415 4116,0,-3414 4116,0,-3412 4116,0,-3411 4115,0,-3409 4115,0,-3408 4115,0,-3407 4115,0,-3405 4115,0,-3404 4115,0,-3402 4116,0,-3401 4116,0,-3400 4116,0,-3398 4116,0,-3397 4116,0,-3396 4116,0,-3395 4116,0,-3393 4116,0,-3392 4116,0,-3391 4117,0,-3390 4117,0,-3389 4117,0,-3387 4117,0,-3386 4118,0,-3385 4118,0,-3384 4118,0,-3383 4118,0,-3382 4119,0,-3381 4119,0,-3380 4119,0,-3379 4120,0,-3378 4120,0,-3377 4121,0,-3376 4121,0,-3375 4121,0,-3374 4122,0,-3373 4122,0,-3372 4123,0,-3371 4123,0,-3370 4123,0,-3369 4124,0,-3368 4124,0,-3367 4125,0,-3367 4125,0,-3366 4126,0,-3365 4126,0,-3364 4127,0,-3363 4128,0,-3362 4128,0,-3362 4129,0,-3361 4129,0,-3360 4130,0,-3359 4130,0,-3359 4131,0,-3358 4132,0,-3357 4132,0,-3357 4133,0,-3356 4133,0,-3355 4134,0,-3355 4135,0,-3354 4135,0,-3353 4136,0,-3353 4137,0,-3352 4137,0,-3351 4138,0,-3351 4138,0,-3350 4139,0,-3350 4140,0,-3349 4140,0,-3349 4141,0,-3348 4142,0,-3347 4143,0,-3347 4143,0,-3346 4144,0,-3346 4145,0,-3345 4145,0,-3345 4146,0,-3344 4147,0,-3343 4147,0,-3343 4148,0,-3342 4149,0,-3342 4150,0,-3341 4150,0,-3341 4151,0,-3340 4152,0,-3340 4152,0,-3339 4153,0,-3338 4154,0,-3338 4155,0,-3337 4155,0,-3337 4156,0,-3336 4157,0,-3336 4158,0,-3335 4158,0,-3334 4159,0,-3334 4160,0,-3333 4161,0,-3332 4161,0,-3332 4162,0,-3331 4163,0,-3330 4164,0,-3330 4164,0,-3329 4165,0,-3328 4166,0,-3327 4167,0,-3326 4167,0,-3326 4168,0,-3325 4169,0,-3324 4170,0,-3323 4170,0,-3322 4171,0,-3321 4172,0,-3320 4173,0,-3319 4174,0,-3318 4174,0,-3317 4175,0,-3316 4176,0,-3315 4177,0,-3314 4178,0,-3312 4179,0,-3311 4179,0,-3310 4180,0,-3308 4181,0,-3307 4182,0,-3305 4183,0,-3304 4184,0,-3302 4184,0,-3301 4185,0,-3299 4186,0,-3298 4187,0,-3296 4188,0,-3294 4189,0,-3292 4190,0,-3290 4191,0,-3288 4192,0,-3286 4193,0,-3284 4194,0,-3282 4195,0,-3280 4195,0,-3277 4196,0,-3275 4197,0,-3272
mouvement 4a5a12c19e62b4f853f928a3d4fb4c96 [centre] 2150,0,-3400 2153,0,-3400 2155,0,-3400 2158,0,-3400 2160,0,-3400 2163,0,-3400 2165,0,-3400 2168,0,-3400 2171,0,-3400 2173,0,-3400 2176,0,-3400 2178,0,-3400 2181,0,-3400 2183,0,-3400 2186,0,-3400 2189,0,-3400 2191,0,-3400 2194,0,-3400 2196,0,-3400 2199,0,-3400 2201,0,-3400 2204,0,-3400 2207,0,-3400 2209,0,-3400 2212,0,-3400 2214,0,-3400 2217,0,-3400 2219,0,-3400 2222,0,-3400 2224,0,-3400 2227,0,-3400 2230,0,-3400 2232,0,-3400 2235,0,-3400 2237,0,-3400 2240,0,-3400 2242,0,-3400 2245,0,-3400 2248,0,-3400 2250,0,-3400 2253,0,-3400 2255,0,-3400 2258,0,-3400 2260,0,-3400 2263,0,-3400 2265,0,-3400 2268,0,-3400 2271,0,-3400 2273,0,-3400 2276,0,-3400 2278,0,-3400 2281,0,-3400 2283,0,-3400 2286,0,-3400 2288,0,-3400 2291,0,-3400 2293,0,-3400 2296,0,-3400 2299,0,-3400 2301,0,-3400 2304,0,-3400 2306,0,-3400 2309,0,-3400 2311,0,-3400 2314,0,-3400 2316,0,-3400 2319,0,-3400 2321,0,-3400 2324,0,-3400 2327,0,-3400 2329,0,-3400 2332,0,-3400 2334,0,-3400 2337,0,-3400 2339,0,-3400 2342,0,-3400 2344,0,-3400 2347,0,-3400 2349,0,-3401 2352,0,-3401 2354,0,-3401 2357,0,-3401 2360,0,-3401 2362,0,-3401 2365,0,-3401 2367,0,-3401 2370,0,-3401 2372,0,-3402 2375,0,-3402 2377,0,-3402 2380,0,-3402 2382,0,-3402 2385,0,-3402 2387,0,-3402 2390,0,-3403 2392,0,-3403 2395,0,-3403 2397,0,-3403 2400,0,-3404 2403,0,-3404 2405,0,-3404 2408,0,-3404 2410,0,-3404 2413,0,-3405 2415,0,-3405 2418,0,-3405 2420,0,-3406 2423,0,-3406 2425,0,-3406 2428,0,-3406 2430,0,-3407 2433,0,-3407 2435,0,-3407 2438,0,-3408 2440,0,-3408 2443,0,-3409 2445,0,-3409 2448,0,-3409 2450,0,-3410 2453,0,-3410 2455,0,-3411 2458,0,-3411 2460,0,-3412 2463,0,-3412 2465,0,-3413 2468,0,-3413 2470,0,-3414 2473,0,-3414 2475,0,-3415 2478,0,-3415 2480,0,-3416 2483,0,-3416 2485,0,-3417 2488,0,-3417 2490,0,-3418 2493,0,-3419 2495,0,-3419 2498,0,-3420 2500,0,-3421 2503,0,-3421 2505,0,-3422 2508,0,-3423 2510,0,-3423 2513,0,-3424 2515,0,-3425 2518,0,-3426 2520,0,-3426 2522,0,-3427 2525,0,-3428 2527,0,-3429 2530,0,-3430 2532,0,-3431 2535,0,-3431 2537,0,-3432 2539,0,-3433 2542,0,-3434 2544,0,-3435 2547,0,-3436 2549,0,-3437 2551,0,-3438 2554,0,-3439 2556,0,-3440 2559,0,-3441 2561,0,-3442 2563,0,-3443 2566,0,-3444 2568,0,-3445 2570,0,-3446 2573,0,-3447 2575,0,-3449 2577,0,-3450 2580,0,-3451 2582,0,-3452 2584,0,-3453 2587,0,-3454 2589,0,-3456 2591,0,-3457 2594,0,-3458 2596,0,-3459 2598,0,-3461 2600,0,-3462 2603,0,-3463 2605,0,-3465 2607,0,-3466 2609,0,-3467 2611,0,-3469 2614,0,-3470 2616,0,-3471 2618,0,-3473 2620,0,-3474 2622,0,-3476 2625,0,-3477 2627,0,-3479 2629,0,-3480 2631,0,-3482 2633,0,-3483 2635,0,-3485 2637,0,-3486 2639,0,-3488 2641,0,-3489 2644,0,-3491 2646,0,-3492 2648,0,-3494 2650,0,-3496 2652,0,-3497 2654,0,-3499 2656,0,-3500 2658,0,-3502 2660,0,-3504 2662,0,-3505 2664,0,-3507 2666,0,-3509 2668,0,-3510 2670,0,-3512 2672,0,-3514 2674,0,-3516 2675,0,-3517 2677,0,-3519 2679,0,-3521 2681,0,-3523 2683,0,-3524 2685,0,-3526 2687,0,-3528 2689,0,-3530 2690,0,-3532 2692,0,-3533 2694,0,-3535 2696,0,-3537 2698,0,-3539 2700,0,-3541 2701,0,-3543 2703,0,-3545 2705,0,-3546 2707,0,-3548 2709,0,-3550 2710,0,-3552 2712,0,-3554 2714,0,-3556 2716,0,-3558 2717,0,-3560 2719,0,-3562 2721,0,-3563 2722,0,-3565 2724,0,-3567 2726,0,-3569 2728,0,-3571 2729,0,-3573 2731,0,-3575 2733,0,-3577 2734,0,-3579 2736,0,-3581 2738,0,-3583 2739,0,-3585 2741,0,-3587 2743,0,-3589 2744,0,-3591 2746,0,-3592
mouvement 4a5a12c19e62b4f853f928a3d4fb4c96 [bord gauche] 2150,0,-3200 2153,0,-3199 2155,0,-3198 2158,0,-3198 2160,0,-3197 2163,0,-3196 2165,0,-3195 2168,0,-3195 2170,0,-3194 2173,0,-3193 2175,0,-3192 2178,0,-3191 2181,0,-3191 2183,0,-3190 2186,0,-3189 2188,0,-3188 2191,0,-3187 2193,0,-3187 2196,0,-3186 2198,0,-3185 2201,0,-3184 2203,0,-3184 2206,0,-3183 2208,0,-3182 2211,0,-3181 2213,0,-3180 2216,0,-3180 2218,0,-3179 2221,0,-3178 2223,0,-3177 2226,0,-3176 2228,0,-3176 2231,0,-3175 2234,0,-3174 2236,0,-3173 2239,0,-3172 2241,0,-3172 2244,0,-3171 2246,0,-3170 2249,0,-3169 2252,0,-3168 2254,0,-3168 2257,0,-3167 2259,0,-3166 2262,0,-3165 2265,0,-3165 2267,0,-3164 2270,0,-3163 2273,0,-3162 2275,0,-3161 2278,0,-3161 2281,0,-3160 2283,0,-3159 2286,0,-3158 2289,0,-3158 2291,0,-3157 2294,0,-3156 2297,0,-3155 2300,0,-3154 2303,0,-3154 2305,0,-3153 2308,0,-3152 2311,0,-3151 2314,0,-3151 2317,0,-3150 2319,0,-3149 2322,0,-3148 2325,0,-3148 2328,0,-3147 2331,0,-3146 2334,0,-3146 2337,0,-3145 2340,0,-3144 2343,0,-3143 2346,0,-3143 2349,0,-3142 2352,0,-3141 2355,0,-3141 2358,0,-3140 2361,0,-3139 2364,0,-3139 2368,0,-3138 2371,0,-3137 2374,0,-3137 2377,0,-3136 2380,0,-3136 2384,0,-3135 2387,0,-3134 2390,0,-3134 2393,0,-3133 2397,0,-3133 2400,0,-3132 2403,0,-3131 2407,0,-3131 2410,0,-3130 2414,0,-3130 2417,0,-3129 2420,0,-3129 2424,0,-3128 2427,0,-3128 2431,0,-3128 2435,0,-3127 2438,0,-3127 2442,0,-3126 2445,0,-3126 2449,0,-3125 2453,0,-3125 2456,0,-3125 2460,0,-3124 2464,0,-3124 2468,0,-3124 2471,0,-3124 2475,0,-3123 2479,0,-3123 2483,0,-3123 2487,0,-3123 2490,0,-3122 2494,0,-3122 2498,0,-3122 2502,0,-3122 2506,0,-3122 2510,0,-3122 2514,0,-3122 2518,0,-3122 2522,0,-3122 2526,0,-3122 2530,0,-3122 2535,0,-3122 2539,0,-3122 2543,0,-3122 2547,0,-3122 2551,0,-3122 2555,0,-3123 2560,0,-3123 2564,0,-3123 2568,0,-3123 2572,0,-3124 2577,0,-3124 2581,0,-3124 2585,0,-3125 2590,0,-3125 2594,0,-3126 2598,0,-3126 2603,0,-3126 2607,0,-3127 2612,0,-3128 2616,0,-3128 2620,0,-3129 2625,0,-3129 2629,0,-3130 2634,0,-3131 2638,0,-3132 2643,0,-3132 2647,0,-3133 2652,0,-3134 2656,0,-3135 2661,0,-3136 2665,0,-3137 2670,0,-3138 2674,0,-3139 2679,0,-3140 2684,0,-3141 2688,0,-3142 2693,0,-3143 2697,0,-3144 2702,0,-3145 2706,0,-3147 2711,0,-3148 2716,0,-3149 2720,0,-3151 2725,0,-3152 2729,0,-3153 2734,0,-3155 2739,0,-3156 2743,0,-3158 2748,0,-3159 2752,0,-3161 2757,0,-3162 2761,0,-3164 2766,0,-3166 2770,0,-3167 2775,0,-3169 2779,0,-3171 2784,0,-3173 2789,0,-3174 2793,0,-3176 2798,0,-3178 2802,0,-3180 2806,0,-3182 2811,0,-3184 2815,0,-3186 2820,0,-3188 2824,0,-3190 2829,0,-3192 2833,0,-3194 2837,0,-3196 2842,0,-3198 2846,0,-3201 2850,0,-3203 2855,0,-3205 2859,0,-3207 2863,0,-3209 2867,0,-3212 2872,0,-3214 2876,0,-3216 2880,0,-3219 2884,0,-3221 2888,0,-3223 2892,0,-3226 2896,0,-3228 2900,0,-3230 2904,0,-3233 2908,0,-3235 2912,0,-3238 2916,0,-3240 2920,0,-3243 2924,0,-3245 2928,0,-3247 2931,0,-3250 2935,0,-3252 2939,0,-3255 2943,0,-3257 2946,0,-3260 2950,0,-3262 2954,0,-3265 2957,0,-3267 2961,0,-3269 2964,0,-3272 2968,0,-3274 2971,0,-3277 2975,0,-3279 2978,0,-3281 2981,0,-3284 2984,0,-3286 2988,0,-3288 2991,0,-3291 2994,0,-3293 2997,0,-3295 3000,0,-3297 3003,0,-3300 3006,0,-3302 3009,0,-3304 3012,0,-3306 3015,0,-3308 3018,0,-3310 3021,0,-3312 3024,0,-3314 3026,0,-3316 3029,0,-3318 3032,0,-3319 3034,0,-3321 3037,0,-3323 3039,0,-3325 3042,0,-3326 3044,0,-3328 3046,0,-3329 3049,0,-3331
mouvement 4a5a12c19e62b4f853f928a3d4fb4c96 [bord droit] 2150,0,-3600 2153,0,-3601 2155,0,-3602 2158,0,-3602 2160,0,-3603 2163,0,-3604 2166,0,-3605 2168,0,-3605 2171,0,-3606 2173,0,-3607 2176,0,-3608 2179,0,-3609 2181,0,-3609 2184,0,-3610 2186,0,-3611 2189,0,-3612 2192,0,-3612 2194,0,-3613 2197,0,-3614 2199,0,-3615 2202,0,-3616 2205,0,-3616 2207,0,-3617 2210,0,-3618 2213,0,-3619 2215,0,-3619 2218,0,-3620 2220,0,-3621 2223,0,-3622 2226,0,-3623 2228,0,-3623 2231,0,-3624 2233,0,-3625 2236,0,-3626 2238,0,-3626 2241,0,-3627 2244,0,-3628 2246,0,-3629 2249,0,-3629 2251,0,-3630 2254,0,-3631 2256,0,-3632 2259,0,-3632 2261,0,-3633 2264,0,-3634 2266,0,-3635 2269,0,-3636 2271,0,-3636 2274,0,-3637 2276,0,-3638 2278,0,-3639 2281,0,-3639 2283,0,-3640 2286,0,-3641 2288,0,-3642 2290,0,-3643 2293,0,-3643 2295,0,-3644 2297,0,-3645 2300,0,-3646 2302,0,-3646 2304,0,-3647 2307,0,-3648 2309,0,-3649 2311,0,-3650 2313,0,-3650 2315,0,-3651 2318,0,-3652 2320,0,-3653 2322,0,-3654 2324,0,-3654 2326,0,-3655 2328,0,-3656 2330,0,-3657 2332,0,-3658 2335,0,-3659 2337,0,-3659 2339,0,-3660 2341,0,-3661 2343,0,-3662 2344,0,-3663 2346,0,-3664 2348,0,-3664 2350,0,-3665 2352,0,-3666 2354,0,-3667 2356,0,-3668 2358,0,-3669 2359,0,-3670 2361,0,-3671 2363,0,-3671 2365,0,-3672 2366,0,-3673 2368,0,-3674 2370,0,-3675 2371,0,-3676 2373,0,-3677 2374,0,-3678 2376,0,-3679 2378,0,-3679 2379,0,-3680 2381,0,-3681 2382,0,-3682 2384,0,-3683 2385,0,-3684 2386,0,-3685 2388,0,-3686 2389,0,-3687 2390,0,-3688 2392,0,-3689 2393,0,-3690 2394,0,-3691 2396,0,-3692 2397,0,-3693 2398,0,-3694 2399,0,-3694 2400,0,-3695 2401,0,-3696 2402,0,-3697 2404,0,-3698 2405,0,-3699 2406,0,-3700 2407,0,-3701 2408,0,-3702 2409,0,-3703 2410,0,-3704 2410,0,-3705 2411,0,-3706 2412,0,-3707 2413,0,-3708 2414,0,-3709 2415,0,-3710 2415,0,-3711 2416,0,-3712 2417,0,-3713 2418,0,-3714 2418,0,-3715 2419,0,-3716 2420,0,-3717 2420,0,-3718 2421,0,-3719 2421,0,-3720 2422,0,-3721 2423,0,-3722 2423,0,-3723 2424,0,-3724 2424,0,-3725 2424,0,-3726 2425,0,-3727 2425,0,-3728 2426,0,-3729 2426,0,-3730 2426,0,-3731 2427,0,-3732 2427,0,-3732 2427,0,-3733 2428,0,-3734 2428,0,-3735 2428,0,-3736 2428,0,-3737 2429,0,-3738 2429,0,-3739 2429,0,-3740 2429,0,-3741 2429,0,-3742 2430,0,-3743 2430,0,-3744 2430,0,-3745 2430,0,-3746 2430,0,-3747 2430,0,-3747 2430,0,-3748 2430,0,-3749 2430,0,-3750 2430,0,-3751 2430,0,-3752 2430,0,-3753 2430,0,-3754 2430,0,-3755 2430,0,-3756 2430,0,-3756 2430,0,-3757 2430,0,-3758 2430,0,-3759 2430,0,-3760 2430,0,-3761 2430,0,-3762 2430,0,-3763 2430,0,-3764 2430,0,-3764 2429,0,-3765 2429,0,-3766 2429,0,-3767 2429,0,-3768 2429,0,-3769 2429,0,-3770 2429,0,-3771 2429,0,-3772 2429,0,-3772 2428,0,-3773 2428,0,-3774 2428,0,-3775 2428,0,-3776 2428,0,-3777 2428,0,-3778 2428,0,-3779 2428,0,-3780 2428,0,-3781 2427,0,-3782 2427,0,-3783 2427,0,-3784 2427,0,-3785 2427,0,-3786 2427,0,-3787 2427,0,-3788 2427,0,-3789 2427,0,-3790 2427,0,-3791 2427,0,-3792 2427,0,-3793 2427,0,-3794 2427,0,-3795 2427,0,-3796 2427,0,-3797 2427,0,-3799 2427,0,-3800 2428,0,-3801 2428,0,-3802 2428,0,-3804 2428,0,-3805 2428,0,-3806 2428,0,-3808 2429,0,-3809 2429,0,-3810 2429,0,-3812 2430,0,-3813 2430,0,-3815 2430,0,-3816 2431,0,-3818 2431,0,-3820 2432,0,-3821 2432,0,-3823 2433,0,-3825 2433,0,-3827 2434,0,-3828 2434,0,-3830 2435,0,-3832 2436,0,-3834 2436,0,-3836 2437,0,-3838 2438,0,-3840 2439,0,-3842 2440,0,-3845 2441,0,-3847 2441,0,-3849 2443,0,-3852 2444,0,-3854
mouvement 4edce9aa0d470704d0479247d72ff2be [centre] 3243,0,-3798 3246,0,-3798 3249,0,-3798 3251,0,-3798 3254,0,-3798 3256,0,-3798 3259,0,-3797 3261,0,-3797 3264,0,-3797 3267,0,-3797 3269,0,-3797 3272,0,-3796 3274,0,-3796 3277,0,-3796 3279,0,-3796 3282,0,-3796 3284,0,-3796 3287,0,-3796 3290,0,-3796 3292,0,-3795 3295,0,-3795 3297,0,-3795 3300,0,-3795 3303,0,-3795 3305,0,-3795 3308,0,-3795 3310,0,-3795 3313,0,-3795 3315,0,-3795 3318,0,-3795 3321,0,-3795 3323,0,-3795 3326,0,-3795 3328,0,-3795 3331,0,-3795 3334,0,-3795 3336,0,-3795 3339,0,-3795 3341,0,-3795 3344,0,-3795 3346,0,-3795 3349,0,-3795 3352,0,-3796 3354,0,-3796 3357,0,-3796 3359,0,-3796 3362,0,-3796 3365,0,-3796 3367,0,-3797 3370,0,-3797 3372,0,-3797 3375,0,-3797 3378,0,-3798 3380,0,-3798 3383,0,-3798 3385,0,-3799 3388,0,-3799 3390,0,-3799 3393,0,-3800 3396,0,-3800 3398,0,-3801 3401,0,-3801 3403,0,-3801 3406,0,-3802 3408,0,-3802 3411,0,-3803 3414,0,-3803 3416,0,-3804 3419,0,-3804 3421,0,-3805 3424,0,-3806 3426,0,-3806 3429,0,-3807 3431,0,-3807 3434,0,-3808 3436,0,-3809 3439,0,-3809 3441,0,-3810 3444,0,-3811 3446,0,-3811 3449,0,-3812 3451,0,-3813 3454,0,-3814 3456,0,-3814 3459,0,-3815 3461,0,-3816 3464,0,-3817 3466,0,-3818 3469,0,-3818 3471,0,-3819 3473,0,-3820 3476,0,-3821 3478,0,-3822 3481,0,-3823 3483,0,-3824 3486,0,-3825 3488,0,-3826 3490,0,-3827 3493,0,-3828 3495,0,-3829 3497,0,-3830 3500,0,-3831 3502,0,-3832 3505,0,-3833 3507,0,-3834 3509,0,-3835 3511,0,-3836 3514,0,-3838 3516,0,-3839 3518,0,-3840 3521,0,-3841 3523,0,-3842 3525,0,-3843 3528,0,-3845 3530,0,-3846 3532,0,-3847 3534,0,-3848 3537,0,-3849 3539,0,-3851 3541,0,-3852 3543,0,-3853 3545,0,-3855 3548,0,-3856 3550,0,-3857 3552,0,-3859 3554,0,-3860 3556,0,-3861 3558,0,-3863 3561,0,-3864 3563,0,-3865 3565,0,-3867 3567,0,-3868 3569,0,-3870 3571,0,-3871 3573,0,-3873 3575,0,-3874 3578,0,-3875 3580,0,-3877 3582,0,-3878 3584,0,-3880 3586,0,-3881 3588,0,-3883 3590,0,-3884 3592,0,-3886 3594,0,-3887 3596,0,-3889 3598,0,-3890 3600,0,-3892 3602,0,-3894 3604,0,-3895 3606,0,-3897 3608,0,-3898 3610,0,-3900 3612,0,-3902 3614,0,-3903 3616,0,-3905 3618,0,-3906 3620,0,-3908 3622,0,-3910 3624,0,-3911 3626,0,-3913 3628,0,-3915 3630,0,-3916 3631,0,-3918 3633,0,-3919 3635,0,-3921 3637,0,-3923 3639,0,-3924 3641,0,-3926 3643,0,-3928 3645,0,-3930 3647,0,-3931 3648,0,-3933 3650,0,-3935 3652,0,-3936 3654,0,-3938 3656,0,-3940 3658,0,-3942 3660,0,-3943 3662,0,-3945 3663,0,-3947 3665,0,-3949 3667,0,-3950 3669,0,-3952 3671,0,-3954 3673,0,-3956 3674,0,-3957 3676,0,-3959 3678,0,-3961 3680,0,-3963 3682,0,-3964 3684,0,-3966 3685,0,-3968 3687,0,-3970 3689,0,-3971 3691,0,-3973 3693,0,-3975 3694,0,-3977 3696,0,-3979 3698,0,-3980 3700,0,-3982 3702,0,-3984 3703,0,-3986 3705,0,-3988 3707,0,-3989 3709,0,-3991 3711,0,-3993 3712,0,-3995 3714,0,-3997 3716,0,-3998 3718,0,-4000 3720,0,-4002 3721,0,-4004 3723,0,-4006 3725,0,-4007 3727,0,-4009 3729,0,-4011 3730,0,-4013 3732,0,-4015 3734,0,-4017 3736,0,-4018 3738,0,-4020 3739,0,-4022 3741,0,-4024 3743,0,-4026 3745,0,-4027 3747,0,-4029 3748,0,-4031 3750,0,-4033 3752,0,-4035 3754,0,-4037 3756,0,-4038 3758,0,-4040 3759,0,-4042 3761,0,-4044 3763,0,-4046 3765,0,-4047 3767,0,-4049 3768,0,-4051 3770,0,-4053 3772,0,-4055 3774,0,-4057 3776,0,-4058 3777,0,-4060 3779,0,-4062 3781,0,-4064 3783,0,-4066 3785,0,-4068 3787,0,-4069 3788,0,-4071 3790,0,-4073 3792,0,-4075 3794,0,-4077 3796,0,-4078 3797,0,-4080 3799,0,-4082 3801,0,-4084
mouvement 4edce9aa0d470704d0479247d72ff2be [bord gauche] 3214,0,-3399 3217,0,-3400 3220,0,-3401 3223,0,-3401 3226,0,-3402 3228,0,-3402 3232,0,-3403 3235,0,-3404 3238,0,-3404 3241,0,-3405 3244,0,-3405 3248,0,-3406 3251,0,-3406 3254,0,-3407 3258,0,-3408 3261,0,-3408 3265,0,-3409 3269,0,-3409 3272,0,-3410 3276,0,-3411 3280,0,-3411 3284,0,-3412 3288,0,-3413 3292,0,-3413 3296,0,-3414 3300,0,-3415 3304,0,-3415 3308,0,-3416 3312,0,-3417 3316,0,-3418 3320,0,-3418 3324,0,-3419 3329,0,-3420 3333,0,-3421 3337,0,-3422 3341,0,-3422 3346,0,-3423 3350,0,-3424 3355,0,-3425 3359,0,-3426 3363,0,-3427 3368,0,-3428 3372,0,-3429 3377,0,-3430 3381,0,-3431 3386,0,-3432 3390,0,-3434 3395,0,-3435 3399,0,-3436 3404,0,-3437 3409,0,-3438 3413,0,-3440 3418,0,-3441 3422,0,-3442 3427,0,-3444 3432,0,-3445 3436,0,-3446 3441,0,-3448 3445,0,-3449 3450,0,-3451 3454,0,-3452 3459,0,-3454 3464,0,-3455 3468,0,-3457 3473,0,-3459 3477,0,-3460 3482,0,-3462 3486,0,-3464 3491,0,-3466 3495,0,-3467 3500,0,-3469 3505,0,-3471 3509,0,-3473 3513,0,-3475 3518,0,-3477 3522,0,-3479 3527,0,-3481 3531,0,-3483 3536,0,-3485 3540,0,-3487 3544,0,-3489 3549,0,-3491 3553,0,-3493 3557,0,-3495 3562,0,-3498 3566,0,-3500 3570,0,-3502 3574,0,-3504 3578,0,-3507 3583,0,-3509 3587,0,-3511 3591,0,-3514 3595,0,-3516 3599,0,-3518 3603,0,-3521 3607,0,-3523 3611,0,-3526 3615,0,-3528 3619,0,-3531 3623,0,-3533 3627,0,-3536 3631,0,-3538 3634,0,-3541 3638,0,-3544 3642,0,-3546 3646,0,-3549 3649,0,-3551 3653,0,-3554 3657,0,-3557 3660,0,-3559 3664,0,-3562 3667,0,-3565 3671,0,-3568 3674,0,-3570 3678,0,-3573 3681,0,-3576 3685,0,-3579 3688,0,-3581 3691,0,-3584 3695,0,-3587 3698,0,-3590 3701,0,-3593 3704,0,-3595 3707,0,-3598 3711,0,-3601 3714,0,-3604 3717,0,-3607 3720,0,-3610 3723,0,-3612 3726,0,-3615 3729,0,-3618 3732,0,-3621 3735,0,-3624 3737,0,-3627 3740,0,-3630 3743,0,-3633 3746,0,-3635 3748,0,-3638 3751,0,-3641 3754,0,-3644 3757,0,-3647 3759,0,-3650 3762,0,-3653 3764,0,-3656 3767,0,-3658 3769,0,-3661 3772,0,-3664 3774,0,-3667 3777,0,-3670 3779,0,-3673 3781,0,-3676 3784,0,-3678 3786,0,-3681 3788,0,-3684 3791,0,-3687 3793,0,-3690 3795,0,-3693 3797,0,-3695 3799,0,-3698 3801,0,-3701 3804,0,-3704 3806,0,-3707 3808,0,-3709 3810,0,-3712 3812,0,-3715 3814,0,-3718 3816,0,-3720 3818,0,-3723 3820,0,-3726 3821,0,-3729 3823,0,-3731 3825,0,-3734 3827,0,-3737 3829,0,-3739 3831,0,-3742 3832,0,-3745 3834,0,-3748 3836,0,-3750 3838,0,-3753 3839,0,-3755 3841,0,-3758 3843,0,-3761 3844,0,-3763 3846,0,-3766 3848,0,-3769 3849,0,-3771 3851,0,-3774 3852,0,-3776 3854,0,-3779 3855,0,-3782 3857,0,-3784 3859,0,-3787 3860,0,-3789 3862,0,-3792 3863,0,-3794 3864,0,-3797 3866,0,-3799 3867,0,-3802 3869,0,-3804 3870,0,-3807 3872,0,-3809 3873,0,-3812 3874,0,-3814 3876,0,-3817 3877,0,-3819 3878,0,-3822 3880,0,-3824 3881,0,-3827 3883,0,-3829 3884,0,-3831 3885,0,-3834 3886,0,-3836 3888,0,-3839 3889,0,-3841 3890,0,-3844 3892,0,-3846 3893,0,-3848 3894,0,-3851 3895,0,-3853 3897,0,-3855 3898,0,-3858 3899,0,-3860 3900,0,-3863 3902,0,-3865 3903,0,-3867 3904,0,-3870 3905,0,-3872 3907,0,-3874 3908,0,-3877 3909,0,-3879 3910,0,-3881 3912,0,-3884 3913,0,-3886 3914,0,-3888 3915,0,-3891 3917,0,-3893 3918,0,-3896 3919,0,-3898 3920,0,-3900 3921,0,-3903 3923,0,-3905 3924,0,-3907 3925,0,-3910 3926,0,-3912 3928,0,-3914 3929,0,-3917 3930,0,-3919 3931,0,-3921 3932,0,-3924 3934,0,-3926 3935,0,-3928 3936,0,-3931 3937,0,-3933 3939,0,-3935 3940,0,-3938 3941,0,-3940 3942,0,-3942
mouvement 4edce9aa0d470704d0479247d72ff2be [bord droit] 3272,0,-4197 3275,0,-4196 3277,0,-4195 3280,0,-4195 3282,0,-4194 3284,0,-4193 3286,0,-4192 3288,0,-4191 3290,0,-4190 3292,0,-4189 3294,0,-4188 3296,0,-4187 3298,0,-4186 3299,0,-4185 3301,0,-4184 3302,0,-4184 3304,0,-4183 3305,0,-4182 3307,0,-4181 3308,0,-4180 3310,0,-4179 3311,0,-4179 3312,0,-4178 3314,0,-4177 3315,0,-4176 3316,0,-4175 3317,0,-4174 3318,0,-4174 3319,0,-4173 3320,0,-4172 3321,0,-4171 3322,0,-4170 3323,0,-4170 3324,0,-4169 3325,0,-4168 3326,0,-4167 3326,0,-4167 3327,0,-4166 3328,0,-4165 3329,0,-4164 3330,0,-4164 3330,0,-4163 3331,0,-4162 3332,0,-4161 3332,0,-4161 3333,0,-4160 3334,0,-4159 3334,0,-4158 3335,0,-4158 3336,0,-4157 3336,0,-4156 3337,0,-4155 3337,0,-4155 3338,0,-4154 3338,0,-4153 3339,0,-4152 3340,0,-4152 3340,0,-4151 3341,0,-4150 3341,0,-4150 3342,0,-4149 3342,0,-4148 3343,0,-4147 3343,0,-4147 3344,0,-4146 3345,0,-4145 3345,0,-4145 3346,0,-4144 3346,0,-4143 3347,0,-4143 3347,0,-4142 3348,0,-4141 3349,0,-4140 3349,0,-4140 3350,0,-4139 3350,0,-4138 3351,0,-4138 3351,0,-4137 3352,0,-4137 3353,0,-4136 3353,0,-4135 3354,0,-4135 3355,0,-4134 3355,0,-4133 3356,0,-4133 3357,0,-4132 3357,0,-4132 3358,0,-4131 3359,0,-4130 3359,0,-4130 3360,0,-4129 3361,0,-4129 3362,0,-4128 3362,0,-4128 3363,0,-4127 3364,0,-4126 3365,0,-4126 3366,0,-4125 3367,0,-4125 3367,0,-4124 3368,0,-4124 3369,0,-4123 3370,0,-4123 3371,0,-4123 3372,0,-4122 3373,0,-4122 3374,0,-4121 3375,0,-4121 3376,0,-4121 3377,0,-4120 3378,0,-4120 3379,0,-4119 3380,0,-4119 3381,0,-4119 3382,0,-4118 3383,0,-4118 3384,0,-4118 3385,0,-4118 3386,0,-4117 3387,0,-4117 3389,0,-4117 3390,0,-4117 3391,0,-4116 3392,0,-4116 3393,0,-4116 3395,0,-4116 3396,0,-4116 3397,0,-4116 3398,0,-4116 3400,0,-4116 3401,0,-4116 3402,0,-4115 3404,0,-4115 3405,0,-4115 3407,0,-4115 3408,0,-4115 3409,0,-4115 3411,0,-4116 3412,0,-4116 3414,0,-4116 3415,0,-4116 3417,0,-4116 3418,0,-4116 3420,0,-4116 3421,0,-4116 3423,0,-4117 3424,0,-4117 3426,0,-4117 3428,0,-4117 3429,0,-4118 3431,0,-4118 3432,0,-4118 3434,0,-4119 3436,0,-4119 3437,0,-4119 3439,0,-4120 3441,0,-4120 3443,0,-4121 3444,0,-4121 3446,0,-4121 3448,0,-4122 3450,0,-4122 3451,0,-4123 3453,0,-4124 3455,0,-4124 3457,0,-4125 3459,0,-4125 3460,0,-4126 3462,0,-4127 3464,0,-4127 3466,0,-4128 3468,0,-4129 3470,0,-4129 3472,0,-4130 3474,0,-4131 3476,0,-4131 3478,0,-4132 3480,0,-4133 3482,0,-4134 3484,0,-4135 3486,0,-4135 3488,0,-4136 3490,0,-4137 3492,0,-4138 3494,0,-4139 3496,0,-4140 3498,0,-4141 3500,0,-4142 3502,0,-4143 3504,0,-4144 3506,0,-4145 3509,0,-4146 3511,0,-4147 3513,0,-4148 3515,0,-4149 3517,0,-4150 3519,0,-4151 3521,0,-4152 3524,0,-4153 3526,0,-4154 3528,0,-4155 3530,0,-4156 3533,0,-4157 3535,0,-4158 3537,0,-4160 3539,0,-4161 3542,0,-4162 3544,0,-4163 3546,0,-4164 3548,0,-4165 3551,0,-4167 3553,0,-4168 3555,0,-4169 3557,0,-4170 3560,0,-4171 3562,0,-4173 3564,0,-4174 3567,0,-4175 3569,0,-4176 3571,0,-4178 3574,0,-4179 3576,0,-4180 3578,0,-4181 3581,0,-4183 3583,0,-4184 3586,0,-4185 3588,0,-4187 3590,0,-4188 3593,0,-4189 3595,0,-4190 3597,0,-4192 3600,0,-4193 3602,0,-4194 3605,0,-4196 3607,0,-4197 3609,0,-4198 3612,0,-4199 3614,0,-4201 3617,0,-4202 3619,0,-4203 3621,0,-4205 3624,0,-4206 3626,0,-4207 3629,0,-4209 3631,0,-4210 3633,0,-4211 3636,0,-4212 3638,0,-4214 3641,0,-4215 3643,0,-4216 3645,0,-4218 3648,0,-4219 3650,0,-4220 3652,0,-4221 3655,0,-4223 3657,0,-4224 3660,0,-4225
mouvement 4dfcc1af030746a1a7e376f814e03a81 [centre] 3243,0,-3798 3254,0,-3798 3264,0,-3797 3275,0,-3795 3285,0,-3794 3295,0,-3792 3306,0,-3791 3316,0,-3789 3326,0,-3787 3336,0,-3784 3346,0,-3782 3356,0,-3779 3366,0,-3776 3376,0,-3773 3386,0,-3770 3396,0,-3767 3406,0,-3763 3416,0,-3760 3426,0,-3756 3435,0,-3752 3445,0,-3748 3454,0,-3743 3464,0,-3739 3473,0,-3734 3482,0,-3729 3491,0,-3724 3500,0,-3719 3509,0,-3714 3518,0,-3709 3527,0,-3703 3536,0,-3697 3544,0,-3691 3553,0,-3685 3561,0,-3679 3570,0,-3673 3578,0,-3666 3586,0,-3660 3594,0,-3653 3602,0,-3646 3609,0,-3639 3617,0,-3632 3624,0,-3624 3632,0,-3617 3639,0,-3609 3646,0,-3602 3653,0,-3594 3660,0,-3586 3666,0,-3578 3673,0,-3570 3679,0,-3561 3685,0,-3553 3691,0,-3544 3697,0,-3536 3703,0,-3527 3709,0,-3518 3714,0,-3509 3719,0,-3500 3724,0,-3491 3729,0,-3482 3734,0,-3473 3739,0,-3464 3743,0,-3454 3748,0,-3445 3752,0,-3435 3756,0,-3426 3760,0,-3416 3763,0,-3406 3767,0,-3396 3770,0,-3386 3773,0,-3376 3776,0,-3366 3779,0,-3356 3782,0,-3346 3784,0,-3336 3787,0,-3326 3789,0,-3316 3791,0,-3306 3792,0,-3295 3794,0,-3285 3795,0,-3275 3797,0,-3264 3798,0,-3254 3798,0,-3243
mouvement 4dfcc1af030746a1a7e376f814e03a81 [bord gauche] 3214,0,-3399 3218,0,-3399 3221,0,-3399 3225,0,-3398 3228,0,-3398 3232,0,-3397 3235,0,-3397 3239,0,-3396 3242,0,-3396 3245,0,-3395 3249,0,-3394 3252,0,-3393 3255,0,-3392 3259,0,-3391 3262,0,-3390 3265,0,-3389 3269,0,-3388 3272,0,-3387 3275,0,-3385 3278,0,-3384 3282,0,-3383 3285,0,-3381 3288,0,-3380 3291,0,-3378 3294,0,-3376 3297,0,-3375 3300,0,-3373 3303,0,-3371 3306,0,-3370 3309,0,-3368 3312,0,-3366 3315,0,-3364 3318,0,-3362 3320,0,-3360 3323,0,-3358 3326,0,-3355 3329,0,-3353 3331,0,-3351 3334,0,-3349 3336,0,-3346 3339,0,-3344 3341,0,-3341 3344,0,-3339 3346,0,-3336 3349,0,-3334 3351,0,-3331 3353,0,-3329 3355,0,-3326 3358,0,-3323 3360,0,-3320 3362,0,-3318 3364,0,-3315 3366,0,-3312 3368,0,-3309 3370,0,-3306 3371,0,-3303 3373,0,-3300 3375,0,-3297 3376,0,-3294 3378,0,-3291 3380,0,-3288 3381,0,-3285 3383,0,-3282 3384,0,-3278 3385,0,-3275 3387,0,-3272 3388,0,-3269 3389,0,-3265 3390,0,-3262 3391,0,-3259 3392,0,-3255 3393,0,-3252 3394,0,-3249 3395,0,-3245 3396,0,-3242 3396,0,-3239 3397,0,-3235 3397,0,-3232 3398,0,-3228 3398,0,-3225 3399,0,-3221 3399,0,-3218 3399,0,-3214
mouvement 4dfcc1af030746a1a7e376f814e03a81 [bord droit] 3272,0,-4197 3290,0,-4196 3307,0,-4194 3324,0,-4192 3342,0,-4190 3359,0,-4187 3376,0,-4184 3393,0,-4181 3410,0,-4178 3427,0,-4174 3444,0,-4170 3461,0,-4165 3477,0,-4161 3494,0,-4156 3511,0,-4151 3527,0,-4145 3544,0,-4139 3560,0,-4133 3576,0,-4127 3592,0,-4120 3608,0,-4113 3624,0,-4106 3639,0,-4098 3655,0,-4090 3670,0,-4082 3686,0,-4074 3701,0,-4066 3716,0,-4057 3731,0,-4048 3745,0,-4038 3760,0,-4029 3774,0,-4019 3788,0,-4009 3802,0,-3998 3816,0,-3988 3830,0,-3977 3843,0,-3966 3856,0,-3955 3869,0,-3943 3882,0,-3931 3895,0,-3919 3907,0,-3907 3919,0,-3895 3931,0,-3882 3943,0,-3869 3955,0,-3856 3966,0,-3843 3977,0,-3830 3988,0,-3816 3998,0,-3802 4009,0,-3788 4019,0,-3774 4029,0,-3760 4038,0,-3745 4048,0,-3731 4057,0,-3716 4066,0,-3701 4074,0,-3686 4082,0,-3670 4090,0,-3655 4098,0,-3639 4106,0,-3624 4113,0,-3608 4120,0,-3592 4127,0,-3576 4133,0,-3560 4139,0,-3544 4145,0,-3527 4151,0,-3511 4156,0,-3494 4161,0,-3477 4165,0,-3461 4170,0,-3444 4174,0,-3427 4178,0,-3410 4181,0,-3393 4184,0,-3376 4187,0,-3359 4190,0,-3342 4192,0,-3324 4194,0,-3307 4196,0,-3290 4197,0,-3272
mouvement 453f130c460dc35e052c30714bec6c8e [centre] 3592,0,-2746 3591,0,-2744 3589,0,-2743 3587,0,-2741 3585,0,-2739 3583,0,-2738 3581,0,-2736 3579,0,-2734 3577,0,-2733 3575,0,-2731 3573,0,-2729 3571,0,-2728 3569,0,-2726 3567,0,-2724 3565,0,-2722 3563,0,-2721 3562,0,-2719 3560,0,-2717 3558,0,-2716 3556,0,-2714 3554,0,-2712 3552,0,-2710 3550,0,-2709 3548,0,-2707 3546,0,-2705 3545,0,-2703 3543,0,-2701 3541,0,-2700 3539,0,-2698 3537,0,-2696 3535,0,-2694 3533,0,-2692 3532,0,-2690 3530,0,-2689 3528,0,-2687 3526,0,-2685 3524,0,-2683 3523,0,-2681 3521,0,-2679 3519,0,-2677 3517,0,-2675 3516,0,-2674 3514,0,-2672 3512,0,-2670 3510,0,-2668 3509,0,-2666 3507,0,-2664 3505,0,-2662 3504,0,-2660 3502,0,-2658 3500,0,-2656 3499,0,-2654 3497,0,-2652 3496,0,-2650 3494,0,-2648 3492,0,-2646 3491,0,-2644 3489,0,-2641 3488,0,-2639 3486,0,-2637 3485,0,-2635 3483,0,-2633 3482,0,-2631 3480,0,-2629 3479,0,-2627 3477,0,-2625 3476,0,-2622 3474,0,-2620 3473,0,-2618 3471,0,-2616 3470,0,-2614 3469,0,-2611 3467,0,-2609 3466,0,-2607 3465,0,-2605 3463,0,-2603 3462,0,-2600 3461,0,-2598 3459,0,-2596 3458,0,-2594 3457,0,-2591 3456,0,-2589 3454,0,-2587 3453,0,-2584 3452,0,-2582 3451,0,-2580 3450,0,-2577 3449,0,-2575 3447,0,-2573 3446,0,-2570 3445,0,-2568 3444,0,-2566 3443,0,-2563 3442,0,-2561 3441,0,-2559 3440,0,-2556 3439,0,-2554 3438,0,-2551 3437,0,-2549 3436,0,-2547 3435,0,-2544 3434,0,-2542 3433,0,-2539 3432,0,-2537 3431,0,-2535 3431,0,-2532 3430,0,-2530 3429,0,-2527 3428,0,-2525 3427,0,-2522 3426,0,-2520 3426,0,-2518 3425,0,-2515 3424,0,-2513 3423,0,-2510 3423,0,-2508 3422,0,-2505 3421,0,-2503 3421,0,-2500 3420,0,-2498 3419,0,-2495 3419,0,-2493 3418,0,-2490 3417,0,-2488 3417,0,-2485 3416,0,-2483 3416,0,-2480 3415,0,-2478 3415,0,-2475 3414,0,-2473 3414,0,-2470 3413,0,-2468 3413,0,-2465 3412,0,-2463 3412,0,-2460 3411,0,-2458 3411,0,-2455 3410,0,-2453 3410,0,-2450 3409,0,-2448 3409,0,-2445 3409,0,-2443 3408,0,-2440 3408,0,-2438 3407,0,-2435 3407,0,-2433 3407,0,-2430 3406,0,-2428 3406,0,-2425 3406,0,-2423 3406,0,-2420 3405,0,-2418 3405,0,-2415 3405,0,-2413 3404,0,-2410 3404,0,-2408 3404,0,-2405 3404,0,-2403 3404,0,-2400 3403,0,-2397 3403,0,-2395 3403,0,-2392 3403,0,-2390 3403,0,-2387 3402,0,-2385 3402,0,-2382 3402,0,-2380 3402,0,-2377 3402,0,-2375 3402,0,-2372 3401,0,-2370 3401,0,-2367 3401,0,-2365 3401,0,-2362 3401,0,-2360 3401,0,-2357 3401,0,-2354 3401,0,-2352 3401,0,-2349 3400,0,-2347 3400,0,-2344 3400,0,-2342 3400,0,-2339 3400,0,-2337 3400,0,-2334 3400,0,-2332 3400,0,-2329 3400,0,-2327 3400,0,-2324 3400,0,-2321 3400,0,-2319 3400,0,-2316 3400,0,-2314 3400,0,-2311 3400,0,-2309 3400,0,-2306 3400,0,-2304 3400,0,-2301 3400,0,-2299 3400,0,-2296 3400,0,-2293 3400,0,-2291 3400,0,-2288 3400,0,-2286 3400,0,-2283 3400,0,-2281 3400,0,-2278 3400,0,-2276 3400,0,-2273 3400,0,-2271 3400,0,-2268 3400,0,-2265 3400,0,-2263 3400,0,-2260 3400,0,-2258 3400,0,-2255 3400,0,-2253 3400,0,-2250 3400,0,-2248 3400,0,-2245 3400,0,-2242 3400,0,-2240 3400,0,-2237 3400,0,-2235 3400,0,-2232 3400,0,-2230 3400,0,-2227 3400,0,-2224 3400,0,-2222 3400,0,-2219 3400,0,-2217 3400,0,-2214 3400,0,-2212 3400,0,-2209 3400,0,-2207 3400,0,-2204 3400,0,-2201 3400,0,-2199 3400,0,-2196 3400,0,-2194 3400,0,-2191 3400,0,-2189 3400,0,-2186 3400,0,-2183 3400,0,-2181 3400,0,-2178 3400,0,-2176 3400,0,-2173 3400,0,-2171 3400,0,-2168 3400,0,-2165 3400,0,-2163 3400,0,-2160 3400,0,-2158 3400,0,-2155 3400,0,-2153 3400,0,-2150
mouvement 453f130c460dc35e052c30714bec6c8e [bord gauche] 3331,0,-3049 3329,0,-3046 3328,0,-3044 3326,0,-3042 3325,0,-3039 3323,0,-3037 3321,0,-3034 3319,0,-3032 3318,0,-3029 3316,0,-3026 3314,0,-3024 3312,0,-3021 3310,0,-3018 3308,0,-3015 3306,0,-3012 3304,0,-3009 3302,0,-3006 3300,0,-3003 3297,0,-3000 3295,0,-2997 3293,0,-2994 3291,0,-2991 3288,0,-2988 3286,0,-2984 3284,0,-2981 3281,0,-2978 3279,0,-2975 3277,0,-2971 3274,0,-2968 3272,0,-2964 3269,0,-2961 3267,0,-2957 3265,0,-2954 3262,0,-2950 3260,0,-2946 3257,0,-2943 3255,0,-2939 3252,0,-2935 3250,0,-2931 3247,0,-2928 3245,0,-2924 3243,0,-2920 3240,0,-2916 3238,0,-2912 3235,0,-2908 3233,0,-2904 3230,0,-2900 3228,0,-2896 3226,0,-2892 3223,0,-2888 3221,0,-2884 3219,0,-2880 3216,0,-2876 3214,0,-2872 3212,0,-2867 3209,0,-2863 3207,0,-2859 3205,0,-2855 3203,0,-2850 3201,0,-2846 3198,0,-2842 3196,0,-2837 3194,0,-2833 3192,0,-2829 3190,0,-2824 3188,0,-2820 3186,0,-2815 3184,0,-2811 3182,0,-2806 3180,0,-2802 3178,0,-2798 3176,0,-2793 3175,0,-2789 3173,0,-2784 3171,0,-2779 3169,0,-2775 3167,0,-2770 3166,0,-2766 3164,0,-2761 3162,0,-2757 3161,0,-2752 3159,0,-2748 3158,0,-2743 3156,0,-2739 3155,0,-2734 3153,0,-2729 3152,0,-2725 3151,0,-2720 3149,0,-2716 3148,0,-2711 3147,0,-2706 3145,0,-2702 3144,0,-2697 3143,0,-2693 3142,0,-2688 3141,0,-2684 3140,0,-2679 3139,0,-2674 3138,0,-2670 3137,0,-2665 3136,0,-2661 3135,0,-2656 3134,0,-2652 3133,0,-2647 3132,0,-2643 3132,0,-2638 3131,0,-2634 3130,0,-2629 3129,0,-2625 3129,0,-2620 3128,0,-2616 3128,0,-2612 3127,0,-2607 3126,0,-2603 3126,0,-2598 3126,0,-2594 3125,0,-2590 3125,0,-2585 3124,0,-2581 3124,0,-2577 3124,0,-2572 3123,0,-2568 3123,0,-2564 3123,0,-2560 3123,0,-2555 3122,0,-2551 3122,0,-2547 3122,0,-2543 3122,0,-2539 3122,0,-2535 3122,0,-2530 3122,0,-2526 3122,0,-2522 3122,0,-2518 3122,0,-2514 3122,0,-2510 3122,0,-2506 3122,0,-2502 3122,0,-2498 3122,0,-2494 3122,0,-2490 3123,0,-2487 3123,0,-2483 3123,0,-2479 3123,0,-2475 3124,0,-2471 3124,0,-2468 3124,0,-2464 3124,0,-2460 3125,0,-2456 3125,0,-2453 3125,0,-2449 3126,0,-2445 3126,0,-2442 3127,0,-2438 3127,0,-2435 3128,0,-2431 3128,0,-2427 3128,0,-2424 3129,0,-2420 3129,0,-2417 3130,0,-2414 3130,0,-2410 3131,0,-2407 3131,0,-2403 3132,0,-2400 3133,0,-2397 3133,0,-2393 3134,0,-2390 3134,0,-2387 3135,0,-2384 3136,0,-2380 3136,0,-2377 3137,0,-2374 3137,0,-2371 3138,0,-2368 3139,0,-2364 3139,0,-2361 3140,0,-2358 3141,0,-2355 3141,0,-2352 3142,0,-2349 3143,0,-2346 3143,0,-2343 3144,0,-2340 3145,0,-2337 3146,0,-2334 3146,0,-2331 3147,0,-2328 3148,0,-2325 3148,0,-2322 3149,0,-2319 3150,0,-2317 3151,0,-2314 3151,0,-2311 3152,0,-2308 3153,0,-2305 3154,0,-2303 3154,0,-2300 3155,0,-2297 3156,0,-2294 3157,0,-2291 3158,0,-2289 3158,0,-2286 3159,0,-2283 3160,0,-2281 3161,0,-2278 3161,0,-2275 3162,0,-2273 3163,0,-2270 3164,0,-2267 3165,0,-2265 3165,0,-2262 3166,0,-2259 3167,0,-2257 3168,0,-2254 3168,0,-2252 3169,0,-2249 3170,0,-2246 3171,0,-2244 3172,0,-2241 3172,0,-2239 3173,0,-2236 3174,0,-2234 3175,0,-2231 3176,0,-2228 3176,0,-2226 3177,0,-2223 3178,0,-2221 3179,0,-2218 3180,0,-2216 3180,0,-2213 3181,0,-2211 3182,0,-2208 3183,0,-2206 3184,0,-2203 3184,0,-2201 3185,0,-2198 3186,0,-2196 3187,0,-2193 3187,0,-2191 3188,0,-2188 3189,0,-2186 3190,0,-2183 3191,0,-2181 3191,0,-2178 3192,0,-2175 3193,0,-2173 3194,0,-2170 3195,0,-2168 3195,0,-2165 3196,0,-2163 3197,0,-2160 3198,0,-2158 3198,0,-2155 3199,0,-2153 3200,0,-2150
mouvement 453f130c460dc35e052c30714bec6c8e [bord droit] 3854,0,-2444 3852,0,-2443 3849,0,-2441 3847,0,-2441 3845,0,-2440 3842,0,-2439 3840,0,-2438 3838,0,-2437 3836,0,-2436 3834,0,-2436 3832,0,-2435 3830,0,-2434 3828,0,-2434 3827,0,-2433 3825,0,-2433 3823,0,-2432 3821,0,-2432 3820,0,-2431 3818,0,-2431 3816,0,-2430 3815,0,-2430 3813,0,-2430 3812,0,-2429 3810,0,-2429 3809,0,-2429 3808,0,-2428 3806,0,-2428 3805,0,-2428 3804,0,-2428 3802,0,-2428 3801,0,-2428 3800,0,-2427 3799,0,-2427 3797,0,-2427 3796,0,-2427 3795,0,-2427 3794,0,-2427 3793,0,-2427 3792,0,-2427 3791,0,-2427 3790,0,-2427 3789,0,-2427 3788,0,-2427 3787,0,-2427 3786,0,-2427 3785,0,-2427 3784,0,-2427 3783,0,-2427 3782,0,-2427 3781,0,-2428 3780,0,-2428 3779,0,-2428 3778,0,-2428 3777,0,-2428 3776,0,-2428 3775,0,-2428 3774,0,-2428 3773,0,-2428 3772,0,-2429 3772,0,-2429 3771,0,-2429 3770,0,-2429 3769,0,-2429 3768,0,-2429 3767,0,-2429 3766,0,-2429 3765,0,-2429 3764,0,-2430 3764,0,-2430 3763,0,-2430 3762,0,-2430 3761,0,-2430 3760,0,-2430 3759,0,-2430 3758,0,-2430 3757,0,-2430 3756,0,-2430 3756,0,-2430 3755,0,-2430 3754,0,-2430 3753,0,-2430 3752,0,-2430 3751,0,-2430 3750,0,-2430 3749,0,-2430 3748,0,-2430 3747,0,-2430 3747,0,-2430 3746,0,-2430 3745,0,-2430 3744,0,-2430 3743,0,-2430 3742,0,-2429 3741,0,-2429 3740,0,-2429 3739,0,-2429 3738,0,-2429 3737,0,-2428 3736,0,-2428 3735,0,-2428 3734,0,-2428 3733,0,-2427 3732,0,-2427 3732,0,-2427 3731,0,-2426 3730,0,-2426 3729,0,-2426 3728,0,-2425 3727,0,-2425 3726,0,-2424 3725,0,-2424 3724,0,-2424 3723,0,-2423 3722,0,-2423 3721,0,-2422 3720,0,-2421 3719,0,-2421 3718,0,-2420 3717,0,-2420 3716,0,-2419 3715,0,-2418 3714,0,-2418 3713,0,-2417 3712,0,-2416 3711,0,-2415 3710,0,-2415 3709,0,-2414 3708,0,-2413 3707,0,-2412 3706,0,-2411 3705,0,-2410 3704,0,-2410 3703,0,-2409 3702,0,-2408 3701,0,-2407 3700,0,-2406 3699,0,-2405 3698,0,-2404 3697,0,-2402 3696,0,-2401 3695,0,-2400 3694,0,-2399 3694,0,-2398 3693,0,-2397 3692,0,-2396 3691,0,-2394 3690,0,-2393 3689,0,-2392 3688,0,-2390 3687,0,-2389 3686,0,-2388 3685,0,-2386 3684,0,-2385 3683,0,-2384 3682,0,-2382 3681,0,-2381 3680,0,-2379 3679,0,-2378 3679,0,-2376 3678,0,-2374 3677,0,-2373 3676,0,-2371 3675,0,-2370 3674,0,-2368 3673,0,-2366 3672,0,-2365 3671,0,-2363 3671,0,-2361 3670,0,-2359 3669,0,-2358 3668,0,-2356 3667,0,-2354 3666,0,-2352 3665,0,-2350 3664,0,-2348 3664,0,-2346 3663,0,-2344 3662,0,-2343 3661,0,-2341 3660,0,-2339 3659,0,-2337 3659,0,-2335 3658,0,-2332 3657,0,-2330 3656,0,-2328 3655,0,-2326 3654,0,-2324 3654,0,-2322 3653,0,-2320 3652,0,-2318 3651,0,-2315 3650,0,-2313 3650,0,-2311 3649,0,-2309 3648,0,-2307 3647,0,-2304 3646,0,-2302 3646,0,-2300 3645,0,-2297 3644,0,-2295 3643,0,-2293 3643,0,-2290 3642,0,-2288 3641,0,-2286 3640,0,-2283 3639,0,-2281 3639,0,-2278 3638,0,-2276 3637,0,-2274 3636,0,-2271 3636,0,-2269 3635,0,-2266 3634,0,-2264 3633,0,-2261 3632,0,-2259 3632,0,-2256 3631,0,-2254 3630,0,-2251 3629,0,-2249 3629,0,-2246 3628,0,-2244 3627,0,-2241 3626,0,-2238 3626,0,-2236 3625,0,-2233 3624,0,-2231 3623,0,-2228 3623,0,-2226 3622,0,-2223 3621,0,-2220 3620,0,-2218 3619,0,-2215 3619,0,-2213 3618,0,-2210 3617,0,-2207 3616,0,-2205 3616,0,-2202 3615,0,-2199 3614,0,-2197 3613,0,-2194 3612,0,-2192 3612,0,-2189 3611,0,-2186 3610,0,-2184 3609,0,-2181 3609,0,-2179 3608,0,-2176 3607,0,-2173 3606,0,-2171 3605,0,-2168 3605,0,-2166 3604,0,-2163 3603,0,-2160 3602,0,-2158 3602,0,-2155 3601,0,-2153 3600,0,-2150
mouvement 440c8e05722bb01491a4d57e00cd03a4 [centre] 3592,0,-2746 3584,0,-2739 3576,0,-2733 3568,0,-2726 3560,0,-2720 3552,0,-2714 3543,0,-2708 3534,0,-2702 3526,0,-2696 3517,0,-2691 3508,0,-2685 3499,0,-2680 3490,0,-2675 3481,0,-2670 3471,0,-2665 3462,0,-2660 3453,0,-2656 3443,0,-2651 3434,0,-2647 3424,0,-2643 3414,0,-2640 3404,0,-2636 3395,0,-2632 3385,0,-2629 3375,0,-2626 3365,0,-2623 3355,0,-2620 3345,0,-2618 3334,0,-2615 3324,0,-2613 3314,0,-2611 3304,0,-2609 3294,0,-2607 3283,0,-2606 3273,0,-2604 3262,0,-2603 3252,0,-2602 3242,0,-2601 3231,0,-2601 3221,0,-2600 3210,0,-2600 3200,0,-2600 3190,0,-2600 3179,0,-2600 3169,0,-2601 3158,0,-2601 3148,0,-2602 3138,0,-2603 3127,0,-2604 3117,0,-2606 3106,0,-2607 3096,0,-2609 3086,0,-2611 3076,0,-2613 3066,0,-2615 3055,0,-2618 3045,0,-2620 3035,0,-2623 3025,0,-2626 3015,0,-2629 3005,0,-2632 2996,0,-2636 2986,0,-2640 2976,0,-2643 2966,0,-2647 2957,0,-2651 2947,0,-2656 2938,0,-2660 2929,0,-2665 2919,0,-2670 2910,0,-2675 2901,0,-2680 2892,0,-2685 2883,0,-2691 2874,0,-2696 2866,0,-2702 2857,0,-2708 2848,0,-2714 2840,0,-2720 2832,0,-2726 2824,0,-2733 2816,0,-2739 2808,0,-2746
mouvement 440c8e05722bb01491a4d57e00cd03a4 [bord gauche] 3331,0,-3049 3328,0,-3046 3325,0,-3044 3323,0,-3042 3320,0,-3040 3317,0,-3038 3314,0,-3036 3311,0,-3034 3309,0,-3032 3306,0,-3030 3303,0,-3028 3300,0,-3027 3297,0,-3025 3294,0,-3023 3290,0,-3022 3287,0,-3020 3284,0,-3019 3281,0,-3017 3278,0,-3016 3275,0,-3014 3271,0,-3013 3268,0,-3012 3265,0,-3011 3262,0,-3010 3258,0,-3009 3255,0,-3008 3252,0,-3007 3248,0,-3006 3245,0,-3005 3241,0,-3004 3238,0,-3004 3235,0,-3003 3231,0,-3002 3228,0,-3002 3224,0,-3001 3221,0,-3001 3217,0,-3001 3214,0,-3000 3210,0,-3000 3207,0,-3000 3203,0,-3000 3200,0,-3000 3197,0,-3000 3193,0,-3000 3190,0,-3000 3186,0,-3000 3183,0,-3001 3179,0,-3001 3176,0,-3001 3172,0,-3002 3169,0,-3002 3165,0,-3003 3162,0,-3004 3159,0,-3004 3155,0,-3005 3152,0,-3006 3148,0,-3007 3145,0,-3008 3142,0,-3009 3138,0,-3010 3135,0,-3011 3132,0,-3012 3129,0,-3013 3125,0,-3014 3122,0,-3016 3119,0,-3017 3116,0,-3019 3113,0,-3020 3110,0,-3022 3106,0,-3023 3103,0,-3025 3100,0,-3027 3097,0,-3028 3094,0,-3030 3091,0,-3032 3089,0,-3034 3086,0,-3036 3083,0,-3038 3080,0,-3040 3077,0,-3042 3075,0,-3044 3072,0,-3046 3069,0,-3049
mouvement 440c8e05722bb01491a4d57e00cd03a4 [bord droit] 3854,0,-2444 3841,0,-2432 3827,0,-2421 3814,0,-2410 3800,0,-2400 3786,0,-2390 3772,0,-2380 3757,0,-2370 3743,0,-2360 3728,0,-2351 3713,0,-2342 3698,0,-2333 3683,0,-2324 3668,0,-2316 3652,0,-2308 3637,0,-2300 3621,0,-2293 3605,0,-2286 3589,0,-2279 3573,0,-2272 3557,0,-2266 3541,0,-2260 3524,0,-2254 3508,0,-2249 3491,0,-2243 3475,0,-2238 3458,0,-2234 3441,0,-2229 3424,0,-2225 3407,0,-2222 3390,0,-2218 3373,0,-2215 3356,0,-2212 3339,0,-2210 3321,0,-2207 3304,0,-2205 3287,0,-2204 3270,0,-2202 3252,0,-2201 3235,0,-2201 3217,0,-2200 3200,0,-2200 3183,0,-2200 3165,0,-2201 3148,0,-2201 3130,0,-2202 3113,0,-2204 3096,0,-2205 3079,0,-2207 3061,0,-2210 3044,0,-2212 3027,0,-2215 3010,0,-2218 2993,0,-2222 2976,0,-2225 2959,0,-2229 2942,0,-2234 2925,0,-2238 2909,0,-2243 2892,0,-2249 2876,0,-2254 2859,0,-2260 2843,0,-2266 2827,0,-2272 2811,0,-2279 2795,0,-2286 2779,0,-2293 2763,0,-2300 2748,0,-2308 2732,0,-2316 2717,0,-2324 2702,0,-2333 2687,0,-2342 2672,0,-2351 2657,0,-2360 2643,0,-2370 2628,0,-2380 2614,0,-2390 2600,0,-2400 2586,0,-2410 2573,0,-2421 2559,0,-2432 2546,0,-2444
mouvement 4a6aa7e11135c1ecb2cb26715ca8cab4 [centre] 2746,0,-2808 2744,0,-2809 2743,0,-2811 2741,0,-2813 2739,0,-2815 2738,0,-2817 2736,0,-2819 2734,0,-2821 2733,0,-2823 2731,0,-2825 2729,0,-2827 2728,0,-2829 2726,0,-2831 2724,0,-2833 2722,0,-2835 2721,0,-2837 2719,0,-2838 2717,0,-2840 2716,0,-2842 2714,0,-2844 2712,0,-2846 2710,0,-2848 2709,0,-2850 2707,0,-2852 2705,0,-2854 2703,0,-2855 2701,0,-2857 2700,0,-2859 2698,0,-2861 2696,0,-2863 2694,0,-2865 2692,0,-2867 2690,0,-2868 2689,0,-2870 2687,0,-2872 2685,0,-2874 2683,0,-2876 2681,0,-2877 2679,0,-2879 2677,0,-2881 2675,0,-2883 2674,0,-2884 2672,0,-2886 2670,0,-2888 2668,0,-2890 2666,0,-2891 2664,0,-2893 2662,0,-2895 2660,0,-2896 2658,0,-2898 2656,0,-2900 2654,0,-2901 2652,0,-2903 2650,0,-2904 2648,0,-2906 2646,0,-2908 2644,0,-2909 2641,0,-2911 2639,0,-2912 2637,0,-2914 2635,0,-2915 2633,0,-2917 2631,0,-2918 2629,0,-2920 2627,0,-2921 2625,0,-2923 2622,0,-2924 2620,0,-2926 2618,0,-2927 2616,0,-2929 2614,0,-2930 2611,0,-2931 2609,0,-2933 2607,0,-2934 2605,0,-2935 2603,0,-2937 2600,0,-2938 2598,0,-2939 2596,0,-2941 2594,0,-2942 2591,0,-2943 2589,0,-2944 2587,0,-2946 2584,0,-2947 2582,0,-2948 2580,0,-2949 2577,0,-2950 2575,0,-2951 2573,0,-2953 2570,0,-2954 2568,0,-2955 2566,0,-2956 2563,0,-2957 2561,0,-2958 2559,0,-2959 2556,0,-2960 2554,0,-2961 2551,0,-2962 2549,0,-2963 2547,0,-2964 2544,0,-2965 2542,0,-2966 2539,0,-2967 2537,0,-2968 2535,0,-2969 2532,0,-2969 2530,0,-2970 2527,0,-2971 2525,0,-2972 2522,0,-2973 2520,0,-2974 2518,0,-2974 2515,0,-2975 2513,0,-2976 2510,0,-2977 2508,0,-2977 2505,0,-2978 2503,0,-2979 2500,0,-2979 2498,0,-2980 2495,0,-2981 2493,0,-2981 2490,0,-2982 2488,0,-2983 2485,0,-2983 2483,0,-2984 2480,0,-2984 2478,0,-2985 2475,0,-2985 2473,0,-2986 2470,0,-2986 2468,0,-2987 2465,0,-2987 2463,0,-2988 2460,0,-2988 2458,0,-2989 2455,0,-2989 2453,0,-2990 2450,0,-2990 2448,0,-2991 2445,0,-2991 2443,0,-2991 2440,0,-2992 2438,0,-2992 2435,0,-2993 2433,0,-2993 2430,0,-2993 2428,0,-2994 2425,0,-2994 2423,0,-2994 2420,0,-2994 2418,0,-2995 2415,0,-2995 2413,0,-2995 2410,0,-2996 2408,0,-2996 2405,0,-2996 2403,0,-2996 2400,0,-2996 2397,0,-2997 2395,0,-2997 2392,0,-2997 2390,0,-2997 2387,0,-2998 2385,0,-2998 2382,0,-2998 2380,0,-2998 2377,0,-2998 2375,0,-2998 2372,0,-2998 2370,0,-2999 2367,0,-2999 2365,0,-2999 2362,0,-2999 2360,0,-2999 2357,0,-2999 2354,0,-2999 2352,0,-2999 2349,0,-2999 2347,0,-3000 2344,0,-3000 2342,0,-3000 2339,0,-3000 2337,0,-3000 2334,0,-3000 2332,0,-3000 2329,0,-3000 2327,0,-3000 2324,0,-3000 2321,0,-3000 2319,0,-3000 2316,0,-3000 2314,0,-3000 2311,0,-3000 2309,0,-3000 2306,0,-3000 2304,0,-3000 2301,0,-3000 2299,0,-3000 2296,0,-3000 2293,0,-3000 2291,0,-3000 2288,0,-3000 2286,0,-3000 2283,0,-3000 2281,0,-3000 2278,0,-3000 2276,0,-3000 2273,0,-3000 2271,0,-3000 2268,0,-3000 2265,0,-3000 2263,0,-3000 2260,0,-3000 2258,0,-3000 2255,0,-3000 2253,0,-3000 2250,0,-3000 2248,0,-3000 2245,0,-3000 2242,0,-3000 2240,0,-3000 2237,0,-3000 2235,0,-3000 2232,0,-3000 2230,0,-3000 2227,0,-3000 2224,0,-3000 2222,0,-3000 2219,0,-3000 2217,0,-3000 2214,0,-3000 2212,0,-3000 2209,0,-3000 2207,0,-3000 2204,0,-3000 2201,0,-3000 2199,0,-3000 2196,0,-3000 2194,0,-3000 2191,0,-3000 2189,0,-3000 2186,0,-3000 2183,0,-3000 2181,0,-3000 2178,0,-3000 2176,0,-3000 2173,0,-3000 2171,0,-3000 2168,0,-3000 2165,0,-3000 2163,0,-3000 2160,0,-3000 2158,0,-3000 2155,0,-3000 2153,0,-3000 2150,0,-3000
mouvement 4a6aa7e11135c1ecb2cb26715ca8cab4 [bord gauche] 3049,0,-3069 3046,0,-3071 3044,0,-3072 3042,0,-3074 3039,0,-3075 3037,0,-3077 3034,0,-3079 3032,0,-3081 3029,0,-3082 3026,0,-3084 3024,0,-3086 3021,0,-3088 3018,0,-3090 3015,0,-3092 3012,0,-3094 3009,0,-3096 3006,0,-3098 3003,0,-3100 3000,0,-3103 2997,0,-3105 2994,0,-3107 2991,0,-3109 2988,0,-3112 2984,0,-3114 2981,0,-3116 2978,0,-3119 2975,0,-3121 2971,0,-3123 2968,0,-3126 2964,0,-3128 2961,0,-3131 2957,0,-3133 2954,0,-3135 2950,0,-3138 2946,0,-3140 2943,0,-3143 2939,0,-3145 2935,0,-3148 2931,0,-3150 2928,0,-3153 2924,0,-3155 2920,0,-3157 2916,0,-3160 2912,0,-3162 2908,0,-3165 2904,0,-3167 2900,0,-3170 2896,0,-3172 2892,0,-3174 2888,0,-3177 2884,0,-3179 2880,0,-3181 2876,0,-3184 2872,0,-3186 2867,0,-3188 2863,0,-3190 2859,0,-3193 2855,0,-3195 2850,0,-3197 2846,0,-3199 2842,0,-3202 2837,0,-3204 2833,0,-3206 2829,0,-3208 2824,0,-3210 2820,0,-3212 2815,0,-3214 2811,0,-3216 2806,0,-3218 2802,0,-3220 2798,0,-3222 2793,0,-3224 2789,0,-3225 2784,0,-3227 2779,0,-3229 2775,0,-3231 2770,0,-3233 2766,0,-3234 2761,0,-3236 2757,0,-3238 2752,0,-3239 2748,0,-3241 2743,0,-3242 2739,0,-3244 2734,0,-3245 2729,0,-3247 2725,0,-3248 2720,0,-3249 2716,0,-3251 2711,0,-3252 2706,0,-3253 2702,0,-3255 2697,0,-3256 2693,0,-3257 2688,0,-3258 2684,0,-3259 2679,0,-3260 2674,0,-3261 2670,0,-3262 2665,0,-3263 2661,0,-3264 2656,0,-3265 2652,0,-3266 2647,0,-3267 2643,0,-3268 2638,0,-3268 2634,0,-3269 2629,0,-3270 2625,0,-3271 2620,0,-3271 2616,0,-3272 2612,0,-3272 2607,0,-3273 2603,0,-3274 2598,0,-3274 2594,0,-3274 2590,0,-3275 2585,0,-3275 2581,0,-3276 2577,0,-3276 2572,0,-3276 2568,0,-3277 2564,0,-3277 2560,0,-3277 2555,0,-3277 2551,0,-3278 2547,0,-3278 2543,0,-3278 2539,0,-3278 2535,0,-3278 2530,0,-3278 2526,0,-3278 2522,0,-3278 2518,0,-3278 2514,0,-3278 2510,0,-3278 2506,0,-3278 2502,0,-3278 2498,0,-3278 2494,0,-3278 2490,0,-3278 2487,0,-3277 2483,0,-3277 2479,0,-3277 2475,0,-3277 2471,0,-3276 2468,0,-3276 2464,0,-3276 2460,0,-3276 2456,0,-3275 2453,0,-3275 2449,0,-3275 2445,0,-3274 2442,0,-3274 2438,0,-3273 2435,0,-3273 2431,0,-3272 2427,0,-3272 2424,0,-3272 2420,0,-3271 2417,0,-3271 2414,0,-3270 2410,0,-3270 2407,0,-3269 2403,0,-3269 2400,0,-3268 2397,0,-3267 2393,0,-3267 2390,0,-3266 2387,0,-3266 2384,0,-3265 2380,0,-3264 2377,0,-3264 2374,0,-3263 2371,0,-3263 2368,0,-3262 2364,0,-3261 2361,0,-3261 2358,0,-3260 2355,0,-3259 2352,0,-3259 2349,0,-3258 2346,0,-3257 2343,0,-3257 2340,0,-3256 2337,0,-3255 2334,0,-3254 2331,0,-3254 2328,0,-3253 2325,0,-3252 2322,0,-3252 2319,0,-3251 2317,0,-3250 2314,0,-3249 2311,0,-3249 2308,0,-3248 2305,0,-3247 2303,0,-3246 2300,0,-3246 2297,0,-3245 2294,0,-3244 2291,0,-3243 2289,0,-3242 2286,0,-3242 2283,0,-3241 2281,0,-3240 2278,0,-3239 2275,0,-3239 2273,0,-3238 2270,0,-3237 2267,0,-3236 2265,0,-3235 2262,0,-3235 2259,0,-3234 2257,0,-3233 2254,0,-3232 2252,0,-3232 2249,0,-3231 2246,0,-3230 2244,0,-3229 2241,0,-3228 2239,0,-3228 2236,0,-3227 2234,0,-3226 2231,0,-3225 2228,0,-3224 2226,0,-3224 2223,0,-3223 2221,0,-3222 2218,0,-3221 2216,0,-3220 2213,0,-3220 2211,0,-3219 2208,0,-3218 2206,0,-3217 2203,0,-3216 2201,0,-3216 2198,0,-3215 2196,0,-3214 2193,0,-3213 2191,0,-3213 2188,0,-3212 2186,0,-3211 2183,0,-3210 2181,0,-3209 2178,0,-3209 2175,0,-3208 2173,0,-3207 2170,0,-3206 2168,0,-3205 2165,0,-3205 2163,0,-3204 2160,0,-3203 2158,0,-3202 2155,0,-3202 2153,0,-3201 2150,0,-3200
mouvement 4a6aa7e11135c1ecb2cb26715ca8cab4 [bord droit] 2444,0,-2546 2443,0,-2548 2441,0,-2551 2441,0,-2553 2440,0,-2555 2439,0,-2558 2438,0,-2560 2437,0,-2562 2436,0,-2564 2436,0,-2566 2435,0,-2568 2434,0,-2570 2434,0,-2572 2433,0,-2573 2433,0,-2575 2432,0,-2577 2432,0,-2579 2431,0,-2580 2431,0,-2582 2430,0,-2584 2430,0,-2585 2430,0,-2587 2429,0,-2588 2429,0,-2590 2429,0,-2591 2428,0,-2592 2428,0,-2594 2428,0,-2595 2428,0,-2596 2428,0,-2598 2428,0,-2599 2427,0,-2600 2427,0,-2601 2427,0,-2603 2427,0,-2604 2427,0,-2605 2427,0,-2606 2427,0,-2607 2427,0,-2608 2427,0,-2609 2427,0,-2610 2427,0,-2611 2427,0,-2612 2427,0,-2613 2427,0,-2614 2427,0,-2615 2427,0,-2616 2427,0,-2617 2427,0,-2618 2428,0,-2619 2428,0,-2620 2428,0,-2621 2428,0,-2622 2428,0,-2623 2428,0,-2624 2428,0,-2625 2428,0,-2626 2428,0,-2627 2429,0,-2628 2429,0,-2628 2429,0,-2629 2429,0,-2630 2429,0,-2631 2429,0,-2632 2429,0,-2633 2429,0,-2634 2429,0,-2635 2430,0,-2636 2430,0,-2636 2430,0,-2637 2430,0,-2638 2430,0,-2639 2430,0,-2640 2430,0,-2641 2430,0,-2642 2430,0,-2643 2430,0,-2644 2430,0,-2644 2430,0,-2645 2430,0,-2646 2430,0,-2647 2430,0,-2648 2430,0,-2649 2430,0,-2650 2430,0,-2651 2430,0,-2652 2430,0,-2653 2430,0,-2653 2430,0,-2654 2430,0,-2655 2430,0,-2656 2430,0,-2657 2429,0,-2658 2429,0,-2659 2429,0,-2660 2429,0,-2661 2429,0,-2662 2428,0,-2663 2428,0,-2664 2428,0,-2665 2428,0,-2666 2427,0,-2667 2427,0,-2668 2427,0,-2668 2426,0,-2669 2426,0,-2670 2426,0,-2671 2425,0,-2672 2425,0,-2673 2424,0,-2674 2424,0,-2675 2424,0,-2676 2423,0,-2677 2423,0,-2678 2422,0,-2679 2421,0,-2680 2421,0,-2681 2420,0,-2682 2420,0,-2683 2419,0,-2684 2418,0,-2685 2418,0,-2686 2417,0,-2687 2416,0,-2688 2415,0,-2689 2415,0,-2690 2414,0,-2691 2413,0,-2692 2412,0,-2693 2411,0,-2694 2410,0,-2695 2410,0,-2696 2409,0,-2697 2408,0,-2698 2407,0,-2699 2406,0,-2700 2405,0,-2701 2404,0,-2702 2402,0,-2703 2401,0,-2704 2400,0,-2705 2399,0,-2706 2398,0,-2706 2397,0,-2707 2396,0,-2708 2394,0,-2709 2393,0,-2710 2392,0,-2711 2390,0,-2712 2389,0,-2713 2388,0,-2714 2386,0,-2715 2385,0,-2716 2384,0,-2717 2382,0,-2718 2381,0,-2719 2379,0,-2720 2378,0,-2721 2376,0,-2721 2374,0,-2722 2373,0,-2723 2371,0,-2724 2370,0,-2725 2368,0,-2726 2366,0,-2727 2365,0,-2728 2363,0,-2729 2361,0,-2729 2359,0,-2730 2358,0,-2731 2356,0,-2732 2354,0,-2733 2352,0,-2734 2350,0,-2735 2348,0,-2736 2346,0,-2736 2344,0,-2737 2343,0,-2738 2341,0,-2739 2339,0,-2740 2337,0,-2741 2335,0,-2741 2332,0,-2742 2330,0,-2743 2328,0,-2744 2326,0,-2745 2324,0,-2746 2322,0,-2746 2320,0,-2747 2318,0,-2748 2315,0,-2749 2313,0,-2750 2311,0,-2750 2309,0,-2751 2307,0,-2752 2304,0,-2753 2302,0,-2754 2300,0,-2754 2297,0,-2755 2295,0,-2756 2293,0,-2757 2290,0,-2757 2288,0,-2758 2286,0,-2759 2283,0,-2760 2281,0,-2761 2278,0,-2761 2276,0,-2762 2274,0,-2763 2271,0,-2764 2269,0,-2764 2266,0,-2765 2264,0,-2766 2261,0,-2767 2259,0,-2768 2256,0,-2768 2254,0,-2769 2251,0,-2770 2249,0,-2771 2246,0,-2771 2244,0,-2772 2241,0,-2773 2238,0,-2774 2236,0,-2774 2233,0,-2775 2231,0,-2776 2228,0,-2777 2226,0,-2778 2223,0,-2778 2220,0,-2779 2218,0,-2780 2215,0,-2781 2213,0,-2781 2210,0,-2782 2207,0,-2783 2205,0,-2784 2202,0,-2784 2199,0,-2785 2197,0,-2786 2194,0,-2787 2192,0,-2788 2189,0,-2788 2186,0,-2789 2184,0,-2790 2181,0,-2791 2179,0,-2791 2176,0,-2792 2173,0,-2793 2171,0,-2794 2168,0,-2795 2166,0,-2795 2163,0,-2796 2160,0,-2797 2158,0,-2798 2155,0,-2798 2153,0,-2799 2150,0,-2800
mouvement 491e02f31f623c7a5d46026ad368f388 [centre] 2746,0,-2808 2739,0,-2816 2733,0,-2824 2726,0,-2832 2720,0,-2840 2714,0,-2848 2708,0,-2857 2702,0,-2866 2696,0,-2874 2691,0,-2883 2685,0,-2892 2680,0,-2901 2675,0,-2910 2670,0,-2919 2665,0,-2929 2660,0,-2938 2656,0,-2947 2651,0,-2957 2647,0,-2966 2643,0,-2976 2640,0,-2986 2636,0,-2996 2632,0,-3005 2629,0,-3015 2626,0,-3025 2623,0,-3035 2620,0,-3045 2618,0,-3055 2615,0,-3066 2613,0,-3076 2611,0,-3086 2609,0,-3096 2607,0,-3106 2606,0,-3117 2604,0,-3127 2603,0,-3138 2602,0,-3148 2601,0,-3158 2601,0,-3169 2600,0,-3179 2600,0,-3190 2600,0,-3200 2600,0,-3210 2600,0,-3221 2601,0,-3231 2601,0,-3242 2602,0,-3252 2603,0,-3262 2604,0,-3273 2606,0,-3283 2607,0,-3294 2609,0,-3304 2611,0,-3314 2613,0,-3324 2615,0,-3334 2618,0,-3345 2620,0,-3355 2623,0,-3365 2626,0,-3375 2629,0,-3385 2632,0,-3395 2636,0,-3404 2640,0,-3414 2643,0,-3424 2647,0,-3434 2651,0,-3443 2656,0,-3453 2660,0,-3462 2665,0,-3471 2670,0,-3481 2675,0,-3490 2680,0,-3499 2685,0,-3508 2691,0,-3517 2696,0,-3526 2702,0,-3534 2708,0,-3543 2714,0,-3552 2720,0,-3560 2726,0,-3568 2733,0,-3576 2739,0,-3584 2746,0,-3592
mouvement 491e02f31f623c7a5d46026ad368f388 [bord gauche] 3049,0,-3069 3046,0,-3072 3044,0,-3075 3042,0,-3077 3040,0,-3080 3038,0,-3083 3036,0,-3086 3034,0,-3089 3032,0,-3091 3030,0,-3094 3028,0,-3097 3027,0,-3100 3025,0,-3103 3023,0,-3106 3022,0,-3110 3020,0,-3113 3019,0,-3116 3017,0,-3119 3016,0,-3122 3014,0,-3125 3013,0,-3129 3012,0,-3132 3011,0,-3135 3010,0,-3138 3009,0,-3142 3008,0,-3145 3007,0,-3148 3006,0,-3152 3005,0,-3155 3004,0,-3159 3004,0,-3162 3003,0,-3165 3002,0,-3169 3002,0,-3172 3001,0,-3176 3001,0,-3179 3001,0,-3183 3000,0,-3186 3000,0,-3190 3000,0,-3193 3000,0,-3197 3000,0,-3200 3000,0,-3203 3000,0,-3207 3000,0,-3210 3000,0,-3214 3001,0,-3217 3001,0,-3221 3001,0,-3224 3002,0,-3228 3002,0,-3231 3003,0,-3235 3004,0,-3238 3004,0,-3241 3005,0,-3245 3006,0,-3248 3007,0,-3252 3008,0,-3255 3009,0,-3258 3010,0,-3262 3011,0,-3265 3012,0,-3268 3013,0,-3271 3014,0,-3275 3016,0,-3278 3017,0,-3281 3019,0,-3284 3020,0,-3287 3022,0,-3290 3023,0,-3294 3025,0,-3297 3027,0,-3300 3028,0,-3303 3030,0,-3306 3032,0,-3309 3034,0,-3311 3036,0,-3314 3038,0,-3317 3040,0,-3320 3042,0,-3323 3044,0,-3325 3046,0,-3328 3049,0,-3331
mouvement 491e02f31f623c7a5d46026ad368f388 [bord droit] 2444,0,-2546 2432,0,-2559 2421,0,-2573 2410,0,-2586 2400,0,-2600 2390,0,-2614 2380,0,-2628 2370,0,-2643 2360,0,-2657 2351,0,-2672 2342,0,-2687 2333,0,-2702 2324,0,-2717 2316,0,-2732 2308,0,-2748 2300,0,-2763 2293,0,-2779 2286,0,-2795 2279,0,-2811 2272,0,-2827 2266,0,-2843 2260,0,-2859 2254,0,-2876 2249,0,-2892 2243,0,-2909 2238,0,-2925 2234,0,-2942 2229,0,-2959 2225,0,-2976 2222,0,-2993 2218,0,-3010 2215,0,-3027 2212,0,-3044 2210,0,-3061 2207,0,-3079 2205,0,-3096 2204,0,-3113 2202,0,-3130 2201,0,-3148 2201,0,-3165 2200,0,-3183 2200,0,-3200 2200,0,-3217 2201,0,-3235 2201,0,-3252 2202,0,-3270 2204,0,-3287 2205,0,-3304 2207,0,-3321 2210,0,-3339 2212,0,-3356 2215,0,-3373 2218,0,-3390 2222,0,-3407 2225,0,-3424 2229,0,-3441 2234,0,-3458 2238,0,-3475 2243,0,-3491 2249,0,-3508 2254,0,-3524 2260,0,-3541 2266,0,-3557 2272,0,-3573 2279,0,-3589 2286,0,-3605 2293,0,-3621 2300,0,-3637 2308,0,-3652 2316,0,-3668 2324,0,-3683 2333,0,-3698 2342,0,-3713 2351,0,-3728 2360,0,-3743 2370,0,-3757 2380,0,-3772 2390,0,-3786 2400,0,-3800 2410,0,-3814 2421,0,-3827 2432,0,-3841 2444,0,-3854
zone 406efc13fc2d5de520cbe34197314db3 [470e78565e75b89add119d1f7bf3d8b3 x 4edce9aa0d470704d0479247d72ff2be] 3891,0,-3891 ; 726,245,726
zone 45347e3ef39bcc64fdfccaf89295a4bd [470e78565e75b89add119d1f7bf3d8b3 x 4dfcc1af030746a1a7e376f814e03a81] 3879,0,-3537 ; 738,245,797
zone 48fd616bb1789845fc2043ad1f0ba7a5 [4469169721b83714f20e63d9fcfff484 x 453f130c460dc35e052c30714bec6c8e] 3200,0,-2217 ; 494,245,660
zone 4e24e297c4d1bd9139c77a07f6177abb [440c8e05722bb01491a4d57e00cd03a4 x 4469169721b83714f20e63d9fcfff484] 3048,0,-2381 ; 671,245,823
zone 4e2ebb271a55553f65fe7bc0087b7482 [491e02f31f623c7a5d46026ad368f388 x 4a5a12c19e62b4f853f928a3d4fb4c96] 2381,0,-3322 ; 823,245,641
zone 4fa896603af971df28394d41512e83b8 [4a5a12c19e62b4f853f928a3d4fb4c96 x 4a6aa7e11135c1ecb2cb26715ca8cab4] 2217,0,-3200 ; 660,245,494
controle 44924805a30ee7ba97a11b1d9b92919e [Uncontrolled, approche 4f8c2539b5152e69c8fe4d64939f96b9, 1 mouvements] 2150,0,-3400
controle 480071f81c9ce0ded1b93c6a043d7787 [Uncontrolled, approche 41d3971913a0bc729dacb328aaa17495, 2 mouvements] 3592,0,-2746
controle 481a5e58c50d4c4a68188022a32041a9 [Uncontrolled, approche 4e878e4befb474cfbdc785346bd6f6a4, 2 mouvements] 3243,0,-3798
controle 4997c37d1df9457fd9b6d871b5d9f580 [Uncontrolled, approche 4eb54bbcb45c5ab91993e545746f24a9, 1 mouvements] 3000,0,-2150
controle 4b9dc3fe78d50ce0ed024b340d1a5c9c [Uncontrolled, approche 4403c568617df5ea8f9a2fdf743748ad, 1 mouvements] 4084,0,-3801
controle 4cce28bd136319d98afaa9f310a74dbe [Uncontrolled, approche 4b5540b59d5cd5141bb4bb279d10fb96, 2 mouvements] 2746,0,-2808
