# Overlay Gate A -- MVP_Run (Story 5.28, pipeline 1)
# Genere par RoadRage/Traffic V2/Compiler le modele authore ; coordonnees monde en centimetres ; box = centre ; demi-dimensions.

instance GlobalObjectId_V1-2-ee081d5cbff641bb9dd499b4f13a8d62-1470702659269911219-1045154302 TunnelPortal_SouthWest (TunnelPortal)
corridor 4d1d749db78465cdc4e90ee844e3d898 [centre] -4473,0,-4756 -3624,0,-3907
corridor 4d1d749db78465cdc4e90ee844e3d898 [bord gauche] -4614,0,-4614 -3766,0,-3766
corridor 4d1d749db78465cdc4e90ee844e3d898 [bord droit] -4331,0,-4897 -3483,0,-4049
corridor 456446f0213cdfedcbcb6d32f7ee7db6 [centre] -3907,0,-3624 -4756,0,-4473
corridor 456446f0213cdfedcbcb6d32f7ee7db6 [bord gauche] -3766,0,-3766 -4614,0,-4614
corridor 456446f0213cdfedcbcb6d32f7ee7db6 [bord droit] -4049,0,-3483 -4897,0,-4331
portail 49d29d3fd771ae4966aca755b3442cbc [Exit] -4455,0,-4455 -4614,0,-4614 -4897,0,-4331 -4738,0,-4172 -4455,0,-4455
portail 4889b9d5d0f80bc3ce3c3514a5d6f7aa [Entry] -4614,0,-4614 -4455,0,-4455 -4172,0,-4738 -4331,0,-4897 -4614,0,-4614

instance GlobalObjectId_V1-2-ee081d5cbff641bb9dd499b4f13a8d62-1470702659269911219-1574439523 TunnelPortal_NorthEast (TunnelPortal)
corridor 4feeebdeeefd1a0f872a7e456b3a5287 [centre] 4473,0,4756 3624,0,3907
corridor 4feeebdeeefd1a0f872a7e456b3a5287 [bord gauche] 4614,0,4614 3766,0,3766
corridor 4feeebdeeefd1a0f872a7e456b3a5287 [bord droit] 4331,0,4897 3483,0,4049
corridor 4dc46e84668993d38378e9cfd4f366b4 [centre] 3907,0,3624 4756,0,4473
corridor 4dc46e84668993d38378e9cfd4f366b4 [bord gauche] 3766,0,3766 4614,0,4614
corridor 4dc46e84668993d38378e9cfd4f366b4 [bord droit] 4049,0,3483 4897,0,4331
portail 436d9a1a58c93bd19cdf0014de309f98 [Exit] 4455,0,4455 4614,0,4614 4897,0,4331 4738,0,4172 4455,0,4455
portail 4ce14124d3729e5b3ad1174c8653a99d [Entry] 4614,0,4614 4455,0,4455 4172,0,4738 4331,0,4897 4614,0,4614

instance GlobalObjectId_V1-2-ee081d5cbff641bb9dd499b4f13a8d62-1470702659269911219-234956567 TunnelPortal_NorthWest (TunnelPortal)
corridor 4f3543b1218b82af65b5b8fc58457fb3 [centre] -4756,0,4473 -3907,0,3624
corridor 4f3543b1218b82af65b5b8fc58457fb3 [bord gauche] -4614,0,4614 -3766,0,3766
corridor 4f3543b1218b82af65b5b8fc58457fb3 [bord droit] -4897,0,4331 -4049,0,3483
corridor 4097b38e7bf2ad82edd9087f6d56ae8b [centre] -3624,0,3907 -4473,0,4756
corridor 4097b38e7bf2ad82edd9087f6d56ae8b [bord gauche] -3766,0,3766 -4614,0,4614
corridor 4097b38e7bf2ad82edd9087f6d56ae8b [bord droit] -3483,0,4049 -4331,0,4897
portail 48090a5d359625c04fb6050a2407f292 [Exit] -4455,0,4455 -4614,0,4614 -4331,0,4897 -4172,0,4738 -4455,0,4455
portail 4882b42dcf37410f4f629825c30f5f99 [Entry] -4614,0,4614 -4455,0,4455 -4738,0,4172 -4897,0,4331 -4614,0,4614

instance GlobalObjectId_V1-2-ee081d5cbff641bb9dd499b4f13a8d62-1470702659269911219-75338410 TunnelPortal_SouthEast (TunnelPortal)
corridor 4403c568617df5ea8f9a2fdf743748ad [centre] 4756,0,-4473 3907,0,-3624
corridor 4403c568617df5ea8f9a2fdf743748ad [bord gauche] 4614,0,-4614 3766,0,-3766
corridor 4403c568617df5ea8f9a2fdf743748ad [bord droit] 4897,0,-4331 4049,0,-3483
corridor 4d0941441253fa2a0e6c10dfc9caea8e [centre] 3624,0,-3907 4473,0,-4756
corridor 4d0941441253fa2a0e6c10dfc9caea8e [bord gauche] 3766,0,-3766 4614,0,-4614
corridor 4d0941441253fa2a0e6c10dfc9caea8e [bord droit] 3483,0,-4049 4331,0,-4897
portail 4dcf9641f7a714b8bc785696d1709798 [Exit] 4455,0,-4455 4614,0,-4614 4331,0,-4897 4172,0,-4738 4455,0,-4455
portail 48d96a31a823c14dc3c3c55e08da6bbb [Entry] 4614,0,-4614 4455,0,-4455 4738,0,-4172 4897,0,-4331 4614,0,-4614

instance GlobalObjectId_V1-2-ee081d5cbff641bb9dd499b4f13a8d62-2174360367984508665-1056351953 TJunction_East (TJunction)
frontiere 4e5a1a75c3a9e48af02ad41483e25491 [TJunction] 2900,0,0 ; 700,200,1000
mouvement 489d4a3b8777534a9bdbd8fb0c6cfc8f [centre] 3400,0,-800 3400,0,-775 3400,0,-750 3400,0,-725 3400,0,-700 3400,0,-675 3400,0,-650 3400,0,-625 3400,0,-600 3400,0,-575 3400,0,-550 3400,0,-525 3400,0,-500 3400,0,-475 3400,0,-450 3400,0,-425 3400,0,-400 3400,0,-375 3400,0,-350 3400,0,-325 3400,0,-300 3400,0,-275 3400,0,-250 3400,0,-225 3400,0,-200 3400,0,-175 3400,0,-150 3400,0,-125 3400,0,-100 3400,0,-75 3400,0,-50 3400,0,-25 3400,0,0 3400,0,25 3400,0,50 3400,0,75 3400,0,100 3400,0,125 3400,0,150 3400,0,175 3400,0,200 3400,0,225 3400,0,250 3400,0,275 3400,0,300 3400,0,325 3400,0,350 3400,0,375 3400,0,400 3400,0,425 3400,0,450 3400,0,475 3400,0,500 3400,0,525 3400,0,550 3400,0,575 3400,0,600 3400,0,625 3400,0,650 3400,0,675 3400,0,700 3400,0,725 3400,0,750 3400,0,775 3400,0,800
mouvement 489d4a3b8777534a9bdbd8fb0c6cfc8f [bord gauche] 3200,0,-800 3200,0,-775 3200,0,-750 3200,0,-725 3200,0,-700 3200,0,-675 3200,0,-650 3200,0,-625 3200,0,-600 3200,0,-575 3200,0,-550 3200,0,-525 3200,0,-500 3200,0,-475 3200,0,-450 3200,0,-425 3200,0,-400 3200,0,-375 3200,0,-350 3200,0,-325 3200,0,-300 3200,0,-275 3200,0,-250 3200,0,-225 3200,0,-200 3200,0,-175 3200,0,-150 3200,0,-125 3200,0,-100 3200,0,-75 3200,0,-50 3200,0,-25 3200,0,0 3200,0,25 3200,0,50 3200,0,75 3200,0,100 3200,0,125 3200,0,150 3200,0,175 3200,0,200 3200,0,225 3200,0,250 3200,0,275 3200,0,300 3200,0,325 3200,0,350 3200,0,375 3200,0,400 3200,0,425 3200,0,450 3200,0,475 3200,0,500 3200,0,525 3200,0,550 3200,0,575 3200,0,600 3200,0,625 3200,0,650 3200,0,675 3200,0,700 3200,0,725 3200,0,750 3200,0,775 3200,0,800
mouvement 489d4a3b8777534a9bdbd8fb0c6cfc8f [bord droit] 3600,0,-800 3600,0,-775 3600,0,-750 3600,0,-725 3600,0,-700 3600,0,-675 3600,0,-650 3600,0,-625 3600,0,-600 3600,0,-575 3600,0,-550 3600,0,-525 3600,0,-500 3600,0,-475 3600,0,-450 3600,0,-425 3600,0,-400 3600,0,-375 3600,0,-350 3600,0,-325 3600,0,-300 3600,0,-275 3600,0,-250 3600,0,-225 3600,0,-200 3600,0,-175 3600,0,-150 3600,0,-125 3600,0,-100 3600,0,-75 3600,0,-50 3600,0,-25 3600,0,0 3600,0,25 3600,0,50 3600,0,75 3600,0,100 3600,0,125 3600,0,150 3600,0,175 3600,0,200 3600,0,225 3600,0,250 3600,0,275 3600,0,300 3600,0,325 3600,0,350 3600,0,375 3600,0,400 3600,0,425 3600,0,450 3600,0,475 3600,0,500 3600,0,525 3600,0,550 3600,0,575 3600,0,600 3600,0,625 3600,0,650 3600,0,675 3600,0,700 3600,0,725 3600,0,750 3600,0,775 3600,0,800
mouvement 4f4973455028fea27294a19295e2e091 [centre] 3400,0,-800 3400,0,-784 3399,0,-768 3398,0,-753 3397,0,-737 3395,0,-721 3393,0,-705 3391,0,-689 3388,0,-673 3385,0,-657 3381,0,-642 3377,0,-626 3373,0,-610 3369,0,-594 3364,0,-578 3359,0,-562 3353,0,-546 3347,0,-531 3341,0,-515 3335,0,-499 3328,0,-484 3321,0,-468 3314,0,-453 3306,0,-437 3298,0,-422 3290,0,-406 3282,0,-391 3273,0,-376 3264,0,-361 3255,0,-346 3245,0,-331 3236,0,-316 3226,0,-302 3216,0,-287 3205,0,-273 3195,0,-259 3184,0,-244 3173,0,-230 3161,0,-216 3150,0,-203 3138,0,-189 3126,0,-176 3114,0,-162 3102,0,-149 3089,0,-136 3077,0,-123 3064,0,-111 3051,0,-98 3038,0,-86 3024,0,-74 3011,0,-62 2997,0,-50 2984,0,-39 2970,0,-27 2956,0,-16 2941,0,-5 2927,0,5 2913,0,16 2898,0,26 2884,0,36 2869,0,45 2854,0,55 2839,0,64 2824,0,73 2809,0,82 2794,0,90 2778,0,98 2763,0,106 2747,0,114 2732,0,121 2716,0,128 2701,0,135 2685,0,141 2669,0,147 2654,0,153 2638,0,159 2622,0,164 2606,0,169 2590,0,173 2574,0,177 2558,0,181 2543,0,185 2527,0,188 2511,0,191 2495,0,193 2479,0,195 2463,0,197 2447,0,198 2432,0,199 2416,0,200 2400,0,200
mouvement 4f4973455028fea27294a19295e2e091 [bord gauche] 3200,0,-800 3200,0,-789 3199,0,-778 3199,0,-767 3198,0,-756 3197,0,-745 3195,0,-733 3193,0,-722 3191,0,-710 3189,0,-698 3186,0,-687 3183,0,-675 3180,0,-663 3177,0,-651 3173,0,-638 3169,0,-626 3165,0,-614 3160,0,-602 3156,0,-589 3150,0,-577 3145,0,-564 3139,0,-552 3134,0,-539 3127,0,-527 3121,0,-514 3114,0,-502 3108,0,-489 3100,0,-477 3093,0,-465 3085,0,-452 3078,0,-440 3069,0,-428 3061,0,-415 3053,0,-403 3044,0,-391 3035,0,-379 3026,0,-367 3017,0,-355 3007,0,-344 2997,0,-332 2987,0,-320 2977,0,-309 2967,0,-298 2957,0,-287 2946,0,-276 2935,0,-265 2924,0,-254 2913,0,-243 2902,0,-233 2891,0,-223 2880,0,-213 2868,0,-203 2856,0,-193 2845,0,-183 2833,0,-174 2821,0,-165 2809,0,-156 2797,0,-147 2785,0,-139 2772,0,-131 2760,0,-122 2748,0,-115 2735,0,-107 2723,0,-100 2711,0,-92 2698,0,-86 2686,0,-79 2673,0,-73 2661,0,-66 2648,0,-61 2636,0,-55 2623,0,-50 2611,0,-44 2598,0,-40 2586,0,-35 2574,0,-31 2562,0,-27 2549,0,-23 2537,0,-20 2525,0,-17 2513,0,-14 2502,0,-11 2490,0,-9 2478,0,-7 2467,0,-5 2455,0,-3 2444,0,-2 2433,0,-1 2422,0,-1 2411,0,0 2400,0,0
mouvement 4f4973455028fea27294a19295e2e091 [bord droit] 3600,0,-800 3600,0,-779 3599,0,-759 3598,0,-738 3596,0,-718 3594,0,-697 3591,0,-677 3588,0,-657 3584,0,-637 3580,0,-616 3576,0,-597 3571,0,-577 3566,0,-557 3560,0,-537 3555,0,-518 3548,0,-498 3541,0,-479 3534,0,-460 3527,0,-441 3519,0,-422 3511,0,-403 3503,0,-384 3494,0,-366 3485,0,-348 3476,0,-329 3466,0,-311 3456,0,-293 3446,0,-275 3435,0,-258 3425,0,-240 3413,0,-223 3402,0,-205 3391,0,-188 3379,0,-171 3367,0,-155 3354,0,-138 3342,0,-122 3329,0,-105 3316,0,-89 3303,0,-73 3289,0,-58 3275,0,-42 3261,0,-27 3247,0,-12 3233,0,3 3218,0,18 3203,0,33 3188,0,47 3173,0,61 3158,0,75 3142,0,89 3127,0,102 3111,0,116 3095,0,129 3078,0,142 3062,0,154 3045,0,167 3029,0,179 3012,0,191 2995,0,202 2977,0,213 2960,0,225 2942,0,235 2925,0,246 2907,0,256 2889,0,266 2871,0,276 2852,0,285 2834,0,294 2816,0,303 2797,0,311 2778,0,319 2759,0,327 2740,0,334 2721,0,341 2702,0,348 2682,0,355 2663,0,360 2643,0,366 2623,0,371 2603,0,376 2584,0,380 2563,0,384 2543,0,388 2523,0,391 2503,0,394 2482,0,396 2462,0,398 2441,0,399 2421,0,400 2400,0,400
mouvement 4562eaa3091e578cd4e9524af6f7908b [centre] 3000,0,800 3000,0,791 3000,0,781 2999,0,772 2998,0,763 2997,0,753 2996,0,744 2995,0,734 2993,0,725 2991,0,715 2989,0,706 2987,0,697 2984,0,687 2982,0,678 2979,0,668 2976,0,659 2972,0,650 2969,0,640 2965,0,631 2962,0,622 2958,0,612 2954,0,603 2949,0,594 2945,0,585 2940,0,575 2935,0,566 2931,0,557 2925,0,548 2920,0,539 2915,0,531 2909,0,522 2903,0,513 2898,0,504 2892,0,496 2886,0,487 2879,0,478 2873,0,470 2866,0,462 2860,0,453 2853,0,445 2846,0,437 2839,0,429 2832,0,421 2825,0,413 2817,0,405 2810,0,398 2802,0,390 2795,0,383 2787,0,375 2779,0,368 2771,0,361 2763,0,354 2755,0,347 2747,0,340 2738,0,334 2730,0,327 2722,0,321 2713,0,314 2704,0,308 2696,0,302 2687,0,297 2678,0,291 2669,0,285 2661,0,280 2652,0,275 2643,0,269 2634,0,265 2625,0,260 2615,0,255 2606,0,251 2597,0,246 2588,0,242 2578,0,238 2569,0,235 2560,0,231 2550,0,228 2541,0,224 2532,0,221 2522,0,218 2513,0,216 2503,0,213 2494,0,211 2485,0,209 2475,0,207 2466,0,205 2456,0,204 2447,0,203 2437,0,202 2428,0,201 2419,0,200 2409,0,200 2400,0,200
mouvement 4562eaa3091e578cd4e9524af6f7908b [bord gauche] 3200,0,800 3200,0,786 3199,0,772 3198,0,758 3197,0,744 3196,0,730 3194,0,716 3192,0,702 3190,0,688 3187,0,675 3184,0,661 3181,0,648 3177,0,635 3174,0,622 3170,0,609 3165,0,596 3161,0,583 3156,0,570 3151,0,557 3146,0,545 3141,0,532 3136,0,520 3130,0,508 3124,0,496 3118,0,484 3112,0,472 3105,0,460 3099,0,448 3092,0,437 3085,0,425 3078,0,414 3070,0,403 3063,0,392 3055,0,381 3047,0,370 3040,0,359 3031,0,348 3023,0,338 3015,0,327 3006,0,317 2998,0,307 2989,0,296 2980,0,286 2971,0,277 2962,0,267 2952,0,257 2943,0,248 2933,0,238 2923,0,229 2914,0,220 2904,0,211 2893,0,202 2883,0,194 2873,0,185 2862,0,177 2852,0,169 2841,0,160 2830,0,153 2819,0,145 2808,0,137 2797,0,130 2786,0,122 2775,0,115 2763,0,108 2752,0,101 2740,0,95 2728,0,88 2716,0,82 2704,0,76 2692,0,70 2680,0,64 2668,0,59 2655,0,54 2643,0,49 2630,0,44 2617,0,39 2604,0,35 2591,0,30 2578,0,26 2565,0,23 2552,0,19 2539,0,16 2525,0,13 2512,0,10 2498,0,8 2484,0,6 2470,0,4 2456,0,3 2442,0,2 2428,0,1 2414,0,0 2400,0,0
mouvement 4562eaa3091e578cd4e9524af6f7908b [bord droit] 2800,0,800 2800,0,796 2800,0,791 2799,0,786 2799,0,782 2799,0,777 2798,0,772 2797,0,767 2796,0,761 2795,0,756 2794,0,751 2793,0,745 2791,0,739 2790,0,734 2788,0,728 2786,0,722 2784,0,716 2782,0,710 2779,0,704 2777,0,698 2774,0,692 2772,0,686 2769,0,680 2766,0,674 2763,0,667 2759,0,661 2756,0,655 2752,0,648 2749,0,642 2745,0,636 2741,0,629 2737,0,623 2732,0,617 2728,0,611 2724,0,604 2719,0,598 2714,0,592 2709,0,586 2705,0,580 2700,0,573 2694,0,567 2689,0,561 2684,0,556 2678,0,550 2673,0,544 2667,0,538 2662,0,533 2656,0,527 2650,0,522 2644,0,516 2639,0,511 2633,0,506 2627,0,500 2620,0,495 2614,0,491 2608,0,486 2602,0,481 2596,0,476 2589,0,472 2583,0,468 2577,0,463 2571,0,459 2564,0,455 2558,0,451 2552,0,448 2545,0,444 2539,0,441 2533,0,437 2526,0,434 2520,0,431 2514,0,428 2508,0,426 2502,0,423 2496,0,421 2490,0,418 2484,0,416 2478,0,414 2472,0,412 2466,0,410 2461,0,409 2455,0,407 2449,0,406 2444,0,405 2439,0,404 2433,0,403 2428,0,402 2423,0,401 2418,0,401 2414,0,401 2409,0,400 2404,0,400 2400,0,400
mouvement 4bbce8157214fb0cc7c56ffb4818e38a [centre] 3000,0,800 3000,0,775 3000,0,750 3000,0,725 3000,0,700 3000,0,675 3000,0,650 3000,0,625 3000,0,600 3000,0,575 3000,0,550 3000,0,525 3000,0,500 3000,0,475 3000,0,450 3000,0,425 3000,0,400 3000,0,375 3000,0,350 3000,0,325 3000,0,300 3000,0,275 3000,0,250 3000,0,225 3000,0,200 3000,0,175 3000,0,150 3000,0,125 3000,0,100 3000,0,75 3000,0,50 3000,0,25 3000,0,0 3000,0,-25 3000,0,-50 3000,0,-75 3000,0,-100 3000,0,-125 3000,0,-150 3000,0,-175 3000,0,-200 3000,0,-225 3000,0,-250 3000,0,-275 3000,0,-300 3000,0,-325 3000,0,-350 3000,0,-375 3000,0,-400 3000,0,-425 3000,0,-450 3000,0,-475 3000,0,-500 3000,0,-525 3000,0,-550 3000,0,-575 3000,0,-600 3000,0,-625 3000,0,-650 3000,0,-675 3000,0,-700 3000,0,-725 3000,0,-750 3000,0,-775 3000,0,-800
mouvement 4bbce8157214fb0cc7c56ffb4818e38a [bord gauche] 3200,0,800 3200,0,775 3200,0,750 3200,0,725 3200,0,700 3200,0,675 3200,0,650 3200,0,625 3200,0,600 3200,0,575 3200,0,550 3200,0,525 3200,0,500 3200,0,475 3200,0,450 3200,0,425 3200,0,400 3200,0,375 3200,0,350 3200,0,325 3200,0,300 3200,0,275 3200,0,250 3200,0,225 3200,0,200 3200,0,175 3200,0,150 3200,0,125 3200,0,100 3200,0,75 3200,0,50 3200,0,25 3200,0,0 3200,0,-25 3200,0,-50 3200,0,-75 3200,0,-100 3200,0,-125 3200,0,-150 3200,0,-175 3200,0,-200 3200,0,-225 3200,0,-250 3200,0,-275 3200,0,-300 3200,0,-325 3200,0,-350 3200,0,-375 3200,0,-400 3200,0,-425 3200,0,-450 3200,0,-475 3200,0,-500 3200,0,-525 3200,0,-550 3200,0,-575 3200,0,-600 3200,0,-625 3200,0,-650 3200,0,-675 3200,0,-700 3200,0,-725 3200,0,-750 3200,0,-775 3200,0,-800
mouvement 4bbce8157214fb0cc7c56ffb4818e38a [bord droit] 2800,0,800 2800,0,775 2800,0,750 2800,0,725 2800,0,700 2800,0,675 2800,0,650 2800,0,625 2800,0,600 2800,0,575 2800,0,550 2800,0,525 2800,0,500 2800,0,475 2800,0,450 2800,0,425 2800,0,400 2800,0,375 2800,0,350 2800,0,325 2800,0,300 2800,0,275 2800,0,250 2800,0,225 2800,0,200 2800,0,175 2800,0,150 2800,0,125 2800,0,100 2800,0,75 2800,0,50 2800,0,25 2800,0,0 2800,0,-25 2800,0,-50 2800,0,-75 2800,0,-100 2800,0,-125 2800,0,-150 2800,0,-175 2800,0,-200 2800,0,-225 2800,0,-250 2800,0,-275 2800,0,-300 2800,0,-325 2800,0,-350 2800,0,-375 2800,0,-400 2800,0,-425 2800,0,-450 2800,0,-475 2800,0,-500 2800,0,-525 2800,0,-550 2800,0,-575 2800,0,-600 2800,0,-625 2800,0,-650 2800,0,-675 2800,0,-700 2800,0,-725 2800,0,-750 2800,0,-775 2800,0,-800
mouvement 40518565227156c444c481089e3df481 [centre] 2400,0,-200 2409,0,-200 2419,0,-200 2428,0,-201 2437,0,-202 2447,0,-203 2456,0,-204 2466,0,-205 2475,0,-207 2485,0,-209 2494,0,-211 2503,0,-213 2513,0,-216 2522,0,-218 2532,0,-221 2541,0,-224 2550,0,-228 2560,0,-231 2569,0,-235 2578,0,-238 2588,0,-242 2597,0,-246 2606,0,-251 2615,0,-255 2625,0,-260 2634,0,-265 2643,0,-269 2652,0,-275 2661,0,-280 2669,0,-285 2678,0,-291 2687,0,-297 2696,0,-302 2704,0,-308 2713,0,-314 2722,0,-321 2730,0,-327 2738,0,-334 2747,0,-340 2755,0,-347 2763,0,-354 2771,0,-361 2779,0,-368 2787,0,-375 2795,0,-383 2802,0,-390 2810,0,-398 2817,0,-405 2825,0,-413 2832,0,-421 2839,0,-429 2846,0,-437 2853,0,-445 2860,0,-453 2866,0,-462 2873,0,-470 2879,0,-478 2886,0,-487 2892,0,-496 2898,0,-504 2903,0,-513 2909,0,-522 2915,0,-531 2920,0,-539 2925,0,-548 2931,0,-557 2935,0,-566 2940,0,-575 2945,0,-585 2949,0,-594 2954,0,-603 2958,0,-612 2962,0,-622 2965,0,-631 2969,0,-640 2972,0,-650 2976,0,-659 2979,0,-668 2982,0,-678 2984,0,-687 2987,0,-697 2989,0,-706 2991,0,-715 2993,0,-725 2995,0,-734 2996,0,-744 2997,0,-753 2998,0,-763 2999,0,-772 3000,0,-781 3000,0,-791 3000,0,-800
mouvement 40518565227156c444c481089e3df481 [bord gauche] 2400,0,0 2414,0,0 2428,0,-1 2442,0,-2 2456,0,-3 2470,0,-4 2484,0,-6 2498,0,-8 2512,0,-10 2525,0,-13 2539,0,-16 2552,0,-19 2565,0,-23 2578,0,-26 2591,0,-30 2604,0,-35 2617,0,-39 2630,0,-44 2643,0,-49 2655,0,-54 2668,0,-59 2680,0,-64 2692,0,-70 2704,0,-76 2716,0,-82 2728,0,-88 2740,0,-95 2752,0,-101 2763,0,-108 2775,0,-115 2786,0,-122 2797,0,-130 2808,0,-137 2819,0,-145 2830,0,-153 2841,0,-160 2852,0,-169 2862,0,-177 2873,0,-185 2883,0,-194 2893,0,-202 2904,0,-211 2914,0,-220 2923,0,-229 2933,0,-238 2943,0,-248 2952,0,-257 2962,0,-267 2971,0,-277 2980,0,-286 2989,0,-296 2998,0,-307 3006,0,-317 3015,0,-327 3023,0,-338 3031,0,-348 3040,0,-359 3047,0,-370 3055,0,-381 3063,0,-392 3070,0,-403 3078,0,-414 3085,0,-425 3092,0,-437 3099,0,-448 3105,0,-460 3112,0,-472 3118,0,-484 3124,0,-496 3130,0,-508 3136,0,-520 3141,0,-532 3146,0,-545 3151,0,-557 3156,0,-570 3161,0,-583 3165,0,-596 3170,0,-609 3174,0,-622 3177,0,-635 3181,0,-648 3184,0,-661 3187,0,-675 3190,0,-688 3192,0,-702 3194,0,-716 3196,0,-730 3197,0,-744 3198,0,-758 3199,0,-772 3200,0,-786 3200,0,-800
mouvement 40518565227156c444c481089e3df481 [bord droit] 2400,0,-400 2404,0,-400 2409,0,-400 2414,0,-401 2418,0,-401 2423,0,-401 2428,0,-402 2433,0,-403 2439,0,-404 2444,0,-405 2449,0,-406 2455,0,-407 2461,0,-409 2466,0,-410 2472,0,-412 2478,0,-414 2484,0,-416 2490,0,-418 2496,0,-421 2502,0,-423 2508,0,-426 2514,0,-428 2520,0,-431 2526,0,-434 2533,0,-437 2539,0,-441 2545,0,-444 2552,0,-448 2558,0,-451 2564,0,-455 2571,0,-459 2577,0,-463 2583,0,-468 2589,0,-472 2596,0,-476 2602,0,-481 2608,0,-486 2614,0,-491 2620,0,-495 2627,0,-500 2633,0,-506 2639,0,-511 2644,0,-516 2650,0,-521 2656,0,-527 2662,0,-533 2667,0,-538 2673,0,-544 2678,0,-550 2684,0,-556 2689,0,-561 2694,0,-567 2700,0,-573 2705,0,-580 2709,0,-586 2714,0,-592 2719,0,-598 2724,0,-604 2728,0,-611 2732,0,-617 2737,0,-623 2741,0,-629 2745,0,-636 2749,0,-642 2752,0,-648 2756,0,-655 2759,0,-661 2763,0,-667 2766,0,-674 2769,0,-680 2772,0,-686 2774,0,-692 2777,0,-698 2779,0,-704 2782,0,-710 2784,0,-716 2786,0,-722 2788,0,-728 2790,0,-734 2791,0,-739 2793,0,-745 2794,0,-751 2795,0,-756 2796,0,-761 2797,0,-767 2798,0,-772 2799,0,-777 2799,0,-782 2799,0,-786 2800,0,-791 2800,0,-796 2800,0,-800
mouvement 408a596007f75c3640fb9f816f896c86 [centre] 2400,0,-200 2416,0,-200 2432,0,-199 2447,0,-198 2463,0,-197 2479,0,-195 2495,0,-193 2511,0,-191 2527,0,-188 2543,0,-185 2558,0,-181 2574,0,-177 2590,0,-173 2606,0,-169 2622,0,-164 2638,0,-159 2654,0,-153 2669,0,-147 2685,0,-141 2701,0,-135 2716,0,-128 2732,0,-121 2747,0,-114 2763,0,-106 2778,0,-98 2794,0,-90 2809,0,-82 2824,0,-73 2839,0,-64 2854,0,-55 2869,0,-45 2884,0,-36 2898,0,-26 2913,0,-16 2927,0,-5 2941,0,5 2956,0,16 2970,0,27 2984,0,39 2997,0,50 3011,0,62 3024,0,74 3038,0,86 3051,0,98 3064,0,111 3077,0,123 3089,0,136 3102,0,149 3114,0,162 3126,0,176 3138,0,189 3150,0,203 3161,0,216 3173,0,230 3184,0,244 3195,0,259 3205,0,273 3216,0,287 3226,0,302 3236,0,316 3245,0,331 3255,0,346 3264,0,361 3273,0,376 3282,0,391 3290,0,406 3298,0,422 3306,0,437 3314,0,453 3321,0,468 3328,0,484 3335,0,499 3341,0,515 3347,0,531 3353,0,546 3359,0,562 3364,0,578 3369,0,594 3373,0,610 3377,0,626 3381,0,642 3385,0,657 3388,0,673 3391,0,689 3393,0,705 3395,0,721 3397,0,737 3398,0,753 3399,0,768 3400,0,784 3400,0,800
mouvement 408a596007f75c3640fb9f816f896c86 [bord gauche] 2400,0,0 2411,0,0 2422,0,1 2433,0,1 2444,0,2 2455,0,3 2467,0,5 2478,0,7 2490,0,9 2502,0,11 2513,0,14 2525,0,17 2537,0,20 2549,0,23 2562,0,27 2574,0,31 2586,0,35 2598,0,40 2611,0,44 2623,0,50 2636,0,55 2648,0,61 2661,0,66 2673,0,73 2686,0,79 2698,0,86 2711,0,92 2723,0,100 2735,0,107 2748,0,115 2760,0,122 2772,0,131 2785,0,139 2797,0,147 2809,0,156 2821,0,165 2833,0,174 2845,0,183 2856,0,193 2868,0,203 2880,0,213 2891,0,223 2902,0,233 2913,0,243 2924,0,254 2935,0,265 2946,0,276 2957,0,287 2967,0,298 2977,0,309 2987,0,320 2997,0,332 3007,0,344 3017,0,355 3026,0,367 3035,0,379 3044,0,391 3053,0,403 3061,0,415 3069,0,428 3078,0,440 3085,0,452 3093,0,465 3100,0,477 3108,0,489 3114,0,502 3121,0,514 3127,0,527 3134,0,539 3139,0,552 3145,0,564 3150,0,577 3156,0,589 3160,0,602 3165,0,614 3169,0,626 3173,0,638 3177,0,651 3180,0,663 3183,0,675 3186,0,687 3189,0,698 3191,0,710 3193,0,722 3195,0,733 3197,0,745 3198,0,756 3199,0,767 3199,0,778 3200,0,789 3200,0,800
mouvement 408a596007f75c3640fb9f816f896c86 [bord droit] 2400,0,-400 2421,0,-400 2441,0,-399 2462,0,-398 2482,0,-396 2503,0,-394 2523,0,-391 2543,0,-388 2563,0,-384 2584,0,-380 2603,0,-376 2623,0,-371 2643,0,-366 2663,0,-360 2682,0,-355 2702,0,-348 2721,0,-341 2740,0,-334 2759,0,-327 2778,0,-319 2797,0,-311 2816,0,-303 2834,0,-294 2852,0,-285 2871,0,-276 2889,0,-266 2907,0,-256 2925,0,-246 2942,0,-235 2960,0,-225 2977,0,-213 2995,0,-202 3012,0,-191 3029,0,-179 3045,0,-167 3062,0,-154 3078,0,-142 3095,0,-129 3111,0,-116 3127,0,-103 3142,0,-89 3158,0,-75 3173,0,-61 3188,0,-47 3203,0,-33 3218,0,-18 3233,0,-3 3247,0,12 3261,0,27 3275,0,42 3289,0,58 3303,0,73 3316,0,89 3329,0,105 3342,0,122 3354,0,138 3367,0,155 3379,0,171 3391,0,188 3402,0,205 3413,0,223 3425,0,240 3435,0,258 3446,0,275 3456,0,293 3466,0,311 3476,0,329 3485,0,348 3494,0,366 3503,0,384 3511,0,403 3519,0,422 3527,0,441 3534,0,460 3541,0,479 3548,0,498 3555,0,518 3560,0,537 3566,0,557 3571,0,577 3576,0,597 3580,0,616 3584,0,637 3588,0,657 3591,0,677 3594,0,697 3596,0,718 3598,0,738 3599,0,759 3600,0,779 3600,0,800
zone 433b2a4fbf3fe4c8557ecd7b832e4fb1 [408a596007f75c3640fb9f816f896c86 x 489d4a3b8777534a9bdbd8fb0c6cfc8f] 3281,0,464 ; 247,128,464
zone 43bbfeff3c02c3bf890cd95139e295a3 [4bbce8157214fb0cc7c56ffb4818e38a x 4f4973455028fea27294a19295e2e091] 3004,0,-80 ; 363,128,464
zone 468af52ce1bbea22b1482f15af632390 [408a596007f75c3640fb9f816f896c86 x 4f4973455028fea27294a19295e2e091] 2916,0,0 ; 334,128,298
zone 47c7fee4039145473209b7b5d87472b3 [40518565227156c444c481089e3df481 x 4bbce8157214fb0cc7c56ffb4818e38a] 2874,0,-528 ; 254,128,400
zone 48dacd01988ac15ff1cf37499497f885 [4562eaa3091e578cd4e9524af6f7908b x 4f4973455028fea27294a19295e2e091] 2599,0,224 ; 327,128,264
zone 4a435f4e82a6a473eee3d534a3378fb9 [408a596007f75c3640fb9f816f896c86 x 4bbce8157214fb0cc7c56ffb4818e38a] 3012,0,80 ; 372,128,464
controle 4370991f7408a41ba87432f030daf299 [Uncontrolled, approche 43cf13ae1ef6b701bbcd906cdea7df90, 2 mouvements] 2400,0,-200
controle 4b5be59852dbf8c943063c130a89abbe [Uncontrolled, approche 4bc735b758e931a2e6a2faa6a7cf198b, 2 mouvements] 3400,0,-800
controle 4e342ab49e0487a48fc599a311150694 [Uncontrolled, approche 4970addfd3bf6360c8191bf0f3eeafb7, 2 mouvements] 3000,0,800

instance GlobalObjectId_V1-2-ee081d5cbff641bb9dd499b4f13a8d62-2174360367984508665-1186247037 TJunction_West (TJunction)
frontiere 442bd8af1793e34f2d407ec98f9e6581 [TJunction] -2900,0,0 ; 700,200,1000
mouvement 40ca7f10a97f50a918e8c3a2a1e58493 [centre] -3400,0,800 -3400,0,775 -3400,0,750 -3400,0,725 -3400,0,700 -3400,0,675 -3400,0,650 -3400,0,625 -3400,0,600 -3400,0,575 -3400,0,550 -3400,0,525 -3400,0,500 -3400,0,475 -3400,0,450 -3400,0,425 -3400,0,400 -3400,0,375 -3400,0,350 -3400,0,325 -3400,0,300 -3400,0,275 -3400,0,250 -3400,0,225 -3400,0,200 -3400,0,175 -3400,0,150 -3400,0,125 -3400,0,100 -3400,0,75 -3400,0,50 -3400,0,25 -3400,0,0 -3400,0,-25 -3400,0,-50 -3400,0,-75 -3400,0,-100 -3400,0,-125 -3400,0,-150 -3400,0,-175 -3400,0,-200 -3400,0,-225 -3400,0,-250 -3400,0,-275 -3400,0,-300 -3400,0,-325 -3400,0,-350 -3400,0,-375 -3400,0,-400 -3400,0,-425 -3400,0,-450 -3400,0,-475 -3400,0,-500 -3400,0,-525 -3400,0,-550 -3400,0,-575 -3400,0,-600 -3400,0,-625 -3400,0,-650 -3400,0,-675 -3400,0,-700 -3400,0,-725 -3400,0,-750 -3400,0,-775 -3400,0,-800
mouvement 40ca7f10a97f50a918e8c3a2a1e58493 [bord gauche] -3200,0,800 -3200,0,775 -3200,0,750 -3200,0,725 -3200,0,700 -3200,0,675 -3200,0,650 -3200,0,625 -3200,0,600 -3200,0,575 -3200,0,550 -3200,0,525 -3200,0,500 -3200,0,475 -3200,0,450 -3200,0,425 -3200,0,400 -3200,0,375 -3200,0,350 -3200,0,325 -3200,0,300 -3200,0,275 -3200,0,250 -3200,0,225 -3200,0,200 -3200,0,175 -3200,0,150 -3200,0,125 -3200,0,100 -3200,0,75 -3200,0,50 -3200,0,25 -3200,0,0 -3200,0,-25 -3200,0,-50 -3200,0,-75 -3200,0,-100 -3200,0,-125 -3200,0,-150 -3200,0,-175 -3200,0,-200 -3200,0,-225 -3200,0,-250 -3200,0,-275 -3200,0,-300 -3200,0,-325 -3200,0,-350 -3200,0,-375 -3200,0,-400 -3200,0,-425 -3200,0,-450 -3200,0,-475 -3200,0,-500 -3200,0,-525 -3200,0,-550 -3200,0,-575 -3200,0,-600 -3200,0,-625 -3200,0,-650 -3200,0,-675 -3200,0,-700 -3200,0,-725 -3200,0,-750 -3200,0,-775 -3200,0,-800
mouvement 40ca7f10a97f50a918e8c3a2a1e58493 [bord droit] -3600,0,800 -3600,0,775 -3600,0,750 -3600,0,725 -3600,0,700 -3600,0,675 -3600,0,650 -3600,0,625 -3600,0,600 -3600,0,575 -3600,0,550 -3600,0,525 -3600,0,500 -3600,0,475 -3600,0,450 -3600,0,425 -3600,0,400 -3600,0,375 -3600,0,350 -3600,0,325 -3600,0,300 -3600,0,275 -3600,0,250 -3600,0,225 -3600,0,200 -3600,0,175 -3600,0,150 -3600,0,125 -3600,0,100 -3600,0,75 -3600,0,50 -3600,0,25 -3600,0,0 -3600,0,-25 -3600,0,-50 -3600,0,-75 -3600,0,-100 -3600,0,-125 -3600,0,-150 -3600,0,-175 -3600,0,-200 -3600,0,-225 -3600,0,-250 -3600,0,-275 -3600,0,-300 -3600,0,-325 -3600,0,-350 -3600,0,-375 -3600,0,-400 -3600,0,-425 -3600,0,-450 -3600,0,-475 -3600,0,-500 -3600,0,-525 -3600,0,-550 -3600,0,-575 -3600,0,-600 -3600,0,-625 -3600,0,-650 -3600,0,-675 -3600,0,-700 -3600,0,-725 -3600,0,-750 -3600,0,-775 -3600,0,-800
mouvement 44942dfab8e1f05d644474a6257b5e96 [centre] -3400,0,800 -3400,0,784 -3399,0,768 -3398,0,753 -3397,0,737 -3395,0,721 -3393,0,705 -3391,0,689 -3388,0,673 -3385,0,657 -3381,0,642 -3377,0,626 -3373,0,610 -3369,0,594 -3364,0,578 -3359,0,562 -3353,0,546 -3347,0,531 -3341,0,515 -3335,0,499 -3328,0,484 -3321,0,468 -3314,0,453 -3306,0,437 -3298,0,422 -3290,0,406 -3282,0,391 -3273,0,376 -3264,0,361 -3255,0,346 -3245,0,331 -3236,0,316 -3226,0,302 -3216,0,287 -3205,0,273 -3195,0,259 -3184,0,244 -3173,0,230 -3161,0,216 -3150,0,203 -3138,0,189 -3126,0,176 -3114,0,162 -3102,0,149 -3089,0,136 -3077,0,123 -3064,0,111 -3051,0,98 -3038,0,86 -3024,0,74 -3011,0,62 -2997,0,50 -2984,0,39 -2970,0,27 -2956,0,16 -2941,0,5 -2927,0,-5 -2913,0,-16 -2898,0,-26 -2884,0,-36 -2869,0,-45 -2854,0,-55 -2839,0,-64 -2824,0,-73 -2809,0,-82 -2794,0,-90 -2778,0,-98 -2763,0,-106 -2747,0,-114 -2732,0,-121 -2716,0,-128 -2701,0,-135 -2685,0,-141 -2669,0,-147 -2654,0,-153 -2638,0,-159 -2622,0,-164 -2606,0,-169 -2590,0,-173 -2574,0,-177 -2558,0,-181 -2543,0,-185 -2527,0,-188 -2511,0,-191 -2495,0,-193 -2479,0,-195 -2463,0,-197 -2447,0,-198 -2432,0,-199 -2416,0,-200 -2400,0,-200
mouvement 44942dfab8e1f05d644474a6257b5e96 [bord gauche] -3200,0,800 -3200,0,789 -3199,0,778 -3199,0,767 -3198,0,756 -3197,0,745 -3195,0,733 -3193,0,722 -3191,0,710 -3189,0,698 -3186,0,687 -3183,0,675 -3180,0,663 -3177,0,651 -3173,0,638 -3169,0,626 -3165,0,614 -3160,0,602 -3156,0,589 -3150,0,577 -3145,0,564 -3139,0,552 -3134,0,539 -3127,0,527 -3121,0,514 -3114,0,502 -3108,0,489 -3100,0,477 -3093,0,465 -3085,0,452 -3078,0,440 -3069,0,428 -3061,0,415 -3053,0,403 -3044,0,391 -3035,0,379 -3026,0,367 -3017,0,355 -3007,0,344 -2997,0,332 -2987,0,320 -2977,0,309 -2967,0,298 -2957,0,287 -2946,0,276 -2935,0,265 -2924,0,254 -2913,0,243 -2902,0,233 -2891,0,223 -2880,0,213 -2868,0,203 -2856,0,193 -2845,0,183 -2833,0,174 -2821,0,165 -2809,0,156 -2797,0,147 -2785,0,139 -2772,0,131 -2760,0,122 -2748,0,115 -2735,0,107 -2723,0,100 -2711,0,92 -2698,0,86 -2686,0,79 -2673,0,73 -2661,0,66 -2648,0,61 -2636,0,55 -2623,0,50 -2611,0,44 -2598,0,40 -2586,0,35 -2574,0,31 -2562,0,27 -2549,0,23 -2537,0,20 -2525,0,17 -2513,0,14 -2502,0,11 -2490,0,9 -2478,0,7 -2467,0,5 -2455,0,3 -2444,0,2 -2433,0,1 -2422,0,1 -2411,0,0 -2400,0,0
mouvement 44942dfab8e1f05d644474a6257b5e96 [bord droit] -3600,0,800 -3600,0,779 -3599,0,759 -3598,0,738 -3596,0,718 -3594,0,697 -3591,0,677 -3588,0,657 -3584,0,637 -3580,0,616 -3576,0,597 -3571,0,577 -3566,0,557 -3560,0,537 -3555,0,518 -3548,0,498 -3541,0,479 -3534,0,460 -3527,0,441 -3519,0,422 -3511,0,403 -3503,0,384 -3494,0,366 -3485,0,348 -3476,0,329 -3466,0,311 -3456,0,293 -3446,0,275 -3435,0,258 -3425,0,240 -3413,0,223 -3402,0,205 -3391,0,188 -3379,0,171 -3367,0,155 -3354,0,138 -3342,0,122 -3329,0,105 -3316,0,89 -3303,0,73 -3289,0,58 -3275,0,42 -3261,0,27 -3247,0,12 -3233,0,-3 -3218,0,-18 -3203,0,-33 -3188,0,-47 -3173,0,-61 -3158,0,-75 -3142,0,-89 -3127,0,-102 -3111,0,-116 -3095,0,-129 -3078,0,-142 -3062,0,-154 -3045,0,-167 -3029,0,-179 -3012,0,-191 -2995,0,-202 -2977,0,-213 -2960,0,-225 -2942,0,-235 -2925,0,-246 -2907,0,-256 -2889,0,-266 -2871,0,-276 -2852,0,-285 -2834,0,-294 -2816,0,-303 -2797,0,-311 -2778,0,-319 -2759,0,-327 -2740,0,-334 -2721,0,-341 -2702,0,-348 -2682,0,-355 -2663,0,-360 -2643,0,-366 -2623,0,-371 -2603,0,-376 -2584,0,-380 -2563,0,-384 -2543,0,-388 -2523,0,-391 -2503,0,-394 -2482,0,-396 -2462,0,-398 -2441,0,-399 -2421,0,-400 -2400,0,-400
mouvement 4dc4e81b4c9cdd45e0484d2e9daeb888 [centre] -3000,0,-800 -3000,0,-791 -3000,0,-781 -2999,0,-772 -2998,0,-763 -2997,0,-753 -2996,0,-744 -2995,0,-734 -2993,0,-725 -2991,0,-715 -2989,0,-706 -2987,0,-697 -2984,0,-687 -2982,0,-678 -2979,0,-668 -2976,0,-659 -2972,0,-650 -2969,0,-640 -2965,0,-631 -2962,0,-622 -2958,0,-612 -2954,0,-603 -2949,0,-594 -2945,0,-585 -2940,0,-575 -2935,0,-566 -2931,0,-557 -2925,0,-548 -2920,0,-539 -2915,0,-531 -2909,0,-522 -2903,0,-513 -2898,0,-504 -2892,0,-496 -2886,0,-487 -2879,0,-478 -2873,0,-470 -2866,0,-462 -2860,0,-453 -2853,0,-445 -2846,0,-437 -2839,0,-429 -2832,0,-421 -2825,0,-413 -2817,0,-405 -2810,0,-398 -2802,0,-390 -2795,0,-383 -2787,0,-375 -2779,0,-368 -2771,0,-361 -2763,0,-354 -2755,0,-347 -2747,0,-340 -2738,0,-334 -2730,0,-327 -2722,0,-321 -2713,0,-314 -2704,0,-308 -2696,0,-302 -2687,0,-297 -2678,0,-291 -2669,0,-285 -2661,0,-280 -2652,0,-275 -2643,0,-269 -2634,0,-265 -2625,0,-260 -2615,0,-255 -2606,0,-251 -2597,0,-246 -2588,0,-242 -2578,0,-238 -2569,0,-235 -2560,0,-231 -2550,0,-228 -2541,0,-224 -2532,0,-221 -2522,0,-218 -2513,0,-216 -2503,0,-213 -2494,0,-211 -2485,0,-209 -2475,0,-207 -2466,0,-205 -2456,0,-204 -2447,0,-203 -2437,0,-202 -2428,0,-201 -2419,0,-200 -2409,0,-200 -2400,0,-200
mouvement 4dc4e81b4c9cdd45e0484d2e9daeb888 [bord gauche] -3200,0,-800 -3200,0,-786 -3199,0,-772 -3198,0,-758 -3197,0,-744 -3196,0,-730 -3194,0,-716 -3192,0,-702 -3190,0,-688 -3187,0,-675 -3184,0,-661 -3181,0,-648 -3177,0,-635 -3174,0,-622 -3170,0,-609 -3165,0,-596 -3161,0,-583 -3156,0,-570 -3151,0,-557 -3146,0,-545 -3141,0,-532 -3136,0,-520 -3130,0,-508 -3124,0,-496 -3118,0,-484 -3112,0,-472 -3105,0,-460 -3099,0,-448 -3092,0,-437 -3085,0,-425 -3078,0,-414 -3070,0,-403 -3063,0,-392 -3055,0,-381 -3047,0,-370 -3040,0,-359 -3031,0,-348 -3023,0,-338 -3015,0,-327 -3006,0,-317 -2998,0,-307 -2989,0,-296 -2980,0,-286 -2971,0,-277 -2962,0,-267 -2952,0,-257 -2943,0,-248 -2933,0,-238 -2923,0,-229 -2914,0,-220 -2904,0,-211 -2893,0,-202 -2883,0,-194 -2873,0,-185 -2862,0,-177 -2852,0,-169 -2841,0,-160 -2830,0,-153 -2819,0,-145 -2808,0,-137 -2797,0,-130 -2786,0,-122 -2775,0,-115 -2763,0,-108 -2752,0,-101 -2740,0,-95 -2728,0,-88 -2716,0,-82 -2704,0,-76 -2692,0,-70 -2680,0,-64 -2668,0,-59 -2655,0,-54 -2643,0,-49 -2630,0,-44 -2617,0,-39 -2604,0,-35 -2591,0,-30 -2578,0,-26 -2565,0,-23 -2552,0,-19 -2539,0,-16 -2525,0,-13 -2512,0,-10 -2498,0,-8 -2484,0,-6 -2470,0,-4 -2456,0,-3 -2442,0,-2 -2428,0,-1 -2414,0,0 -2400,0,0
mouvement 4dc4e81b4c9cdd45e0484d2e9daeb888 [bord droit] -2800,0,-800 -2800,0,-796 -2800,0,-791 -2799,0,-786 -2799,0,-782 -2799,0,-777 -2798,0,-772 -2797,0,-767 -2796,0,-761 -2795,0,-756 -2794,0,-751 -2793,0,-745 -2791,0,-739 -2790,0,-734 -2788,0,-728 -2786,0,-722 -2784,0,-716 -2782,0,-710 -2779,0,-704 -2777,0,-698 -2774,0,-692 -2772,0,-686 -2769,0,-680 -2766,0,-674 -2763,0,-667 -2759,0,-661 -2756,0,-655 -2752,0,-648 -2749,0,-642 -2745,0,-636 -2741,0,-629 -2737,0,-623 -2732,0,-617 -2728,0,-611 -2724,0,-604 -2719,0,-598 -2714,0,-592 -2709,0,-586 -2705,0,-580 -2700,0,-573 -2694,0,-567 -2689,0,-561 -2684,0,-556 -2678,0,-550 -2673,0,-544 -2667,0,-538 -2662,0,-533 -2656,0,-527 -2650,0,-522 -2644,0,-516 -2639,0,-511 -2633,0,-506 -2627,0,-500 -2620,0,-495 -2614,0,-491 -2608,0,-486 -2602,0,-481 -2596,0,-476 -2589,0,-472 -2583,0,-468 -2577,0,-463 -2571,0,-459 -2564,0,-455 -2558,0,-451 -2552,0,-448 -2545,0,-444 -2539,0,-441 -2533,0,-437 -2526,0,-434 -2520,0,-431 -2514,0,-428 -2508,0,-426 -2502,0,-423 -2496,0,-421 -2490,0,-418 -2484,0,-416 -2478,0,-414 -2472,0,-412 -2466,0,-410 -2461,0,-409 -2455,0,-407 -2449,0,-406 -2444,0,-405 -2439,0,-404 -2433,0,-403 -2428,0,-402 -2423,0,-401 -2418,0,-401 -2414,0,-401 -2409,0,-400 -2404,0,-400 -2400,0,-400
mouvement 48af5815b3bc108d4b441d89a7823d88 [centre] -3000,0,-800 -3000,0,-775 -3000,0,-750 -3000,0,-725 -3000,0,-700 -3000,0,-675 -3000,0,-650 -3000,0,-625 -3000,0,-600 -3000,0,-575 -3000,0,-550 -3000,0,-525 -3000,0,-500 -3000,0,-475 -3000,0,-450 -3000,0,-425 -3000,0,-400 -3000,0,-375 -3000,0,-350 -3000,0,-325 -3000,0,-300 -3000,0,-275 -3000,0,-250 -3000,0,-225 -3000,0,-200 -3000,0,-175 -3000,0,-150 -3000,0,-125 -3000,0,-100 -3000,0,-75 -3000,0,-50 -3000,0,-25 -3000,0,0 -3000,0,25 -3000,0,50 -3000,0,75 -3000,0,100 -3000,0,125 -3000,0,150 -3000,0,175 -3000,0,200 -3000,0,225 -3000,0,250 -3000,0,275 -3000,0,300 -3000,0,325 -3000,0,350 -3000,0,375 -3000,0,400 -3000,0,425 -3000,0,450 -3000,0,475 -3000,0,500 -3000,0,525 -3000,0,550 -3000,0,575 -3000,0,600 -3000,0,625 -3000,0,650 -3000,0,675 -3000,0,700 -3000,0,725 -3000,0,750 -3000,0,775 -3000,0,800
mouvement 48af5815b3bc108d4b441d89a7823d88 [bord gauche] -3200,0,-800 -3200,0,-775 -3200,0,-750 -3200,0,-725 -3200,0,-700 -3200,0,-675 -3200,0,-650 -3200,0,-625 -3200,0,-600 -3200,0,-575 -3200,0,-550 -3200,0,-525 -3200,0,-500 -3200,0,-475 -3200,0,-450 -3200,0,-425 -3200,0,-400 -3200,0,-375 -3200,0,-350 -3200,0,-325 -3200,0,-300 -3200,0,-275 -3200,0,-250 -3200,0,-225 -3200,0,-200 -3200,0,-175 -3200,0,-150 -3200,0,-125 -3200,0,-100 -3200,0,-75 -3200,0,-50 -3200,0,-25 -3200,0,0 -3200,0,25 -3200,0,50 -3200,0,75 -3200,0,100 -3200,0,125 -3200,0,150 -3200,0,175 -3200,0,200 -3200,0,225 -3200,0,250 -3200,0,275 -3200,0,300 -3200,0,325 -3200,0,350 -3200,0,375 -3200,0,400 -3200,0,425 -3200,0,450 -3200,0,475 -3200,0,500 -3200,0,525 -3200,0,550 -3200,0,575 -3200,0,600 -3200,0,625 -3200,0,650 -3200,0,675 -3200,0,700 -3200,0,725 -3200,0,750 -3200,0,775 -3200,0,800
mouvement 48af5815b3bc108d4b441d89a7823d88 [bord droit] -2800,0,-800 -2800,0,-775 -2800,0,-750 -2800,0,-725 -2800,0,-700 -2800,0,-675 -2800,0,-650 -2800,0,-625 -2800,0,-600 -2800,0,-575 -2800,0,-550 -2800,0,-525 -2800,0,-500 -2800,0,-475 -2800,0,-450 -2800,0,-425 -2800,0,-400 -2800,0,-375 -2800,0,-350 -2800,0,-325 -2800,0,-300 -2800,0,-275 -2800,0,-250 -2800,0,-225 -2800,0,-200 -2800,0,-175 -2800,0,-150 -2800,0,-125 -2800,0,-100 -2800,0,-75 -2800,0,-50 -2800,0,-25 -2800,0,0 -2800,0,25 -2800,0,50 -2800,0,75 -2800,0,100 -2800,0,125 -2800,0,150 -2800,0,175 -2800,0,200 -2800,0,225 -2800,0,250 -2800,0,275 -2800,0,300 -2800,0,325 -2800,0,350 -2800,0,375 -2800,0,400 -2800,0,425 -2800,0,450 -2800,0,475 -2800,0,500 -2800,0,525 -2800,0,550 -2800,0,575 -2800,0,600 -2800,0,625 -2800,0,650 -2800,0,675 -2800,0,700 -2800,0,725 -2800,0,750 -2800,0,775 -2800,0,800
mouvement 4a16b65f562a0a5d8a44e286ca088493 [centre] -2400,0,200 -2409,0,200 -2419,0,200 -2428,0,201 -2437,0,202 -2447,0,203 -2456,0,204 -2466,0,205 -2475,0,207 -2485,0,209 -2494,0,211 -2503,0,213 -2513,0,216 -2522,0,218 -2532,0,221 -2541,0,224 -2550,0,228 -2560,0,231 -2569,0,235 -2578,0,238 -2588,0,242 -2597,0,246 -2606,0,251 -2615,0,255 -2625,0,260 -2634,0,265 -2643,0,269 -2652,0,275 -2661,0,280 -2669,0,285 -2678,0,291 -2687,0,297 -2696,0,302 -2704,0,308 -2713,0,314 -2722,0,321 -2730,0,327 -2738,0,334 -2747,0,340 -2755,0,347 -2763,0,354 -2771,0,361 -2779,0,368 -2787,0,375 -2795,0,383 -2802,0,390 -2810,0,398 -2817,0,405 -2825,0,413 -2832,0,421 -2839,0,429 -2846,0,437 -2853,0,445 -2860,0,453 -2866,0,462 -2873,0,470 -2879,0,478 -2886,0,487 -2892,0,496 -2898,0,504 -2903,0,513 -2909,0,522 -2915,0,531 -2920,0,539 -2925,0,548 -2931,0,557 -2935,0,566 -2940,0,575 -2945,0,585 -2949,0,594 -2954,0,603 -2958,0,612 -2962,0,622 -2965,0,631 -2969,0,640 -2972,0,650 -2976,0,659 -2979,0,668 -2982,0,678 -2984,0,687 -2987,0,697 -2989,0,706 -2991,0,715 -2993,0,725 -2995,0,734 -2996,0,744 -2997,0,753 -2998,0,763 -2999,0,772 -3000,0,781 -3000,0,791 -3000,0,800
mouvement 4a16b65f562a0a5d8a44e286ca088493 [bord gauche] -2400,0,0 -2414,0,0 -2428,0,1 -2442,0,2 -2456,0,3 -2470,0,4 -2484,0,6 -2498,0,8 -2512,0,10 -2525,0,13 -2539,0,16 -2552,0,19 -2565,0,23 -2578,0,26 -2591,0,30 -2604,0,35 -2617,0,39 -2630,0,44 -2643,0,49 -2655,0,54 -2668,0,59 -2680,0,64 -2692,0,70 -2704,0,76 -2716,0,82 -2728,0,88 -2740,0,95 -2752,0,101 -2763,0,108 -2775,0,115 -2786,0,122 -2797,0,130 -2808,0,137 -2819,0,145 -2830,0,153 -2841,0,160 -2852,0,169 -2862,0,177 -2873,0,185 -2883,0,194 -2893,0,202 -2904,0,211 -2914,0,220 -2923,0,229 -2933,0,238 -2943,0,248 -2952,0,257 -2962,0,267 -2971,0,277 -2980,0,286 -2989,0,296 -2998,0,307 -3006,0,317 -3015,0,327 -3023,0,338 -3031,0,348 -3040,0,359 -3047,0,370 -3055,0,381 -3063,0,392 -3070,0,403 -3078,0,414 -3085,0,425 -3092,0,437 -3099,0,448 -3105,0,460 -3112,0,472 -3118,0,484 -3124,0,496 -3130,0,508 -3136,0,520 -3141,0,532 -3146,0,545 -3151,0,557 -3156,0,570 -3161,0,583 -3165,0,596 -3170,0,609 -3174,0,622 -3177,0,635 -3181,0,648 -3184,0,661 -3187,0,675 -3190,0,688 -3192,0,702 -3194,0,716 -3196,0,730 -3197,0,744 -3198,0,758 -3199,0,772 -3200,0,786 -3200,0,800
mouvement 4a16b65f562a0a5d8a44e286ca088493 [bord droit] -2400,0,400 -2404,0,400 -2409,0,400 -2414,0,401 -2418,0,401 -2423,0,401 -2428,0,402 -2433,0,403 -2439,0,404 -2444,0,405 -2449,0,406 -2455,0,407 -2461,0,409 -2466,0,410 -2472,0,412 -2478,0,414 -2484,0,416 -2490,0,418 -2496,0,421 -2502,0,423 -2508,0,426 -2514,0,428 -2520,0,431 -2526,0,434 -2533,0,437 -2539,0,441 -2545,0,444 -2552,0,448 -2558,0,451 -2564,0,455 -2571,0,459 -2577,0,463 -2583,0,468 -2589,0,472 -2596,0,476 -2602,0,481 -2608,0,486 -2614,0,491 -2620,0,495 -2627,0,500 -2633,0,506 -2639,0,511 -2644,0,516 -2650,0,521 -2656,0,527 -2662,0,533 -2667,0,538 -2673,0,544 -2678,0,550 -2684,0,556 -2689,0,561 -2694,0,567 -2700,0,573 -2705,0,580 -2709,0,586 -2714,0,592 -2719,0,598 -2724,0,604 -2728,0,611 -2732,0,617 -2737,0,623 -2741,0,629 -2745,0,636 -2749,0,642 -2752,0,648 -2756,0,655 -2759,0,661 -2763,0,667 -2766,0,674 -2769,0,680 -2772,0,686 -2774,0,692 -2777,0,698 -2779,0,704 -2782,0,710 -2784,0,716 -2786,0,722 -2788,0,728 -2790,0,734 -2791,0,739 -2793,0,745 -2794,0,751 -2795,0,756 -2796,0,761 -2797,0,767 -2798,0,772 -2799,0,777 -2799,0,782 -2799,0,786 -2800,0,791 -2800,0,796 -2800,0,800
mouvement 4e437f94525852d3a072a538537c2093 [centre] -2400,0,200 -2416,0,200 -2432,0,199 -2447,0,198 -2463,0,197 -2479,0,195 -2495,0,193 -2511,0,191 -2527,0,188 -2543,0,185 -2558,0,181 -2574,0,177 -2590,0,173 -2606,0,169 -2622,0,164 -2638,0,159 -2654,0,153 -2669,0,147 -2685,0,141 -2701,0,135 -2716,0,128 -2732,0,121 -2747,0,114 -2763,0,106 -2778,0,98 -2794,0,90 -2809,0,82 -2824,0,73 -2839,0,64 -2854,0,55 -2869,0,45 -2884,0,36 -2898,0,26 -2913,0,16 -2927,0,5 -2941,0,-5 -2956,0,-16 -2970,0,-27 -2984,0,-39 -2997,0,-50 -3011,0,-62 -3024,0,-74 -3038,0,-86 -3051,0,-98 -3064,0,-111 -3077,0,-123 -3089,0,-136 -3102,0,-149 -3114,0,-162 -3126,0,-176 -3138,0,-189 -3150,0,-203 -3161,0,-216 -3173,0,-230 -3184,0,-244 -3195,0,-259 -3205,0,-273 -3216,0,-287 -3226,0,-302 -3236,0,-316 -3245,0,-331 -3255,0,-346 -3264,0,-361 -3273,0,-376 -3282,0,-391 -3290,0,-406 -3298,0,-422 -3306,0,-437 -3314,0,-453 -3321,0,-468 -3328,0,-484 -3335,0,-499 -3341,0,-515 -3347,0,-531 -3353,0,-546 -3359,0,-562 -3364,0,-578 -3369,0,-594 -3373,0,-610 -3377,0,-626 -3381,0,-642 -3385,0,-657 -3388,0,-673 -3391,0,-689 -3393,0,-705 -3395,0,-721 -3397,0,-737 -3398,0,-753 -3399,0,-768 -3400,0,-784 -3400,0,-800
mouvement 4e437f94525852d3a072a538537c2093 [bord gauche] -2400,0,0 -2411,0,0 -2422,0,-1 -2433,0,-1 -2444,0,-2 -2455,0,-3 -2467,0,-5 -2478,0,-7 -2490,0,-9 -2502,0,-11 -2513,0,-14 -2525,0,-17 -2537,0,-20 -2549,0,-23 -2562,0,-27 -2574,0,-31 -2586,0,-35 -2598,0,-40 -2611,0,-44 -2623,0,-50 -2636,0,-55 -2648,0,-61 -2661,0,-66 -2673,0,-73 -2686,0,-79 -2698,0,-86 -2711,0,-92 -2723,0,-100 -2735,0,-107 -2748,0,-115 -2760,0,-122 -2772,0,-131 -2785,0,-139 -2797,0,-147 -2809,0,-156 -2821,0,-165 -2833,0,-174 -2845,0,-183 -2856,0,-193 -2868,0,-203 -2880,0,-213 -2891,0,-223 -2902,0,-233 -2913,0,-243 -2924,0,-254 -2935,0,-265 -2946,0,-276 -2957,0,-287 -2967,0,-298 -2977,0,-309 -2987,0,-320 -2997,0,-332 -3007,0,-344 -3017,0,-355 -3026,0,-367 -3035,0,-379 -3044,0,-391 -3053,0,-403 -3061,0,-415 -3069,0,-428 -3078,0,-440 -3085,0,-452 -3093,0,-465 -3100,0,-477 -3108,0,-489 -3114,0,-502 -3121,0,-514 -3127,0,-527 -3134,0,-539 -3139,0,-552 -3145,0,-564 -3150,0,-577 -3156,0,-589 -3160,0,-602 -3165,0,-614 -3169,0,-626 -3173,0,-638 -3177,0,-651 -3180,0,-663 -3183,0,-675 -3186,0,-687 -3189,0,-698 -3191,0,-710 -3193,0,-722 -3195,0,-733 -3197,0,-745 -3198,0,-756 -3199,0,-767 -3199,0,-778 -3200,0,-789 -3200,0,-800
mouvement 4e437f94525852d3a072a538537c2093 [bord droit] -2400,0,400 -2421,0,400 -2441,0,399 -2462,0,398 -2482,0,396 -2503,0,394 -2523,0,391 -2543,0,388 -2563,0,384 -2584,0,380 -2603,0,376 -2623,0,371 -2643,0,366 -2663,0,360 -2682,0,355 -2702,0,348 -2721,0,341 -2740,0,334 -2759,0,327 -2778,0,319 -2797,0,311 -2816,0,303 -2834,0,294 -2852,0,285 -2871,0,276 -2889,0,266 -2907,0,256 -2925,0,246 -2942,0,235 -2960,0,225 -2977,0,213 -2995,0,202 -3012,0,191 -3029,0,179 -3045,0,167 -3062,0,154 -3078,0,142 -3095,0,129 -3111,0,116 -3127,0,103 -3142,0,89 -3158,0,75 -3173,0,61 -3188,0,47 -3203,0,33 -3218,0,18 -3233,0,3 -3247,0,-12 -3261,0,-27 -3275,0,-42 -3289,0,-58 -3303,0,-73 -3316,0,-89 -3329,0,-105 -3342,0,-122 -3354,0,-138 -3367,0,-155 -3379,0,-171 -3391,0,-188 -3402,0,-205 -3413,0,-223 -3425,0,-240 -3435,0,-258 -3446,0,-275 -3456,0,-293 -3466,0,-311 -3476,0,-329 -3485,0,-348 -3494,0,-366 -3503,0,-384 -3511,0,-403 -3519,0,-422 -3527,0,-441 -3534,0,-460 -3541,0,-479 -3548,0,-498 -3555,0,-518 -3560,0,-537 -3566,0,-557 -3571,0,-577 -3576,0,-597 -3580,0,-616 -3584,0,-637 -3588,0,-657 -3591,0,-677 -3594,0,-697 -3596,0,-718 -3598,0,-738 -3599,0,-759 -3600,0,-779 -3600,0,-800
zone 406690a88e36b4596ca05b5832a555a9 [48af5815b3bc108d4b441d89a7823d88 x 4e437f94525852d3a072a538537c2093] -3012,0,-80 ; 372,128,464
zone 40ce606892963a8943f86c2ecd963ba2 [44942dfab8e1f05d644474a6257b5e96 x 48af5815b3bc108d4b441d89a7823d88] -3004,0,80 ; 363,128,464
zone 4258af5419bba1365a3f0ad6ed3d44aa [40ca7f10a97f50a918e8c3a2a1e58493 x 4e437f94525852d3a072a538537c2093] -3281,0,-464 ; 247,128,464
zone 470bc18b1824ae1e7e47ac80c41aca9c [44942dfab8e1f05d644474a6257b5e96 x 4dc4e81b4c9cdd45e0484d2e9daeb888] -2599,0,-224 ; 327,128,264
zone 4b786539f4809cd080c6de032000a3bd [44942dfab8e1f05d644474a6257b5e96 x 4e437f94525852d3a072a538537c2093] -2916,0,0 ; 334,128,298
zone 4fbcc8e5f354d981b2a3580b4645f6b7 [48af5815b3bc108d4b441d89a7823d88 x 4a16b65f562a0a5d8a44e286ca088493] -2874,0,528 ; 254,128,400
controle 48171f4957d3bd8970fed52ff8b47a83 [Uncontrolled, approche 4f56ef8aae6bfffcbc337d463dd2fd9f, 2 mouvements] -2400,0,200
controle 4c4d0695610e00bb74583d4b6163728a [Uncontrolled, approche 46b219bca5cdaf1087d30d9622fab0a5, 2 mouvements] -3000,0,-800
controle 4df2f2bab0514361bd8aaa81b0e0049f [Uncontrolled, approche 4db6ebc158e0dff4369373f117f51690, 2 mouvements] -3400,0,800

instance GlobalObjectId_V1-2-ee081d5cbff641bb9dd499b4f13a8d62-2174360367984508665-215267690 TJunction_South (TJunction)
frontiere 4b095728e42083ceb90543412e198092 [TJunction] 0,0,-2900 ; 1000,200,700
mouvement 49a416a048161da4a37d21483a9de8b5 [centre] -800,0,-3400 -775,0,-3400 -750,0,-3400 -725,0,-3400 -700,0,-3400 -675,0,-3400 -650,0,-3400 -625,0,-3400 -600,0,-3400 -575,0,-3400 -550,0,-3400 -525,0,-3400 -500,0,-3400 -475,0,-3400 -450,0,-3400 -425,0,-3400 -400,0,-3400 -375,0,-3400 -350,0,-3400 -325,0,-3400 -300,0,-3400 -275,0,-3400 -250,0,-3400 -225,0,-3400 -200,0,-3400 -175,0,-3400 -150,0,-3400 -125,0,-3400 -100,0,-3400 -75,0,-3400 -50,0,-3400 -25,0,-3400 0,0,-3400 25,0,-3400 50,0,-3400 75,0,-3400 100,0,-3400 125,0,-3400 150,0,-3400 175,0,-3400 200,0,-3400 225,0,-3400 250,0,-3400 275,0,-3400 300,0,-3400 325,0,-3400 350,0,-3400 375,0,-3400 400,0,-3400 425,0,-3400 450,0,-3400 475,0,-3400 500,0,-3400 525,0,-3400 550,0,-3400 575,0,-3400 600,0,-3400 625,0,-3400 650,0,-3400 675,0,-3400 700,0,-3400 725,0,-3400 750,0,-3400 775,0,-3400 800,0,-3400
mouvement 49a416a048161da4a37d21483a9de8b5 [bord gauche] -800,0,-3200 -775,0,-3200 -750,0,-3200 -725,0,-3200 -700,0,-3200 -675,0,-3200 -650,0,-3200 -625,0,-3200 -600,0,-3200 -575,0,-3200 -550,0,-3200 -525,0,-3200 -500,0,-3200 -475,0,-3200 -450,0,-3200 -425,0,-3200 -400,0,-3200 -375,0,-3200 -350,0,-3200 -325,0,-3200 -300,0,-3200 -275,0,-3200 -250,0,-3200 -225,0,-3200 -200,0,-3200 -175,0,-3200 -150,0,-3200 -125,0,-3200 -100,0,-3200 -75,0,-3200 -50,0,-3200 -25,0,-3200 0,0,-3200 25,0,-3200 50,0,-3200 75,0,-3200 100,0,-3200 125,0,-3200 150,0,-3200 175,0,-3200 200,0,-3200 225,0,-3200 250,0,-3200 275,0,-3200 300,0,-3200 325,0,-3200 350,0,-3200 375,0,-3200 400,0,-3200 425,0,-3200 450,0,-3200 475,0,-3200 500,0,-3200 525,0,-3200 550,0,-3200 575,0,-3200 600,0,-3200 625,0,-3200 650,0,-3200 675,0,-3200 700,0,-3200 725,0,-3200 750,0,-3200 775,0,-3200 800,0,-3200
mouvement 49a416a048161da4a37d21483a9de8b5 [bord droit] -800,0,-3600 -775,0,-3600 -750,0,-3600 -725,0,-3600 -700,0,-3600 -675,0,-3600 -650,0,-3600 -625,0,-3600 -600,0,-3600 -575,0,-3600 -550,0,-3600 -525,0,-3600 -500,0,-3600 -475,0,-3600 -450,0,-3600 -425,0,-3600 -400,0,-3600 -375,0,-3600 -350,0,-3600 -325,0,-3600 -300,0,-3600 -275,0,-3600 -250,0,-3600 -225,0,-3600 -200,0,-3600 -175,0,-3600 -150,0,-3600 -125,0,-3600 -100,0,-3600 -75,0,-3600 -50,0,-3600 -25,0,-3600 0,0,-3600 25,0,-3600 50,0,-3600 75,0,-3600 100,0,-3600 125,0,-3600 150,0,-3600 175,0,-3600 200,0,-3600 225,0,-3600 250,0,-3600 275,0,-3600 300,0,-3600 325,0,-3600 350,0,-3600 375,0,-3600 400,0,-3600 425,0,-3600 450,0,-3600 475,0,-3600 500,0,-3600 525,0,-3600 550,0,-3600 575,0,-3600 600,0,-3600 625,0,-3600 650,0,-3600 675,0,-3600 700,0,-3600 725,0,-3600 750,0,-3600 775,0,-3600 800,0,-3600
mouvement 4792bee280e137622f8933d01729bea8 [centre] -800,0,-3400 -784,0,-3400 -768,0,-3399 -753,0,-3398 -737,0,-3397 -721,0,-3395 -705,0,-3393 -689,0,-3391 -673,0,-3388 -657,0,-3385 -642,0,-3381 -626,0,-3377 -610,0,-3373 -594,0,-3369 -578,0,-3364 -562,0,-3359 -546,0,-3353 -531,0,-3347 -515,0,-3341 -499,0,-3335 -484,0,-3328 -468,0,-3321 -453,0,-3314 -437,0,-3306 -422,0,-3298 -406,0,-3290 -391,0,-3282 -376,0,-3273 -361,0,-3264 -346,0,-3255 -331,0,-3245 -316,0,-3236 -302,0,-3226 -287,0,-3216 -273,0,-3205 -259,0,-3195 -244,0,-3184 -230,0,-3173 -216,0,-3161 -203,0,-3150 -189,0,-3138 -176,0,-3126 -162,0,-3114 -149,0,-3102 -136,0,-3089 -123,0,-3077 -111,0,-3064 -98,0,-3051 -86,0,-3038 -74,0,-3024 -62,0,-3011 -50,0,-2997 -39,0,-2984 -27,0,-2970 -16,0,-2956 -5,0,-2941 5,0,-2927 16,0,-2913 26,0,-2898 36,0,-2884 45,0,-2869 55,0,-2854 64,0,-2839 73,0,-2824 82,0,-2809 90,0,-2794 98,0,-2778 106,0,-2763 114,0,-2747 121,0,-2732 128,0,-2716 135,0,-2701 141,0,-2685 147,0,-2669 153,0,-2654 159,0,-2638 164,0,-2622 169,0,-2606 173,0,-2590 177,0,-2574 181,0,-2558 185,0,-2543 188,0,-2527 191,0,-2511 193,0,-2495 195,0,-2479 197,0,-2463 198,0,-2447 199,0,-2432 200,0,-2416 200,0,-2400
mouvement 4792bee280e137622f8933d01729bea8 [bord gauche] -800,0,-3200 -789,0,-3200 -778,0,-3199 -767,0,-3199 -756,0,-3198 -745,0,-3197 -733,0,-3195 -722,0,-3193 -710,0,-3191 -698,0,-3189 -687,0,-3186 -675,0,-3183 -663,0,-3180 -651,0,-3177 -638,0,-3173 -626,0,-3169 -614,0,-3165 -602,0,-3160 -589,0,-3156 -577,0,-3150 -564,0,-3145 -552,0,-3139 -539,0,-3134 -527,0,-3127 -514,0,-3121 -502,0,-3114 -489,0,-3108 -477,0,-3100 -465,0,-3093 -452,0,-3085 -440,0,-3078 -428,0,-3069 -415,0,-3061 -403,0,-3053 -391,0,-3044 -379,0,-3035 -367,0,-3026 -355,0,-3017 -344,0,-3007 -332,0,-2997 -320,0,-2987 -309,0,-2977 -298,0,-2967 -287,0,-2957 -276,0,-2946 -265,0,-2935 -254,0,-2924 -243,0,-2913 -233,0,-2902 -223,0,-2891 -213,0,-2880 -203,0,-2868 -193,0,-2856 -183,0,-2845 -174,0,-2833 -165,0,-2821 -156,0,-2809 -147,0,-2797 -139,0,-2785 -131,0,-2772 -122,0,-2760 -115,0,-2748 -107,0,-2735 -100,0,-2723 -92,0,-2711 -86,0,-2698 -79,0,-2686 -73,0,-2673 -66,0,-2661 -61,0,-2648 -55,0,-2636 -50,0,-2623 -44,0,-2611 -40,0,-2598 -35,0,-2586 -31,0,-2574 -27,0,-2562 -23,0,-2549 -20,0,-2537 -17,0,-2525 -14,0,-2513 -11,0,-2502 -9,0,-2490 -7,0,-2478 -5,0,-2467 -3,0,-2455 -2,0,-2444 -1,0,-2433 -1,0,-2422 0,0,-2411 0,0,-2400
mouvement 4792bee280e137622f8933d01729bea8 [bord droit] -800,0,-3600 -779,0,-3600 -759,0,-3599 -738,0,-3598 -718,0,-3596 -697,0,-3594 -677,0,-3591 -657,0,-3588 -637,0,-3584 -616,0,-3580 -597,0,-3576 -577,0,-3571 -557,0,-3566 -537,0,-3560 -518,0,-3555 -498,0,-3548 -479,0,-3541 -460,0,-3534 -441,0,-3527 -422,0,-3519 -403,0,-3511 -384,0,-3503 -366,0,-3494 -348,0,-3485 -329,0,-3476 -311,0,-3466 -293,0,-3456 -275,0,-3446 -258,0,-3435 -240,0,-3425 -223,0,-3413 -205,0,-3402 -188,0,-3391 -171,0,-3379 -155,0,-3367 -138,0,-3354 -122,0,-3342 -105,0,-3329 -89,0,-3316 -73,0,-3303 -58,0,-3289 -42,0,-3275 -27,0,-3261 -12,0,-3247 3,0,-3233 18,0,-3218 33,0,-3203 47,0,-3188 61,0,-3173 75,0,-3158 89,0,-3142 103,0,-3127 116,0,-3111 129,0,-3095 142,0,-3078 154,0,-3062 167,0,-3045 179,0,-3029 191,0,-3012 202,0,-2995 213,0,-2977 225,0,-2960 235,0,-2942 246,0,-2925 256,0,-2907 266,0,-2889 276,0,-2871 285,0,-2852 294,0,-2834 303,0,-2816 311,0,-2797 319,0,-2778 327,0,-2759 334,0,-2740 341,0,-2721 348,0,-2702 355,0,-2682 360,0,-2663 366,0,-2643 371,0,-2623 376,0,-2603 380,0,-2584 384,0,-2563 388,0,-2543 391,0,-2523 394,0,-2503 396,0,-2482 398,0,-2462 399,0,-2441 400,0,-2421 400,0,-2400
mouvement 4a7f00857442da3e6f4487e676ef108d [centre] 800,0,-3000 791,0,-3000 781,0,-3000 772,0,-2999 763,0,-2998 753,0,-2997 744,0,-2996 734,0,-2995 725,0,-2993 715,0,-2991 706,0,-2989 697,0,-2987 687,0,-2984 678,0,-2982 668,0,-2979 659,0,-2976 650,0,-2972 640,0,-2969 631,0,-2965 622,0,-2962 612,0,-2958 603,0,-2954 594,0,-2949 585,0,-2945 575,0,-2940 566,0,-2935 557,0,-2931 548,0,-2925 539,0,-2920 531,0,-2915 522,0,-2909 513,0,-2903 504,0,-2898 496,0,-2892 487,0,-2886 478,0,-2879 470,0,-2873 462,0,-2866 453,0,-2860 445,0,-2853 437,0,-2846 429,0,-2839 421,0,-2832 413,0,-2825 405,0,-2817 398,0,-2810 390,0,-2802 383,0,-2795 375,0,-2787 368,0,-2779 361,0,-2771 354,0,-2763 347,0,-2755 340,0,-2747 334,0,-2738 327,0,-2730 321,0,-2722 314,0,-2713 308,0,-2704 302,0,-2696 297,0,-2687 291,0,-2678 285,0,-2669 280,0,-2661 275,0,-2652 269,0,-2643 265,0,-2634 260,0,-2625 255,0,-2615 251,0,-2606 246,0,-2597 242,0,-2588 238,0,-2578 235,0,-2569 231,0,-2560 228,0,-2550 224,0,-2541 221,0,-2532 218,0,-2522 216,0,-2513 213,0,-2503 211,0,-2494 209,0,-2485 207,0,-2475 205,0,-2466 204,0,-2456 203,0,-2447 202,0,-2437 201,0,-2428 200,0,-2419 200,0,-2409 200,0,-2400
mouvement 4a7f00857442da3e6f4487e676ef108d [bord gauche] 800,0,-3200 786,0,-3200 772,0,-3199 758,0,-3198 744,0,-3197 730,0,-3196 716,0,-3194 702,0,-3192 688,0,-3190 675,0,-3187 661,0,-3184 648,0,-3181 635,0,-3177 622,0,-3174 609,0,-3170 596,0,-3165 583,0,-3161 570,0,-3156 557,0,-3151 545,0,-3146 532,0,-3141 520,0,-3136 508,0,-3130 496,0,-3124 484,0,-3118 472,0,-3112 460,0,-3105 448,0,-3099 437,0,-3092 425,0,-3085 414,0,-3078 403,0,-3070 392,0,-3063 381,0,-3055 370,0,-3047 359,0,-3040 348,0,-3031 338,0,-3023 327,0,-3015 317,0,-3006 307,0,-2998 296,0,-2989 286,0,-2980 277,0,-2971 267,0,-2962 257,0,-2952 248,0,-2943 238,0,-2933 229,0,-2923 220,0,-2914 211,0,-2904 202,0,-2893 194,0,-2883 185,0,-2873 177,0,-2862 169,0,-2852 160,0,-2841 153,0,-2830 145,0,-2819 137,0,-2808 130,0,-2797 122,0,-2786 115,0,-2775 108,0,-2763 101,0,-2752 95,0,-2740 88,0,-2728 82,0,-2716 76,0,-2704 70,0,-2692 64,0,-2680 59,0,-2668 54,0,-2655 49,0,-2643 44,0,-2630 39,0,-2617 35,0,-2604 30,0,-2591 26,0,-2578 23,0,-2565 19,0,-2552 16,0,-2539 13,0,-2525 10,0,-2512 8,0,-2498 6,0,-2484 4,0,-2470 3,0,-2456 2,0,-2442 1,0,-2428 0,0,-2414 0,0,-2400
mouvement 4a7f00857442da3e6f4487e676ef108d [bord droit] 800,0,-2800 796,0,-2800 791,0,-2800 786,0,-2799 782,0,-2799 777,0,-2799 772,0,-2798 767,0,-2797 761,0,-2796 756,0,-2795 751,0,-2794 745,0,-2793 739,0,-2791 734,0,-2790 728,0,-2788 722,0,-2786 716,0,-2784 710,0,-2782 704,0,-2779 698,0,-2777 692,0,-2774 686,0,-2772 680,0,-2769 674,0,-2766 667,0,-2763 661,0,-2759 655,0,-2756 648,0,-2752 642,0,-2749 636,0,-2745 629,0,-2741 623,0,-2737 617,0,-2732 611,0,-2728 604,0,-2724 598,0,-2719 592,0,-2714 586,0,-2709 580,0,-2705 573,0,-2700 567,0,-2694 561,0,-2689 556,0,-2684 550,0,-2678 544,0,-2673 538,0,-2667 533,0,-2662 527,0,-2656 522,0,-2650 516,0,-2644 511,0,-2639 506,0,-2633 500,0,-2627 495,0,-2620 491,0,-2614 486,0,-2608 481,0,-2602 476,0,-2596 472,0,-2589 468,0,-2583 463,0,-2577 459,0,-2571 455,0,-2564 451,0,-2558 448,0,-2552 444,0,-2545 441,0,-2539 437,0,-2533 434,0,-2526 431,0,-2520 428,0,-2514 426,0,-2508 423,0,-2502 421,0,-2496 418,0,-2490 416,0,-2484 414,0,-2478 412,0,-2472 410,0,-2466 409,0,-2461 407,0,-2455 406,0,-2449 405,0,-2444 404,0,-2439 403,0,-2433 402,0,-2428 401,0,-2423 401,0,-2418 401,0,-2414 400,0,-2409 400,0,-2404 400,0,-2400
mouvement 4f4ed31105c77d3226455f19e94c5795 [centre] 800,0,-3000 775,0,-3000 750,0,-3000 725,0,-3000 700,0,-3000 675,0,-3000 650,0,-3000 625,0,-3000 600,0,-3000 575,0,-3000 550,0,-3000 525,0,-3000 500,0,-3000 475,0,-3000 450,0,-3000 425,0,-3000 400,0,-3000 375,0,-3000 350,0,-3000 325,0,-3000 300,0,-3000 275,0,-3000 250,0,-3000 225,0,-3000 200,0,-3000 175,0,-3000 150,0,-3000 125,0,-3000 100,0,-3000 75,0,-3000 50,0,-3000 25,0,-3000 0,0,-3000 -25,0,-3000 -50,0,-3000 -75,0,-3000 -100,0,-3000 -125,0,-3000 -150,0,-3000 -175,0,-3000 -200,0,-3000 -225,0,-3000 -250,0,-3000 -275,0,-3000 -300,0,-3000 -325,0,-3000 -350,0,-3000 -375,0,-3000 -400,0,-3000 -425,0,-3000 -450,0,-3000 -475,0,-3000 -500,0,-3000 -525,0,-3000 -550,0,-3000 -575,0,-3000 -600,0,-3000 -625,0,-3000 -650,0,-3000 -675,0,-3000 -700,0,-3000 -725,0,-3000 -750,0,-3000 -775,0,-3000 -800,0,-3000
mouvement 4f4ed31105c77d3226455f19e94c5795 [bord gauche] 800,0,-3200 775,0,-3200 750,0,-3200 725,0,-3200 700,0,-3200 675,0,-3200 650,0,-3200 625,0,-3200 600,0,-3200 575,0,-3200 550,0,-3200 525,0,-3200 500,0,-3200 475,0,-3200 450,0,-3200 425,0,-3200 400,0,-3200 375,0,-3200 350,0,-3200 325,0,-3200 300,0,-3200 275,0,-3200 250,0,-3200 225,0,-3200 200,0,-3200 175,0,-3200 150,0,-3200 125,0,-3200 100,0,-3200 75,0,-3200 50,0,-3200 25,0,-3200 0,0,-3200 -25,0,-3200 -50,0,-3200 -75,0,-3200 -100,0,-3200 -125,0,-3200 -150,0,-3200 -175,0,-3200 -200,0,-3200 -225,0,-3200 -250,0,-3200 -275,0,-3200 -300,0,-3200 -325,0,-3200 -350,0,-3200 -375,0,-3200 -400,0,-3200 -425,0,-3200 -450,0,-3200 -475,0,-3200 -500,0,-3200 -525,0,-3200 -550,0,-3200 -575,0,-3200 -600,0,-3200 -625,0,-3200 -650,0,-3200 -675,0,-3200 -700,0,-3200 -725,0,-3200 -750,0,-3200 -775,0,-3200 -800,0,-3200
mouvement 4f4ed31105c77d3226455f19e94c5795 [bord droit] 800,0,-2800 775,0,-2800 750,0,-2800 725,0,-2800 700,0,-2800 675,0,-2800 650,0,-2800 625,0,-2800 600,0,-2800 575,0,-2800 550,0,-2800 525,0,-2800 500,0,-2800 475,0,-2800 450,0,-2800 425,0,-2800 400,0,-2800 375,0,-2800 350,0,-2800 325,0,-2800 300,0,-2800 275,0,-2800 250,0,-2800 225,0,-2800 200,0,-2800 175,0,-2800 150,0,-2800 125,0,-2800 100,0,-2800 75,0,-2800 50,0,-2800 25,0,-2800 0,0,-2800 -25,0,-2800 -50,0,-2800 -75,0,-2800 -100,0,-2800 -125,0,-2800 -150,0,-2800 -175,0,-2800 -200,0,-2800 -225,0,-2800 -250,0,-2800 -275,0,-2800 -300,0,-2800 -325,0,-2800 -350,0,-2800 -375,0,-2800 -400,0,-2800 -425,0,-2800 -450,0,-2800 -475,0,-2800 -500,0,-2800 -525,0,-2800 -550,0,-2800 -575,0,-2800 -600,0,-2800 -625,0,-2800 -650,0,-2800 -675,0,-2800 -700,0,-2800 -725,0,-2800 -750,0,-2800 -775,0,-2800 -800,0,-2800
mouvement 4d2aea792f643724e2d9f9ed853eb1a1 [centre] -200,0,-2400 -200,0,-2409 -200,0,-2419 -201,0,-2428 -202,0,-2437 -203,0,-2447 -204,0,-2456 -205,0,-2466 -207,0,-2475 -209,0,-2485 -211,0,-2494 -213,0,-2503 -216,0,-2513 -218,0,-2522 -221,0,-2532 -224,0,-2541 -228,0,-2550 -231,0,-2560 -235,0,-2569 -238,0,-2578 -242,0,-2588 -246,0,-2597 -251,0,-2606 -255,0,-2615 -260,0,-2625 -265,0,-2634 -269,0,-2643 -275,0,-2652 -280,0,-2661 -285,0,-2669 -291,0,-2678 -297,0,-2687 -302,0,-2696 -308,0,-2704 -314,0,-2713 -321,0,-2722 -327,0,-2730 -334,0,-2738 -340,0,-2747 -347,0,-2755 -354,0,-2763 -361,0,-2771 -368,0,-2779 -375,0,-2787 -383,0,-2795 -390,0,-2802 -398,0,-2810 -405,0,-2817 -413,0,-2825 -421,0,-2832 -429,0,-2839 -437,0,-2846 -445,0,-2853 -453,0,-2860 -462,0,-2866 -470,0,-2873 -478,0,-2879 -487,0,-2886 -496,0,-2892 -504,0,-2898 -513,0,-2903 -522,0,-2909 -531,0,-2915 -539,0,-2920 -548,0,-2925 -557,0,-2931 -566,0,-2935 -575,0,-2940 -585,0,-2945 -594,0,-2949 -603,0,-2954 -612,0,-2958 -622,0,-2962 -631,0,-2965 -640,0,-2969 -650,0,-2972 -659,0,-2976 -668,0,-2979 -678,0,-2982 -687,0,-2984 -697,0,-2987 -706,0,-2989 -715,0,-2991 -725,0,-2993 -734,0,-2995 -744,0,-2996 -753,0,-2997 -763,0,-2998 -772,0,-2999 -781,0,-3000 -791,0,-3000 -800,0,-3000
mouvement 4d2aea792f643724e2d9f9ed853eb1a1 [bord gauche] 0,0,-2400 0,0,-2414 -1,0,-2428 -2,0,-2442 -3,0,-2456 -4,0,-2470 -6,0,-2484 -8,0,-2498 -10,0,-2512 -13,0,-2525 -16,0,-2539 -19,0,-2552 -23,0,-2565 -26,0,-2578 -30,0,-2591 -35,0,-2604 -39,0,-2617 -44,0,-2630 -49,0,-2643 -54,0,-2655 -59,0,-2668 -64,0,-2680 -70,0,-2692 -76,0,-2704 -82,0,-2716 -88,0,-2728 -95,0,-2740 -101,0,-2752 -108,0,-2763 -115,0,-2775 -122,0,-2786 -130,0,-2797 -137,0,-2808 -145,0,-2819 -153,0,-2830 -160,0,-2841 -169,0,-2852 -177,0,-2862 -185,0,-2873 -194,0,-2883 -202,0,-2893 -211,0,-2904 -220,0,-2914 -229,0,-2923 -238,0,-2933 -248,0,-2943 -257,0,-2952 -267,0,-2962 -277,0,-2971 -286,0,-2980 -296,0,-2989 -307,0,-2998 -317,0,-3006 -327,0,-3015 -338,0,-3023 -348,0,-3031 -359,0,-3040 -370,0,-3047 -381,0,-3055 -392,0,-3063 -403,0,-3070 -414,0,-3078 -425,0,-3085 -437,0,-3092 -448,0,-3099 -460,0,-3105 -472,0,-3112 -484,0,-3118 -496,0,-3124 -508,0,-3130 -520,0,-3136 -532,0,-3141 -545,0,-3146 -557,0,-3151 -570,0,-3156 -583,0,-3161 -596,0,-3165 -609,0,-3170 -622,0,-3174 -635,0,-3177 -648,0,-3181 -661,0,-3184 -675,0,-3187 -688,0,-3190 -702,0,-3192 -716,0,-3194 -730,0,-3196 -744,0,-3197 -758,0,-3198 -772,0,-3199 -786,0,-3200 -800,0,-3200
mouvement 4d2aea792f643724e2d9f9ed853eb1a1 [bord droit] -400,0,-2400 -400,0,-2404 -400,0,-2409 -401,0,-2414 -401,0,-2418 -401,0,-2423 -402,0,-2428 -403,0,-2433 -404,0,-2439 -405,0,-2444 -406,0,-2449 -407,0,-2455 -409,0,-2461 -410,0,-2466 -412,0,-2472 -414,0,-2478 -416,0,-2484 -418,0,-2490 -421,0,-2496 -423,0,-2502 -426,0,-2508 -428,0,-2514 -431,0,-2520 -434,0,-2526 -437,0,-2533 -441,0,-2539 -444,0,-2545 -448,0,-2552 -451,0,-2558 -455,0,-2564 -459,0,-2571 -463,0,-2577 -468,0,-2583 -472,0,-2589 -476,0,-2596 -481,0,-2602 -486,0,-2608 -491,0,-2614 -495,0,-2620 -500,0,-2627 -506,0,-2633 -511,0,-2639 -516,0,-2644 -521,0,-2650 -527,0,-2656 -533,0,-2662 -538,0,-2667 -544,0,-2673 -550,0,-2678 -556,0,-2684 -561,0,-2689 -567,0,-2694 -573,0,-2700 -580,0,-2705 -586,0,-2709 -592,0,-2714 -598,0,-2719 -604,0,-2724 -611,0,-2728 -617,0,-2732 -623,0,-2737 -629,0,-2741 -636,0,-2745 -642,0,-2749 -648,0,-2752 -655,0,-2756 -661,0,-2759 -667,0,-2763 -674,0,-2766 -680,0,-2769 -686,0,-2772 -692,0,-2774 -698,0,-2777 -704,0,-2779 -710,0,-2782 -716,0,-2784 -722,0,-2786 -728,0,-2788 -734,0,-2790 -739,0,-2791 -745,0,-2793 -751,0,-2794 -756,0,-2795 -761,0,-2796 -767,0,-2797 -772,0,-2798 -777,0,-2799 -782,0,-2799 -786,0,-2799 -791,0,-2800 -796,0,-2800 -800,0,-2800
mouvement 4711ef525566fedf70000c8f39a5a6a3 [centre] -200,0,-2400 -200,0,-2416 -199,0,-2432 -198,0,-2447 -197,0,-2463 -195,0,-2479 -193,0,-2495 -191,0,-2511 -188,0,-2527 -185,0,-2543 -181,0,-2558 -177,0,-2574 -173,0,-2590 -169,0,-2606 -164,0,-2622 -159,0,-2638 -153,0,-2654 -147,0,-2669 -141,0,-2685 -135,0,-2701 -128,0,-2716 -121,0,-2732 -114,0,-2747 -106,0,-2763 -98,0,-2778 -90,0,-2794 -82,0,-2809 -73,0,-2824 -64,0,-2839 -55,0,-2854 -45,0,-2869 -36,0,-2884 -26,0,-2898 -16,0,-2913 -5,0,-2927 5,0,-2941 16,0,-2956 27,0,-2970 39,0,-2984 50,0,-2997 62,0,-3011 74,0,-3024 86,0,-3038 98,0,-3051 111,0,-3064 123,0,-3077 136,0,-3089 149,0,-3102 162,0,-3114 176,0,-3126 189,0,-3138 203,0,-3150 216,0,-3161 230,0,-3173 244,0,-3184 259,0,-3195 273,0,-3205 287,0,-3216 302,0,-3226 316,0,-3236 331,0,-3245 346,0,-3255 361,0,-3264 376,0,-3273 391,0,-3282 406,0,-3290 422,0,-3298 437,0,-3306 453,0,-3314 468,0,-3321 484,0,-3328 499,0,-3335 515,0,-3341 531,0,-3347 546,0,-3353 562,0,-3359 578,0,-3364 594,0,-3369 610,0,-3373 626,0,-3377 642,0,-3381 657,0,-3385 673,0,-3388 689,0,-3391 705,0,-3393 721,0,-3395 737,0,-3397 753,0,-3398 768,0,-3399 784,0,-3400 800,0,-3400
mouvement 4711ef525566fedf70000c8f39a5a6a3 [bord gauche] 0,0,-2400 0,0,-2411 1,0,-2422 1,0,-2433 2,0,-2444 3,0,-2455 5,0,-2467 7,0,-2478 9,0,-2490 11,0,-2502 14,0,-2513 17,0,-2525 20,0,-2537 23,0,-2549 27,0,-2562 31,0,-2574 35,0,-2586 40,0,-2598 44,0,-2611 50,0,-2623 55,0,-2636 61,0,-2648 66,0,-2661 73,0,-2673 79,0,-2686 86,0,-2698 92,0,-2711 100,0,-2723 107,0,-2735 115,0,-2748 122,0,-2760 131,0,-2772 139,0,-2785 147,0,-2797 156,0,-2809 165,0,-2821 174,0,-2833 183,0,-2845 193,0,-2856 203,0,-2868 213,0,-2880 223,0,-2891 233,0,-2902 243,0,-2913 254,0,-2924 265,0,-2935 276,0,-2946 287,0,-2957 298,0,-2967 309,0,-2977 320,0,-2987 332,0,-2997 344,0,-3007 355,0,-3017 367,0,-3026 379,0,-3035 391,0,-3044 403,0,-3053 415,0,-3061 428,0,-3069 440,0,-3078 452,0,-3085 465,0,-3093 477,0,-3100 489,0,-3108 502,0,-3114 514,0,-3121 527,0,-3127 539,0,-3134 552,0,-3139 564,0,-3145 577,0,-3150 589,0,-3156 602,0,-3160 614,0,-3165 626,0,-3169 638,0,-3173 651,0,-3177 663,0,-3180 675,0,-3183 687,0,-3186 698,0,-3189 710,0,-3191 722,0,-3193 733,0,-3195 745,0,-3197 756,0,-3198 767,0,-3199 778,0,-3199 789,0,-3200 800,0,-3200
mouvement 4711ef525566fedf70000c8f39a5a6a3 [bord droit] -400,0,-2400 -400,0,-2421 -399,0,-2441 -398,0,-2462 -396,0,-2482 -394,0,-2503 -391,0,-2523 -388,0,-2543 -384,0,-2563 -380,0,-2584 -376,0,-2603 -371,0,-2623 -366,0,-2643 -360,0,-2663 -355,0,-2682 -348,0,-2702 -341,0,-2721 -334,0,-2740 -327,0,-2759 -319,0,-2778 -311,0,-2797 -303,0,-2816 -294,0,-2834 -285,0,-2852 -276,0,-2871 -266,0,-2889 -256,0,-2907 -246,0,-2925 -235,0,-2942 -225,0,-2960 -213,0,-2977 -202,0,-2995 -191,0,-3012 -179,0,-3029 -167,0,-3045 -154,0,-3062 -142,0,-3078 -129,0,-3095 -116,0,-3111 -103,0,-3127 -89,0,-3142 -75,0,-3158 -61,0,-3173 -47,0,-3188 -33,0,-3203 -18,0,-3218 -3,0,-3233 12,0,-3247 27,0,-3261 42,0,-3275 58,0,-3289 73,0,-3302 89,0,-3316 105,0,-3329 122,0,-3342 138,0,-3354 155,0,-3367 171,0,-3379 188,0,-3391 205,0,-3402 223,0,-3413 240,0,-3425 258,0,-3435 275,0,-3446 293,0,-3456 311,0,-3466 329,0,-3476 348,0,-3485 366,0,-3494 384,0,-3503 403,0,-3511 422,0,-3519 441,0,-3527 460,0,-3534 479,0,-3541 498,0,-3548 518,0,-3555 537,0,-3560 557,0,-3566 577,0,-3571 597,0,-3576 616,0,-3580 637,0,-3584 657,0,-3588 677,0,-3591 697,0,-3594 718,0,-3596 738,0,-3598 759,0,-3599 779,0,-3600 800,0,-3600
zone 4651661907bde7ddf496e0b38b1a67b2 [4711ef525566fedf70000c8f39a5a6a3 x 4f4ed31105c77d3226455f19e94c5795] 80,0,-3012 ; 464,128,372
zone 46c0852ee863ff838d59392162782297 [4711ef525566fedf70000c8f39a5a6a3 x 4792bee280e137622f8933d01729bea8] 0,0,-2916 ; 298,128,334
zone 46fef049de32bffeccdcc752588447a5 [4792bee280e137622f8933d01729bea8 x 4f4ed31105c77d3226455f19e94c5795] -80,0,-3004 ; 464,128,363
zone 4a44f9710a830e7f77c6952d114c4fbf [4792bee280e137622f8933d01729bea8 x 4a7f00857442da3e6f4487e676ef108d] 224,0,-2599 ; 264,128,327
zone 4c147a4d6d6d6cd2fde23d045167c692 [4d2aea792f643724e2d9f9ed853eb1a1 x 4f4ed31105c77d3226455f19e94c5795] -528,0,-2874 ; 400,128,254
zone 4fce84fd1a162287b7b06ed08526d094 [4711ef525566fedf70000c8f39a5a6a3 x 49a416a048161da4a37d21483a9de8b5] 464,0,-3281 ; 464,128,247
controle 456fc7aec92eae3a031351a23bee3fa7 [Uncontrolled, approche 49980393f36fca422e64472c8ccc009c, 2 mouvements] 800,0,-3000
controle 4ce3fd28fd4195f1d5cbe44f4e66fb87 [Uncontrolled, approche 4f4e0f3e7e8b2b6b059a8a6edab2bc90, 2 mouvements] -800,0,-3400
controle 4fa7a31c8eaaa03cd839e636079b349e [Uncontrolled, approche 42ad3d5187bfa4104bf4917b93ede39e, 2 mouvements] -200,0,-2400

instance GlobalObjectId_V1-2-ee081d5cbff641bb9dd499b4f13a8d62-2174360367984508665-525617468 TJunction_North (TJunction)
frontiere 4993ac8c2a6dc3f17d03a16cbb916fac [TJunction] 0,0,2900 ; 1000,200,700
mouvement 4af05b75ff8158625ee1066bba223782 [centre] 800,0,3400 775,0,3400 750,0,3400 725,0,3400 700,0,3400 675,0,3400 650,0,3400 625,0,3400 600,0,3400 575,0,3400 550,0,3400 525,0,3400 500,0,3400 475,0,3400 450,0,3400 425,0,3400 400,0,3400 375,0,3400 350,0,3400 325,0,3400 300,0,3400 275,0,3400 250,0,3400 225,0,3400 200,0,3400 175,0,3400 150,0,3400 125,0,3400 100,0,3400 75,0,3400 50,0,3400 25,0,3400 0,0,3400 -25,0,3400 -50,0,3400 -75,0,3400 -100,0,3400 -125,0,3400 -150,0,3400 -175,0,3400 -200,0,3400 -225,0,3400 -250,0,3400 -275,0,3400 -300,0,3400 -325,0,3400 -350,0,3400 -375,0,3400 -400,0,3400 -425,0,3400 -450,0,3400 -475,0,3400 -500,0,3400 -525,0,3400 -550,0,3400 -575,0,3400 -600,0,3400 -625,0,3400 -650,0,3400 -675,0,3400 -700,0,3400 -725,0,3400 -750,0,3400 -775,0,3400 -800,0,3400
mouvement 4af05b75ff8158625ee1066bba223782 [bord gauche] 800,0,3200 775,0,3200 750,0,3200 725,0,3200 700,0,3200 675,0,3200 650,0,3200 625,0,3200 600,0,3200 575,0,3200 550,0,3200 525,0,3200 500,0,3200 475,0,3200 450,0,3200 425,0,3200 400,0,3200 375,0,3200 350,0,3200 325,0,3200 300,0,3200 275,0,3200 250,0,3200 225,0,3200 200,0,3200 175,0,3200 150,0,3200 125,0,3200 100,0,3200 75,0,3200 50,0,3200 25,0,3200 0,0,3200 -25,0,3200 -50,0,3200 -75,0,3200 -100,0,3200 -125,0,3200 -150,0,3200 -175,0,3200 -200,0,3200 -225,0,3200 -250,0,3200 -275,0,3200 -300,0,3200 -325,0,3200 -350,0,3200 -375,0,3200 -400,0,3200 -425,0,3200 -450,0,3200 -475,0,3200 -500,0,3200 -525,0,3200 -550,0,3200 -575,0,3200 -600,0,3200 -625,0,3200 -650,0,3200 -675,0,3200 -700,0,3200 -725,0,3200 -750,0,3200 -775,0,3200 -800,0,3200
mouvement 4af05b75ff8158625ee1066bba223782 [bord droit] 800,0,3600 775,0,3600 750,0,3600 725,0,3600 700,0,3600 675,0,3600 650,0,3600 625,0,3600 600,0,3600 575,0,3600 550,0,3600 525,0,3600 500,0,3600 475,0,3600 450,0,3600 425,0,3600 400,0,3600 375,0,3600 350,0,3600 325,0,3600 300,0,3600 275,0,3600 250,0,3600 225,0,3600 200,0,3600 175,0,3600 150,0,3600 125,0,3600 100,0,3600 75,0,3600 50,0,3600 25,0,3600 0,0,3600 -25,0,3600 -50,0,3600 -75,0,3600 -100,0,3600 -125,0,3600 -150,0,3600 -175,0,3600 -200,0,3600 -225,0,3600 -250,0,3600 -275,0,3600 -300,0,3600 -325,0,3600 -350,0,3600 -375,0,3600 -400,0,3600 -425,0,3600 -450,0,3600 -475,0,3600 -500,0,3600 -525,0,3600 -550,0,3600 -575,0,3600 -600,0,3600 -625,0,3600 -650,0,3600 -675,0,3600 -700,0,3600 -725,0,3600 -750,0,3600 -775,0,3600 -800,0,3600
mouvement 46b3a813f373f17148f435776c7e69bc [centre] 800,0,3400 784,0,3400 768,0,3399 753,0,3398 737,0,3397 721,0,3395 705,0,3393 689,0,3391 673,0,3388 657,0,3385 642,0,3381 626,0,3377 610,0,3373 594,0,3369 578,0,3364 562,0,3359 546,0,3353 531,0,3347 515,0,3341 499,0,3335 484,0,3328 468,0,3321 453,0,3314 437,0,3306 422,0,3298 406,0,3290 391,0,3282 376,0,3273 361,0,3264 346,0,3255 331,0,3245 316,0,3236 302,0,3226 287,0,3216 273,0,3205 259,0,3195 244,0,3184 230,0,3173 216,0,3161 203,0,3150 189,0,3138 176,0,3126 162,0,3114 149,0,3102 136,0,3089 123,0,3077 111,0,3064 98,0,3051 86,0,3038 74,0,3024 62,0,3011 50,0,2997 39,0,2984 27,0,2970 16,0,2956 5,0,2941 -5,0,2927 -16,0,2913 -26,0,2898 -36,0,2884 -45,0,2869 -55,0,2854 -64,0,2839 -73,0,2824 -82,0,2809 -90,0,2794 -98,0,2778 -106,0,2763 -114,0,2747 -121,0,2732 -128,0,2716 -135,0,2701 -141,0,2685 -147,0,2669 -153,0,2654 -159,0,2638 -164,0,2622 -169,0,2606 -173,0,2590 -177,0,2574 -181,0,2558 -185,0,2543 -188,0,2527 -191,0,2511 -193,0,2495 -195,0,2479 -197,0,2463 -198,0,2447 -199,0,2432 -200,0,2416 -200,0,2400
mouvement 46b3a813f373f17148f435776c7e69bc [bord gauche] 800,0,3200 789,0,3200 778,0,3199 767,0,3199 756,0,3198 745,0,3197 733,0,3195 722,0,3193 710,0,3191 698,0,3189 687,0,3186 675,0,3183 663,0,3180 651,0,3177 638,0,3173 626,0,3169 614,0,3165 602,0,3160 589,0,3156 577,0,3150 564,0,3145 552,0,3139 539,0,3134 527,0,3127 514,0,3121 502,0,3114 489,0,3108 477,0,3100 465,0,3093 452,0,3085 440,0,3078 428,0,3069 415,0,3061 403,0,3053 391,0,3044 379,0,3035 367,0,3026 355,0,3017 344,0,3007 332,0,2997 320,0,2987 309,0,2977 298,0,2967 287,0,2957 276,0,2946 265,0,2935 254,0,2924 243,0,2913 233,0,2902 223,0,2891 213,0,2880 203,0,2868 193,0,2856 183,0,2845 174,0,2833 165,0,2821 156,0,2809 147,0,2797 139,0,2785 131,0,2772 122,0,2760 115,0,2748 107,0,2735 100,0,2723 92,0,2711 86,0,2698 79,0,2686 73,0,2673 66,0,2661 61,0,2648 55,0,2636 50,0,2623 44,0,2611 40,0,2598 35,0,2586 31,0,2574 27,0,2562 23,0,2549 20,0,2537 17,0,2525 14,0,2513 11,0,2502 9,0,2490 7,0,2478 5,0,2467 3,0,2455 2,0,2444 1,0,2433 1,0,2422 0,0,2411 0,0,2400
mouvement 46b3a813f373f17148f435776c7e69bc [bord droit] 800,0,3600 779,0,3600 759,0,3599 738,0,3598 718,0,3596 697,0,3594 677,0,3591 657,0,3588 637,0,3584 616,0,3580 597,0,3576 577,0,3571 557,0,3566 537,0,3560 518,0,3555 498,0,3548 479,0,3541 460,0,3534 441,0,3527 422,0,3519 403,0,3511 384,0,3503 366,0,3494 348,0,3485 329,0,3476 311,0,3466 293,0,3456 275,0,3446 258,0,3435 240,0,3425 223,0,3413 205,0,3402 188,0,3391 171,0,3379 155,0,3367 138,0,3354 122,0,3342 105,0,3329 89,0,3316 73,0,3303 58,0,3289 42,0,3275 27,0,3261 12,0,3247 -3,0,3233 -18,0,3218 -33,0,3203 -47,0,3188 -61,0,3173 -75,0,3158 -89,0,3142 -103,0,3127 -116,0,3111 -129,0,3095 -142,0,3078 -154,0,3062 -167,0,3045 -179,0,3029 -191,0,3012 -202,0,2995 -213,0,2977 -225,0,2960 -235,0,2942 -246,0,2925 -256,0,2907 -266,0,2889 -276,0,2871 -285,0,2852 -294,0,2834 -303,0,2816 -311,0,2797 -319,0,2778 -327,0,2759 -334,0,2740 -341,0,2721 -348,0,2702 -355,0,2682 -360,0,2663 -366,0,2643 -371,0,2623 -376,0,2603 -380,0,2584 -384,0,2563 -388,0,2543 -391,0,2523 -394,0,2503 -396,0,2482 -398,0,2462 -399,0,2441 -400,0,2421 -400,0,2400
mouvement 47084b07a52e936a1f5156ba93413d99 [centre] -800,0,3000 -791,0,3000 -781,0,3000 -772,0,2999 -763,0,2998 -753,0,2997 -744,0,2996 -734,0,2995 -725,0,2993 -715,0,2991 -706,0,2989 -697,0,2987 -687,0,2984 -678,0,2982 -668,0,2979 -659,0,2976 -650,0,2972 -640,0,2969 -631,0,2965 -622,0,2962 -612,0,2958 -603,0,2954 -594,0,2949 -585,0,2945 -575,0,2940 -566,0,2935 -557,0,2931 -548,0,2925 -539,0,2920 -531,0,2915 -522,0,2909 -513,0,2903 -504,0,2898 -496,0,2892 -487,0,2886 -478,0,2879 -470,0,2873 -462,0,2866 -453,0,2860 -445,0,2853 -437,0,2846 -429,0,2839 -421,0,2832 -413,0,2825 -405,0,2817 -398,0,2810 -390,0,2802 -383,0,2795 -375,0,2787 -368,0,2779 -361,0,2771 -354,0,2763 -347,0,2755 -340,0,2747 -334,0,2738 -327,0,2730 -321,0,2722 -314,0,2713 -308,0,2704 -302,0,2696 -297,0,2687 -291,0,2678 -285,0,2669 -280,0,2661 -275,0,2652 -269,0,2643 -265,0,2634 -260,0,2625 -255,0,2615 -251,0,2606 -246,0,2597 -242,0,2588 -238,0,2578 -235,0,2569 -231,0,2560 -228,0,2550 -224,0,2541 -221,0,2532 -218,0,2522 -216,0,2513 -213,0,2503 -211,0,2494 -209,0,2485 -207,0,2475 -205,0,2466 -204,0,2456 -203,0,2447 -202,0,2437 -201,0,2428 -200,0,2419 -200,0,2409 -200,0,2400
mouvement 47084b07a52e936a1f5156ba93413d99 [bord gauche] -800,0,3200 -786,0,3200 -772,0,3199 -758,0,3198 -744,0,3197 -730,0,3196 -716,0,3194 -702,0,3192 -688,0,3190 -675,0,3187 -661,0,3184 -648,0,3181 -635,0,3177 -622,0,3174 -609,0,3170 -596,0,3165 -583,0,3161 -570,0,3156 -557,0,3151 -545,0,3146 -532,0,3141 -520,0,3136 -508,0,3130 -496,0,3124 -484,0,3118 -472,0,3112 -460,0,3105 -448,0,3099 -437,0,3092 -425,0,3085 -414,0,3078 -403,0,3070 -392,0,3063 -381,0,3055 -370,0,3047 -359,0,3040 -348,0,3031 -338,0,3023 -327,0,3015 -317,0,3006 -307,0,2998 -296,0,2989 -286,0,2980 -277,0,2971 -267,0,2962 -257,0,2952 -248,0,2943 -238,0,2933 -229,0,2923 -220,0,2914 -211,0,2904 -202,0,2893 -194,0,2883 -185,0,2873 -177,0,2862 -169,0,2852 -160,0,2841 -153,0,2830 -145,0,2819 -137,0,2808 -130,0,2797 -122,0,2786 -115,0,2775 -108,0,2763 -101,0,2752 -95,0,2740 -88,0,2728 -82,0,2716 -76,0,2704 -70,0,2692 -64,0,2680 -59,0,2668 -54,0,2655 -49,0,2643 -44,0,2630 -39,0,2617 -35,0,2604 -30,0,2591 -26,0,2578 -23,0,2565 -19,0,2552 -16,0,2539 -13,0,2525 -10,0,2512 -8,0,2498 -6,0,2484 -4,0,2470 -3,0,2456 -2,0,2442 -1,0,2428 0,0,2414 0,0,2400
mouvement 47084b07a52e936a1f5156ba93413d99 [bord droit] -800,0,2800 -796,0,2800 -791,0,2800 -786,0,2799 -782,0,2799 -777,0,2799 -772,0,2798 -767,0,2797 -761,0,2796 -756,0,2795 -751,0,2794 -745,0,2793 -739,0,2791 -734,0,2790 -728,0,2788 -722,0,2786 -716,0,2784 -710,0,2782 -704,0,2779 -698,0,2777 -692,0,2774 -686,0,2772 -680,0,2769 -674,0,2766 -667,0,2763 -661,0,2759 -655,0,2756 -648,0,2752 -642,0,2749 -636,0,2745 -629,0,2741 -623,0,2737 -617,0,2732 -611,0,2728 -604,0,2724 -598,0,2719 -592,0,2714 -586,0,2709 -580,0,2705 -573,0,2700 -567,0,2694 -561,0,2689 -556,0,2684 -550,0,2678 -544,0,2673 -538,0,2667 -533,0,2662 -527,0,2656 -522,0,2650 -516,0,2644 -511,0,2639 -506,0,2633 -500,0,2627 -495,0,2620 -491,0,2614 -486,0,2608 -481,0,2602 -476,0,2596 -472,0,2589 -468,0,2583 -463,0,2577 -459,0,2571 -455,0,2564 -451,0,2558 -448,0,2552 -444,0,2545 -441,0,2539 -437,0,2533 -434,0,2526 -431,0,2520 -428,0,2514 -426,0,2508 -423,0,2502 -421,0,2496 -418,0,2490 -416,0,2484 -414,0,2478 -412,0,2472 -410,0,2466 -409,0,2461 -407,0,2455 -406,0,2449 -405,0,2444 -404,0,2439 -403,0,2433 -402,0,2428 -401,0,2423 -401,0,2418 -401,0,2414 -400,0,2409 -400,0,2404 -400,0,2400
mouvement 4e569459af68de1863a4b3c92ad028b5 [centre] -800,0,3000 -775,0,3000 -750,0,3000 -725,0,3000 -700,0,3000 -675,0,3000 -650,0,3000 -625,0,3000 -600,0,3000 -575,0,3000 -550,0,3000 -525,0,3000 -500,0,3000 -475,0,3000 -450,0,3000 -425,0,3000 -400,0,3000 -375,0,3000 -350,0,3000 -325,0,3000 -300,0,3000 -275,0,3000 -250,0,3000 -225,0,3000 -200,0,3000 -175,0,3000 -150,0,3000 -125,0,3000 -100,0,3000 -75,0,3000 -50,0,3000 -25,0,3000 0,0,3000 25,0,3000 50,0,3000 75,0,3000 100,0,3000 125,0,3000 150,0,3000 175,0,3000 200,0,3000 225,0,3000 250,0,3000 275,0,3000 300,0,3000 325,0,3000 350,0,3000 375,0,3000 400,0,3000 425,0,3000 450,0,3000 475,0,3000 500,0,3000 525,0,3000 550,0,3000 575,0,3000 600,0,3000 625,0,3000 650,0,3000 675,0,3000 700,0,3000 725,0,3000 750,0,3000 775,0,3000 800,0,3000
mouvement 4e569459af68de1863a4b3c92ad028b5 [bord gauche] -800,0,3200 -775,0,3200 -750,0,3200 -725,0,3200 -700,0,3200 -675,0,3200 -650,0,3200 -625,0,3200 -600,0,3200 -575,0,3200 -550,0,3200 -525,0,3200 -500,0,3200 -475,0,3200 -450,0,3200 -425,0,3200 -400,0,3200 -375,0,3200 -350,0,3200 -325,0,3200 -300,0,3200 -275,0,3200 -250,0,3200 -225,0,3200 -200,0,3200 -175,0,3200 -150,0,3200 -125,0,3200 -100,0,3200 -75,0,3200 -50,0,3200 -25,0,3200 0,0,3200 25,0,3200 50,0,3200 75,0,3200 100,0,3200 125,0,3200 150,0,3200 175,0,3200 200,0,3200 225,0,3200 250,0,3200 275,0,3200 300,0,3200 325,0,3200 350,0,3200 375,0,3200 400,0,3200 425,0,3200 450,0,3200 475,0,3200 500,0,3200 525,0,3200 550,0,3200 575,0,3200 600,0,3200 625,0,3200 650,0,3200 675,0,3200 700,0,3200 725,0,3200 750,0,3200 775,0,3200 800,0,3200
mouvement 4e569459af68de1863a4b3c92ad028b5 [bord droit] -800,0,2800 -775,0,2800 -750,0,2800 -725,0,2800 -700,0,2800 -675,0,2800 -650,0,2800 -625,0,2800 -600,0,2800 -575,0,2800 -550,0,2800 -525,0,2800 -500,0,2800 -475,0,2800 -450,0,2800 -425,0,2800 -400,0,2800 -375,0,2800 -350,0,2800 -325,0,2800 -300,0,2800 -275,0,2800 -250,0,2800 -225,0,2800 -200,0,2800 -175,0,2800 -150,0,2800 -125,0,2800 -100,0,2800 -75,0,2800 -50,0,2800 -25,0,2800 0,0,2800 25,0,2800 50,0,2800 75,0,2800 100,0,2800 125,0,2800 150,0,2800 175,0,2800 200,0,2800 225,0,2800 250,0,2800 275,0,2800 300,0,2800 325,0,2800 350,0,2800 375,0,2800 400,0,2800 425,0,2800 450,0,2800 475,0,2800 500,0,2800 525,0,2800 550,0,2800 575,0,2800 600,0,2800 625,0,2800 650,0,2800 675,0,2800 700,0,2800 725,0,2800 750,0,2800 775,0,2800 800,0,2800
mouvement 4d5388e3c39d025ecfc72f8aa302c389 [centre] 200,0,2400 200,0,2409 200,0,2419 201,0,2428 202,0,2437 203,0,2447 204,0,2456 205,0,2466 207,0,2475 209,0,2485 211,0,2494 213,0,2503 216,0,2513 218,0,2522 221,0,2532 224,0,2541 228,0,2550 231,0,2560 235,0,2569 238,0,2578 242,0,2588 246,0,2597 251,0,2606 255,0,2615 260,0,2625 265,0,2634 269,0,2643 275,0,2652 280,0,2661 285,0,2669 291,0,2678 297,0,2687 302,0,2696 308,0,2704 314,0,2713 321,0,2722 327,0,2730 334,0,2738 340,0,2747 347,0,2755 354,0,2763 361,0,2771 368,0,2779 375,0,2787 383,0,2795 390,0,2802 398,0,2810 405,0,2817 413,0,2825 421,0,2832 429,0,2839 437,0,2846 445,0,2853 453,0,2860 462,0,2866 470,0,2873 478,0,2879 487,0,2886 496,0,2892 504,0,2898 513,0,2903 522,0,2909 531,0,2915 539,0,2920 548,0,2925 557,0,2931 566,0,2935 575,0,2940 585,0,2945 594,0,2949 603,0,2954 612,0,2958 622,0,2962 631,0,2965 640,0,2969 650,0,2972 659,0,2976 668,0,2979 678,0,2982 687,0,2984 697,0,2987 706,0,2989 715,0,2991 725,0,2993 734,0,2995 744,0,2996 753,0,2997 763,0,2998 772,0,2999 781,0,3000 791,0,3000 800,0,3000
mouvement 4d5388e3c39d025ecfc72f8aa302c389 [bord gauche] 0,0,2400 0,0,2414 1,0,2428 2,0,2442 3,0,2456 4,0,2470 6,0,2484 8,0,2498 10,0,2512 13,0,2525 16,0,2539 19,0,2552 23,0,2565 26,0,2578 30,0,2591 35,0,2604 39,0,2617 44,0,2630 49,0,2643 54,0,2655 59,0,2668 64,0,2680 70,0,2692 76,0,2704 82,0,2716 88,0,2728 95,0,2740 101,0,2752 108,0,2763 115,0,2775 122,0,2786 130,0,2797 137,0,2808 145,0,2819 153,0,2830 160,0,2841 169,0,2852 177,0,2862 185,0,2873 194,0,2883 202,0,2893 211,0,2904 220,0,2914 229,0,2923 238,0,2933 248,0,2943 257,0,2952 267,0,2962 277,0,2971 286,0,2980 296,0,2989 307,0,2998 317,0,3006 327,0,3015 338,0,3023 348,0,3031 359,0,3040 370,0,3047 381,0,3055 392,0,3063 403,0,3070 414,0,3078 425,0,3085 437,0,3092 448,0,3099 460,0,3105 472,0,3112 484,0,3118 496,0,3124 508,0,3130 520,0,3136 532,0,3141 545,0,3146 557,0,3151 570,0,3156 583,0,3161 596,0,3165 609,0,3170 622,0,3174 635,0,3177 648,0,3181 661,0,3184 675,0,3187 688,0,3190 702,0,3192 716,0,3194 730,0,3196 744,0,3197 758,0,3198 772,0,3199 786,0,3200 800,0,3200
mouvement 4d5388e3c39d025ecfc72f8aa302c389 [bord droit] 400,0,2400 400,0,2404 400,0,2409 401,0,2414 401,0,2418 401,0,2423 402,0,2428 403,0,2433 404,0,2439 405,0,2444 406,0,2449 407,0,2455 409,0,2461 410,0,2466 412,0,2472 414,0,2478 416,0,2484 418,0,2490 421,0,2496 423,0,2502 426,0,2508 428,0,2514 431,0,2520 434,0,2526 437,0,2533 441,0,2539 444,0,2545 448,0,2552 451,0,2558 455,0,2564 459,0,2571 463,0,2577 468,0,2583 472,0,2589 476,0,2596 481,0,2602 486,0,2608 491,0,2614 495,0,2620 500,0,2627 506,0,2633 511,0,2639 516,0,2644 521,0,2650 527,0,2656 533,0,2662 538,0,2667 544,0,2673 550,0,2678 556,0,2684 561,0,2689 567,0,2694 573,0,2700 580,0,2705 586,0,2709 592,0,2714 598,0,2719 604,0,2724 611,0,2728 617,0,2732 623,0,2737 629,0,2741 636,0,2745 642,0,2749 648,0,2752 655,0,2756 661,0,2759 667,0,2763 674,0,2766 680,0,2769 686,0,2772 692,0,2774 698,0,2777 704,0,2779 710,0,2782 716,0,2784 722,0,2786 728,0,2788 734,0,2790 739,0,2791 745,0,2793 751,0,2794 756,0,2795 761,0,2796 767,0,2797 772,0,2798 777,0,2799 782,0,2799 786,0,2799 791,0,2800 796,0,2800 800,0,2800
mouvement 4e1888b8ecc1130b32caf9de2ec5fabf [centre] 200,0,2400 200,0,2416 199,0,2432 198,0,2447 197,0,2463 195,0,2479 193,0,2495 191,0,2511 188,0,2527 185,0,2543 181,0,2558 177,0,2574 173,0,2590 169,0,2606 164,0,2622 159,0,2638 153,0,2654 147,0,2669 141,0,2685 135,0,2701 128,0,2716 121,0,2732 114,0,2747 106,0,2763 98,0,2778 90,0,2794 82,0,2809 73,0,2824 64,0,2839 55,0,2854 45,0,2869 36,0,2884 26,0,2898 16,0,2913 5,0,2927 -5,0,2941 -16,0,2956 -27,0,2970 -39,0,2984 -50,0,2997 -62,0,3011 -74,0,3024 -86,0,3038 -98,0,3051 -111,0,3064 -123,0,3077 -136,0,3089 -149,0,3102 -162,0,3114 -176,0,3126 -189,0,3138 -203,0,3150 -216,0,3161 -230,0,3173 -244,0,3184 -259,0,3195 -273,0,3205 -287,0,3216 -302,0,3226 -316,0,3236 -331,0,3245 -346,0,3255 -361,0,3264 -376,0,3273 -391,0,3282 -406,0,3290 -422,0,3298 -437,0,3306 -453,0,3314 -468,0,3321 -484,0,3328 -499,0,3335 -515,0,3341 -531,0,3347 -546,0,3353 -562,0,3359 -578,0,3364 -594,0,3369 -610,0,3373 -626,0,3377 -642,0,3381 -657,0,3385 -673,0,3388 -689,0,3391 -705,0,3393 -721,0,3395 -737,0,3397 -753,0,3398 -768,0,3399 -784,0,3400 -800,0,3400
mouvement 4e1888b8ecc1130b32caf9de2ec5fabf [bord gauche] 0,0,2400 0,0,2411 -1,0,2422 -1,0,2433 -2,0,2444 -3,0,2455 -5,0,2467 -7,0,2478 -9,0,2490 -11,0,2502 -14,0,2513 -17,0,2525 -20,0,2537 -23,0,2549 -27,0,2562 -31,0,2574 -35,0,2586 -40,0,2598 -44,0,2611 -50,0,2623 -55,0,2636 -61,0,2648 -66,0,2661 -73,0,2673 -79,0,2686 -86,0,2698 -92,0,2711 -100,0,2723 -107,0,2735 -115,0,2748 -122,0,2760 -131,0,2772 -139,0,2785 -147,0,2797 -156,0,2809 -165,0,2821 -174,0,2833 -183,0,2845 -193,0,2856 -203,0,2868 -213,0,2880 -223,0,2891 -233,0,2902 -243,0,2913 -254,0,2924 -265,0,2935 -276,0,2946 -287,0,2957 -298,0,2967 -309,0,2977 -320,0,2987 -332,0,2997 -344,0,3007 -355,0,3017 -367,0,3026 -379,0,3035 -391,0,3044 -403,0,3053 -415,0,3061 -428,0,3069 -440,0,3078 -452,0,3085 -465,0,3093 -477,0,3100 -489,0,3108 -502,0,3114 -514,0,3121 -527,0,3127 -539,0,3134 -552,0,3139 -564,0,3145 -577,0,3150 -589,0,3156 -602,0,3160 -614,0,3165 -626,0,3169 -638,0,3173 -651,0,3177 -663,0,3180 -675,0,3183 -687,0,3186 -698,0,3189 -710,0,3191 -722,0,3193 -733,0,3195 -745,0,3197 -756,0,3198 -767,0,3199 -778,0,3199 -789,0,3200 -800,0,3200
mouvement 4e1888b8ecc1130b32caf9de2ec5fabf [bord droit] 400,0,2400 400,0,2421 399,0,2441 398,0,2462 396,0,2482 394,0,2503 391,0,2523 388,0,2543 384,0,2563 380,0,2584 376,0,2603 371,0,2623 366,0,2643 360,0,2663 355,0,2682 348,0,2702 341,0,2721 334,0,2740 327,0,2759 319,0,2778 311,0,2797 303,0,2816 294,0,2834 285,0,2852 276,0,2871 266,0,2889 256,0,2907 246,0,2925 235,0,2942 225,0,2960 213,0,2977 202,0,2995 191,0,3012 179,0,3029 167,0,3045 154,0,3062 142,0,3078 129,0,3095 116,0,3111 103,0,3127 89,0,3142 75,0,3158 61,0,3173 47,0,3188 33,0,3203 18,0,3218 3,0,3233 -12,0,3247 -27,0,3261 -42,0,3275 -58,0,3289 -73,0,3302 -89,0,3316 -105,0,3329 -122,0,3342 -138,0,3354 -155,0,3367 -171,0,3379 -188,0,3391 -205,0,3402 -223,0,3413 -240,0,3425 -258,0,3435 -275,0,3446 -293,0,3456 -311,0,3466 -329,0,3476 -348,0,3485 -366,0,3494 -384,0,3503 -403,0,3511 -422,0,3519 -441,0,3527 -460,0,3534 -479,0,3541 -498,0,3548 -518,0,3555 -537,0,3560 -557,0,3566 -577,0,3571 -597,0,3576 -616,0,3580 -637,0,3584 -657,0,3588 -677,0,3591 -697,0,3594 -718,0,3596 -738,0,3598 -759,0,3599 -779,0,3600 -800,0,3600
zone 4782b2025438431bd3b4c6d8fedfe99b [46b3a813f373f17148f435776c7e69bc x 4e1888b8ecc1130b32caf9de2ec5fabf] 0,0,2916 ; 298,128,334
zone 47d2bcbf20f128f9b2cf7d5f8dee60b9 [46b3a813f373f17148f435776c7e69bc x 4e569459af68de1863a4b3c92ad028b5] 80,0,3004 ; 464,128,363
zone 4875672f99ccdb811ea74f51b86d298f [4af05b75ff8158625ee1066bba223782 x 4e1888b8ecc1130b32caf9de2ec5fabf] -464,0,3281 ; 464,128,247
zone 4b91ce1faf5f47a051923e55db19d084 [46b3a813f373f17148f435776c7e69bc x 47084b07a52e936a1f5156ba93413d99] -224,0,2599 ; 264,128,327
zone 4e90907066432b37ea55bf8b6c7967b3 [4d5388e3c39d025ecfc72f8aa302c389 x 4e569459af68de1863a4b3c92ad028b5] 528,0,2874 ; 400,128,254
zone 4e982b0fa19ae9f5ee3c0bc424e8ac91 [4e1888b8ecc1130b32caf9de2ec5fabf x 4e569459af68de1863a4b3c92ad028b5] -80,0,3012 ; 464,128,372
controle 494595a32d7821f3022e012e6e6b6a94 [Uncontrolled, approche 47de8d1a8e71016a20b301b8a86852a5, 2 mouvements] -800,0,3000
controle 4c44e8caec8bc2c8291581b575127a8d [Uncontrolled, approche 4d56a92042f124db7947938fefa7c7a7, 2 mouvements] 200,0,2400
controle 4f0d2476b2d1a607c40bf041509af48e [Uncontrolled, approche 4bc86d56e68c64ed3454e51566dd43bc, 2 mouvements] 800,0,3400

instance GlobalObjectId_V1-2-ee081d5cbff641bb9dd499b4f13a8d62-3237468531753948436-2089303282 Intersection_Center_Crossroads (Crossroads)
frontiere 490b6106a4522c5dfec0040c66cd82b9 [Crossroads] 0,0,0 ; 1000,200,1000
mouvement 4bcc0e116de75d2480ac6c52948e3996 [centre] -200,0,800 -200,0,791 -200,0,781 -201,0,772 -202,0,763 -203,0,753 -204,0,744 -205,0,734 -207,0,725 -209,0,715 -211,0,706 -213,0,697 -216,0,687 -218,0,678 -221,0,668 -224,0,659 -228,0,650 -231,0,640 -235,0,631 -238,0,622 -242,0,612 -246,0,603 -251,0,594 -255,0,585 -260,0,575 -265,0,566 -269,0,557 -275,0,548 -280,0,539 -285,0,531 -291,0,522 -297,0,513 -302,0,504 -308,0,496 -314,0,487 -321,0,478 -327,0,470 -334,0,462 -340,0,453 -347,0,445 -354,0,437 -361,0,429 -368,0,421 -375,0,413 -383,0,405 -390,0,398 -398,0,390 -405,0,383 -413,0,375 -421,0,368 -429,0,361 -437,0,354 -445,0,347 -453,0,340 -462,0,334 -470,0,327 -478,0,321 -487,0,314 -496,0,308 -504,0,302 -513,0,297 -522,0,291 -531,0,285 -539,0,280 -548,0,275 -557,0,269 -566,0,265 -575,0,260 -585,0,255 -594,0,251 -603,0,246 -612,0,242 -622,0,238 -631,0,235 -640,0,231 -650,0,228 -659,0,224 -668,0,221 -678,0,218 -687,0,216 -697,0,213 -706,0,211 -715,0,209 -725,0,207 -734,0,205 -744,0,204 -753,0,203 -763,0,202 -772,0,201 -781,0,200 -791,0,200 -800,0,200
mouvement 4bcc0e116de75d2480ac6c52948e3996 [bord gauche] 0,0,800 0,0,786 -1,0,772 -2,0,758 -3,0,744 -4,0,730 -6,0,716 -8,0,702 -10,0,688 -13,0,675 -16,0,661 -19,0,648 -23,0,635 -26,0,622 -30,0,609 -35,0,596 -39,0,583 -44,0,570 -49,0,557 -54,0,545 -59,0,532 -64,0,520 -70,0,508 -76,0,496 -82,0,484 -88,0,472 -95,0,460 -101,0,448 -108,0,437 -115,0,425 -122,0,414 -130,0,403 -137,0,392 -145,0,381 -153,0,370 -160,0,359 -169,0,348 -177,0,338 -185,0,327 -194,0,317 -202,0,307 -211,0,296 -220,0,286 -229,0,277 -238,0,267 -248,0,257 -257,0,248 -267,0,238 -277,0,229 -286,0,220 -296,0,211 -307,0,202 -317,0,194 -327,0,185 -338,0,177 -348,0,169 -359,0,160 -370,0,153 -381,0,145 -392,0,137 -403,0,130 -414,0,122 -425,0,115 -437,0,108 -448,0,101 -460,0,95 -472,0,88 -484,0,82 -496,0,76 -508,0,70 -520,0,64 -532,0,59 -545,0,54 -557,0,49 -570,0,44 -583,0,39 -596,0,35 -609,0,30 -622,0,26 -635,0,23 -648,0,19 -661,0,16 -675,0,13 -688,0,10 -702,0,8 -716,0,6 -730,0,4 -744,0,3 -758,0,2 -772,0,1 -786,0,0 -800,0,0
mouvement 4bcc0e116de75d2480ac6c52948e3996 [bord droit] -400,0,800 -400,0,796 -400,0,791 -401,0,786 -401,0,782 -401,0,777 -402,0,772 -403,0,767 -404,0,761 -405,0,756 -406,0,751 -407,0,745 -409,0,739 -410,0,734 -412,0,728 -414,0,722 -416,0,716 -418,0,710 -421,0,704 -423,0,698 -426,0,692 -428,0,686 -431,0,680 -434,0,674 -437,0,667 -441,0,661 -444,0,655 -448,0,648 -451,0,642 -455,0,636 -459,0,629 -463,0,623 -468,0,617 -472,0,611 -476,0,604 -481,0,598 -486,0,592 -491,0,586 -495,0,580 -500,0,573 -506,0,567 -511,0,561 -516,0,556 -522,0,550 -527,0,544 -533,0,538 -538,0,533 -544,0,527 -550,0,521 -556,0,516 -561,0,511 -567,0,506 -573,0,500 -580,0,495 -586,0,491 -592,0,486 -598,0,481 -604,0,476 -611,0,472 -617,0,468 -623,0,463 -629,0,459 -636,0,455 -642,0,451 -648,0,448 -655,0,444 -661,0,441 -667,0,437 -674,0,434 -680,0,431 -686,0,428 -692,0,426 -698,0,423 -704,0,421 -710,0,418 -716,0,416 -722,0,414 -728,0,412 -734,0,410 -739,0,409 -745,0,407 -751,0,406 -756,0,405 -761,0,404 -767,0,403 -772,0,402 -777,0,401 -782,0,401 -786,0,401 -791,0,400 -796,0,400 -800,0,400
mouvement 410eb197d612c9963b40e6d1b7fe15bf [centre] -200,0,800 -200,0,775 -200,0,750 -200,0,725 -200,0,700 -200,0,675 -200,0,650 -200,0,625 -200,0,600 -200,0,575 -200,0,550 -200,0,525 -200,0,500 -200,0,475 -200,0,450 -200,0,425 -200,0,400 -200,0,375 -200,0,350 -200,0,325 -200,0,300 -200,0,275 -200,0,250 -200,0,225 -200,0,200 -200,0,175 -200,0,150 -200,0,125 -200,0,100 -200,0,75 -200,0,50 -200,0,25 -200,0,0 -200,0,-25 -200,0,-50 -200,0,-75 -200,0,-100 -200,0,-125 -200,0,-150 -200,0,-175 -200,0,-200 -200,0,-225 -200,0,-250 -200,0,-275 -200,0,-300 -200,0,-325 -200,0,-350 -200,0,-375 -200,0,-400 -200,0,-425 -200,0,-450 -200,0,-475 -200,0,-500 -200,0,-525 -200,0,-550 -200,0,-575 -200,0,-600 -200,0,-625 -200,0,-650 -200,0,-675 -200,0,-700 -200,0,-725 -200,0,-750 -200,0,-775 -200,0,-800
mouvement 410eb197d612c9963b40e6d1b7fe15bf [bord gauche] 0,0,800 0,0,775 0,0,750 0,0,725 0,0,700 0,0,675 0,0,650 0,0,625 0,0,600 0,0,575 0,0,550 0,0,525 0,0,500 0,0,475 0,0,450 0,0,425 0,0,400 0,0,375 0,0,350 0,0,325 0,0,300 0,0,275 0,0,250 0,0,225 0,0,200 0,0,175 0,0,150 0,0,125 0,0,100 0,0,75 0,0,50 0,0,25 0,0,0 0,0,-25 0,0,-50 0,0,-75 0,0,-100 0,0,-125 0,0,-150 0,0,-175 0,0,-200 0,0,-225 0,0,-250 0,0,-275 0,0,-300 0,0,-325 0,0,-350 0,0,-375 0,0,-400 0,0,-425 0,0,-450 0,0,-475 0,0,-500 0,0,-525 0,0,-550 0,0,-575 0,0,-600 0,0,-625 0,0,-650 0,0,-675 0,0,-700 0,0,-725 0,0,-750 0,0,-775 0,0,-800
mouvement 410eb197d612c9963b40e6d1b7fe15bf [bord droit] -400,0,800 -400,0,775 -400,0,750 -400,0,725 -400,0,700 -400,0,675 -400,0,650 -400,0,625 -400,0,600 -400,0,575 -400,0,550 -400,0,525 -400,0,500 -400,0,475 -400,0,450 -400,0,425 -400,0,400 -400,0,375 -400,0,350 -400,0,325 -400,0,300 -400,0,275 -400,0,250 -400,0,225 -400,0,200 -400,0,175 -400,0,150 -400,0,125 -400,0,100 -400,0,75 -400,0,50 -400,0,25 -400,0,0 -400,0,-25 -400,0,-50 -400,0,-75 -400,0,-100 -400,0,-125 -400,0,-150 -400,0,-175 -400,0,-200 -400,0,-225 -400,0,-250 -400,0,-275 -400,0,-300 -400,0,-325 -400,0,-350 -400,0,-375 -400,0,-400 -400,0,-425 -400,0,-450 -400,0,-475 -400,0,-500 -400,0,-525 -400,0,-550 -400,0,-575 -400,0,-600 -400,0,-625 -400,0,-650 -400,0,-675 -400,0,-700 -400,0,-725 -400,0,-750 -400,0,-775 -400,0,-800
mouvement 414c99412444a4a56b97dd36be51b593 [centre] -200,0,800 -200,0,784 -199,0,768 -198,0,753 -197,0,737 -195,0,721 -193,0,705 -191,0,689 -188,0,673 -185,0,657 -181,0,642 -177,0,626 -173,0,610 -169,0,594 -164,0,578 -159,0,562 -153,0,546 -147,0,531 -141,0,515 -135,0,499 -128,0,484 -121,0,468 -114,0,453 -106,0,437 -98,0,422 -90,0,406 -82,0,391 -73,0,376 -64,0,361 -55,0,346 -45,0,331 -36,0,316 -26,0,302 -16,0,287 -5,0,273 5,0,259 16,0,244 27,0,230 39,0,216 50,0,203 62,0,189 74,0,176 86,0,162 98,0,149 111,0,136 123,0,123 136,0,111 149,0,98 162,0,86 176,0,74 189,0,62 203,0,50 216,0,39 230,0,27 244,0,16 259,0,5 273,0,-5 287,0,-16 302,0,-26 316,0,-36 331,0,-45 346,0,-55 361,0,-64 376,0,-73 391,0,-82 406,0,-90 422,0,-98 437,0,-106 453,0,-114 468,0,-121 484,0,-128 499,0,-135 515,0,-141 531,0,-147 546,0,-153 562,0,-159 578,0,-164 594,0,-169 610,0,-173 626,0,-177 642,0,-181 657,0,-185 673,0,-188 689,0,-191 705,0,-193 721,0,-195 737,0,-197 753,0,-198 768,0,-199 784,0,-200 800,0,-200
mouvement 414c99412444a4a56b97dd36be51b593 [bord gauche] 0,0,800 0,0,789 1,0,778 1,0,767 2,0,756 3,0,745 5,0,733 7,0,722 9,0,710 11,0,698 14,0,687 17,0,675 20,0,663 23,0,651 27,0,638 31,0,626 35,0,614 40,0,602 44,0,589 50,0,577 55,0,564 61,0,552 66,0,539 73,0,527 79,0,514 86,0,502 92,0,489 100,0,477 107,0,465 115,0,452 122,0,440 131,0,428 139,0,415 147,0,403 156,0,391 165,0,379 174,0,367 183,0,355 193,0,344 203,0,332 213,0,320 223,0,309 233,0,298 243,0,287 254,0,276 265,0,265 276,0,254 287,0,243 298,0,233 309,0,223 320,0,213 332,0,203 344,0,193 355,0,183 367,0,174 379,0,165 391,0,156 403,0,147 415,0,139 428,0,131 440,0,122 452,0,115 465,0,107 477,0,100 489,0,92 502,0,86 514,0,79 527,0,73 539,0,66 552,0,61 564,0,55 577,0,50 589,0,44 602,0,40 614,0,35 626,0,31 638,0,27 651,0,23 663,0,20 675,0,17 687,0,14 698,0,11 710,0,9 722,0,7 733,0,5 745,0,3 756,0,2 767,0,1 778,0,1 789,0,0 800,0,0
mouvement 414c99412444a4a56b97dd36be51b593 [bord droit] -400,0,800 -400,0,779 -399,0,759 -398,0,738 -396,0,718 -394,0,697 -391,0,677 -388,0,657 -384,0,637 -380,0,616 -376,0,597 -371,0,577 -366,0,557 -360,0,537 -355,0,518 -348,0,498 -341,0,479 -334,0,460 -327,0,441 -319,0,422 -311,0,403 -303,0,384 -294,0,366 -285,0,348 -276,0,329 -266,0,311 -256,0,293 -246,0,275 -235,0,258 -225,0,240 -213,0,223 -202,0,205 -191,0,188 -179,0,171 -167,0,155 -154,0,138 -142,0,122 -129,0,105 -116,0,89 -103,0,73 -89,0,58 -75,0,42 -61,0,27 -47,0,12 -33,0,-3 -18,0,-18 -3,0,-33 12,0,-47 27,0,-61 42,0,-75 58,0,-89 73,0,-103 89,0,-116 105,0,-129 122,0,-142 138,0,-154 155,0,-167 171,0,-179 188,0,-191 205,0,-202 223,0,-213 240,0,-225 258,0,-235 275,0,-246 293,0,-256 311,0,-266 329,0,-276 348,0,-285 366,0,-294 384,0,-303 403,0,-311 422,0,-319 441,0,-327 460,0,-334 479,0,-341 498,0,-348 518,0,-355 537,0,-360 557,0,-366 577,0,-371 597,0,-376 616,0,-380 637,0,-384 657,0,-388 677,0,-391 697,0,-394 718,0,-396 738,0,-398 759,0,-399 779,0,-400 800,0,-400
mouvement 4e79b375e3de7f6e7949c5ce0ad4e993 [centre] 800,0,200 791,0,200 781,0,200 772,0,201 762,0,202 753,0,203 743,0,204 734,0,206 724,0,207 714,0,209 705,0,211 695,0,214 686,0,216 676,0,219 667,0,222 657,0,225 648,0,228 638,0,232 629,0,235 620,0,239 610,0,243 601,0,247 592,0,252 582,0,256 573,0,261 564,0,266 555,0,271 546,0,276 537,0,282 528,0,287 519,0,293 510,0,299 501,0,304 492,0,311 484,0,317 475,0,323 467,0,330 458,0,336 450,0,343 442,0,350 433,0,357 425,0,364 417,0,371 409,0,379 402,0,386 394,0,394 386,0,402 379,0,409 371,0,417 364,0,425 357,0,433 350,0,442 343,0,450 336,0,458 330,0,467 323,0,475 317,0,484 311,0,492 304,0,501 299,0,510 293,0,519 287,0,528 282,0,537 276,0,546 271,0,555 266,0,564 261,0,573 256,0,582 252,0,592 247,0,601 243,0,610 239,0,620 235,0,629 232,0,638 228,0,648 225,0,657 222,0,667 219,0,676 216,0,686 214,0,695 211,0,705 209,0,714 207,0,724 206,0,734 204,0,743 203,0,753 202,0,762 201,0,772 200,0,781 200,0,791 200,0,800
mouvement 4e79b375e3de7f6e7949c5ce0ad4e993 [bord gauche] 800,0,0 786,0,0 771,0,1 757,0,2 743,0,3 729,0,4 715,0,6 701,0,8 687,0,11 673,0,13 660,0,16 646,0,20 633,0,23 620,0,27 607,0,31 593,0,35 580,0,40 568,0,45 555,0,50 542,0,55 530,0,60 517,0,66 505,0,71 493,0,77 481,0,84 469,0,90 457,0,97 445,0,103 433,0,110 422,0,117 410,0,125 399,0,132 388,0,140 376,0,148 366,0,156 355,0,164 344,0,172 333,0,180 323,0,189 312,0,197 302,0,206 292,0,215 282,0,224 272,0,234 262,0,243 253,0,253 243,0,262 234,0,272 224,0,282 215,0,292 206,0,302 197,0,312 189,0,323 180,0,333 172,0,344 164,0,355 156,0,366 148,0,376 140,0,388 132,0,399 125,0,410 117,0,422 110,0,433 103,0,445 97,0,457 90,0,469 84,0,481 77,0,493 71,0,505 66,0,517 60,0,530 55,0,542 50,0,555 45,0,568 40,0,580 35,0,593 31,0,607 27,0,620 23,0,633 20,0,646 16,0,660 13,0,673 11,0,687 8,0,701 6,0,715 4,0,729 3,0,743 2,0,757 1,0,771 0,0,786 0,0,800
mouvement 4e79b375e3de7f6e7949c5ce0ad4e993 [bord droit] 800,0,400 795,0,400 791,0,400 786,0,401 781,0,401 776,0,401 771,0,402 766,0,403 761,0,404 755,0,405 750,0,406 744,0,407 739,0,409 733,0,411 727,0,412 721,0,414 715,0,416 709,0,419 703,0,421 697,0,424 691,0,426 685,0,429 678,0,432 672,0,435 666,0,438 659,0,442 653,0,445 646,0,449 640,0,453 634,0,457 627,0,461 621,0,465 615,0,469 608,0,474 602,0,478 596,0,483 589,0,488 583,0,493 577,0,498 571,0,503 565,0,508 559,0,513 553,0,519 547,0,524 541,0,530 535,0,535 530,0,541 524,0,547 519,0,553 513,0,559 508,0,565 503,0,571 498,0,577 493,0,583 488,0,589 483,0,596 478,0,602 474,0,608 469,0,615 465,0,621 461,0,627 457,0,634 453,0,640 449,0,646 445,0,653 442,0,659 438,0,666 435,0,672 432,0,678 429,0,685 426,0,691 424,0,697 421,0,703 419,0,709 416,0,715 414,0,721 412,0,727 411,0,733 409,0,739 407,0,744 406,0,750 405,0,755 404,0,761 403,0,766 402,0,771 401,0,776 401,0,781 401,0,786 400,0,791 400,0,795 400,0,800
mouvement 4ac23ecbf80f11d7feda468178247ab4 [centre] 800,0,200 775,0,200 750,0,200 725,0,200 700,0,200 675,0,200 650,0,200 625,0,200 600,0,200 575,0,200 550,0,200 525,0,200 500,0,200 475,0,200 450,0,200 425,0,200 400,0,200 375,0,200 350,0,200 325,0,200 300,0,200 275,0,200 250,0,200 225,0,200 200,0,200 175,0,200 150,0,200 125,0,200 100,0,200 75,0,200 50,0,200 25,0,200 0,0,200 -25,0,200 -50,0,200 -75,0,200 -100,0,200 -125,0,200 -150,0,200 -175,0,200 -200,0,200 -225,0,200 -250,0,200 -275,0,200 -300,0,200 -325,0,200 -350,0,200 -375,0,200 -400,0,200 -425,0,200 -450,0,200 -475,0,200 -500,0,200 -525,0,200 -550,0,200 -575,0,200 -600,0,200 -625,0,200 -650,0,200 -675,0,200 -700,0,200 -725,0,200 -750,0,200 -775,0,200 -800,0,200
mouvement 4ac23ecbf80f11d7feda468178247ab4 [bord gauche] 800,0,0 775,0,0 750,0,0 725,0,0 700,0,0 675,0,0 650,0,0 625,0,0 600,0,0 575,0,0 550,0,0 525,0,0 500,0,0 475,0,0 450,0,0 425,0,0 400,0,0 375,0,0 350,0,0 325,0,0 300,0,0 275,0,0 250,0,0 225,0,0 200,0,0 175,0,0 150,0,0 125,0,0 100,0,0 75,0,0 50,0,0 25,0,0 0,0,0 -25,0,0 -50,0,0 -75,0,0 -100,0,0 -125,0,0 -150,0,0 -175,0,0 -200,0,0 -225,0,0 -250,0,0 -275,0,0 -300,0,0 -325,0,0 -350,0,0 -375,0,0 -400,0,0 -425,0,0 -450,0,0 -475,0,0 -500,0,0 -525,0,0 -550,0,0 -575,0,0 -600,0,0 -625,0,0 -650,0,0 -675,0,0 -700,0,0 -725,0,0 -750,0,0 -775,0,0 -800,0,0
mouvement 4ac23ecbf80f11d7feda468178247ab4 [bord droit] 800,0,400 775,0,400 750,0,400 725,0,400 700,0,400 675,0,400 650,0,400 625,0,400 600,0,400 575,0,400 550,0,400 525,0,400 500,0,400 475,0,400 450,0,400 425,0,400 400,0,400 375,0,400 350,0,400 325,0,400 300,0,400 275,0,400 250,0,400 225,0,400 200,0,400 175,0,400 150,0,400 125,0,400 100,0,400 75,0,400 50,0,400 25,0,400 0,0,400 -25,0,400 -50,0,400 -75,0,400 -100,0,400 -125,0,400 -150,0,400 -175,0,400 -200,0,400 -225,0,400 -250,0,400 -275,0,400 -300,0,400 -325,0,400 -350,0,400 -375,0,400 -400,0,400 -425,0,400 -450,0,400 -475,0,400 -500,0,400 -525,0,400 -550,0,400 -575,0,400 -600,0,400 -625,0,400 -650,0,400 -675,0,400 -700,0,400 -725,0,400 -750,0,400 -775,0,400 -800,0,400
mouvement 4d54e6de5a6bbf4d1eb20f8ed5a40cb2 [centre] 800,0,200 784,0,200 768,0,199 753,0,198 737,0,197 721,0,195 705,0,193 689,0,191 673,0,188 657,0,185 642,0,181 626,0,177 610,0,173 594,0,169 578,0,164 562,0,159 546,0,153 531,0,147 515,0,141 499,0,135 484,0,128 468,0,121 453,0,114 437,0,106 422,0,98 406,0,90 391,0,82 376,0,73 361,0,64 346,0,55 331,0,45 316,0,36 302,0,26 287,0,16 273,0,5 259,0,-5 244,0,-16 230,0,-27 216,0,-39 203,0,-50 189,0,-62 176,0,-74 162,0,-86 149,0,-98 136,0,-111 123,0,-123 111,0,-136 98,0,-149 86,0,-162 74,0,-176 62,0,-189 50,0,-203 39,0,-216 27,0,-230 16,0,-244 5,0,-259 -5,0,-273 -16,0,-287 -26,0,-302 -36,0,-316 -45,0,-331 -55,0,-346 -64,0,-361 -73,0,-376 -82,0,-391 -90,0,-406 -98,0,-422 -106,0,-437 -114,0,-453 -121,0,-468 -128,0,-484 -135,0,-499 -141,0,-515 -147,0,-531 -153,0,-546 -159,0,-562 -164,0,-578 -169,0,-594 -173,0,-610 -177,0,-626 -181,0,-642 -185,0,-657 -188,0,-673 -191,0,-689 -193,0,-705 -195,0,-721 -197,0,-737 -198,0,-753 -199,0,-768 -200,0,-784 -200,0,-800
mouvement 4d54e6de5a6bbf4d1eb20f8ed5a40cb2 [bord gauche] 800,0,0 789,0,0 778,0,-1 767,0,-1 756,0,-2 745,0,-3 733,0,-5 722,0,-7 710,0,-9 698,0,-11 687,0,-14 675,0,-17 663,0,-20 651,0,-23 638,0,-27 626,0,-31 614,0,-35 602,0,-40 589,0,-44 577,0,-50 564,0,-55 552,0,-61 539,0,-66 527,0,-73 514,0,-79 502,0,-86 489,0,-92 477,0,-100 465,0,-107 452,0,-115 440,0,-122 428,0,-131 415,0,-139 403,0,-147 391,0,-156 379,0,-165 367,0,-174 355,0,-183 344,0,-193 332,0,-203 320,0,-213 309,0,-223 298,0,-233 287,0,-243 276,0,-254 265,0,-265 254,0,-276 243,0,-287 233,0,-298 223,0,-309 213,0,-320 203,0,-332 193,0,-344 183,0,-355 174,0,-367 165,0,-379 156,0,-391 147,0,-403 139,0,-415 131,0,-428 122,0,-440 115,0,-452 107,0,-465 100,0,-477 92,0,-489 86,0,-502 79,0,-514 73,0,-527 66,0,-539 61,0,-552 55,0,-564 50,0,-577 44,0,-589 40,0,-602 35,0,-614 31,0,-626 27,0,-638 23,0,-651 20,0,-663 17,0,-675 14,0,-687 11,0,-698 9,0,-710 7,0,-722 5,0,-733 3,0,-745 2,0,-756 1,0,-767 1,0,-778 0,0,-789 0,0,-800
mouvement 4d54e6de5a6bbf4d1eb20f8ed5a40cb2 [bord droit] 800,0,400 779,0,400 759,0,399 738,0,398 718,0,396 697,0,394 677,0,391 657,0,388 637,0,384 616,0,380 597,0,376 577,0,371 557,0,366 537,0,360 518,0,355 498,0,348 479,0,341 460,0,334 441,0,327 422,0,319 403,0,311 384,0,303 366,0,294 348,0,285 329,0,276 311,0,266 293,0,256 275,0,246 258,0,235 240,0,225 223,0,213 205,0,202 188,0,191 171,0,179 155,0,167 138,0,154 122,0,142 105,0,129 89,0,116 73,0,103 58,0,89 42,0,75 27,0,61 12,0,47 -3,0,33 -18,0,18 -33,0,3 -47,0,-12 -61,0,-27 -75,0,-42 -89,0,-58 -103,0,-73 -116,0,-89 -129,0,-105 -142,0,-122 -154,0,-138 -167,0,-155 -179,0,-171 -191,0,-188 -202,0,-205 -213,0,-223 -225,0,-240 -235,0,-258 -246,0,-275 -256,0,-293 -266,0,-311 -276,0,-329 -285,0,-348 -294,0,-366 -303,0,-384 -311,0,-403 -319,0,-422 -327,0,-441 -334,0,-460 -341,0,-479 -348,0,-498 -355,0,-518 -360,0,-537 -366,0,-557 -371,0,-577 -376,0,-597 -380,0,-616 -384,0,-637 -388,0,-657 -391,0,-677 -394,0,-697 -396,0,-718 -398,0,-738 -399,0,-759 -400,0,-779 -400,0,-800
mouvement 4b0942d72a850d61b60bc3e8a6a52384 [centre] -800,0,-200 -791,0,-200 -781,0,-200 -772,0,-201 -762,0,-202 -753,0,-203 -743,0,-204 -734,0,-206 -724,0,-207 -714,0,-209 -705,0,-211 -695,0,-214 -686,0,-216 -676,0,-219 -667,0,-222 -657,0,-225 -648,0,-228 -638,0,-232 -629,0,-235 -620,0,-239 -610,0,-243 -601,0,-247 -592,0,-252 -582,0,-256 -573,0,-261 -564,0,-266 -555,0,-271 -546,0,-276 -537,0,-282 -528,0,-287 -519,0,-293 -510,0,-299 -501,0,-304 -492,0,-311 -484,0,-317 -475,0,-323 -467,0,-330 -458,0,-336 -450,0,-343 -442,0,-350 -433,0,-357 -425,0,-364 -417,0,-371 -409,0,-379 -402,0,-386 -394,0,-394 -386,0,-402 -379,0,-409 -371,0,-417 -364,0,-425 -357,0,-433 -350,0,-442 -343,0,-450 -336,0,-458 -330,0,-467 -323,0,-475 -317,0,-484 -311,0,-492 -304,0,-501 -299,0,-510 -293,0,-519 -287,0,-528 -282,0,-537 -276,0,-546 -271,0,-555 -266,0,-564 -261,0,-573 -256,0,-582 -252,0,-592 -247,0,-601 -243,0,-610 -239,0,-620 -235,0,-629 -232,0,-638 -228,0,-648 -225,0,-657 -222,0,-667 -219,0,-676 -216,0,-686 -214,0,-695 -211,0,-705 -209,0,-714 -207,0,-724 -206,0,-734 -204,0,-743 -203,0,-753 -202,0,-762 -201,0,-772 -200,0,-781 -200,0,-791 -200,0,-800
mouvement 4b0942d72a850d61b60bc3e8a6a52384 [bord gauche] -800,0,0 -786,0,0 -771,0,-1 -757,0,-2 -743,0,-3 -729,0,-4 -715,0,-6 -701,0,-8 -687,0,-11 -673,0,-13 -660,0,-16 -646,0,-20 -633,0,-23 -620,0,-27 -607,0,-31 -593,0,-35 -580,0,-40 -568,0,-45 -555,0,-50 -542,0,-55 -530,0,-60 -517,0,-66 -505,0,-71 -493,0,-77 -481,0,-84 -469,0,-90 -457,0,-97 -445,0,-103 -433,0,-110 -422,0,-117 -410,0,-125 -399,0,-132 -388,0,-140 -376,0,-148 -366,0,-156 -355,0,-164 -344,0,-172 -333,0,-180 -323,0,-189 -312,0,-197 -302,0,-206 -292,0,-215 -282,0,-224 -272,0,-234 -262,0,-243 -253,0,-253 -243,0,-262 -234,0,-272 -224,0,-282 -215,0,-292 -206,0,-302 -197,0,-312 -189,0,-323 -180,0,-333 -172,0,-344 -164,0,-355 -156,0,-366 -148,0,-376 -140,0,-388 -132,0,-399 -125,0,-410 -117,0,-422 -110,0,-433 -103,0,-445 -97,0,-457 -90,0,-469 -84,0,-481 -77,0,-493 -71,0,-505 -66,0,-517 -60,0,-530 -55,0,-542 -50,0,-555 -45,0,-568 -40,0,-580 -35,0,-593 -31,0,-607 -27,0,-620 -23,0,-633 -20,0,-646 -16,0,-660 -13,0,-673 -11,0,-687 -8,0,-701 -6,0,-715 -4,0,-729 -3,0,-743 -2,0,-757 -1,0,-771 0,0,-786 0,0,-800
mouvement 4b0942d72a850d61b60bc3e8a6a52384 [bord droit] -800,0,-400 -795,0,-400 -791,0,-400 -786,0,-401 -781,0,-401 -776,0,-401 -771,0,-402 -766,0,-403 -761,0,-404 -755,0,-405 -750,0,-406 -744,0,-407 -739,0,-409 -733,0,-411 -727,0,-412 -721,0,-414 -715,0,-416 -709,0,-419 -703,0,-421 -697,0,-424 -691,0,-426 -685,0,-429 -678,0,-432 -672,0,-435 -666,0,-438 -659,0,-442 -653,0,-445 -646,0,-449 -640,0,-453 -634,0,-457 -627,0,-461 -621,0,-465 -615,0,-469 -608,0,-474 -602,0,-478 -596,0,-483 -589,0,-488 -583,0,-493 -577,0,-498 -571,0,-503 -565,0,-508 -559,0,-513 -553,0,-519 -547,0,-524 -541,0,-530 -535,0,-535 -530,0,-541 -524,0,-547 -519,0,-553 -513,0,-559 -508,0,-565 -503,0,-571 -498,0,-577 -493,0,-583 -488,0,-589 -483,0,-596 -478,0,-602 -474,0,-608 -469,0,-615 -465,0,-621 -461,0,-627 -457,0,-634 -453,0,-640 -449,0,-646 -445,0,-653 -442,0,-659 -438,0,-666 -435,0,-672 -432,0,-678 -429,0,-685 -426,0,-691 -424,0,-697 -421,0,-703 -419,0,-709 -416,0,-715 -414,0,-721 -412,0,-727 -411,0,-733 -409,0,-739 -407,0,-744 -406,0,-750 -405,0,-755 -404,0,-761 -403,0,-766 -402,0,-771 -401,0,-776 -401,0,-781 -401,0,-786 -400,0,-791 -400,0,-795 -400,0,-800
mouvement 4f7e560ced3c5a4bfbf14942df76f198 [centre] -800,0,-200 -775,0,-200 -750,0,-200 -725,0,-200 -700,0,-200 -675,0,-200 -650,0,-200 -625,0,-200 -600,0,-200 -575,0,-200 -550,0,-200 -525,0,-200 -500,0,-200 -475,0,-200 -450,0,-200 -425,0,-200 -400,0,-200 -375,0,-200 -350,0,-200 -325,0,-200 -300,0,-200 -275,0,-200 -250,0,-200 -225,0,-200 -200,0,-200 -175,0,-200 -150,0,-200 -125,0,-200 -100,0,-200 -75,0,-200 -50,0,-200 -25,0,-200 0,0,-200 25,0,-200 50,0,-200 75,0,-200 100,0,-200 125,0,-200 150,0,-200 175,0,-200 200,0,-200 225,0,-200 250,0,-200 275,0,-200 300,0,-200 325,0,-200 350,0,-200 375,0,-200 400,0,-200 425,0,-200 450,0,-200 475,0,-200 500,0,-200 525,0,-200 550,0,-200 575,0,-200 600,0,-200 625,0,-200 650,0,-200 675,0,-200 700,0,-200 725,0,-200 750,0,-200 775,0,-200 800,0,-200
mouvement 4f7e560ced3c5a4bfbf14942df76f198 [bord gauche] -800,0,0 -775,0,0 -750,0,0 -725,0,0 -700,0,0 -675,0,0 -650,0,0 -625,0,0 -600,0,0 -575,0,0 -550,0,0 -525,0,0 -500,0,0 -475,0,0 -450,0,0 -425,0,0 -400,0,0 -375,0,0 -350,0,0 -325,0,0 -300,0,0 -275,0,0 -250,0,0 -225,0,0 -200,0,0 -175,0,0 -150,0,0 -125,0,0 -100,0,0 -75,0,0 -50,0,0 -25,0,0 0,0,0 25,0,0 50,0,0 75,0,0 100,0,0 125,0,0 150,0,0 175,0,0 200,0,0 225,0,0 250,0,0 275,0,0 300,0,0 325,0,0 350,0,0 375,0,0 400,0,0 425,0,0 450,0,0 475,0,0 500,0,0 525,0,0 550,0,0 575,0,0 600,0,0 625,0,0 650,0,0 675,0,0 700,0,0 725,0,0 750,0,0 775,0,0 800,0,0
mouvement 4f7e560ced3c5a4bfbf14942df76f198 [bord droit] -800,0,-400 -775,0,-400 -750,0,-400 -725,0,-400 -700,0,-400 -675,0,-400 -650,0,-400 -625,0,-400 -600,0,-400 -575,0,-400 -550,0,-400 -525,0,-400 -500,0,-400 -475,0,-400 -450,0,-400 -425,0,-400 -400,0,-400 -375,0,-400 -350,0,-400 -325,0,-400 -300,0,-400 -275,0,-400 -250,0,-400 -225,0,-400 -200,0,-400 -175,0,-400 -150,0,-400 -125,0,-400 -100,0,-400 -75,0,-400 -50,0,-400 -25,0,-400 0,0,-400 25,0,-400 50,0,-400 75,0,-400 100,0,-400 125,0,-400 150,0,-400 175,0,-400 200,0,-400 225,0,-400 250,0,-400 275,0,-400 300,0,-400 325,0,-400 350,0,-400 375,0,-400 400,0,-400 425,0,-400 450,0,-400 475,0,-400 500,0,-400 525,0,-400 550,0,-400 575,0,-400 600,0,-400 625,0,-400 650,0,-400 675,0,-400 700,0,-400 725,0,-400 750,0,-400 775,0,-400 800,0,-400
mouvement 4d83ee0977d55ec7ebd2f1cbcba06bb9 [centre] -800,0,-200 -784,0,-200 -768,0,-199 -753,0,-198 -737,0,-197 -721,0,-195 -705,0,-193 -689,0,-191 -673,0,-188 -657,0,-185 -642,0,-181 -626,0,-177 -610,0,-173 -594,0,-169 -578,0,-164 -562,0,-159 -546,0,-153 -531,0,-147 -515,0,-141 -499,0,-135 -484,0,-128 -468,0,-121 -453,0,-114 -437,0,-106 -422,0,-98 -406,0,-90 -391,0,-82 -376,0,-73 -361,0,-64 -346,0,-55 -331,0,-45 -316,0,-36 -302,0,-26 -287,0,-16 -273,0,-5 -259,0,5 -244,0,16 -230,0,27 -216,0,39 -203,0,50 -189,0,62 -176,0,74 -162,0,86 -149,0,98 -136,0,111 -123,0,123 -111,0,136 -98,0,149 -86,0,162 -74,0,176 -62,0,189 -50,0,203 -39,0,216 -27,0,230 -16,0,244 -5,0,259 5,0,273 16,0,287 26,0,302 36,0,316 45,0,331 55,0,346 64,0,361 73,0,376 82,0,391 90,0,406 98,0,422 106,0,437 114,0,453 121,0,468 128,0,484 135,0,499 141,0,515 147,0,531 153,0,546 159,0,562 164,0,578 169,0,594 173,0,610 177,0,626 181,0,642 185,0,657 188,0,673 191,0,689 193,0,705 195,0,721 197,0,737 198,0,753 199,0,768 200,0,784 200,0,800
mouvement 4d83ee0977d55ec7ebd2f1cbcba06bb9 [bord gauche] -800,0,0 -789,0,0 -778,0,1 -767,0,1 -756,0,2 -745,0,3 -733,0,5 -722,0,7 -710,0,9 -698,0,11 -687,0,14 -675,0,17 -663,0,20 -651,0,23 -638,0,27 -626,0,31 -614,0,35 -602,0,40 -589,0,44 -577,0,50 -564,0,55 -552,0,61 -539,0,66 -527,0,73 -514,0,79 -502,0,86 -489,0,92 -477,0,100 -465,0,107 -452,0,115 -440,0,122 -428,0,131 -415,0,139 -403,0,147 -391,0,156 -379,0,165 -367,0,174 -355,0,183 -344,0,193 -332,0,203 -320,0,213 -309,0,223 -298,0,233 -287,0,243 -276,0,254 -265,0,265 -254,0,276 -243,0,287 -233,0,298 -223,0,309 -213,0,320 -203,0,332 -193,0,344 -183,0,355 -174,0,367 -165,0,379 -156,0,391 -147,0,403 -139,0,415 -131,0,428 -122,0,440 -115,0,452 -107,0,465 -100,0,477 -92,0,489 -86,0,502 -79,0,514 -73,0,527 -66,0,539 -61,0,552 -55,0,564 -50,0,577 -44,0,589 -40,0,602 -35,0,614 -31,0,626 -27,0,638 -23,0,651 -20,0,663 -17,0,675 -14,0,687 -11,0,698 -9,0,710 -7,0,722 -5,0,733 -3,0,745 -2,0,756 -1,0,767 -1,0,778 0,0,789 0,0,800
mouvement 4d83ee0977d55ec7ebd2f1cbcba06bb9 [bord droit] -800,0,-400 -779,0,-400 -759,0,-399 -738,0,-398 -718,0,-396 -697,0,-394 -677,0,-391 -657,0,-388 -637,0,-384 -616,0,-380 -597,0,-376 -577,0,-371 -557,0,-366 -537,0,-360 -518,0,-355 -498,0,-348 -479,0,-341 -460,0,-334 -441,0,-327 -422,0,-319 -403,0,-311 -384,0,-303 -366,0,-294 -348,0,-285 -329,0,-276 -311,0,-266 -293,0,-256 -275,0,-246 -258,0,-235 -240,0,-225 -223,0,-213 -205,0,-202 -188,0,-191 -171,0,-179 -155,0,-167 -138,0,-154 -122,0,-142 -105,0,-129 -89,0,-116 -73,0,-103 -58,0,-89 -42,0,-75 -27,0,-61 -12,0,-47 3,0,-33 18,0,-18 33,0,-3 47,0,12 61,0,27 75,0,42 89,0,58 103,0,73 116,0,89 129,0,105 142,0,122 154,0,138 167,0,155 179,0,171 191,0,188 202,0,205 213,0,223 225,0,240 235,0,258 246,0,275 256,0,293 266,0,311 276,0,329 285,0,348 294,0,366 303,0,384 311,0,403 319,0,422 327,0,441 334,0,460 341,0,479 348,0,498 355,0,518 360,0,537 366,0,557 371,0,577 376,0,597 380,0,616 384,0,637 388,0,657 391,0,677 394,0,697 396,0,718 398,0,738 399,0,759 400,0,779 400,0,800
mouvement 4382a19b7bef5cf02cd29cab54e15c82 [centre] 200,0,-800 200,0,-791 200,0,-781 201,0,-772 202,0,-763 203,0,-753 204,0,-744 205,0,-734 207,0,-725 209,0,-715 211,0,-706 213,0,-697 216,0,-687 218,0,-678 221,0,-668 224,0,-659 228,0,-650 231,0,-640 235,0,-631 238,0,-622 242,0,-612 246,0,-603 251,0,-594 255,0,-585 260,0,-575 265,0,-566 269,0,-557 275,0,-548 280,0,-539 285,0,-531 291,0,-522 297,0,-513 302,0,-504 308,0,-496 314,0,-487 321,0,-478 327,0,-470 334,0,-462 340,0,-453 347,0,-445 354,0,-437 361,0,-429 368,0,-421 375,0,-413 383,0,-405 390,0,-398 398,0,-390 405,0,-383 413,0,-375 421,0,-368 429,0,-361 437,0,-354 445,0,-347 453,0,-340 462,0,-334 470,0,-327 478,0,-321 487,0,-314 496,0,-308 504,0,-302 513,0,-297 522,0,-291 531,0,-285 539,0,-280 548,0,-275 557,0,-269 566,0,-265 575,0,-260 585,0,-255 594,0,-251 603,0,-246 612,0,-242 622,0,-238 631,0,-235 640,0,-231 650,0,-228 659,0,-224 668,0,-221 678,0,-218 687,0,-216 697,0,-213 706,0,-211 715,0,-209 725,0,-207 734,0,-205 744,0,-204 753,0,-203 763,0,-202 772,0,-201 781,0,-200 791,0,-200 800,0,-200
mouvement 4382a19b7bef5cf02cd29cab54e15c82 [bord gauche] 0,0,-800 0,0,-786 1,0,-772 2,0,-758 3,0,-744 4,0,-730 6,0,-716 8,0,-702 10,0,-688 13,0,-675 16,0,-661 19,0,-648 23,0,-635 26,0,-622 30,0,-609 35,0,-596 39,0,-583 44,0,-570 49,0,-557 54,0,-545 59,0,-532 64,0,-520 70,0,-508 76,0,-496 82,0,-484 88,0,-472 95,0,-460 101,0,-448 108,0,-437 115,0,-425 122,0,-414 130,0,-403 137,0,-392 145,0,-381 153,0,-370 160,0,-359 169,0,-348 177,0,-338 185,0,-327 194,0,-317 202,0,-307 211,0,-296 220,0,-286 229,0,-277 238,0,-267 248,0,-257 257,0,-248 267,0,-238 277,0,-229 286,0,-220 296,0,-211 307,0,-202 317,0,-194 327,0,-185 338,0,-177 348,0,-169 359,0,-160 370,0,-153 381,0,-145 392,0,-137 403,0,-130 414,0,-122 425,0,-115 437,0,-108 448,0,-101 460,0,-95 472,0,-88 484,0,-82 496,0,-76 508,0,-70 520,0,-64 532,0,-59 545,0,-54 557,0,-49 570,0,-44 583,0,-39 596,0,-35 609,0,-30 622,0,-26 635,0,-23 648,0,-19 661,0,-16 675,0,-13 688,0,-10 702,0,-8 716,0,-6 730,0,-4 744,0,-3 758,0,-2 772,0,-1 786,0,0 800,0,0
mouvement 4382a19b7bef5cf02cd29cab54e15c82 [bord droit] 400,0,-800 400,0,-796 400,0,-791 401,0,-786 401,0,-782 401,0,-777 402,0,-772 403,0,-767 404,0,-761 405,0,-756 406,0,-751 407,0,-745 409,0,-739 410,0,-734 412,0,-728 414,0,-722 416,0,-716 418,0,-710 421,0,-704 423,0,-698 426,0,-692 428,0,-686 431,0,-680 434,0,-674 437,0,-667 441,0,-661 444,0,-655 448,0,-648 451,0,-642 455,0,-636 459,0,-629 463,0,-623 468,0,-617 472,0,-611 476,0,-604 481,0,-598 486,0,-592 491,0,-586 495,0,-580 500,0,-573 506,0,-567 511,0,-561 516,0,-556 522,0,-550 527,0,-544 533,0,-538 538,0,-533 544,0,-527 550,0,-521 556,0,-516 561,0,-511 567,0,-506 573,0,-500 580,0,-495 586,0,-491 592,0,-486 598,0,-481 604,0,-476 611,0,-472 617,0,-468 623,0,-463 629,0,-459 636,0,-455 642,0,-451 648,0,-448 655,0,-444 661,0,-441 667,0,-437 674,0,-434 680,0,-431 686,0,-428 692,0,-426 698,0,-423 704,0,-421 710,0,-418 716,0,-416 722,0,-414 728,0,-412 734,0,-410 739,0,-409 745,0,-407 751,0,-406 756,0,-405 761,0,-404 767,0,-403 772,0,-402 777,0,-401 782,0,-401 786,0,-401 791,0,-400 796,0,-400 800,0,-400
mouvement 455bb22fbae5a3833e564372b5f1d7a0 [centre] 200,0,-800 200,0,-775 200,0,-750 200,0,-725 200,0,-700 200,0,-675 200,0,-650 200,0,-625 200,0,-600 200,0,-575 200,0,-550 200,0,-525 200,0,-500 200,0,-475 200,0,-450 200,0,-425 200,0,-400 200,0,-375 200,0,-350 200,0,-325 200,0,-300 200,0,-275 200,0,-250 200,0,-225 200,0,-200 200,0,-175 200,0,-150 200,0,-125 200,0,-100 200,0,-75 200,0,-50 200,0,-25 200,0,0 200,0,25 200,0,50 200,0,75 200,0,100 200,0,125 200,0,150 200,0,175 200,0,200 200,0,225 200,0,250 200,0,275 200,0,300 200,0,325 200,0,350 200,0,375 200,0,400 200,0,425 200,0,450 200,0,475 200,0,500 200,0,525 200,0,550 200,0,575 200,0,600 200,0,625 200,0,650 200,0,675 200,0,700 200,0,725 200,0,750 200,0,775 200,0,800
mouvement 455bb22fbae5a3833e564372b5f1d7a0 [bord gauche] 0,0,-800 0,0,-775 0,0,-750 0,0,-725 0,0,-700 0,0,-675 0,0,-650 0,0,-625 0,0,-600 0,0,-575 0,0,-550 0,0,-525 0,0,-500 0,0,-475 0,0,-450 0,0,-425 0,0,-400 0,0,-375 0,0,-350 0,0,-325 0,0,-300 0,0,-275 0,0,-250 0,0,-225 0,0,-200 0,0,-175 0,0,-150 0,0,-125 0,0,-100 0,0,-75 0,0,-50 0,0,-25 0,0,0 0,0,25 0,0,50 0,0,75 0,0,100 0,0,125 0,0,150 0,0,175 0,0,200 0,0,225 0,0,250 0,0,275 0,0,300 0,0,325 0,0,350 0,0,375 0,0,400 0,0,425 0,0,450 0,0,475 0,0,500 0,0,525 0,0,550 0,0,575 0,0,600 0,0,625 0,0,650 0,0,675 0,0,700 0,0,725 0,0,750 0,0,775 0,0,800
mouvement 455bb22fbae5a3833e564372b5f1d7a0 [bord droit] 400,0,-800 400,0,-775 400,0,-750 400,0,-725 400,0,-700 400,0,-675 400,0,-650 400,0,-625 400,0,-600 400,0,-575 400,0,-550 400,0,-525 400,0,-500 400,0,-475 400,0,-450 400,0,-425 400,0,-400 400,0,-375 400,0,-350 400,0,-325 400,0,-300 400,0,-275 400,0,-250 400,0,-225 400,0,-200 400,0,-175 400,0,-150 400,0,-125 400,0,-100 400,0,-75 400,0,-50 400,0,-25 400,0,0 400,0,25 400,0,50 400,0,75 400,0,100 400,0,125 400,0,150 400,0,175 400,0,200 400,0,225 400,0,250 400,0,275 400,0,300 400,0,325 400,0,350 400,0,375 400,0,400 400,0,425 400,0,450 400,0,475 400,0,500 400,0,525 400,0,550 400,0,575 400,0,600 400,0,625 400,0,650 400,0,675 400,0,700 400,0,725 400,0,750 400,0,775 400,0,800
mouvement 4c6997b98ac692f6bd24a50f86009eb3 [centre] 200,0,-800 200,0,-784 199,0,-768 198,0,-753 197,0,-737 195,0,-721 193,0,-705 191,0,-689 188,0,-673 185,0,-657 181,0,-642 177,0,-626 173,0,-610 169,0,-594 164,0,-578 159,0,-562 153,0,-546 147,0,-531 141,0,-515 135,0,-499 128,0,-484 121,0,-468 114,0,-453 106,0,-437 98,0,-422 90,0,-406 82,0,-391 73,0,-376 64,0,-361 55,0,-346 45,0,-331 36,0,-316 26,0,-302 16,0,-287 5,0,-273 -5,0,-259 -16,0,-244 -27,0,-230 -39,0,-216 -50,0,-203 -62,0,-189 -74,0,-176 -86,0,-162 -98,0,-149 -111,0,-136 -123,0,-123 -136,0,-111 -149,0,-98 -162,0,-86 -176,0,-74 -189,0,-62 -203,0,-50 -216,0,-39 -230,0,-27 -244,0,-16 -259,0,-5 -273,0,5 -287,0,16 -302,0,26 -316,0,36 -331,0,45 -346,0,55 -361,0,64 -376,0,73 -391,0,82 -406,0,90 -422,0,98 -437,0,106 -453,0,114 -468,0,121 -484,0,128 -499,0,135 -515,0,141 -531,0,147 -546,0,153 -562,0,159 -578,0,164 -594,0,169 -610,0,173 -626,0,177 -642,0,181 -657,0,185 -673,0,188 -689,0,191 -705,0,193 -721,0,195 -737,0,197 -753,0,198 -768,0,199 -784,0,200 -800,0,200
mouvement 4c6997b98ac692f6bd24a50f86009eb3 [bord gauche] 0,0,-800 0,0,-789 -1,0,-778 -1,0,-767 -2,0,-756 -3,0,-745 -5,0,-733 -7,0,-722 -9,0,-710 -11,0,-698 -14,0,-687 -17,0,-675 -20,0,-663 -23,0,-651 -27,0,-638 -31,0,-626 -35,0,-614 -40,0,-602 -44,0,-589 -50,0,-577 -55,0,-564 -61,0,-552 -66,0,-539 -73,0,-527 -79,0,-514 -86,0,-502 -92,0,-489 -100,0,-477 -107,0,-465 -115,0,-452 -122,0,-440 -131,0,-428 -139,0,-415 -147,0,-403 -156,0,-391 -165,0,-379 -174,0,-367 -183,0,-355 -193,0,-344 -203,0,-332 -213,0,-320 -223,0,-309 -233,0,-298 -243,0,-287 -254,0,-276 -265,0,-265 -276,0,-254 -287,0,-243 -298,0,-233 -309,0,-223 -320,0,-213 -332,0,-203 -344,0,-193 -355,0,-183 -367,0,-174 -379,0,-165 -391,0,-156 -403,0,-147 -415,0,-139 -428,0,-131 -440,0,-122 -452,0,-115 -465,0,-107 -477,0,-100 -489,0,-92 -502,0,-86 -514,0,-79 -527,0,-73 -539,0,-66 -552,0,-61 -564,0,-55 -577,0,-50 -589,0,-44 -602,0,-40 -614,0,-35 -626,0,-31 -638,0,-27 -651,0,-23 -663,0,-20 -675,0,-17 -687,0,-14 -698,0,-11 -710,0,-9 -722,0,-7 -733,0,-5 -745,0,-3 -756,0,-2 -767,0,-1 -778,0,-1 -789,0,0 -800,0,0
mouvement 4c6997b98ac692f6bd24a50f86009eb3 [bord droit] 400,0,-800 400,0,-779 399,0,-759 398,0,-738 396,0,-718 394,0,-697 391,0,-677 388,0,-657 384,0,-637 380,0,-616 376,0,-597 371,0,-577 366,0,-557 360,0,-537 355,0,-518 348,0,-498 341,0,-479 334,0,-460 327,0,-441 319,0,-422 311,0,-403 303,0,-384 294,0,-366 285,0,-348 276,0,-329 266,0,-311 256,0,-293 246,0,-275 235,0,-258 225,0,-240 213,0,-223 202,0,-205 191,0,-188 179,0,-171 167,0,-155 154,0,-138 142,0,-122 129,0,-105 116,0,-89 103,0,-73 89,0,-58 75,0,-42 61,0,-27 47,0,-12 33,0,3 18,0,18 3,0,33 -12,0,47 -27,0,61 -42,0,75 -58,0,89 -73,0,103 -89,0,116 -105,0,129 -122,0,142 -138,0,154 -155,0,167 -171,0,179 -188,0,191 -205,0,202 -223,0,213 -240,0,225 -258,0,235 -275,0,246 -293,0,256 -311,0,266 -329,0,276 -348,0,285 -366,0,294 -384,0,303 -403,0,311 -422,0,319 -441,0,327 -460,0,334 -479,0,341 -498,0,348 -518,0,355 -537,0,360 -557,0,366 -577,0,371 -597,0,376 -616,0,380 -637,0,384 -657,0,388 -677,0,391 -697,0,394 -718,0,396 -738,0,398 -759,0,399 -779,0,400 -800,0,400
zone 4065d99bf14d8ee4c3e42099de20fa89 [4b0942d72a850d61b60bc3e8a6a52384 x 4d54e6de5a6bbf4d1eb20f8ed5a40cb2] -224,0,-601 ; 264,128,327
zone 41143c56ca46d5c88f92b78870868c87 [410eb197d612c9963b40e6d1b7fe15bf x 4d83ee0977d55ec7ebd2f1cbcba06bb9] -188,0,80 ; 372,128,464
zone 421fede006aa2f42e5a6fd0002a6d696 [414c99412444a4a56b97dd36be51b593 x 4382a19b7bef5cf02cd29cab54e15c82] 601,0,-224 ; 327,128,264
zone 42665e8c1aa6739044cecc21fb9f79be [414c99412444a4a56b97dd36be51b593 x 4d83ee0977d55ec7ebd2f1cbcba06bb9] 0,0,284 ; 298,128,334
zone 44ef4e39ca0ade7338fc8feec0f429be [4bcc0e116de75d2480ac6c52948e3996 x 4c6997b98ac692f6bd24a50f86009eb3] -601,0,224 ; 327,128,264
zone 452cc0b3f8ae471194e7907f1351d3ad [4ac23ecbf80f11d7feda468178247ab4 x 4d83ee0977d55ec7ebd2f1cbcba06bb9] -80,0,196 ; 464,128,363
zone 45a0180046cf5cfca98979d7fcd8828a [4ac23ecbf80f11d7feda468178247ab4 x 4bcc0e116de75d2480ac6c52948e3996] -528,0,326 ; 400,128,254
zone 45f30575f87cd3d65d78177ee3c66d85 [455bb22fbae5a3833e564372b5f1d7a0 x 4f7e560ced3c5a4bfbf14942df76f198] 208,0,-208 ; 368,128,368
zone 4645efe76bbc8c5cda09e53a759b85b9 [414c99412444a4a56b97dd36be51b593 x 4d54e6de5a6bbf4d1eb20f8ed5a40cb2] 284,0,0 ; 334,128,298
zone 46987262dd6fe1111a00229ab6c9d8ab [410eb197d612c9963b40e6d1b7fe15bf x 4f7e560ced3c5a4bfbf14942df76f198] -208,0,-208 ; 368,128,368
zone 47c31dcb178dc8692f142c61851d9cb7 [414c99412444a4a56b97dd36be51b593 x 4f7e560ced3c5a4bfbf14942df76f198] 464,0,-81 ; 464,128,247
zone 488452c23f729a6d1d1f9aa582c2bf8f [4ac23ecbf80f11d7feda468178247ab4 x 4c6997b98ac692f6bd24a50f86009eb3] -464,0,81 ; 464,128,247
zone 490e9e2ea4bef88bf4a8ee14433a429b [414c99412444a4a56b97dd36be51b593 x 455bb22fbae5a3833e564372b5f1d7a0] 196,0,80 ; 363,128,464
zone 49340dcf8a92884fb95006b2ec095381 [4c6997b98ac692f6bd24a50f86009eb3 x 4d54e6de5a6bbf4d1eb20f8ed5a40cb2] 0,0,-284 ; 298,128,334
zone 4987ba61c57809e24605d2648053e29e [455bb22fbae5a3833e564372b5f1d7a0 x 4d83ee0977d55ec7ebd2f1cbcba06bb9] 81,0,464 ; 247,128,464
zone 49a2893231955267ed28fd25ded38ba0 [455bb22fbae5a3833e564372b5f1d7a0 x 4e79b375e3de7f6e7949c5ce0ad4e993] 326,0,528 ; 254,128,400
zone 49c2d7c1095d014dcd2e9707187a5d9e [455bb22fbae5a3833e564372b5f1d7a0 x 4ac23ecbf80f11d7feda468178247ab4] 208,0,208 ; 368,128,368
zone 4a6c823b85b757d2f3505c8789aa528c [4d54e6de5a6bbf4d1eb20f8ed5a40cb2 x 4f7e560ced3c5a4bfbf14942df76f198] 80,0,-196 ; 464,128,363
zone 4ac63be5d9fb0655462900ee2188a088 [414c99412444a4a56b97dd36be51b593 x 4ac23ecbf80f11d7feda468178247ab4] 80,0,188 ; 464,128,372
zone 4aeb5f7d500459bab9a69a74b6996994 [410eb197d612c9963b40e6d1b7fe15bf x 4d54e6de5a6bbf4d1eb20f8ed5a40cb2] -81,0,-464 ; 247,128,464
zone 4b168164d6d552a9e382264821c7dcbe [410eb197d612c9963b40e6d1b7fe15bf x 4c6997b98ac692f6bd24a50f86009eb3] -196,0,-80 ; 363,128,464
zone 4b4cb6b3d76549de0935338e2b66aea9 [4c6997b98ac692f6bd24a50f86009eb3 x 4f7e560ced3c5a4bfbf14942df76f198] -80,0,-188 ; 464,128,372
zone 4c20416c36051baa4edfb294cd6e169b [4d83ee0977d55ec7ebd2f1cbcba06bb9 x 4e79b375e3de7f6e7949c5ce0ad4e993] 224,0,601 ; 264,128,327
zone 4c31ad754ca8b25911fbb0f12ca04f90 [410eb197d612c9963b40e6d1b7fe15bf x 4b0942d72a850d61b60bc3e8a6a52384] -326,0,-528 ; 254,128,400
zone 4c9b462c1b8587eb241406b3a9d11683 [4c6997b98ac692f6bd24a50f86009eb3 x 4d83ee0977d55ec7ebd2f1cbcba06bb9] -284,0,0 ; 334,128,298
zone 4cb4ca66e2b91ace8ba4ce3150bf3ebb [4382a19b7bef5cf02cd29cab54e15c82 x 4f7e560ced3c5a4bfbf14942df76f198] 528,0,-326 ; 400,128,254
zone 4d99e930a4f47c2ed260aed77cac1f8d [455bb22fbae5a3833e564372b5f1d7a0 x 4d54e6de5a6bbf4d1eb20f8ed5a40cb2] 188,0,-80 ; 372,128,464
zone 4fade05dfa8725d21db5702002aa4ca3 [410eb197d612c9963b40e6d1b7fe15bf x 4ac23ecbf80f11d7feda468178247ab4] -208,0,208 ; 368,128,368
controle 413075398038b1e09d306528753f6b9e [Uncontrolled, approche 45daa67f26d456b653f543a16ea6dba5, 3 mouvements] 800,0,200
controle 4575f7c642af9766e86aebffaec3cfb3 [Uncontrolled, approche 44d95c53b9c058de55da54065eed7882, 3 mouvements] 200,0,-800
controle 48bec7b12bfc173be79c7ff6dc888e82 [Uncontrolled, approche 48c833c71f68abef819cb5a36c99208f, 3 mouvements] -800,0,-200
controle 4b0592bd1e8ddf114991c13fb4632285 [Uncontrolled, approche 4680aaa6ee1678ef03909266658047b6, 3 mouvements] -200,0,800

instance GlobalObjectId_V1-2-ee081d5cbff641bb9dd499b4f13a8d62-7270336988349436968-1227312198 Ring_North_West (RoadSegment)
corridor 4516fd525d5bf0205cb47b0093ab0794 [centre] -800,0,3400 -1600,0,3400 -2400,0,3400
corridor 4516fd525d5bf0205cb47b0093ab0794 [bord gauche] -800,0,3200 -1600,0,3200 -2400,0,3200
corridor 4516fd525d5bf0205cb47b0093ab0794 [bord droit] -800,0,3600 -1600,0,3600 -2400,0,3600
corridor 47de8d1a8e71016a20b301b8a86852a5 [centre] -2400,0,3000 -1600,0,3000 -800,0,3000
corridor 47de8d1a8e71016a20b301b8a86852a5 [bord gauche] -2400,0,3200 -1600,0,3200 -800,0,3200
corridor 47de8d1a8e71016a20b301b8a86852a5 [bord droit] -2400,0,2800 -1600,0,2800 -800,0,2800

instance GlobalObjectId_V1-2-ee081d5cbff641bb9dd499b4f13a8d62-7270336988349436968-1335115730 Ring_East_North (RoadSegment)
corridor 4970addfd3bf6360c8191bf0f3eeafb7 [centre] 3000,0,2400 3000,0,1600 3000,0,800
corridor 4970addfd3bf6360c8191bf0f3eeafb7 [bord gauche] 3200,0,2400 3200,0,1600 3200,0,800
corridor 4970addfd3bf6360c8191bf0f3eeafb7 [bord droit] 2800,0,2400 2800,0,1600 2800,0,800
corridor 4ae5e1290d8b815bcb8f509e915fef89 [centre] 3400,0,800 3400,0,1600 3400,0,2400
corridor 4ae5e1290d8b815bcb8f509e915fef89 [bord gauche] 3200,0,800 3200,0,1600 3200,0,2400
corridor 4ae5e1290d8b815bcb8f509e915fef89 [bord droit] 3600,0,800 3600,0,1600 3600,0,2400

instance GlobalObjectId_V1-2-ee081d5cbff641bb9dd499b4f13a8d62-7270336988349436968-1375911139 Ring_East_South (RoadSegment)
corridor 4eb54bbcb45c5ab91993e545746f24a9 [centre] 3000,0,-800 3000,0,-1600 3000,0,-2400
corridor 4eb54bbcb45c5ab91993e545746f24a9 [bord gauche] 3200,0,-800 3200,0,-1600 3200,0,-2400
corridor 4eb54bbcb45c5ab91993e545746f24a9 [bord droit] 2800,0,-800 2800,0,-1600 2800,0,-2400
corridor 4bc735b758e931a2e6a2faa6a7cf198b [centre] 3400,0,-2400 3400,0,-1600 3400,0,-800
corridor 4bc735b758e931a2e6a2faa6a7cf198b [bord gauche] 3200,0,-2400 3200,0,-1600 3200,0,-800
corridor 4bc735b758e931a2e6a2faa6a7cf198b [bord droit] 3600,0,-2400 3600,0,-1600 3600,0,-800

instance GlobalObjectId_V1-2-ee081d5cbff641bb9dd499b4f13a8d62-7270336988349436968-1461432457 Avenue_CenterToNorth (RoadSegment)
corridor 4680aaa6ee1678ef03909266658047b6 [centre] -200,0,2400 -200,0,1600 -200,0,800
corridor 4680aaa6ee1678ef03909266658047b6 [bord gauche] 0,0,2400 0,0,1600 0,0,800
corridor 4680aaa6ee1678ef03909266658047b6 [bord droit] -400,0,2400 -400,0,1600 -400,0,800
corridor 4d56a92042f124db7947938fefa7c7a7 [centre] 200,0,800 200,0,1600 200,0,2400
corridor 4d56a92042f124db7947938fefa7c7a7 [bord gauche] 0,0,800 0,0,1600 0,0,2400
corridor 4d56a92042f124db7947938fefa7c7a7 [bord droit] 400,0,800 400,0,1600 400,0,2400

instance GlobalObjectId_V1-2-ee081d5cbff641bb9dd499b4f13a8d62-7270336988349436968-1516681040 Ring_West_South (RoadSegment)
corridor 40e937a99618cac3ce12d56586514283 [centre] -3400,0,-800 -3400,0,-1600 -3400,0,-2400
corridor 40e937a99618cac3ce12d56586514283 [bord gauche] -3200,0,-800 -3200,0,-1600 -3200,0,-2400
corridor 40e937a99618cac3ce12d56586514283 [bord droit] -3600,0,-800 -3600,0,-1600 -3600,0,-2400
corridor 46b219bca5cdaf1087d30d9622fab0a5 [centre] -3000,0,-2400 -3000,0,-1600 -3000,0,-800
corridor 46b219bca5cdaf1087d30d9622fab0a5 [bord gauche] -3200,0,-2400 -3200,0,-1600 -3200,0,-800
corridor 46b219bca5cdaf1087d30d9622fab0a5 [bord droit] -2800,0,-2400 -2800,0,-1600 -2800,0,-800

instance GlobalObjectId_V1-2-ee081d5cbff641bb9dd499b4f13a8d62-7270336988349436968-1812162174 Avenue_CenterToSouth (RoadSegment)
corridor 42ad3d5187bfa4104bf4917b93ede39e [centre] -200,0,-800 -200,0,-1600 -200,0,-2400
corridor 42ad3d5187bfa4104bf4917b93ede39e [bord gauche] 0,0,-800 0,0,-1600 0,0,-2400
corridor 42ad3d5187bfa4104bf4917b93ede39e [bord droit] -400,0,-800 -400,0,-1600 -400,0,-2400
corridor 44d95c53b9c058de55da54065eed7882 [centre] 200,0,-2400 200,0,-1600 200,0,-800
corridor 44d95c53b9c058de55da54065eed7882 [bord gauche] 0,0,-2400 0,0,-1600 0,0,-800
corridor 44d95c53b9c058de55da54065eed7882 [bord droit] 400,0,-2400 400,0,-1600 400,0,-800

instance GlobalObjectId_V1-2-ee081d5cbff641bb9dd499b4f13a8d62-7270336988349436968-235211969 Ring_South_East (RoadSegment)
corridor 49980393f36fca422e64472c8ccc009c [centre] 2400,0,-3000 1600,0,-3000 800,0,-3000
corridor 49980393f36fca422e64472c8ccc009c [bord gauche] 2400,0,-3200 1600,0,-3200 800,0,-3200
corridor 49980393f36fca422e64472c8ccc009c [bord droit] 2400,0,-2800 1600,0,-2800 800,0,-2800
corridor 4f8c2539b5152e69c8fe4d64939f96b9 [centre] 800,0,-3400 1600,0,-3400 2400,0,-3400
corridor 4f8c2539b5152e69c8fe4d64939f96b9 [bord gauche] 800,0,-3200 1600,0,-3200 2400,0,-3200
corridor 4f8c2539b5152e69c8fe4d64939f96b9 [bord droit] 800,0,-3600 1600,0,-3600 2400,0,-3600

instance GlobalObjectId_V1-2-ee081d5cbff641bb9dd499b4f13a8d62-7270336988349436968-531979442 Avenue_CenterToEast (RoadSegment)
corridor 45daa67f26d456b653f543a16ea6dba5 [centre] 2400,0,200 1600,0,200 800,0,200
corridor 45daa67f26d456b653f543a16ea6dba5 [bord gauche] 2400,0,0 1600,0,0 800,0,0
corridor 45daa67f26d456b653f543a16ea6dba5 [bord droit] 2400,0,400 1600,0,400 800,0,400
corridor 43cf13ae1ef6b701bbcd906cdea7df90 [centre] 800,0,-200 1600,0,-200 2400,0,-200
corridor 43cf13ae1ef6b701bbcd906cdea7df90 [bord gauche] 800,0,0 1600,0,0 2400,0,0
corridor 43cf13ae1ef6b701bbcd906cdea7df90 [bord droit] 800,0,-400 1600,0,-400 2400,0,-400

instance GlobalObjectId_V1-2-ee081d5cbff641bb9dd499b4f13a8d62-7270336988349436968-539479367 Ring_South_West (RoadSegment)
corridor 433f39ba8eeb012212b7d5a05468b09d [centre] -800,0,-3000 -1600,0,-3000 -2400,0,-3000
corridor 433f39ba8eeb012212b7d5a05468b09d [bord gauche] -800,0,-3200 -1600,0,-3200 -2400,0,-3200
corridor 433f39ba8eeb012212b7d5a05468b09d [bord droit] -800,0,-2800 -1600,0,-2800 -2400,0,-2800
corridor 4f4e0f3e7e8b2b6b059a8a6edab2bc90 [centre] -2400,0,-3400 -1600,0,-3400 -800,0,-3400
corridor 4f4e0f3e7e8b2b6b059a8a6edab2bc90 [bord gauche] -2400,0,-3200 -1600,0,-3200 -800,0,-3200
corridor 4f4e0f3e7e8b2b6b059a8a6edab2bc90 [bord droit] -2400,0,-3600 -1600,0,-3600 -800,0,-3600

instance GlobalObjectId_V1-2-ee081d5cbff641bb9dd499b4f13a8d62-7270336988349436968-656642079 Ring_North_East (RoadSegment)
corridor 4bc86d56e68c64ed3454e51566dd43bc [centre] 2400,0,3400 1600,0,3400 800,0,3400
corridor 4bc86d56e68c64ed3454e51566dd43bc [bord gauche] 2400,0,3200 1600,0,3200 800,0,3200
corridor 4bc86d56e68c64ed3454e51566dd43bc [bord droit] 2400,0,3600 1600,0,3600 800,0,3600
corridor 455e4360eac83d9900ad7ea698758890 [centre] 800,0,3000 1600,0,3000 2400,0,3000
corridor 455e4360eac83d9900ad7ea698758890 [bord gauche] 800,0,3200 1600,0,3200 2400,0,3200
corridor 455e4360eac83d9900ad7ea698758890 [bord droit] 800,0,2800 1600,0,2800 2400,0,2800

instance GlobalObjectId_V1-2-ee081d5cbff641bb9dd499b4f13a8d62-7270336988349436968-972045385 Avenue_CenterToWest (RoadSegment)
corridor 4f56ef8aae6bfffcbc337d463dd2fd9f [centre] -800,0,200 -1600,0,200 -2400,0,200
corridor 4f56ef8aae6bfffcbc337d463dd2fd9f [bord gauche] -800,0,0 -1600,0,0 -2400,0,0
corridor 4f56ef8aae6bfffcbc337d463dd2fd9f [bord droit] -800,0,400 -1600,0,400 -2400,0,400
corridor 48c833c71f68abef819cb5a36c99208f [centre] -2400,0,-200 -1600,0,-200 -800,0,-200
corridor 48c833c71f68abef819cb5a36c99208f [bord gauche] -2400,0,0 -1600,0,0 -800,0,0
corridor 48c833c71f68abef819cb5a36c99208f [bord droit] -2400,0,-400 -1600,0,-400 -800,0,-400

instance GlobalObjectId_V1-2-ee081d5cbff641bb9dd499b4f13a8d62-7270336988349436968-981631451 Ring_West_North (RoadSegment)
corridor 4db6ebc158e0dff4369373f117f51690 [centre] -3400,0,2400 -3400,0,1600 -3400,0,800
corridor 4db6ebc158e0dff4369373f117f51690 [bord gauche] -3200,0,2400 -3200,0,1600 -3200,0,800
corridor 4db6ebc158e0dff4369373f117f51690 [bord droit] -3600,0,2400 -3600,0,1600 -3600,0,800
corridor 4d5c15fca8e24f15b1bdf0f0695acebf [centre] -3000,0,800 -3000,0,1600 -3000,0,2400
corridor 4d5c15fca8e24f15b1bdf0f0695acebf [bord gauche] -3200,0,800 -3200,0,1600 -3200,0,2400
corridor 4d5c15fca8e24f15b1bdf0f0695acebf [bord droit] -2800,0,800 -2800,0,1600 -2800,0,2400

instance GlobalObjectId_V1-2-ee081d5cbff641bb9dd499b4f13a8d62-7654237338994223078-1515478495 Roundabout_SouthWest (Roundabout)
corridor 427041528b28cda9499c4ab5aafe0d9c [centre] -3325,0,-2613 -3500,0,-2700 -3584,0,-2747 -3621,0,-2775 -3653,0,-2806 -3708,0,-2883 -3752,0,-2971 -3783,0,-3065 -3799,0,-3158 -3798,0,-3203 -3792,0,-3249 -3766,0,-3341 -3703,0,-3527
corridor 427041528b28cda9499c4ab5aafe0d9c [bord gauche] -3223,0,-2785 -3412,0,-2879 -3472,0,-2913 -3491,0,-2927 -3502,0,-2938 -3536,0,-2986 -3567,0,-3048 -3589,0,-3114 -3599,0,-3172 -3599,0,-3187 -3595,0,-3210 -3576,0,-3277 -3510,0,-3477
corridor 427041528b28cda9499c4ab5aafe0d9c [bord droit] -3426,0,-2441 -3589,0,-2521 -3695,0,-2581 -3750,0,-2622 -3804,0,-2675 -3879,0,-2780 -3937,0,-2895 -3977,0,-3017 -3998,0,-3144 -3998,0,-3220 -3988,0,-3288 -3955,0,-3406 -3897,0,-3577
corridor 41aade042322996080b638a3a86e1088 [centre] -3527,0,-3703 -3341,0,-3766 -3249,0,-3792 -3203,0,-3798 -3158,0,-3799 -3065,0,-3783 -2971,0,-3752 -2883,0,-3708 -2806,0,-3653 -2775,0,-3621 -2747,0,-3584 -2700,0,-3500 -2613,0,-3325
corridor 41aade042322996080b638a3a86e1088 [bord gauche] -3477,0,-3510 -3277,0,-3576 -3210,0,-3595 -3187,0,-3599 -3172,0,-3599 -3114,0,-3589 -3048,0,-3567 -2986,0,-3536 -2938,0,-3502 -2927,0,-3491 -2913,0,-3472 -2879,0,-3412 -2785,0,-3223
corridor 41aade042322996080b638a3a86e1088 [bord droit] -3577,0,-3897 -3406,0,-3955 -3288,0,-3988 -3220,0,-3998 -3144,0,-3998 -3017,0,-3977 -2895,0,-3937 -2780,0,-3879 -2675,0,-3804 -2622,0,-3750 -2581,0,-3695 -2521,0,-3589 -2441,0,-3426
corridor 48e681e799268186449903ef2aa3258f [centre] -2613,0,-3075 -2686,0,-2917 -2725,0,-2841 -2776,0,-2776 -2841,0,-2725 -2917,0,-2686 -3075,0,-2613
corridor 48e681e799268186449903ef2aa3258f [bord gauche] -2789,0,-3171 -2868,0,-3000 -2896,0,-2945 -2917,0,-2917 -2945,0,-2896 -3000,0,-2868 -3171,0,-2789
corridor 48e681e799268186449903ef2aa3258f [bord droit] -2437,0,-2980 -2504,0,-2833 -2555,0,-2737 -2634,0,-2634 -2737,0,-2555 -2833,0,-2504 -2980,0,-2437
frontiere 4c8d26eb6c05c178fc8444e842e07d8c [Roundabout] -3154,0,-3154 ; 954,200,954
mouvement 43605e569eb08d6ffe62fa7470d59fa0 [centre] -2400,0,-3000 -2402,0,-3000 -2403,0,-3000 -2405,0,-3000 -2407,0,-3000 -2409,0,-3001 -2410,0,-3001 -2412,0,-3001 -2414,0,-3001 -2416,0,-3002 -2418,0,-3002 -2419,0,-3003 -2421,0,-3003 -2423,0,-3004 -2425,0,-3004 -2427,0,-3005 -2428,0,-3006 -2430,0,-3006 -2432,0,-3007 -2434,0,-3008 -2436,0,-3009 -2438,0,-3009 -2439,0,-3010 -2441,0,-3011 -2443,0,-3012 -2445,0,-3013 -2447,0,-3014 -2449,0,-3015 -2451,0,-3016 -2453,0,-3017 -2454,0,-3018 -2456,0,-3019 -2458,0,-3020 -2460,0,-3021 -2462,0,-3022 -2464,0,-3023 -2466,0,-3024 -2468,0,-3026 -2469,0,-3027 -2471,0,-3028 -2473,0,-3029 -2475,0,-3030 -2477,0,-3032 -2479,0,-3033 -2481,0,-3034 -2483,0,-3035 -2485,0,-3037 -2486,0,-3038 -2488,0,-3039 -2490,0,-3041 -2492,0,-3042 -2494,0,-3043 -2496,0,-3045 -2498,0,-3046 -2499,0,-3047 -2501,0,-3048 -2503,0,-3050 -2505,0,-3051 -2507,0,-3052 -2509,0,-3054 -2510,0,-3055 -2512,0,-3056 -2514,0,-3057 -2516,0,-3059 -2518,0,-3060 -2520,0,-3061 -2521,0,-3062 -2523,0,-3064 -2525,0,-3065 -2527,0,-3066 -2528,0,-3067 -2530,0,-3068 -2532,0,-3070 -2534,0,-3071 -2535,0,-3072 -2537,0,-3073 -2539,0,-3074 -2541,0,-3075 -2542,0,-3076 -2544,0,-3077 -2546,0,-3078 -2547,0,-3079 -2549,0,-3080 -2551,0,-3081 -2552,0,-3082 -2554,0,-3083 -2555,0,-3084 -2557,0,-3084 -2559,0,-3085 -2560,0,-3086 -2562,0,-3087 -2563,0,-3087 -2565,0,-3088 -2566,0,-3089 -2568,0,-3089 -2569,0,-3090 -2571,0,-3090 -2572,0,-3091 -2574,0,-3091 -2575,0,-3091 -2577,0,-3092 -2578,0,-3092 -2579,0,-3092 -2581,0,-3093 -2582,0,-3093 -2584,0,-3093 -2585,0,-3093 -2586,0,-3093 -2588,0,-3093 -2589,0,-3093 -2590,0,-3093 -2591,0,-3092 -2593,0,-3092 -2594,0,-3092 -2595,0,-3092 -2596,0,-3091 -2597,0,-3091 -2598,0,-3090 -2600,0,-3090 -2601,0,-3089 -2602,0,-3088 -2603,0,-3088 -2604,0,-3087 -2605,0,-3086 -2606,0,-3085 -2607,0,-3084 -2608,0,-3083 -2609,0,-3082 -2610,0,-3081 -2611,0,-3079 -2611,0,-3078 -2612,0,-3077 -2613,0,-3075
mouvement 43605e569eb08d6ffe62fa7470d59fa0 [bord gauche] -2400,0,-3200 -2396,0,-3200 -2392,0,-3200 -2389,0,-3200 -2386,0,-3199 -2382,0,-3199 -2380,0,-3198 -2377,0,-3198 -2374,0,-3197 -2372,0,-3197 -2370,0,-3196 -2368,0,-3196 -2366,0,-3195 -2364,0,-3195 -2363,0,-3194 -2361,0,-3194 -2360,0,-3194 -2359,0,-3193 -2358,0,-3193 -2358,0,-3193 -2357,0,-3192 -2356,0,-3192 -2356,0,-3192 -2356,0,-3192 -2356,0,-3192 -2356,0,-3192 -2356,0,-3192 -2356,0,-3192 -2356,0,-3192 -2356,0,-3192 -2357,0,-3192 -2357,0,-3193 -2358,0,-3193 -2358,0,-3193 -2359,0,-3194 -2360,0,-3194 -2361,0,-3195 -2362,0,-3195 -2362,0,-3196 -2363,0,-3196 -2365,0,-3197 -2366,0,-3198 -2367,0,-3199 -2368,0,-3199 -2369,0,-3200 -2371,0,-3201 -2372,0,-3202 -2373,0,-3203 -2375,0,-3204 -2376,0,-3205 -2378,0,-3206 -2379,0,-3207 -2381,0,-3208 -2383,0,-3210 -2384,0,-3211 -2386,0,-3212 -2388,0,-3213 -2390,0,-3215 -2392,0,-3216 -2394,0,-3217 -2395,0,-3219 -2397,0,-3220 -2399,0,-3221 -2402,0,-3223 -2404,0,-3224 -2406,0,-3226 -2408,0,-3227 -2410,0,-3229 -2412,0,-3230 -2415,0,-3232 -2417,0,-3233 -2420,0,-3235 -2422,0,-3237 -2425,0,-3238 -2427,0,-3240 -2430,0,-3242 -2433,0,-3244 -2435,0,-3245 -2438,0,-3247 -2441,0,-3249 -2444,0,-3251 -2447,0,-3252 -2451,0,-3254 -2454,0,-3256 -2457,0,-3258 -2461,0,-3260 -2464,0,-3262 -2468,0,-3264 -2472,0,-3265 -2476,0,-3267 -2480,0,-3269 -2485,0,-3271 -2489,0,-3273 -2494,0,-3275 -2499,0,-3277 -2504,0,-3279 -2509,0,-3280 -2515,0,-3282 -2521,0,-3284 -2527,0,-3285 -2533,0,-3287 -2540,0,-3288 -2547,0,-3290 -2554,0,-3291 -2562,0,-3292 -2570,0,-3292 -2578,0,-3293 -2587,0,-3293 -2595,0,-3293 -2605,0,-3292 -2614,0,-3291 -2624,0,-3290 -2634,0,-3288 -2644,0,-3286 -2654,0,-3283 -2664,0,-3279 -2674,0,-3276 -2684,0,-3271 -2694,0,-3266 -2703,0,-3261 -2712,0,-3255 -2721,0,-3249 -2730,0,-3242 -2738,0,-3236 -2745,0,-3229 -2752,0,-3221 -2759,0,-3214 -2765,0,-3207 -2771,0,-3200 -2776,0,-3192 -2780,0,-3185 -2785,0,-3178 -2789,0,-3171
mouvement 43605e569eb08d6ffe62fa7470d59fa0 [bord droit] -2400,0,-2800 -2407,0,-2800 -2414,0,-2800 -2421,0,-2801 -2428,0,-2802 -2435,0,-2802 -2441,0,-2803 -2448,0,-2804 -2454,0,-2805 -2460,0,-2807 -2465,0,-2808 -2471,0,-2810 -2476,0,-2811 -2482,0,-2813 -2487,0,-2814 -2492,0,-2816 -2497,0,-2818 -2501,0,-2819 -2506,0,-2821 -2510,0,-2823 -2515,0,-2825 -2519,0,-2827 -2523,0,-2828 -2527,0,-2830 -2531,0,-2832 -2535,0,-2834 -2538,0,-2836 -2542,0,-2838 -2545,0,-2840 -2549,0,-2841 -2552,0,-2843 -2555,0,-2845 -2559,0,-2847 -2562,0,-2849 -2565,0,-2851 -2568,0,-2852 -2571,0,-2854 -2574,0,-2856 -2576,0,-2858 -2579,0,-2860 -2582,0,-2861 -2585,0,-2863 -2587,0,-2865 -2590,0,-2866 -2592,0,-2868 -2595,0,-2870 -2597,0,-2871 -2599,0,-2873 -2602,0,-2875 -2604,0,-2876 -2606,0,-2878 -2608,0,-2879 -2610,0,-2881 -2612,0,-2882 -2614,0,-2883 -2616,0,-2885 -2618,0,-2886 -2620,0,-2888 -2622,0,-2889 -2624,0,-2890 -2625,0,-2891 -2627,0,-2892 -2629,0,-2894 -2630,0,-2895 -2632,0,-2896 -2633,0,-2897 -2635,0,-2898 -2636,0,-2899 -2637,0,-2899 -2639,0,-2900 -2640,0,-2901 -2641,0,-2902 -2642,0,-2902 -2643,0,-2903 -2644,0,-2904 -2644,0,-2904 -2645,0,-2905 -2646,0,-2905 -2646,0,-2905 -2647,0,-2906 -2647,0,-2906 -2647,0,-2906 -2647,0,-2906 -2647,0,-2906 -2647,0,-2906 -2647,0,-2906 -2646,0,-2906 -2646,0,-2905 -2645,0,-2905 -2644,0,-2904 -2643,0,-2904 -2642,0,-2903 -2641,0,-2903 -2639,0,-2902 -2637,0,-2901 -2635,0,-2901 -2633,0,-2900 -2630,0,-2899 -2627,0,-2898 -2624,0,-2897 -2620,0,-2897 -2616,0,-2896 -2612,0,-2895 -2608,0,-2894 -2603,0,-2894 -2598,0,-2893 -2592,0,-2893 -2586,0,-2893 -2580,0,-2893 -2573,0,-2893 -2566,0,-2894 -2559,0,-2895 -2551,0,-2897 -2544,0,-2898 -2536,0,-2900 -2528,0,-2903 -2521,0,-2906 -2513,0,-2909 -2505,0,-2913 -2498,0,-2917 -2491,0,-2922 -2484,0,-2927 -2478,0,-2931 -2472,0,-2936 -2467,0,-2942 -2461,0,-2947 -2457,0,-2952 -2453,0,-2957 -2449,0,-2962 -2445,0,-2967 -2442,0,-2971 -2440,0,-2976 -2437,0,-2980
mouvement 42480748339bbb6fe6fcbc99604c1aa8 [centre] -3624,0,-3907 -3623,0,-3906 -3622,0,-3905 -3621,0,-3903 -3620,0,-3902 -3618,0,-3900 -3617,0,-3899 -3616,0,-3898 -3615,0,-3896 -3614,0,-3894 -3613,0,-3893 -3612,0,-3891 -3611,0,-3890 -3611,0,-3888 -3610,0,-3886 -3609,0,-3884 -3608,0,-3883 -3607,0,-3881 -3606,0,-3879 -3606,0,-3877 -3605,0,-3875 -3604,0,-3873 -3603,0,-3872 -3603,0,-3870 -3602,0,-3868 -3601,0,-3866 -3601,0,-3864 -3600,0,-3862 -3599,0,-3860 -3599,0,-3857 -3598,0,-3855 -3598,0,-3853 -3597,0,-3851 -3597,0,-3849 -3596,0,-3847 -3595,0,-3845 -3595,0,-3843 -3594,0,-3840 -3594,0,-3838 -3594,0,-3836 -3593,0,-3834 -3593,0,-3832 -3592,0,-3829 -3592,0,-3827 -3591,0,-3825 -3591,0,-3823 -3590,0,-3820 -3590,0,-3818 -3590,0,-3816 -3589,0,-3814 -3589,0,-3811 -3588,0,-3809 -3588,0,-3807 -3588,0,-3805 -3587,0,-3802 -3587,0,-3800 -3586,0,-3798 -3586,0,-3796 -3586,0,-3793 -3585,0,-3791 -3585,0,-3789 -3584,0,-3787 -3584,0,-3785 -3584,0,-3782 -3583,0,-3780 -3583,0,-3778 -3583,0,-3776 -3582,0,-3774 -3582,0,-3772 -3581,0,-3770 -3581,0,-3768 -3580,0,-3765 -3580,0,-3763 -3580,0,-3761 -3579,0,-3759 -3579,0,-3757 -3578,0,-3755 -3578,0,-3753 -3577,0,-3751 -3577,0,-3750 -3576,0,-3748 -3576,0,-3746 -3575,0,-3744 -3575,0,-3742 -3574,0,-3740 -3574,0,-3739 -3573,0,-3737 -3572,0,-3735 -3572,0,-3734 -3571,0,-3732 -3571,0,-3730 -3570,0,-3729 -3569,0,-3727 -3569,0,-3726 -3568,0,-3724 -3567,0,-3723 -3566,0,-3722 -3566,0,-3720 -3565,0,-3719 -3564,0,-3718 -3563,0,-3716 -3562,0,-3715 -3562,0,-3714 -3561,0,-3713 -3560,0,-3712 -3559,0,-3711 -3558,0,-3710 -3557,0,-3709 -3556,0,-3708 -3555,0,-3708 -3554,0,-3707 -3553,0,-3706 -3552,0,-3705 -3551,0,-3705 -3549,0,-3704 -3548,0,-3704 -3547,0,-3703 -3546,0,-3703 -3545,0,-3703 -3543,0,-3702 -3542,0,-3702 -3541,0,-3702 -3539,0,-3702 -3538,0,-3702 -3536,0,-3702 -3535,0,-3702 -3533,0,-3702 -3532,0,-3702 -3530,0,-3702 -3528,0,-3703 -3527,0,-3703
mouvement 42480748339bbb6fe6fcbc99604c1aa8 [bord gauche] -3766,0,-3766 -3768,0,-3768 -3771,0,-3771 -3773,0,-3774 -3775,0,-3776 -3777,0,-3779 -3779,0,-3781 -3781,0,-3784 -3782,0,-3786 -3783,0,-3788 -3785,0,-3790 -3786,0,-3792 -3787,0,-3793 -3788,0,-3795 -3788,0,-3796 -3789,0,-3797 -3789,0,-3798 -3790,0,-3799 -3790,0,-3800 -3791,0,-3801 -3791,0,-3802 -3791,0,-3802 -3791,0,-3803 -3791,0,-3803 -3791,0,-3803 -3791,0,-3803 -3791,0,-3803 -3791,0,-3803 -3791,0,-3803 -3791,0,-3802 -3791,0,-3802 -3791,0,-3801 -3791,0,-3801 -3790,0,-3800 -3790,0,-3799 -3790,0,-3798 -3790,0,-3797 -3790,0,-3796 -3789,0,-3795 -3789,0,-3794 -3789,0,-3793 -3788,0,-3791 -3788,0,-3790 -3788,0,-3788 -3788,0,-3787 -3787,0,-3785 -3787,0,-3784 -3787,0,-3782 -3786,0,-3780 -3786,0,-3778 -3786,0,-3776 -3785,0,-3774 -3785,0,-3772 -3785,0,-3770 -3784,0,-3768 -3784,0,-3766 -3783,0,-3764 -3783,0,-3762 -3783,0,-3759 -3782,0,-3757 -3782,0,-3755 -3781,0,-3752 -3781,0,-3750 -3781,0,-3747 -3780,0,-3745 -3780,0,-3742 -3779,0,-3739 -3779,0,-3736 -3778,0,-3734 -3777,0,-3731 -3777,0,-3728 -3776,0,-3725 -3776,0,-3722 -3775,0,-3719 -3774,0,-3716 -3774,0,-3712 -3773,0,-3709 -3772,0,-3706 -3771,0,-3703 -3770,0,-3699 -3769,0,-3695 -3768,0,-3692 -3767,0,-3688 -3766,0,-3684 -3765,0,-3680 -3764,0,-3676 -3762,0,-3672 -3761,0,-3668 -3759,0,-3664 -3758,0,-3660 -3756,0,-3655 -3754,0,-3650 -3752,0,-3646 -3750,0,-3641 -3747,0,-3636 -3745,0,-3631 -3742,0,-3625 -3739,0,-3620 -3735,0,-3614 -3732,0,-3609 -3728,0,-3603 -3724,0,-3597 -3719,0,-3591 -3714,0,-3585 -3709,0,-3579 -3703,0,-3573 -3697,0,-3566 -3690,0,-3560 -3683,0,-3554 -3676,0,-3548 -3668,0,-3542 -3659,0,-3537 -3651,0,-3532 -3641,0,-3527 -3632,0,-3522 -3622,0,-3518 -3612,0,-3514 -3601,0,-3511 -3591,0,-3508 -3581,0,-3506 -3570,0,-3504 -3560,0,-3503 -3550,0,-3502 -3539,0,-3502 -3530,0,-3502 -3520,0,-3502 -3511,0,-3503 -3502,0,-3504 -3493,0,-3506 -3485,0,-3508 -3477,0,-3510
mouvement 42480748339bbb6fe6fcbc99604c1aa8 [bord droit] -3483,0,-4048 -3478,0,-4043 -3473,0,-4038 -3468,0,-4033 -3464,0,-4027 -3460,0,-4022 -3456,0,-4017 -3452,0,-4011 -3448,0,-4006 -3445,0,-4001 -3442,0,-3996 -3439,0,-3991 -3436,0,-3986 -3434,0,-3981 -3431,0,-3976 -3429,0,-3972 -3427,0,-3967 -3424,0,-3962 -3423,0,-3958 -3421,0,-3953 -3419,0,-3949 -3417,0,-3945 -3416,0,-3940 -3414,0,-3936 -3413,0,-3932 -3411,0,-3928 -3410,0,-3924 -3409,0,-3920 -3408,0,-3916 -3407,0,-3913 -3406,0,-3909 -3405,0,-3905 -3404,0,-3902 -3403,0,-3898 -3402,0,-3895 -3401,0,-3891 -3400,0,-3888 -3399,0,-3885 -3399,0,-3881 -3398,0,-3878 -3397,0,-3875 -3397,0,-3872 -3396,0,-3869 -3395,0,-3866 -3395,0,-3863 -3394,0,-3860 -3394,0,-3857 -3393,0,-3854 -3393,0,-3852 -3392,0,-3849 -3392,0,-3846 -3391,0,-3844 -3391,0,-3841 -3391,0,-3839 -3390,0,-3837 -3390,0,-3834 -3389,0,-3832 -3389,0,-3830 -3389,0,-3828 -3388,0,-3825 -3388,0,-3823 -3387,0,-3821 -3387,0,-3820 -3387,0,-3818 -3387,0,-3816 -3386,0,-3814 -3386,0,-3813 -3386,0,-3811 -3385,0,-3810 -3385,0,-3808 -3385,0,-3807 -3385,0,-3806 -3384,0,-3805 -3384,0,-3804 -3384,0,-3803 -3384,0,-3802 -3384,0,-3802 -3383,0,-3801 -3383,0,-3800 -3383,0,-3800 -3383,0,-3800 -3383,0,-3800 -3383,0,-3800 -3383,0,-3800 -3383,0,-3800 -3384,0,-3801 -3384,0,-3802 -3384,0,-3802 -3384,0,-3803 -3385,0,-3805 -3385,0,-3806 -3386,0,-3807 -3387,0,-3809 -3388,0,-3811 -3389,0,-3813 -3390,0,-3815 -3391,0,-3818 -3393,0,-3821 -3394,0,-3824 -3396,0,-3827 -3399,0,-3830 -3401,0,-3834 -3404,0,-3837 -3407,0,-3841 -3411,0,-3845 -3415,0,-3850 -3419,0,-3854 -3424,0,-3858 -3429,0,-3863 -3434,0,-3867 -3440,0,-3871 -3446,0,-3875 -3453,0,-3879 -3460,0,-3883 -3467,0,-3887 -3475,0,-3890 -3482,0,-3893 -3490,0,-3895 -3498,0,-3897 -3506,0,-3899 -3514,0,-3900 -3521,0,-3901 -3529,0,-3902 -3536,0,-3902 -3543,0,-3902 -3549,0,-3901 -3556,0,-3901 -3562,0,-3900 -3567,0,-3899 -3572,0,-3898 -3577,0,-3897
mouvement 4cec0461fb9fd74541d5772b2264b88f [centre] -3400,0,-2400 -3400,0,-2402 -3400,0,-2403 -3400,0,-2405 -3400,0,-2407 -3399,0,-2409 -3399,0,-2411 -3399,0,-2412 -3398,0,-2414 -3398,0,-2416 -3398,0,-2418 -3397,0,-2420 -3397,0,-2421 -3396,0,-2423 -3396,0,-2425 -3395,0,-2427 -3394,0,-2429 -3394,0,-2431 -3393,0,-2432 -3392,0,-2434 -3391,0,-2436 -3390,0,-2438 -3390,0,-2440 -3389,0,-2442 -3388,0,-2444 -3387,0,-2446 -3386,0,-2447 -3385,0,-2449 -3384,0,-2451 -3383,0,-2453 -3382,0,-2455 -3381,0,-2457 -3380,0,-2459 -3379,0,-2461 -3377,0,-2463 -3376,0,-2464 -3375,0,-2466 -3374,0,-2468 -3373,0,-2470 -3371,0,-2472 -3370,0,-2474 -3369,0,-2476 -3368,0,-2478 -3366,0,-2480 -3365,0,-2481 -3364,0,-2483 -3363,0,-2485 -3361,0,-2487 -3360,0,-2489 -3359,0,-2491 -3357,0,-2493 -3356,0,-2495 -3355,0,-2497 -3354,0,-2498 -3352,0,-2500 -3351,0,-2502 -3350,0,-2504 -3348,0,-2506 -3347,0,-2508 -3346,0,-2510 -3344,0,-2511 -3343,0,-2513 -3342,0,-2515 -3341,0,-2517 -3339,0,-2519 -3338,0,-2520 -3337,0,-2522 -3336,0,-2524 -3334,0,-2526 -3333,0,-2528 -3332,0,-2529 -3331,0,-2531 -3330,0,-2533 -3329,0,-2535 -3327,0,-2536 -3326,0,-2538 -3325,0,-2540 -3324,0,-2542 -3323,0,-2543 -3322,0,-2545 -3321,0,-2547 -3320,0,-2548 -3319,0,-2550 -3318,0,-2552 -3318,0,-2553 -3317,0,-2555 -3316,0,-2557 -3315,0,-2558 -3314,0,-2560 -3314,0,-2561 -3313,0,-2563 -3312,0,-2564 -3312,0,-2566 -3311,0,-2568 -3311,0,-2569 -3310,0,-2571 -3310,0,-2572 -3309,0,-2574 -3309,0,-2575 -3309,0,-2576 -3308,0,-2578 -3308,0,-2579 -3308,0,-2581 -3308,0,-2582 -3308,0,-2583 -3308,0,-2585 -3308,0,-2586 -3308,0,-2588 -3308,0,-2589 -3308,0,-2590 -3308,0,-2591 -3308,0,-2593 -3309,0,-2594 -3309,0,-2595 -3309,0,-2596 -3310,0,-2598 -3310,0,-2599 -3311,0,-2600 -3312,0,-2601 -3312,0,-2602 -3313,0,-2603 -3314,0,-2604 -3315,0,-2605 -3316,0,-2606 -3317,0,-2607 -3318,0,-2608 -3319,0,-2609 -3321,0,-2610 -3322,0,-2611 -3323,0,-2612 -3325,0,-2613
mouvement 4cec0461fb9fd74541d5772b2264b88f [bord gauche] -3200,0,-2400 -3200,0,-2396 -3200,0,-2392 -3200,0,-2389 -3201,0,-2386 -3201,0,-2382 -3202,0,-2379 -3202,0,-2377 -3203,0,-2374 -3203,0,-2372 -3204,0,-2370 -3204,0,-2368 -3205,0,-2366 -3205,0,-2364 -3206,0,-2363 -3206,0,-2361 -3206,0,-2360 -3207,0,-2359 -3207,0,-2358 -3207,0,-2357 -3208,0,-2357 -3208,0,-2356 -3208,0,-2356 -3208,0,-2356 -3208,0,-2355 -3208,0,-2355 -3208,0,-2355 -3208,0,-2356 -3208,0,-2356 -3208,0,-2356 -3208,0,-2357 -3207,0,-2357 -3207,0,-2358 -3207,0,-2358 -3206,0,-2359 -3206,0,-2360 -3205,0,-2361 -3205,0,-2362 -3204,0,-2363 -3203,0,-2364 -3203,0,-2365 -3202,0,-2366 -3201,0,-2367 -3200,0,-2368 -3199,0,-2370 -3199,0,-2371 -3198,0,-2372 -3197,0,-2374 -3196,0,-2375 -3195,0,-2377 -3193,0,-2378 -3192,0,-2380 -3191,0,-2382 -3190,0,-2383 -3189,0,-2385 -3187,0,-2387 -3186,0,-2389 -3185,0,-2391 -3184,0,-2392 -3182,0,-2394 -3181,0,-2396 -3179,0,-2398 -3178,0,-2400 -3176,0,-2403 -3175,0,-2405 -3173,0,-2407 -3172,0,-2409 -3170,0,-2412 -3169,0,-2414 -3167,0,-2416 -3165,0,-2419 -3164,0,-2421 -3162,0,-2424 -3160,0,-2427 -3159,0,-2429 -3157,0,-2432 -3155,0,-2435 -3153,0,-2438 -3151,0,-2441 -3150,0,-2444 -3148,0,-2447 -3146,0,-2450 -3144,0,-2454 -3142,0,-2457 -3140,0,-2461 -3138,0,-2465 -3136,0,-2468 -3134,0,-2472 -3133,0,-2477 -3131,0,-2481 -3129,0,-2485 -3127,0,-2490 -3125,0,-2495 -3123,0,-2500 -3121,0,-2505 -3119,0,-2511 -3118,0,-2516 -3116,0,-2522 -3114,0,-2528 -3113,0,-2535 -3112,0,-2542 -3110,0,-2549 -3109,0,-2557 -3109,0,-2564 -3108,0,-2572 -3108,0,-2581 -3108,0,-2590 -3108,0,-2599 -3109,0,-2608 -3110,0,-2617 -3111,0,-2627 -3113,0,-2637 -3116,0,-2647 -3119,0,-2657 -3122,0,-2667 -3126,0,-2677 -3131,0,-2687 -3136,0,-2696 -3141,0,-2706 -3147,0,-2715 -3153,0,-2723 -3160,0,-2732 -3166,0,-2739 -3173,0,-2747 -3180,0,-2753 -3187,0,-2760 -3195,0,-2766 -3202,0,-2771 -3209,0,-2776 -3216,0,-2781 -3223,0,-2785
mouvement 4cec0461fb9fd74541d5772b2264b88f [bord droit] -3600,0,-2400 -3600,0,-2407 -3600,0,-2415 -3599,0,-2422 -3598,0,-2428 -3598,0,-2435 -3597,0,-2442 -3596,0,-2448 -3594,0,-2454 -3593,0,-2460 -3592,0,-2466 -3590,0,-2472 -3589,0,-2477 -3587,0,-2482 -3586,0,-2488 -3584,0,-2493 -3582,0,-2497 -3580,0,-2502 -3579,0,-2507 -3577,0,-2511 -3575,0,-2516 -3573,0,-2520 -3571,0,-2524 -3569,0,-2528 -3567,0,-2532 -3565,0,-2536 -3564,0,-2539 -3562,0,-2543 -3560,0,-2547 -3558,0,-2550 -3556,0,-2553 -3554,0,-2557 -3552,0,-2560 -3550,0,-2563 -3549,0,-2566 -3547,0,-2569 -3545,0,-2572 -3543,0,-2575 -3541,0,-2578 -3540,0,-2580 -3538,0,-2583 -3536,0,-2586 -3534,0,-2588 -3533,0,-2591 -3531,0,-2593 -3529,0,-2596 -3528,0,-2598 -3526,0,-2601 -3525,0,-2603 -3523,0,-2605 -3521,0,-2607 -3520,0,-2609 -3518,0,-2611 -3517,0,-2614 -3516,0,-2615 -3514,0,-2617 -3513,0,-2619 -3512,0,-2621 -3510,0,-2623 -3509,0,-2625 -3508,0,-2626 -3507,0,-2628 -3506,0,-2630 -3505,0,-2631 -3504,0,-2633 -3503,0,-2634 -3502,0,-2635 -3501,0,-2637 -3500,0,-2638 -3499,0,-2639 -3499,0,-2640 -3498,0,-2641 -3497,0,-2642 -3497,0,-2643 -3496,0,-2644 -3496,0,-2644 -3495,0,-2645 -3495,0,-2645 -3495,0,-2646 -3495,0,-2646 -3495,0,-2646 -3495,0,-2646 -3495,0,-2646 -3495,0,-2646 -3495,0,-2646 -3495,0,-2645 -3495,0,-2645 -3496,0,-2644 -3496,0,-2643 -3497,0,-2642 -3497,0,-2641 -3498,0,-2639 -3499,0,-2637 -3499,0,-2635 -3500,0,-2633 -3501,0,-2631 -3502,0,-2628 -3503,0,-2625 -3503,0,-2622 -3504,0,-2618 -3505,0,-2614 -3506,0,-2610 -3506,0,-2605 -3507,0,-2600 -3507,0,-2595 -3508,0,-2589 -3508,0,-2583 -3507,0,-2576 -3507,0,-2570 -3506,0,-2563 -3505,0,-2556 -3503,0,-2548 -3501,0,-2541 -3499,0,-2533 -3497,0,-2526 -3493,0,-2518 -3490,0,-2511 -3486,0,-2503 -3482,0,-2496 -3478,0,-2490 -3473,0,-2483 -3468,0,-2477 -3464,0,-2471 -3459,0,-2466 -3454,0,-2461 -3449,0,-2457 -3444,0,-2453 -3439,0,-2449 -3435,0,-2446 -3430,0,-2443 -3426,0,-2441
mouvement 45607ec286d32b63e09ca677f22031ba [centre] -3703,0,-3527 -3703,0,-3528 -3702,0,-3530 -3702,0,-3532 -3702,0,-3533 -3702,0,-3535 -3702,0,-3536 -3702,0,-3538 -3702,0,-3539 -3702,0,-3541 -3702,0,-3542 -3702,0,-3543 -3703,0,-3545 -3703,0,-3546 -3703,0,-3547 -3704,0,-3548 -3704,0,-3549 -3705,0,-3551 -3705,0,-3552 -3706,0,-3553 -3707,0,-3554 -3708,0,-3555 -3708,0,-3556 -3709,0,-3557 -3710,0,-3558 -3711,0,-3559 -3712,0,-3560 -3713,0,-3561 -3714,0,-3562 -3715,0,-3562 -3716,0,-3563 -3718,0,-3564 -3719,0,-3565 -3720,0,-3566 -3722,0,-3566 -3723,0,-3567 -3724,0,-3568 -3726,0,-3569 -3727,0,-3569 -3729,0,-3570 -3730,0,-3571 -3732,0,-3571 -3734,0,-3572 -3735,0,-3572 -3737,0,-3573 -3739,0,-3574 -3740,0,-3574 -3742,0,-3575 -3744,0,-3575 -3746,0,-3576 -3748,0,-3576 -3750,0,-3577 -3751,0,-3577 -3753,0,-3578 -3755,0,-3578 -3757,0,-3579 -3759,0,-3579 -3761,0,-3580 -3763,0,-3580 -3765,0,-3580 -3768,0,-3581 -3770,0,-3581 -3772,0,-3582 -3774,0,-3582 -3776,0,-3583 -3778,0,-3583 -3780,0,-3583 -3782,0,-3584 -3785,0,-3584 -3787,0,-3584 -3789,0,-3585 -3791,0,-3585 -3793,0,-3586 -3796,0,-3586 -3798,0,-3586 -3800,0,-3587 -3802,0,-3587 -3805,0,-3588 -3807,0,-3588 -3809,0,-3588 -3811,0,-3589 -3814,0,-3589 -3816,0,-3590 -3818,0,-3590 -3820,0,-3590 -3823,0,-3591 -3825,0,-3591 -3827,0,-3592 -3829,0,-3592 -3832,0,-3593 -3834,0,-3593 -3836,0,-3594 -3838,0,-3594 -3840,0,-3594 -3843,0,-3595 -3845,0,-3595 -3847,0,-3596 -3849,0,-3597 -3851,0,-3597 -3853,0,-3598 -3855,0,-3598 -3857,0,-3599 -3860,0,-3599 -3862,0,-3600 -3864,0,-3601 -3866,0,-3601 -3868,0,-3602 -3870,0,-3603 -3872,0,-3603 -3873,0,-3604 -3875,0,-3605 -3877,0,-3606 -3879,0,-3606 -3881,0,-3607 -3883,0,-3608 -3884,0,-3609 -3886,0,-3610 -3888,0,-3611 -3890,0,-3611 -3891,0,-3612 -3893,0,-3613 -3894,0,-3614 -3896,0,-3615 -3898,0,-3616 -3899,0,-3617 -3900,0,-3618 -3902,0,-3620 -3903,0,-3621 -3905,0,-3622 -3906,0,-3623 -3907,0,-3624
mouvement 45607ec286d32b63e09ca677f22031ba [bord gauche] -3510,0,-3477 -3508,0,-3485 -3506,0,-3493 -3504,0,-3502 -3503,0,-3511 -3502,0,-3520 -3502,0,-3530 -3502,0,-3539 -3502,0,-3550 -3503,0,-3560 -3504,0,-3570 -3506,0,-3581 -3508,0,-3591 -3511,0,-3601 -3514,0,-3612 -3518,0,-3622 -3522,0,-3632 -3527,0,-3641 -3532,0,-3651 -3537,0,-3659 -3542,0,-3668 -3548,0,-3676 -3554,0,-3683 -3560,0,-3690 -3566,0,-3697 -3573,0,-3703 -3579,0,-3709 -3585,0,-3714 -3591,0,-3719 -3597,0,-3724 -3603,0,-3728 -3609,0,-3732 -3614,0,-3735 -3620,0,-3739 -3625,0,-3742 -3631,0,-3745 -3636,0,-3747 -3641,0,-3750 -3646,0,-3752 -3650,0,-3754 -3655,0,-3756 -3660,0,-3758 -3664,0,-3759 -3668,0,-3761 -3672,0,-3762 -3676,0,-3764 -3680,0,-3765 -3684,0,-3766 -3688,0,-3767 -3692,0,-3768 -3695,0,-3769 -3699,0,-3770 -3702,0,-3771 -3706,0,-3772 -3709,0,-3773 -3712,0,-3774 -3716,0,-3774 -3719,0,-3775 -3722,0,-3776 -3725,0,-3776 -3728,0,-3777 -3731,0,-3777 -3734,0,-3778 -3736,0,-3779 -3739,0,-3779 -3742,0,-3780 -3745,0,-3780 -3747,0,-3781 -3750,0,-3781 -3752,0,-3781 -3755,0,-3782 -3757,0,-3782 -3759,0,-3783 -3762,0,-3783 -3764,0,-3783 -3766,0,-3784 -3768,0,-3784 -3770,0,-3785 -3772,0,-3785 -3774,0,-3785 -3776,0,-3786 -3778,0,-3786 -3780,0,-3786 -3782,0,-3787 -3784,0,-3787 -3785,0,-3787 -3787,0,-3788 -3788,0,-3788 -3790,0,-3788 -3791,0,-3788 -3793,0,-3789 -3794,0,-3789 -3795,0,-3789 -3796,0,-3790 -3797,0,-3790 -3798,0,-3790 -3799,0,-3790 -3800,0,-3790 -3801,0,-3791 -3801,0,-3791 -3802,0,-3791 -3802,0,-3791 -3803,0,-3791 -3803,0,-3791 -3803,0,-3791 -3803,0,-3791 -3803,0,-3791 -3803,0,-3791 -3803,0,-3791 -3802,0,-3791 -3802,0,-3791 -3801,0,-3791 -3800,0,-3790 -3800,0,-3790 -3798,0,-3789 -3797,0,-3789 -3796,0,-3788 -3795,0,-3787 -3793,0,-3787 -3792,0,-3786 -3790,0,-3785 -3788,0,-3783 -3786,0,-3782 -3784,0,-3781 -3781,0,-3779 -3779,0,-3777 -3776,0,-3775 -3774,0,-3773 -3771,0,-3771 -3768,0,-3768 -3766,0,-3766
mouvement 45607ec286d32b63e09ca677f22031ba [bord droit] -3897,0,-3577 -3898,0,-3572 -3899,0,-3567 -3900,0,-3562 -3901,0,-3556 -3901,0,-3549 -3902,0,-3543 -3902,0,-3536 -3902,0,-3529 -3901,0,-3521 -3900,0,-3514 -3899,0,-3506 -3897,0,-3498 -3895,0,-3490 -3893,0,-3482 -3890,0,-3475 -3887,0,-3467 -3883,0,-3460 -3879,0,-3453 -3875,0,-3446 -3871,0,-3440 -3867,0,-3434 -3863,0,-3429 -3858,0,-3424 -3854,0,-3419 -3850,0,-3415 -3845,0,-3411 -3841,0,-3407 -3837,0,-3404 -3834,0,-3401 -3830,0,-3399 -3827,0,-3396 -3824,0,-3394 -3821,0,-3393 -3818,0,-3391 -3815,0,-3390 -3813,0,-3389 -3811,0,-3388 -3809,0,-3387 -3807,0,-3386 -3806,0,-3385 -3805,0,-3385 -3803,0,-3384 -3802,0,-3384 -3802,0,-3384 -3801,0,-3384 -3800,0,-3383 -3800,0,-3383 -3800,0,-3383 -3800,0,-3383 -3800,0,-3383 -3800,0,-3383 -3801,0,-3383 -3801,0,-3383 -3802,0,-3384 -3802,0,-3384 -3803,0,-3384 -3804,0,-3384 -3805,0,-3384 -3806,0,-3385 -3807,0,-3385 -3808,0,-3385 -3810,0,-3385 -3811,0,-3386 -3813,0,-3386 -3814,0,-3386 -3816,0,-3387 -3818,0,-3387 -3820,0,-3387 -3821,0,-3387 -3823,0,-3388 -3825,0,-3388 -3828,0,-3389 -3830,0,-3389 -3832,0,-3389 -3834,0,-3390 -3837,0,-3390 -3839,0,-3391 -3841,0,-3391 -3844,0,-3391 -3846,0,-3392 -3849,0,-3392 -3852,0,-3393 -3854,0,-3393 -3857,0,-3394 -3860,0,-3394 -3863,0,-3395 -3866,0,-3395 -3869,0,-3396 -3872,0,-3397 -3875,0,-3397 -3878,0,-3398 -3881,0,-3399 -3885,0,-3399 -3888,0,-3400 -3891,0,-3401 -3895,0,-3402 -3898,0,-3403 -3902,0,-3404 -3905,0,-3405 -3909,0,-3406 -3913,0,-3407 -3916,0,-3408 -3920,0,-3409 -3924,0,-3410 -3928,0,-3411 -3932,0,-3413 -3936,0,-3414 -3940,0,-3416 -3945,0,-3417 -3949,0,-3419 -3953,0,-3421 -3958,0,-3423 -3962,0,-3424 -3967,0,-3427 -3972,0,-3429 -3976,0,-3431 -3981,0,-3434 -3986,0,-3436 -3991,0,-3439 -3996,0,-3442 -4001,0,-3445 -4006,0,-3448 -4011,0,-3452 -4017,0,-3456 -4022,0,-3460 -4027,0,-3464 -4033,0,-3468 -4038,0,-3473 -4043,0,-3478 -4049,0,-3483
mouvement 4a61888b6162623b5f3b239c6967a1b7 [centre] -3703,0,-3527 -3702,0,-3531 -3701,0,-3535 -3700,0,-3539 -3698,0,-3543 -3697,0,-3546 -3696,0,-3550 -3694,0,-3554 -3692,0,-3558 -3691,0,-3562 -3689,0,-3566 -3687,0,-3570 -3685,0,-3573 -3683,0,-3577 -3681,0,-3581 -3679,0,-3584 -3676,0,-3588 -3674,0,-3592 -3672,0,-3595 -3669,0,-3599 -3667,0,-3603 -3664,0,-3606 -3662,0,-3609 -3659,0,-3613 -3656,0,-3616 -3654,0,-3620 -3651,0,-3623 -3648,0,-3626 -3645,0,-3629 -3642,0,-3633 -3639,0,-3636 -3636,0,-3639 -3633,0,-3642 -3630,0,-3645 -3626,0,-3648 -3623,0,-3651 -3620,0,-3654 -3616,0,-3656 -3613,0,-3659 -3609,0,-3662 -3606,0,-3664 -3603,0,-3667 -3599,0,-3669 -3595,0,-3672 -3592,0,-3674 -3588,0,-3676 -3584,0,-3679 -3581,0,-3681 -3577,0,-3683 -3573,0,-3685 -3570,0,-3687 -3566,0,-3689 -3562,0,-3691 -3558,0,-3692 -3554,0,-3694 -3550,0,-3696 -3546,0,-3697 -3543,0,-3698 -3539,0,-3700 -3535,0,-3701 -3531,0,-3702 -3527,0,-3703
mouvement 4a61888b6162623b5f3b239c6967a1b7 [bord gauche] -3510,0,-3477 -3510,0,-3477 -3510,0,-3477 -3510,0,-3477 -3510,0,-3477 -3509,0,-3477 -3509,0,-3477 -3509,0,-3478 -3509,0,-3478 -3509,0,-3478 -3509,0,-3479 -3508,0,-3479 -3508,0,-3480 -3508,0,-3481 -3507,0,-3481 -3507,0,-3482 -3506,0,-3483 -3506,0,-3484 -3505,0,-3485 -3505,0,-3485 -3504,0,-3486 -3503,0,-3487 -3503,0,-3488 -3502,0,-3489 -3501,0,-3490 -3501,0,-3491 -3500,0,-3492 -3499,0,-3493 -3498,0,-3494 -3497,0,-3495 -3496,0,-3496 -3496,0,-3496 -3495,0,-3497 -3494,0,-3498 -3493,0,-3499 -3492,0,-3500 -3491,0,-3501 -3490,0,-3501 -3489,0,-3502 -3488,0,-3503 -3487,0,-3503 -3486,0,-3504 -3485,0,-3505 -3485,0,-3505 -3484,0,-3506 -3483,0,-3506 -3482,0,-3507 -3481,0,-3507 -3481,0,-3508 -3480,0,-3508 -3479,0,-3508 -3479,0,-3509 -3478,0,-3509 -3478,0,-3509 -3478,0,-3509 -3477,0,-3509 -3477,0,-3509 -3477,0,-3510 -3477,0,-3510 -3477,0,-3510 -3477,0,-3510 -3477,0,-3510
mouvement 4a61888b6162623b5f3b239c6967a1b7 [bord droit] -3897,0,-3577 -3895,0,-3585 -3892,0,-3593 -3890,0,-3601 -3887,0,-3608 -3885,0,-3616 -3882,0,-3623 -3879,0,-3631 -3876,0,-3638 -3872,0,-3645 -3869,0,-3653 -3866,0,-3660 -3862,0,-3666 -3858,0,-3673 -3854,0,-3680 -3851,0,-3687 -3847,0,-3693 -3843,0,-3700 -3838,0,-3706 -3834,0,-3712 -3830,0,-3719 -3825,0,-3725 -3821,0,-3731 -3816,0,-3737 -3811,0,-3743 -3807,0,-3748 -3802,0,-3754 -3797,0,-3760 -3792,0,-3765 -3787,0,-3771 -3781,0,-3776 -3776,0,-3781 -3771,0,-3787 -3765,0,-3792 -3760,0,-3797 -3754,0,-3802 -3748,0,-3807 -3743,0,-3811 -3737,0,-3816 -3731,0,-3821 -3725,0,-3825 -3719,0,-3830 -3712,0,-3834 -3706,0,-3838 -3700,0,-3843 -3693,0,-3847 -3687,0,-3851 -3680,0,-3854 -3673,0,-3858 -3666,0,-3862 -3660,0,-3866 -3653,0,-3869 -3645,0,-3872 -3638,0,-3876 -3631,0,-3879 -3623,0,-3882 -3616,0,-3885 -3608,0,-3887 -3601,0,-3890 -3593,0,-3892 -3585,0,-3895 -3577,0,-3897
mouvement 4030253e182e3ed1b7d2aeea7a73feb6 [centre] -2613,0,-3325 -2612,0,-3323 -2611,0,-3322 -2610,0,-3321 -2609,0,-3319 -2608,0,-3318 -2607,0,-3317 -2606,0,-3316 -2605,0,-3315 -2604,0,-3314 -2603,0,-3313 -2602,0,-3312 -2601,0,-3312 -2600,0,-3311 -2599,0,-3310 -2598,0,-3310 -2596,0,-3309 -2595,0,-3309 -2594,0,-3309 -2593,0,-3308 -2591,0,-3308 -2590,0,-3308 -2589,0,-3308 -2588,0,-3308 -2586,0,-3308 -2585,0,-3308 -2583,0,-3308 -2582,0,-3308 -2581,0,-3308 -2579,0,-3308 -2578,0,-3308 -2576,0,-3309 -2575,0,-3309 -2574,0,-3309 -2572,0,-3310 -2571,0,-3310 -2569,0,-3311 -2568,0,-3311 -2566,0,-3312 -2564,0,-3312 -2563,0,-3313 -2561,0,-3314 -2560,0,-3314 -2558,0,-3315 -2557,0,-3316 -2555,0,-3317 -2553,0,-3318 -2552,0,-3318 -2550,0,-3319 -2548,0,-3320 -2547,0,-3321 -2545,0,-3322 -2543,0,-3323 -2542,0,-3324 -2540,0,-3325 -2538,0,-3326 -2536,0,-3327 -2535,0,-3329 -2533,0,-3330 -2531,0,-3331 -2529,0,-3332 -2528,0,-3333 -2526,0,-3334 -2524,0,-3336 -2522,0,-3337 -2520,0,-3338 -2519,0,-3339 -2517,0,-3341 -2515,0,-3342 -2513,0,-3343 -2511,0,-3344 -2510,0,-3346 -2508,0,-3347 -2506,0,-3348 -2504,0,-3350 -2502,0,-3351 -2500,0,-3352 -2498,0,-3354 -2497,0,-3355 -2495,0,-3356 -2493,0,-3357 -2491,0,-3359 -2489,0,-3360 -2487,0,-3361 -2485,0,-3363 -2483,0,-3364 -2481,0,-3365 -2480,0,-3366 -2478,0,-3368 -2476,0,-3369 -2474,0,-3370 -2472,0,-3371 -2470,0,-3373 -2468,0,-3374 -2466,0,-3375 -2464,0,-3376 -2463,0,-3377 -2461,0,-3379 -2459,0,-3380 -2457,0,-3381 -2455,0,-3382 -2453,0,-3383 -2451,0,-3384 -2449,0,-3385 -2447,0,-3386 -2446,0,-3387 -2444,0,-3388 -2442,0,-3389 -2440,0,-3390 -2438,0,-3390 -2436,0,-3391 -2434,0,-3392 -2432,0,-3393 -2431,0,-3394 -2429,0,-3394 -2427,0,-3395 -2425,0,-3396 -2423,0,-3396 -2421,0,-3397 -2420,0,-3397 -2418,0,-3398 -2416,0,-3398 -2414,0,-3398 -2412,0,-3399 -2411,0,-3399 -2409,0,-3399 -2407,0,-3400 -2405,0,-3400 -2403,0,-3400 -2402,0,-3400 -2400,0,-3400
mouvement 4030253e182e3ed1b7d2aeea7a73feb6 [bord gauche] -2785,0,-3223 -2781,0,-3216 -2776,0,-3209 -2771,0,-3202 -2766,0,-3195 -2760,0,-3187 -2753,0,-3180 -2747,0,-3173 -2739,0,-3166 -2732,0,-3160 -2723,0,-3153 -2715,0,-3147 -2706,0,-3141 -2696,0,-3136 -2687,0,-3131 -2677,0,-3126 -2667,0,-3122 -2657,0,-3119 -2647,0,-3116 -2637,0,-3113 -2627,0,-3111 -2617,0,-3110 -2608,0,-3109 -2599,0,-3108 -2590,0,-3108 -2581,0,-3108 -2572,0,-3108 -2564,0,-3109 -2557,0,-3109 -2549,0,-3110 -2542,0,-3112 -2535,0,-3113 -2528,0,-3114 -2522,0,-3116 -2516,0,-3118 -2511,0,-3119 -2505,0,-3121 -2500,0,-3123 -2495,0,-3125 -2490,0,-3127 -2485,0,-3129 -2481,0,-3131 -2476,0,-3133 -2472,0,-3134 -2468,0,-3136 -2465,0,-3138 -2461,0,-3140 -2457,0,-3142 -2454,0,-3144 -2450,0,-3146 -2447,0,-3148 -2444,0,-3150 -2441,0,-3151 -2438,0,-3153 -2435,0,-3155 -2432,0,-3157 -2429,0,-3159 -2427,0,-3160 -2424,0,-3162 -2421,0,-3164 -2419,0,-3165 -2416,0,-3167 -2414,0,-3169 -2412,0,-3170 -2409,0,-3172 -2407,0,-3173 -2405,0,-3175 -2403,0,-3176 -2400,0,-3178 -2398,0,-3179 -2396,0,-3181 -2394,0,-3182 -2392,0,-3183 -2391,0,-3185 -2389,0,-3186 -2387,0,-3187 -2385,0,-3189 -2383,0,-3190 -2382,0,-3191 -2380,0,-3192 -2378,0,-3193 -2377,0,-3195 -2375,0,-3196 -2374,0,-3197 -2372,0,-3198 -2371,0,-3199 -2370,0,-3199 -2368,0,-3200 -2367,0,-3201 -2366,0,-3202 -2365,0,-3203 -2364,0,-3203 -2363,0,-3204 -2362,0,-3205 -2361,0,-3205 -2360,0,-3206 -2359,0,-3206 -2358,0,-3207 -2358,0,-3207 -2357,0,-3207 -2357,0,-3208 -2356,0,-3208 -2356,0,-3208 -2356,0,-3208 -2355,0,-3208 -2355,0,-3208 -2355,0,-3208 -2356,0,-3208 -2356,0,-3208 -2356,0,-3208 -2357,0,-3208 -2357,0,-3207 -2358,0,-3207 -2359,0,-3207 -2360,0,-3206 -2361,0,-3206 -2363,0,-3206 -2364,0,-3205 -2366,0,-3205 -2368,0,-3204 -2370,0,-3204 -2372,0,-3203 -2374,0,-3203 -2377,0,-3202 -2379,0,-3202 -2382,0,-3201 -2386,0,-3201 -2389,0,-3200 -2392,0,-3200 -2396,0,-3200 -2400,0,-3200
mouvement 4030253e182e3ed1b7d2aeea7a73feb6 [bord droit] -2441,0,-3426 -2443,0,-3430 -2446,0,-3435 -2449,0,-3439 -2453,0,-3444 -2457,0,-3449 -2461,0,-3454 -2466,0,-3459 -2471,0,-3464 -2477,0,-3468 -2483,0,-3473 -2490,0,-3478 -2496,0,-3482 -2503,0,-3486 -2511,0,-3490 -2518,0,-3493 -2526,0,-3497 -2533,0,-3499 -2541,0,-3501 -2548,0,-3503 -2556,0,-3505 -2563,0,-3506 -2570,0,-3507 -2576,0,-3507 -2583,0,-3508 -2589,0,-3508 -2595,0,-3507 -2600,0,-3507 -2605,0,-3506 -2610,0,-3506 -2614,0,-3505 -2618,0,-3504 -2622,0,-3503 -2625,0,-3503 -2628,0,-3502 -2631,0,-3501 -2633,0,-3500 -2635,0,-3499 -2637,0,-3499 -2639,0,-3498 -2641,0,-3497 -2642,0,-3497 -2643,0,-3496 -2644,0,-3496 -2645,0,-3495 -2645,0,-3495 -2646,0,-3495 -2646,0,-3495 -2646,0,-3495 -2646,0,-3495 -2646,0,-3495 -2646,0,-3495 -2646,0,-3495 -2645,0,-3495 -2645,0,-3496 -2644,0,-3496 -2644,0,-3496 -2643,0,-3497 -2642,0,-3497 -2641,0,-3498 -2640,0,-3499 -2639,0,-3499 -2638,0,-3500 -2637,0,-3501 -2635,0,-3502 -2634,0,-3503 -2633,0,-3504 -2631,0,-3505 -2630,0,-3506 -2628,0,-3507 -2626,0,-3508 -2625,0,-3509 -2623,0,-3510 -2621,0,-3512 -2619,0,-3513 -2617,0,-3514 -2615,0,-3516 -2614,0,-3517 -2611,0,-3519 -2609,0,-3520 -2607,0,-3521 -2605,0,-3523 -2603,0,-3525 -2601,0,-3526 -2598,0,-3528 -2596,0,-3529 -2593,0,-3531 -2591,0,-3533 -2588,0,-3534 -2586,0,-3536 -2583,0,-3538 -2580,0,-3540 -2578,0,-3541 -2575,0,-3543 -2572,0,-3545 -2569,0,-3547 -2566,0,-3549 -2563,0,-3550 -2560,0,-3552 -2557,0,-3554 -2553,0,-3556 -2550,0,-3558 -2547,0,-3560 -2543,0,-3562 -2539,0,-3564 -2536,0,-3565 -2532,0,-3567 -2528,0,-3569 -2524,0,-3571 -2520,0,-3573 -2516,0,-3575 -2511,0,-3577 -2507,0,-3579 -2502,0,-3580 -2497,0,-3582 -2493,0,-3584 -2488,0,-3586 -2482,0,-3587 -2477,0,-3589 -2472,0,-3590 -2466,0,-3592 -2460,0,-3593 -2454,0,-3594 -2448,0,-3596 -2442,0,-3597 -2435,0,-3598 -2428,0,-3598 -2422,0,-3599 -2415,0,-3600 -2407,0,-3600 -2400,0,-3600
mouvement 4e0c96d3fe6dbf797b6b539c16fe42ac [centre] -2613,0,-3325 -2611,0,-3321 -2609,0,-3317 -2607,0,-3314 -2605,0,-3310 -2603,0,-3306 -2602,0,-3302 -2600,0,-3298 -2599,0,-3294 -2597,0,-3290 -2596,0,-3286 -2594,0,-3282 -2593,0,-3278 -2592,0,-3274 -2591,0,-3270 -2590,0,-3266 -2589,0,-3262 -2588,0,-3257 -2587,0,-3253 -2586,0,-3249 -2586,0,-3244 -2585,0,-3240 -2584,0,-3236 -2584,0,-3231 -2583,0,-3227 -2583,0,-3223 -2583,0,-3218 -2583,0,-3214 -2582,0,-3209 -2582,0,-3205 -2582,0,-3201 -2582,0,-3196 -2583,0,-3192 -2583,0,-3187 -2583,0,-3183 -2583,0,-3178 -2584,0,-3174 -2584,0,-3170 -2585,0,-3165 -2585,0,-3161 -2586,0,-3156 -2587,0,-3152 -2588,0,-3148 -2589,0,-3144 -2589,0,-3139 -2590,0,-3135 -2591,0,-3131 -2593,0,-3127 -2594,0,-3122 -2595,0,-3118 -2596,0,-3114 -2598,0,-3110 -2599,0,-3106 -2601,0,-3102 -2602,0,-3098 -2604,0,-3094 -2606,0,-3090 -2607,0,-3086 -2609,0,-3083 -2611,0,-3079 -2613,0,-3075
mouvement 4e0c96d3fe6dbf797b6b539c16fe42ac [bord gauche] -2785,0,-3223 -2786,0,-3223 -2786,0,-3224 -2786,0,-3224 -2786,0,-3224 -2786,0,-3224 -2786,0,-3223 -2785,0,-3223 -2785,0,-3223 -2785,0,-3223 -2785,0,-3222 -2785,0,-3222 -2785,0,-3221 -2785,0,-3220 -2784,0,-3220 -2784,0,-3219 -2784,0,-3218 -2784,0,-3217 -2784,0,-3216 -2783,0,-3215 -2783,0,-3214 -2783,0,-3213 -2783,0,-3212 -2783,0,-3211 -2783,0,-3210 -2783,0,-3208 -2783,0,-3207 -2782,0,-3206 -2782,0,-3205 -2782,0,-3203 -2782,0,-3202 -2782,0,-3201 -2782,0,-3199 -2783,0,-3198 -2783,0,-3197 -2783,0,-3195 -2783,0,-3194 -2783,0,-3192 -2783,0,-3191 -2783,0,-3190 -2784,0,-3188 -2784,0,-3187 -2784,0,-3186 -2784,0,-3185 -2784,0,-3183 -2785,0,-3182 -2785,0,-3181 -2785,0,-3180 -2786,0,-3179 -2786,0,-3178 -2786,0,-3177 -2787,0,-3176 -2787,0,-3175 -2787,0,-3174 -2787,0,-3174 -2788,0,-3173 -2788,0,-3172 -2788,0,-3172 -2788,0,-3171 -2789,0,-3171 -2789,0,-3171
mouvement 4e0c96d3fe6dbf797b6b539c16fe42ac [bord droit] -2441,0,-3426 -2437,0,-3419 -2432,0,-3411 -2429,0,-3404 -2425,0,-3396 -2421,0,-3389 -2418,0,-3381 -2415,0,-3374 -2412,0,-3366 -2409,0,-3358 -2406,0,-3351 -2404,0,-3343 -2401,0,-3336 -2399,0,-3328 -2397,0,-3320 -2395,0,-3313 -2394,0,-3305 -2392,0,-3298 -2390,0,-3290 -2389,0,-3282 -2388,0,-3275 -2387,0,-3267 -2386,0,-3260 -2385,0,-3252 -2384,0,-3244 -2384,0,-3237 -2383,0,-3229 -2383,0,-3222 -2383,0,-3214 -2382,0,-3207 -2382,0,-3199 -2383,0,-3192 -2383,0,-3184 -2383,0,-3177 -2384,0,-3169 -2384,0,-3162 -2385,0,-3154 -2386,0,-3147 -2386,0,-3139 -2388,0,-3132 -2389,0,-3125 -2390,0,-3117 -2391,0,-3110 -2393,0,-3102 -2394,0,-3095 -2396,0,-3088 -2398,0,-3080 -2400,0,-3073 -2402,0,-3066 -2404,0,-3059 -2407,0,-3051 -2409,0,-3044 -2412,0,-3037 -2414,0,-3030 -2417,0,-3022 -2420,0,-3015 -2423,0,-3008 -2427,0,-3001 -2430,0,-2994 -2434,0,-2987 -2437,0,-2980
mouvement 419d893b269e14c02e84e3509d9bf193 [centre] -3075,0,-2613 -3077,0,-2612 -3078,0,-2611 -3079,0,-2611 -3081,0,-2610 -3082,0,-2609 -3083,0,-2608 -3084,0,-2607 -3085,0,-2606 -3086,0,-2605 -3087,0,-2604 -3088,0,-2603 -3088,0,-2602 -3089,0,-2601 -3090,0,-2600 -3090,0,-2598 -3091,0,-2597 -3091,0,-2596 -3092,0,-2595 -3092,0,-2594 -3092,0,-2593 -3092,0,-2591 -3093,0,-2590 -3093,0,-2589 -3093,0,-2588 -3093,0,-2586 -3093,0,-2585 -3093,0,-2584 -3093,0,-2582 -3093,0,-2581 -3092,0,-2579 -3092,0,-2578 -3092,0,-2577 -3091,0,-2575 -3091,0,-2574 -3091,0,-2572 -3090,0,-2571 -3090,0,-2569 -3089,0,-2568 -3089,0,-2566 -3088,0,-2565 -3087,0,-2563 -3087,0,-2562 -3086,0,-2560 -3085,0,-2559 -3084,0,-2557 -3084,0,-2555 -3083,0,-2554 -3082,0,-2552 -3081,0,-2551 -3080,0,-2549 -3079,0,-2547 -3078,0,-2546 -3077,0,-2544 -3076,0,-2542 -3075,0,-2541 -3074,0,-2539 -3073,0,-2537 -3072,0,-2535 -3071,0,-2534 -3070,0,-2532 -3068,0,-2530 -3067,0,-2528 -3066,0,-2527 -3065,0,-2525 -3064,0,-2523 -3062,0,-2521 -3061,0,-2520 -3060,0,-2518 -3059,0,-2516 -3057,0,-2514 -3056,0,-2512 -3055,0,-2510 -3054,0,-2509 -3052,0,-2507 -3051,0,-2505 -3050,0,-2503 -3048,0,-2501 -3047,0,-2499 -3046,0,-2498 -3045,0,-2496 -3043,0,-2494 -3042,0,-2492 -3041,0,-2490 -3039,0,-2488 -3038,0,-2486 -3037,0,-2485 -3035,0,-2483 -3034,0,-2481 -3033,0,-2479 -3032,0,-2477 -3030,0,-2475 -3029,0,-2473 -3028,0,-2471 -3027,0,-2469 -3026,0,-2468 -3024,0,-2466 -3023,0,-2464 -3022,0,-2462 -3021,0,-2460 -3020,0,-2458 -3019,0,-2456 -3018,0,-2454 -3017,0,-2453 -3016,0,-2451 -3015,0,-2449 -3014,0,-2447 -3013,0,-2445 -3012,0,-2443 -3011,0,-2441 -3010,0,-2439 -3009,0,-2438 -3009,0,-2436 -3008,0,-2434 -3007,0,-2432 -3006,0,-2430 -3006,0,-2428 -3005,0,-2427 -3004,0,-2425 -3004,0,-2423 -3003,0,-2421 -3003,0,-2419 -3002,0,-2418 -3002,0,-2416 -3001,0,-2414 -3001,0,-2412 -3001,0,-2410 -3001,0,-2409 -3000,0,-2407 -3000,0,-2405 -3000,0,-2403 -3000,0,-2402 -3000,0,-2400
mouvement 419d893b269e14c02e84e3509d9bf193 [bord gauche] -3171,0,-2789 -3178,0,-2785 -3185,0,-2780 -3192,0,-2776 -3200,0,-2771 -3207,0,-2765 -3214,0,-2759 -3221,0,-2752 -3229,0,-2745 -3236,0,-2738 -3242,0,-2730 -3249,0,-2721 -3255,0,-2712 -3261,0,-2703 -3266,0,-2694 -3271,0,-2684 -3276,0,-2674 -3279,0,-2664 -3283,0,-2654 -3286,0,-2644 -3288,0,-2634 -3290,0,-2624 -3291,0,-2614 -3292,0,-2605 -3293,0,-2595 -3293,0,-2587 -3293,0,-2578 -3292,0,-2570 -3292,0,-2562 -3291,0,-2554 -3290,0,-2547 -3288,0,-2540 -3287,0,-2533 -3285,0,-2527 -3284,0,-2521 -3282,0,-2515 -3280,0,-2509 -3279,0,-2504 -3277,0,-2499 -3275,0,-2494 -3273,0,-2489 -3271,0,-2485 -3269,0,-2480 -3267,0,-2476 -3265,0,-2472 -3264,0,-2468 -3262,0,-2464 -3260,0,-2461 -3258,0,-2457 -3256,0,-2454 -3254,0,-2451 -3252,0,-2447 -3251,0,-2444 -3249,0,-2441 -3247,0,-2438 -3245,0,-2435 -3244,0,-2433 -3242,0,-2430 -3240,0,-2427 -3238,0,-2425 -3237,0,-2422 -3235,0,-2420 -3233,0,-2417 -3232,0,-2415 -3230,0,-2412 -3229,0,-2410 -3227,0,-2408 -3226,0,-2406 -3224,0,-2404 -3223,0,-2402 -3221,0,-2399 -3220,0,-2397 -3219,0,-2395 -3217,0,-2394 -3216,0,-2392 -3215,0,-2390 -3213,0,-2388 -3212,0,-2386 -3211,0,-2384 -3210,0,-2383 -3208,0,-2381 -3207,0,-2379 -3206,0,-2378 -3205,0,-2376 -3204,0,-2375 -3203,0,-2373 -3202,0,-2372 -3201,0,-2371 -3200,0,-2369 -3199,0,-2368 -3199,0,-2367 -3198,0,-2366 -3197,0,-2365 -3196,0,-2363 -3196,0,-2362 -3195,0,-2362 -3195,0,-2361 -3194,0,-2360 -3194,0,-2359 -3193,0,-2358 -3193,0,-2358 -3193,0,-2357 -3192,0,-2357 -3192,0,-2356 -3192,0,-2356 -3192,0,-2356 -3192,0,-2356 -3192,0,-2356 -3192,0,-2356 -3192,0,-2356 -3192,0,-2356 -3192,0,-2356 -3192,0,-2357 -3193,0,-2358 -3193,0,-2358 -3193,0,-2359 -3194,0,-2360 -3194,0,-2361 -3194,0,-2363 -3195,0,-2364 -3195,0,-2366 -3196,0,-2368 -3196,0,-2370 -3197,0,-2372 -3197,0,-2374 -3198,0,-2377 -3198,0,-2380 -3199,0,-2382 -3199,0,-2386 -3200,0,-2389 -3200,0,-2392 -3200,0,-2396 -3200,0,-2400
mouvement 419d893b269e14c02e84e3509d9bf193 [bord droit] -2980,0,-2437 -2976,0,-2440 -2971,0,-2442 -2967,0,-2445 -2962,0,-2449 -2957,0,-2453 -2952,0,-2457 -2947,0,-2461 -2942,0,-2467 -2936,0,-2472 -2931,0,-2478 -2927,0,-2484 -2922,0,-2491 -2917,0,-2498 -2913,0,-2505 -2909,0,-2513 -2906,0,-2521 -2903,0,-2528 -2900,0,-2536 -2898,0,-2544 -2897,0,-2551 -2895,0,-2559 -2894,0,-2566 -2893,0,-2573 -2893,0,-2580 -2893,0,-2586 -2893,0,-2592 -2893,0,-2598 -2894,0,-2603 -2894,0,-2608 -2895,0,-2612 -2896,0,-2616 -2897,0,-2620 -2897,0,-2624 -2898,0,-2627 -2899,0,-2630 -2900,0,-2633 -2901,0,-2635 -2901,0,-2637 -2902,0,-2639 -2903,0,-2641 -2903,0,-2642 -2904,0,-2643 -2904,0,-2644 -2905,0,-2645 -2905,0,-2646 -2906,0,-2646 -2906,0,-2647 -2906,0,-2647 -2906,0,-2647 -2906,0,-2647 -2906,0,-2647 -2906,0,-2647 -2906,0,-2647 -2905,0,-2646 -2905,0,-2646 -2905,0,-2645 -2904,0,-2644 -2904,0,-2644 -2903,0,-2643 -2902,0,-2642 -2902,0,-2641 -2901,0,-2640 -2900,0,-2639 -2899,0,-2637 -2899,0,-2636 -2898,0,-2635 -2897,0,-2633 -2896,0,-2632 -2895,0,-2630 -2894,0,-2629 -2892,0,-2627 -2891,0,-2625 -2890,0,-2624 -2889,0,-2622 -2888,0,-2620 -2886,0,-2618 -2885,0,-2616 -2883,0,-2614 -2882,0,-2612 -2881,0,-2610 -2879,0,-2608 -2878,0,-2606 -2876,0,-2604 -2875,0,-2602 -2873,0,-2599 -2871,0,-2597 -2870,0,-2595 -2868,0,-2592 -2866,0,-2590 -2865,0,-2587 -2863,0,-2585 -2861,0,-2582 -2860,0,-2579 -2858,0,-2576 -2856,0,-2574 -2854,0,-2571 -2852,0,-2568 -2851,0,-2565 -2849,0,-2562 -2847,0,-2559 -2845,0,-2555 -2843,0,-2552 -2841,0,-2549 -2840,0,-2545 -2838,0,-2542 -2836,0,-2538 -2834,0,-2535 -2832,0,-2531 -2830,0,-2527 -2828,0,-2523 -2827,0,-2519 -2825,0,-2515 -2823,0,-2510 -2821,0,-2506 -2819,0,-2501 -2818,0,-2497 -2816,0,-2492 -2814,0,-2487 -2813,0,-2482 -2811,0,-2476 -2810,0,-2471 -2808,0,-2465 -2807,0,-2460 -2805,0,-2454 -2804,0,-2448 -2803,0,-2441 -2802,0,-2435 -2802,0,-2428 -2801,0,-2421 -2800,0,-2414 -2800,0,-2407 -2800,0,-2400
mouvement 42e993cf17d9aad93755cb544a0d02a9 [centre] -3075,0,-2613 -3079,0,-2611 -3083,0,-2609 -3086,0,-2607 -3090,0,-2606 -3094,0,-2604 -3098,0,-2602 -3102,0,-2601 -3106,0,-2599 -3110,0,-2598 -3114,0,-2596 -3118,0,-2595 -3122,0,-2594 -3127,0,-2593 -3131,0,-2591 -3135,0,-2590 -3139,0,-2589 -3144,0,-2589 -3148,0,-2588 -3152,0,-2587 -3156,0,-2586 -3161,0,-2585 -3165,0,-2585 -3170,0,-2584 -3174,0,-2584 -3178,0,-2583 -3183,0,-2583 -3187,0,-2583 -3192,0,-2583 -3196,0,-2582 -3201,0,-2582 -3205,0,-2582 -3209,0,-2582 -3214,0,-2583 -3218,0,-2583 -3223,0,-2583 -3227,0,-2583 -3231,0,-2584 -3236,0,-2584 -3240,0,-2585 -3244,0,-2586 -3249,0,-2586 -3253,0,-2587 -3257,0,-2588 -3262,0,-2589 -3266,0,-2590 -3270,0,-2591 -3274,0,-2592 -3278,0,-2593 -3282,0,-2594 -3286,0,-2596 -3290,0,-2597 -3294,0,-2599 -3298,0,-2600 -3302,0,-2602 -3306,0,-2603 -3310,0,-2605 -3314,0,-2607 -3317,0,-2609 -3321,0,-2611 -3325,0,-2613
mouvement 42e993cf17d9aad93755cb544a0d02a9 [bord gauche] -3171,0,-2789 -3171,0,-2789 -3171,0,-2788 -3172,0,-2788 -3172,0,-2788 -3173,0,-2788 -3174,0,-2787 -3174,0,-2787 -3175,0,-2787 -3176,0,-2787 -3177,0,-2786 -3178,0,-2786 -3179,0,-2786 -3180,0,-2785 -3181,0,-2785 -3182,0,-2785 -3183,0,-2784 -3185,0,-2784 -3186,0,-2784 -3187,0,-2784 -3188,0,-2784 -3190,0,-2783 -3191,0,-2783 -3192,0,-2783 -3194,0,-2783 -3195,0,-2783 -3197,0,-2783 -3198,0,-2783 -3199,0,-2782 -3201,0,-2782 -3202,0,-2782 -3203,0,-2782 -3205,0,-2782 -3206,0,-2782 -3207,0,-2783 -3208,0,-2783 -3210,0,-2783 -3211,0,-2783 -3212,0,-2783 -3213,0,-2783 -3214,0,-2783 -3215,0,-2783 -3216,0,-2784 -3217,0,-2784 -3218,0,-2784 -3219,0,-2784 -3220,0,-2784 -3220,0,-2785 -3221,0,-2785 -3222,0,-2785 -3222,0,-2785 -3222,0,-2785 -3223,0,-2785 -3223,0,-2785 -3223,0,-2786 -3224,0,-2786 -3224,0,-2786 -3224,0,-2786 -3224,0,-2786 -3223,0,-2786 -3223,0,-2785
mouvement 42e993cf17d9aad93755cb544a0d02a9 [bord droit] -2980,0,-2437 -2987,0,-2434 -2994,0,-2430 -3001,0,-2427 -3008,0,-2423 -3015,0,-2420 -3022,0,-2417 -3030,0,-2414 -3037,0,-2412 -3044,0,-2409 -3051,0,-2407 -3059,0,-2404 -3066,0,-2402 -3073,0,-2400 -3080,0,-2398 -3088,0,-2396 -3095,0,-2394 -3102,0,-2393 -3110,0,-2391 -3117,0,-2390 -3125,0,-2389 -3132,0,-2388 -3139,0,-2386 -3147,0,-2386 -3154,0,-2385 -3162,0,-2384 -3169,0,-2384 -3177,0,-2383 -3184,0,-2383 -3192,0,-2383 -3199,0,-2382 -3207,0,-2382 -3214,0,-2383 -3222,0,-2383 -3229,0,-2383 -3237,0,-2384 -3244,0,-2384 -3252,0,-2385 -3260,0,-2386 -3267,0,-2387 -3275,0,-2388 -3282,0,-2389 -3290,0,-2390 -3298,0,-2392 -3305,0,-2394 -3313,0,-2395 -3320,0,-2397 -3328,0,-2399 -3336,0,-2401 -3343,0,-2404 -3351,0,-2406 -3358,0,-2409 -3366,0,-2412 -3374,0,-2415 -3381,0,-2418 -3389,0,-2421 -3396,0,-2425 -3404,0,-2429 -3411,0,-2432 -3419,0,-2437 -3426,0,-2441
zone 42b83e7c01b9cbacc9919a1bb7e9e68c [42480748339bbb6fe6fcbc99604c1aa8 x 45607ec286d32b63e09ca677f22031ba] -3647,0,-3641 ; 248,128,243
zone 450099ba966907d2e411d1b20b54ae99 [4030253e182e3ed1b7d2aeea7a73feb6 x 43605e569eb08d6ffe62fa7470d59fa0] -2571,0,-3203 ; 170,128,257
zone 451483d7154f55215bd3214ab24e3d98 [42480748339bbb6fe6fcbc99604c1aa8 x 4a61888b6162623b5f3b239c6967a1b7] -3615,0,-3717 ; 216,128,318
zone 49b9fb8a95b566317bd90511c5724b82 [42e993cf17d9aad93755cb544a0d02a9 x 4cec0461fb9fd74541d5772b2264b88f] -3238,0,-2507 ; 290,128,235
zone 4a4250039f40a26ff5b4051a197c149d [419d893b269e14c02e84e3509d9bf193 x 4cec0461fb9fd74541d5772b2264b88f] -3197,0,-2572 ; 257,128,170
zone 4df53fca19b7ee5211d4e512b3a4da86 [43605e569eb08d6ffe62fa7470d59fa0 x 4e0c96d3fe6dbf797b6b539c16fe42ac] -2507,0,-3162 ; 235,128,290
controle 4125ec30a583176d1fbb06c776fa858f [Uncontrolled, approche 433f39ba8eeb012212b7d5a05468b09d, 1 mouvements] -2400,0,-3000
controle 45e4596d6aa585a2517bee9c8fb834be [Uncontrolled, approche 4d1d749db78465cdc4e90ee844e3d898, 1 mouvements] -3624,0,-3907
controle 47ef2473ecfa0206cc2301cc291f7886 [Uncontrolled, approche 41aade042322996080b638a3a86e1088, 2 mouvements] -2613,0,-3325
controle 4aeddcba2f3223edb3ec477c2638bea8 [Uncontrolled, approche 427041528b28cda9499c4ab5aafe0d9c, 2 mouvements] -3703,0,-3527
controle 4cf54317710e5723de29224b473fd89f [Uncontrolled, approche 40e937a99618cac3ce12d56586514283, 1 mouvements] -3400,0,-2400
controle 4d6b68fe5f6aaa73f9d436e8c46044a2 [Uncontrolled, approche 48e681e799268186449903ef2aa3258f, 2 mouvements] -3075,0,-2613

instance GlobalObjectId_V1-2-ee081d5cbff641bb9dd499b4f13a8d62-7654237338994223078-1873927255 Roundabout_NorthWest (Roundabout)
corridor 4ccc97c5021ae91587883344ee3ca299 [centre] -2613,0,3325 -2700,0,3500 -2747,0,3584 -2775,0,3621 -2806,0,3653 -2883,0,3708 -2971,0,3752 -3065,0,3783 -3158,0,3799 -3203,0,3798 -3249,0,3792 -3341,0,3766 -3527,0,3703
corridor 4ccc97c5021ae91587883344ee3ca299 [bord gauche] -2785,0,3223 -2879,0,3412 -2913,0,3472 -2927,0,3491 -2938,0,3502 -2986,0,3536 -3048,0,3567 -3114,0,3589 -3172,0,3599 -3187,0,3599 -3210,0,3595 -3277,0,3576 -3477,0,3510
corridor 4ccc97c5021ae91587883344ee3ca299 [bord droit] -2441,0,3426 -2521,0,3589 -2581,0,3695 -2622,0,3750 -2675,0,3804 -2780,0,3879 -2895,0,3937 -3017,0,3977 -3144,0,3998 -3220,0,3998 -3288,0,3988 -3406,0,3955 -3577,0,3897
corridor 4ec40e5f82f7a65bed1dc3d9679f8693 [centre] -3703,0,3527 -3766,0,3341 -3792,0,3249 -3798,0,3203 -3799,0,3158 -3783,0,3065 -3752,0,2971 -3708,0,2883 -3653,0,2806 -3621,0,2775 -3584,0,2747 -3500,0,2700 -3325,0,2613
corridor 4ec40e5f82f7a65bed1dc3d9679f8693 [bord gauche] -3510,0,3477 -3576,0,3277 -3595,0,3210 -3599,0,3187 -3599,0,3172 -3589,0,3114 -3567,0,3048 -3536,0,2986 -3502,0,2938 -3491,0,2927 -3472,0,2913 -3412,0,2879 -3223,0,2785
corridor 4ec40e5f82f7a65bed1dc3d9679f8693 [bord droit] -3897,0,3577 -3955,0,3406 -3988,0,3288 -3998,0,3220 -3998,0,3144 -3977,0,3017 -3937,0,2895 -3879,0,2780 -3804,0,2675 -3750,0,2622 -3695,0,2581 -3589,0,2521 -3426,0,2441
corridor 43e96165bde1e8229cf8d27082d6b798 [centre] -3075,0,2613 -2917,0,2686 -2841,0,2725 -2776,0,2776 -2725,0,2841 -2686,0,2917 -2613,0,3075
corridor 43e96165bde1e8229cf8d27082d6b798 [bord gauche] -3171,0,2789 -3000,0,2868 -2945,0,2896 -2917,0,2917 -2896,0,2945 -2868,0,3000 -2789,0,3171
corridor 43e96165bde1e8229cf8d27082d6b798 [bord droit] -2980,0,2437 -2833,0,2504 -2737,0,2555 -2634,0,2634 -2555,0,2737 -2504,0,2833 -2437,0,2980
frontiere 41a63c5603c904390698494de09c299d [Roundabout] -3154,0,3154 ; 954,200,954
mouvement 4d6ca77eae0d45e72a542a1478a2aa84 [centre] -3000,0,2400 -3000,0,2402 -3000,0,2403 -3000,0,2405 -3000,0,2407 -3001,0,2409 -3001,0,2410 -3001,0,2412 -3001,0,2414 -3002,0,2416 -3002,0,2418 -3003,0,2419 -3003,0,2421 -3004,0,2423 -3004,0,2425 -3005,0,2427 -3006,0,2428 -3006,0,2430 -3007,0,2432 -3008,0,2434 -3009,0,2436 -3009,0,2438 -3010,0,2439 -3011,0,2441 -3012,0,2443 -3013,0,2445 -3014,0,2447 -3015,0,2449 -3016,0,2451 -3017,0,2453 -3018,0,2454 -3019,0,2456 -3020,0,2458 -3021,0,2460 -3022,0,2462 -3023,0,2464 -3024,0,2466 -3026,0,2468 -3027,0,2469 -3028,0,2471 -3029,0,2473 -3030,0,2475 -3032,0,2477 -3033,0,2479 -3034,0,2481 -3035,0,2483 -3037,0,2485 -3038,0,2486 -3039,0,2488 -3041,0,2490 -3042,0,2492 -3043,0,2494 -3045,0,2496 -3046,0,2498 -3047,0,2499 -3048,0,2501 -3050,0,2503 -3051,0,2505 -3052,0,2507 -3054,0,2509 -3055,0,2510 -3056,0,2512 -3057,0,2514 -3059,0,2516 -3060,0,2518 -3061,0,2520 -3062,0,2521 -3064,0,2523 -3065,0,2525 -3066,0,2527 -3067,0,2528 -3068,0,2530 -3070,0,2532 -3071,0,2534 -3072,0,2535 -3073,0,2537 -3074,0,2539 -3075,0,2541 -3076,0,2542 -3077,0,2544 -3078,0,2546 -3079,0,2547 -3080,0,2549 -3081,0,2551 -3082,0,2552 -3083,0,2554 -3084,0,2555 -3084,0,2557 -3085,0,2559 -3086,0,2560 -3087,0,2562 -3087,0,2563 -3088,0,2565 -3089,0,2566 -3089,0,2568 -3090,0,2569 -3090,0,2571 -3091,0,2572 -3091,0,2574 -3091,0,2575 -3092,0,2577 -3092,0,2578 -3092,0,2579 -3093,0,2581 -3093,0,2582 -3093,0,2584 -3093,0,2585 -3093,0,2586 -3093,0,2588 -3093,0,2589 -3093,0,2590 -3092,0,2591 -3092,0,2593 -3092,0,2594 -3092,0,2595 -3091,0,2596 -3091,0,2597 -3090,0,2598 -3090,0,2600 -3089,0,2601 -3088,0,2602 -3088,0,2603 -3087,0,2604 -3086,0,2605 -3085,0,2606 -3084,0,2607 -3083,0,2608 -3082,0,2609 -3081,0,2610 -3079,0,2611 -3078,0,2611 -3077,0,2612 -3075,0,2613
mouvement 4d6ca77eae0d45e72a542a1478a2aa84 [bord gauche] -3200,0,2400 -3200,0,2396 -3200,0,2392 -3200,0,2389 -3199,0,2386 -3199,0,2382 -3198,0,2380 -3198,0,2377 -3197,0,2374 -3197,0,2372 -3196,0,2370 -3196,0,2368 -3195,0,2366 -3195,0,2364 -3194,0,2363 -3194,0,2361 -3194,0,2360 -3193,0,2359 -3193,0,2358 -3193,0,2358 -3192,0,2357 -3192,0,2356 -3192,0,2356 -3192,0,2356 -3192,0,2356 -3192,0,2356 -3192,0,2356 -3192,0,2356 -3192,0,2356 -3192,0,2356 -3192,0,2357 -3193,0,2357 -3193,0,2358 -3193,0,2358 -3194,0,2359 -3194,0,2360 -3195,0,2361 -3195,0,2362 -3196,0,2362 -3196,0,2363 -3197,0,2365 -3198,0,2366 -3199,0,2367 -3199,0,2368 -3200,0,2369 -3201,0,2371 -3202,0,2372 -3203,0,2373 -3204,0,2375 -3205,0,2376 -3206,0,2378 -3207,0,2379 -3208,0,2381 -3210,0,2383 -3211,0,2384 -3212,0,2386 -3213,0,2388 -3215,0,2390 -3216,0,2392 -3217,0,2394 -3219,0,2395 -3220,0,2397 -3221,0,2399 -3223,0,2402 -3224,0,2404 -3226,0,2406 -3227,0,2408 -3229,0,2410 -3230,0,2412 -3232,0,2415 -3233,0,2417 -3235,0,2420 -3237,0,2422 -3238,0,2425 -3240,0,2427 -3242,0,2430 -3244,0,2433 -3245,0,2435 -3247,0,2438 -3249,0,2441 -3251,0,2444 -3252,0,2447 -3254,0,2451 -3256,0,2454 -3258,0,2457 -3260,0,2461 -3262,0,2464 -3264,0,2468 -3265,0,2472 -3267,0,2476 -3269,0,2480 -3271,0,2485 -3273,0,2489 -3275,0,2494 -3277,0,2499 -3279,0,2504 -3280,0,2509 -3282,0,2515 -3284,0,2521 -3285,0,2527 -3287,0,2533 -3288,0,2540 -3290,0,2547 -3291,0,2554 -3292,0,2562 -3292,0,2570 -3293,0,2578 -3293,0,2587 -3293,0,2595 -3292,0,2605 -3291,0,2614 -3290,0,2624 -3288,0,2634 -3286,0,2644 -3283,0,2654 -3279,0,2664 -3276,0,2674 -3271,0,2684 -3266,0,2694 -3261,0,2703 -3255,0,2712 -3249,0,2721 -3242,0,2730 -3236,0,2738 -3229,0,2745 -3221,0,2752 -3214,0,2759 -3207,0,2765 -3200,0,2771 -3192,0,2776 -3185,0,2780 -3178,0,2785 -3171,0,2789
mouvement 4d6ca77eae0d45e72a542a1478a2aa84 [bord droit] -2800,0,2400 -2800,0,2407 -2800,0,2414 -2801,0,2421 -2802,0,2428 -2802,0,2435 -2803,0,2441 -2804,0,2448 -2805,0,2454 -2807,0,2460 -2808,0,2465 -2810,0,2471 -2811,0,2476 -2813,0,2482 -2814,0,2487 -2816,0,2492 -2818,0,2497 -2819,0,2501 -2821,0,2506 -2823,0,2510 -2825,0,2515 -2827,0,2519 -2828,0,2523 -2830,0,2527 -2832,0,2531 -2834,0,2535 -2836,0,2538 -2838,0,2542 -2840,0,2545 -2841,0,2549 -2843,0,2552 -2845,0,2555 -2847,0,2559 -2849,0,2562 -2851,0,2565 -2852,0,2568 -2854,0,2571 -2856,0,2574 -2858,0,2576 -2860,0,2579 -2861,0,2582 -2863,0,2585 -2865,0,2587 -2866,0,2590 -2868,0,2592 -2870,0,2595 -2871,0,2597 -2873,0,2599 -2875,0,2602 -2876,0,2604 -2878,0,2606 -2879,0,2608 -2881,0,2610 -2882,0,2612 -2883,0,2614 -2885,0,2616 -2886,0,2618 -2888,0,2620 -2889,0,2622 -2890,0,2624 -2891,0,2625 -2892,0,2627 -2894,0,2629 -2895,0,2630 -2896,0,2632 -2897,0,2633 -2898,0,2635 -2899,0,2636 -2899,0,2637 -2900,0,2639 -2901,0,2640 -2902,0,2641 -2902,0,2642 -2903,0,2643 -2904,0,2644 -2904,0,2644 -2905,0,2645 -2905,0,2646 -2905,0,2646 -2906,0,2647 -2906,0,2647 -2906,0,2647 -2906,0,2647 -2906,0,2647 -2906,0,2647 -2906,0,2647 -2906,0,2646 -2905,0,2646 -2905,0,2645 -2904,0,2644 -2904,0,2643 -2903,0,2642 -2903,0,2641 -2902,0,2639 -2901,0,2637 -2901,0,2635 -2900,0,2633 -2899,0,2630 -2898,0,2627 -2897,0,2624 -2897,0,2620 -2896,0,2616 -2895,0,2612 -2894,0,2608 -2894,0,2603 -2893,0,2598 -2893,0,2592 -2893,0,2586 -2893,0,2580 -2893,0,2573 -2894,0,2566 -2895,0,2559 -2897,0,2551 -2898,0,2544 -2900,0,2536 -2903,0,2528 -2906,0,2521 -2909,0,2513 -2913,0,2505 -2917,0,2498 -2922,0,2491 -2927,0,2484 -2931,0,2478 -2936,0,2472 -2942,0,2467 -2947,0,2461 -2952,0,2457 -2957,0,2453 -2962,0,2449 -2967,0,2445 -2971,0,2442 -2976,0,2440 -2980,0,2437
mouvement 452ee31e83feea5ebc05406c271424a9 [centre] -3907,0,3624 -3906,0,3623 -3905,0,3622 -3903,0,3621 -3902,0,3620 -3900,0,3618 -3899,0,3617 -3898,0,3616 -3896,0,3615 -3894,0,3614 -3893,0,3613 -3891,0,3612 -3890,0,3611 -3888,0,3611 -3886,0,3610 -3884,0,3609 -3883,0,3608 -3881,0,3607 -3879,0,3606 -3877,0,3606 -3875,0,3605 -3873,0,3604 -3872,0,3603 -3870,0,3603 -3868,0,3602 -3866,0,3601 -3864,0,3601 -3862,0,3600 -3860,0,3599 -3857,0,3599 -3855,0,3598 -3853,0,3598 -3851,0,3597 -3849,0,3597 -3847,0,3596 -3845,0,3595 -3843,0,3595 -3840,0,3594 -3838,0,3594 -3836,0,3594 -3834,0,3593 -3832,0,3593 -3829,0,3592 -3827,0,3592 -3825,0,3591 -3823,0,3591 -3820,0,3590 -3818,0,3590 -3816,0,3590 -3814,0,3589 -3811,0,3589 -3809,0,3588 -3807,0,3588 -3805,0,3588 -3802,0,3587 -3800,0,3587 -3798,0,3586 -3796,0,3586 -3793,0,3586 -3791,0,3585 -3789,0,3585 -3787,0,3584 -3785,0,3584 -3782,0,3584 -3780,0,3583 -3778,0,3583 -3776,0,3583 -3774,0,3582 -3772,0,3582 -3770,0,3581 -3768,0,3581 -3765,0,3580 -3763,0,3580 -3761,0,3580 -3759,0,3579 -3757,0,3579 -3755,0,3578 -3753,0,3578 -3751,0,3577 -3750,0,3577 -3748,0,3576 -3746,0,3576 -3744,0,3575 -3742,0,3575 -3740,0,3574 -3739,0,3574 -3737,0,3573 -3735,0,3572 -3734,0,3572 -3732,0,3571 -3730,0,3571 -3729,0,3570 -3727,0,3569 -3726,0,3569 -3724,0,3568 -3723,0,3567 -3722,0,3566 -3720,0,3566 -3719,0,3565 -3718,0,3564 -3716,0,3563 -3715,0,3562 -3714,0,3562 -3713,0,3561 -3712,0,3560 -3711,0,3559 -3710,0,3558 -3709,0,3557 -3708,0,3556 -3708,0,3555 -3707,0,3554 -3706,0,3553 -3705,0,3552 -3705,0,3551 -3704,0,3549 -3704,0,3548 -3703,0,3547 -3703,0,3546 -3703,0,3545 -3702,0,3543 -3702,0,3542 -3702,0,3541 -3702,0,3539 -3702,0,3538 -3702,0,3536 -3702,0,3535 -3702,0,3533 -3702,0,3532 -3702,0,3530 -3703,0,3528 -3703,0,3527
mouvement 452ee31e83feea5ebc05406c271424a9 [bord gauche] -3766,0,3766 -3768,0,3768 -3771,0,3771 -3774,0,3773 -3776,0,3775 -3779,0,3777 -3781,0,3779 -3784,0,3781 -3786,0,3782 -3788,0,3783 -3790,0,3785 -3792,0,3786 -3793,0,3787 -3795,0,3788 -3796,0,3788 -3797,0,3789 -3798,0,3789 -3799,0,3790 -3800,0,3790 -3801,0,3791 -3802,0,3791 -3802,0,3791 -3803,0,3791 -3803,0,3791 -3803,0,3791 -3803,0,3791 -3803,0,3791 -3803,0,3791 -3803,0,3791 -3802,0,3791 -3802,0,3791 -3801,0,3791 -3801,0,3791 -3800,0,3790 -3799,0,3790 -3798,0,3790 -3797,0,3790 -3796,0,3790 -3795,0,3789 -3794,0,3789 -3793,0,3789 -3791,0,3788 -3790,0,3788 -3788,0,3788 -3787,0,3788 -3785,0,3787 -3784,0,3787 -3782,0,3787 -3780,0,3786 -3778,0,3786 -3776,0,3786 -3774,0,3785 -3772,0,3785 -3770,0,3785 -3768,0,3784 -3766,0,3784 -3764,0,3783 -3762,0,3783 -3759,0,3783 -3757,0,3782 -3755,0,3782 -3752,0,3781 -3750,0,3781 -3747,0,3781 -3745,0,3780 -3742,0,3780 -3739,0,3779 -3736,0,3779 -3734,0,3778 -3731,0,3777 -3728,0,3777 -3725,0,3776 -3722,0,3776 -3719,0,3775 -3716,0,3774 -3712,0,3774 -3709,0,3773 -3706,0,3772 -3703,0,3771 -3699,0,3770 -3695,0,3769 -3692,0,3768 -3688,0,3767 -3684,0,3766 -3680,0,3765 -3676,0,3764 -3672,0,3762 -3668,0,3761 -3664,0,3759 -3660,0,3758 -3655,0,3756 -3650,0,3754 -3646,0,3752 -3641,0,3750 -3636,0,3747 -3631,0,3745 -3625,0,3742 -3620,0,3739 -3614,0,3735 -3609,0,3732 -3603,0,3728 -3597,0,3724 -3591,0,3719 -3585,0,3714 -3579,0,3709 -3573,0,3703 -3566,0,3697 -3560,0,3690 -3554,0,3683 -3548,0,3676 -3542,0,3668 -3537,0,3659 -3532,0,3651 -3527,0,3641 -3522,0,3632 -3518,0,3622 -3514,0,3612 -3511,0,3601 -3508,0,3591 -3506,0,3581 -3504,0,3570 -3503,0,3560 -3502,0,3550 -3502,0,3539 -3502,0,3530 -3502,0,3520 -3503,0,3511 -3504,0,3502 -3506,0,3493 -3508,0,3485 -3510,0,3477
mouvement 452ee31e83feea5ebc05406c271424a9 [bord droit] -4048,0,3483 -4043,0,3478 -4038,0,3473 -4033,0,3468 -4027,0,3464 -4022,0,3460 -4017,0,3456 -4011,0,3452 -4006,0,3448 -4001,0,3445 -3996,0,3442 -3991,0,3439 -3986,0,3436 -3981,0,3434 -3976,0,3431 -3972,0,3429 -3967,0,3427 -3962,0,3424 -3958,0,3423 -3953,0,3421 -3949,0,3419 -3945,0,3417 -3940,0,3416 -3936,0,3414 -3932,0,3413 -3928,0,3411 -3924,0,3410 -3920,0,3409 -3916,0,3408 -3913,0,3407 -3909,0,3406 -3905,0,3405 -3902,0,3404 -3898,0,3403 -3895,0,3402 -3891,0,3401 -3888,0,3400 -3885,0,3399 -3881,0,3399 -3878,0,3398 -3875,0,3397 -3872,0,3397 -3869,0,3396 -3866,0,3395 -3863,0,3395 -3860,0,3394 -3857,0,3394 -3854,0,3393 -3852,0,3393 -3849,0,3392 -3846,0,3392 -3844,0,3391 -3841,0,3391 -3839,0,3391 -3837,0,3390 -3834,0,3390 -3832,0,3389 -3830,0,3389 -3828,0,3389 -3825,0,3388 -3823,0,3388 -3821,0,3387 -3820,0,3387 -3818,0,3387 -3816,0,3387 -3814,0,3386 -3813,0,3386 -3811,0,3386 -3810,0,3385 -3808,0,3385 -3807,0,3385 -3806,0,3385 -3805,0,3384 -3804,0,3384 -3803,0,3384 -3802,0,3384 -3802,0,3384 -3801,0,3383 -3800,0,3383 -3800,0,3383 -3800,0,3383 -3800,0,3383 -3800,0,3383 -3800,0,3383 -3800,0,3383 -3801,0,3384 -3802,0,3384 -3802,0,3384 -3803,0,3384 -3805,0,3385 -3806,0,3385 -3807,0,3386 -3809,0,3387 -3811,0,3388 -3813,0,3389 -3815,0,3390 -3818,0,3391 -3821,0,3393 -3824,0,3394 -3827,0,3396 -3830,0,3399 -3834,0,3401 -3837,0,3404 -3841,0,3407 -3845,0,3411 -3850,0,3415 -3854,0,3419 -3858,0,3424 -3863,0,3429 -3867,0,3434 -3871,0,3440 -3875,0,3446 -3879,0,3453 -3883,0,3460 -3887,0,3467 -3890,0,3475 -3893,0,3482 -3895,0,3490 -3897,0,3498 -3899,0,3506 -3900,0,3514 -3901,0,3521 -3902,0,3529 -3902,0,3536 -3902,0,3543 -3901,0,3549 -3901,0,3556 -3900,0,3562 -3899,0,3567 -3898,0,3572 -3897,0,3577
mouvement 464127b42987ee35c9def93cb72dae8c [centre] -2400,0,3400 -2402,0,3400 -2403,0,3400 -2405,0,3400 -2407,0,3400 -2409,0,3399 -2411,0,3399 -2412,0,3399 -2414,0,3398 -2416,0,3398 -2418,0,3398 -2420,0,3397 -2421,0,3397 -2423,0,3396 -2425,0,3396 -2427,0,3395 -2429,0,3394 -2431,0,3394 -2432,0,3393 -2434,0,3392 -2436,0,3391 -2438,0,3390 -2440,0,3390 -2442,0,3389 -2444,0,3388 -2446,0,3387 -2447,0,3386 -2449,0,3385 -2451,0,3384 -2453,0,3383 -2455,0,3382 -2457,0,3381 -2459,0,3380 -2461,0,3379 -2463,0,3377 -2464,0,3376 -2466,0,3375 -2468,0,3374 -2470,0,3373 -2472,0,3371 -2474,0,3370 -2476,0,3369 -2478,0,3368 -2480,0,3366 -2481,0,3365 -2483,0,3364 -2485,0,3363 -2487,0,3361 -2489,0,3360 -2491,0,3359 -2493,0,3357 -2495,0,3356 -2497,0,3355 -2498,0,3354 -2500,0,3352 -2502,0,3351 -2504,0,3350 -2506,0,3348 -2508,0,3347 -2510,0,3346 -2511,0,3344 -2513,0,3343 -2515,0,3342 -2517,0,3341 -2519,0,3339 -2520,0,3338 -2522,0,3337 -2524,0,3336 -2526,0,3334 -2528,0,3333 -2529,0,3332 -2531,0,3331 -2533,0,3330 -2535,0,3329 -2536,0,3327 -2538,0,3326 -2540,0,3325 -2542,0,3324 -2543,0,3323 -2545,0,3322 -2547,0,3321 -2548,0,3320 -2550,0,3319 -2552,0,3318 -2553,0,3318 -2555,0,3317 -2557,0,3316 -2558,0,3315 -2560,0,3314 -2561,0,3314 -2563,0,3313 -2564,0,3312 -2566,0,3312 -2568,0,3311 -2569,0,3311 -2571,0,3310 -2572,0,3310 -2574,0,3309 -2575,0,3309 -2576,0,3309 -2578,0,3308 -2579,0,3308 -2581,0,3308 -2582,0,3308 -2583,0,3308 -2585,0,3308 -2586,0,3308 -2588,0,3308 -2589,0,3308 -2590,0,3308 -2591,0,3308 -2593,0,3308 -2594,0,3309 -2595,0,3309 -2596,0,3309 -2598,0,3310 -2599,0,3310 -2600,0,3311 -2601,0,3312 -2602,0,3312 -2603,0,3313 -2604,0,3314 -2605,0,3315 -2606,0,3316 -2607,0,3317 -2608,0,3318 -2609,0,3319 -2610,0,3321 -2611,0,3322 -2612,0,3323 -2613,0,3325
mouvement 464127b42987ee35c9def93cb72dae8c [bord gauche] -2400,0,3200 -2396,0,3200 -2392,0,3200 -2389,0,3200 -2386,0,3201 -2382,0,3201 -2379,0,3202 -2377,0,3202 -2374,0,3203 -2372,0,3203 -2370,0,3204 -2368,0,3204 -2366,0,3205 -2364,0,3205 -2363,0,3206 -2361,0,3206 -2360,0,3206 -2359,0,3207 -2358,0,3207 -2357,0,3207 -2357,0,3208 -2356,0,3208 -2356,0,3208 -2356,0,3208 -2355,0,3208 -2355,0,3208 -2355,0,3208 -2356,0,3208 -2356,0,3208 -2356,0,3208 -2357,0,3208 -2357,0,3207 -2358,0,3207 -2358,0,3207 -2359,0,3206 -2360,0,3206 -2361,0,3205 -2362,0,3205 -2363,0,3204 -2364,0,3203 -2365,0,3203 -2366,0,3202 -2367,0,3201 -2368,0,3200 -2370,0,3199 -2371,0,3199 -2372,0,3198 -2374,0,3197 -2375,0,3196 -2377,0,3195 -2378,0,3193 -2380,0,3192 -2382,0,3191 -2383,0,3190 -2385,0,3189 -2387,0,3187 -2389,0,3186 -2391,0,3185 -2392,0,3184 -2394,0,3182 -2396,0,3181 -2398,0,3179 -2400,0,3178 -2403,0,3176 -2405,0,3175 -2407,0,3173 -2409,0,3172 -2412,0,3170 -2414,0,3169 -2416,0,3167 -2419,0,3165 -2421,0,3164 -2424,0,3162 -2427,0,3160 -2429,0,3159 -2432,0,3157 -2435,0,3155 -2438,0,3153 -2441,0,3151 -2444,0,3150 -2447,0,3148 -2450,0,3146 -2454,0,3144 -2457,0,3142 -2461,0,3140 -2465,0,3138 -2468,0,3136 -2472,0,3135 -2476,0,3133 -2481,0,3131 -2485,0,3129 -2490,0,3127 -2495,0,3125 -2500,0,3123 -2505,0,3121 -2511,0,3119 -2516,0,3118 -2522,0,3116 -2529,0,3114 -2535,0,3113 -2542,0,3112 -2549,0,3110 -2557,0,3109 -2564,0,3109 -2572,0,3108 -2581,0,3108 -2590,0,3108 -2599,0,3108 -2608,0,3109 -2617,0,3110 -2627,0,3111 -2637,0,3113 -2647,0,3116 -2657,0,3119 -2667,0,3122 -2677,0,3126 -2687,0,3131 -2696,0,3136 -2706,0,3141 -2715,0,3147 -2723,0,3153 -2732,0,3160 -2739,0,3166 -2747,0,3173 -2753,0,3180 -2760,0,3187 -2766,0,3195 -2771,0,3202 -2776,0,3209 -2781,0,3216 -2785,0,3223
mouvement 464127b42987ee35c9def93cb72dae8c [bord droit] -2400,0,3600 -2407,0,3600 -2415,0,3600 -2422,0,3599 -2428,0,3598 -2435,0,3598 -2442,0,3597 -2448,0,3596 -2454,0,3594 -2460,0,3593 -2466,0,3592 -2472,0,3590 -2477,0,3589 -2482,0,3587 -2488,0,3586 -2493,0,3584 -2497,0,3582 -2502,0,3580 -2507,0,3579 -2511,0,3577 -2516,0,3575 -2520,0,3573 -2524,0,3571 -2528,0,3569 -2532,0,3567 -2536,0,3565 -2539,0,3564 -2543,0,3562 -2547,0,3560 -2550,0,3558 -2553,0,3556 -2557,0,3554 -2560,0,3552 -2563,0,3550 -2566,0,3549 -2569,0,3547 -2572,0,3545 -2575,0,3543 -2578,0,3541 -2580,0,3540 -2583,0,3538 -2586,0,3536 -2588,0,3534 -2591,0,3533 -2593,0,3531 -2596,0,3529 -2598,0,3528 -2601,0,3526 -2603,0,3525 -2605,0,3523 -2607,0,3521 -2609,0,3520 -2611,0,3519 -2614,0,3517 -2616,0,3516 -2617,0,3514 -2619,0,3513 -2621,0,3512 -2623,0,3510 -2625,0,3509 -2626,0,3508 -2628,0,3507 -2630,0,3506 -2631,0,3505 -2633,0,3504 -2634,0,3503 -2635,0,3502 -2637,0,3501 -2638,0,3500 -2639,0,3499 -2640,0,3499 -2641,0,3498 -2642,0,3497 -2643,0,3497 -2644,0,3496 -2644,0,3496 -2645,0,3495 -2645,0,3495 -2646,0,3495 -2646,0,3495 -2646,0,3495 -2646,0,3495 -2646,0,3495 -2646,0,3495 -2646,0,3495 -2645,0,3495 -2645,0,3495 -2644,0,3496 -2643,0,3496 -2642,0,3497 -2641,0,3497 -2639,0,3498 -2637,0,3499 -2635,0,3499 -2633,0,3500 -2631,0,3501 -2628,0,3502 -2625,0,3503 -2622,0,3503 -2618,0,3504 -2614,0,3505 -2610,0,3506 -2605,0,3506 -2600,0,3507 -2595,0,3507 -2589,0,3508 -2583,0,3508 -2576,0,3507 -2570,0,3507 -2563,0,3506 -2556,0,3505 -2548,0,3503 -2541,0,3501 -2533,0,3499 -2526,0,3497 -2518,0,3493 -2511,0,3490 -2503,0,3486 -2496,0,3482 -2490,0,3478 -2483,0,3473 -2477,0,3468 -2471,0,3464 -2466,0,3459 -2461,0,3454 -2457,0,3449 -2453,0,3444 -2449,0,3439 -2446,0,3435 -2443,0,3430 -2441,0,3426
mouvement 46077471fe6db9c5bfc3327df0b647af [centre] -3527,0,3703 -3528,0,3703 -3530,0,3702 -3532,0,3702 -3533,0,3702 -3535,0,3702 -3536,0,3702 -3538,0,3702 -3539,0,3702 -3541,0,3702 -3542,0,3702 -3543,0,3702 -3545,0,3703 -3546,0,3703 -3547,0,3703 -3548,0,3704 -3549,0,3704 -3551,0,3705 -3552,0,3705 -3553,0,3706 -3554,0,3707 -3555,0,3708 -3556,0,3708 -3557,0,3709 -3558,0,3710 -3559,0,3711 -3560,0,3712 -3561,0,3713 -3562,0,3714 -3562,0,3715 -3563,0,3716 -3564,0,3718 -3565,0,3719 -3566,0,3720 -3566,0,3722 -3567,0,3723 -3568,0,3724 -3569,0,3726 -3569,0,3727 -3570,0,3729 -3571,0,3730 -3571,0,3732 -3572,0,3734 -3572,0,3735 -3573,0,3737 -3574,0,3739 -3574,0,3740 -3575,0,3742 -3575,0,3744 -3576,0,3746 -3576,0,3748 -3577,0,3750 -3577,0,3751 -3578,0,3753 -3578,0,3755 -3579,0,3757 -3579,0,3759 -3580,0,3761 -3580,0,3763 -3580,0,3765 -3581,0,3768 -3581,0,3770 -3582,0,3772 -3582,0,3774 -3583,0,3776 -3583,0,3778 -3583,0,3780 -3584,0,3782 -3584,0,3785 -3584,0,3787 -3585,0,3789 -3585,0,3791 -3586,0,3793 -3586,0,3796 -3586,0,3798 -3587,0,3800 -3587,0,3802 -3588,0,3805 -3588,0,3807 -3588,0,3809 -3589,0,3811 -3589,0,3814 -3590,0,3816 -3590,0,3818 -3590,0,3820 -3591,0,3823 -3591,0,3825 -3592,0,3827 -3592,0,3829 -3593,0,3832 -3593,0,3834 -3594,0,3836 -3594,0,3838 -3594,0,3840 -3595,0,3843 -3595,0,3845 -3596,0,3847 -3597,0,3849 -3597,0,3851 -3598,0,3853 -3598,0,3855 -3599,0,3857 -3599,0,3860 -3600,0,3862 -3601,0,3864 -3601,0,3866 -3602,0,3868 -3603,0,3870 -3603,0,3872 -3604,0,3873 -3605,0,3875 -3606,0,3877 -3606,0,3879 -3607,0,3881 -3608,0,3883 -3609,0,3884 -3610,0,3886 -3611,0,3888 -3611,0,3890 -3612,0,3891 -3613,0,3893 -3614,0,3894 -3615,0,3896 -3616,0,3898 -3617,0,3899 -3618,0,3900 -3620,0,3902 -3621,0,3903 -3622,0,3905 -3623,0,3906 -3624,0,3907
mouvement 46077471fe6db9c5bfc3327df0b647af [bord gauche] -3477,0,3510 -3485,0,3508 -3493,0,3506 -3502,0,3504 -3511,0,3503 -3520,0,3502 -3530,0,3502 -3539,0,3502 -3550,0,3502 -3560,0,3503 -3570,0,3504 -3581,0,3506 -3591,0,3508 -3601,0,3511 -3612,0,3514 -3622,0,3518 -3632,0,3522 -3641,0,3527 -3651,0,3532 -3659,0,3537 -3668,0,3542 -3676,0,3548 -3683,0,3554 -3690,0,3560 -3697,0,3566 -3703,0,3573 -3709,0,3579 -3714,0,3585 -3719,0,3591 -3724,0,3597 -3728,0,3603 -3732,0,3609 -3735,0,3614 -3739,0,3620 -3742,0,3625 -3745,0,3631 -3747,0,3636 -3750,0,3641 -3752,0,3646 -3754,0,3650 -3756,0,3655 -3758,0,3660 -3759,0,3664 -3761,0,3668 -3762,0,3672 -3764,0,3676 -3765,0,3680 -3766,0,3684 -3767,0,3688 -3768,0,3692 -3769,0,3695 -3770,0,3699 -3771,0,3702 -3772,0,3706 -3773,0,3709 -3774,0,3712 -3774,0,3716 -3775,0,3719 -3776,0,3722 -3776,0,3725 -3777,0,3728 -3777,0,3731 -3778,0,3734 -3779,0,3736 -3779,0,3739 -3780,0,3742 -3780,0,3745 -3781,0,3747 -3781,0,3750 -3781,0,3752 -3782,0,3755 -3782,0,3757 -3783,0,3759 -3783,0,3762 -3783,0,3764 -3784,0,3766 -3784,0,3768 -3785,0,3770 -3785,0,3772 -3785,0,3774 -3786,0,3776 -3786,0,3778 -3786,0,3780 -3787,0,3782 -3787,0,3784 -3787,0,3785 -3788,0,3787 -3788,0,3788 -3788,0,3790 -3788,0,3791 -3789,0,3793 -3789,0,3794 -3789,0,3795 -3790,0,3796 -3790,0,3797 -3790,0,3798 -3790,0,3799 -3790,0,3800 -3791,0,3801 -3791,0,3801 -3791,0,3802 -3791,0,3802 -3791,0,3803 -3791,0,3803 -3791,0,3803 -3791,0,3803 -3791,0,3803 -3791,0,3803 -3791,0,3803 -3791,0,3802 -3791,0,3802 -3791,0,3801 -3790,0,3800 -3790,0,3800 -3789,0,3798 -3789,0,3797 -3788,0,3796 -3787,0,3795 -3787,0,3793 -3786,0,3792 -3785,0,3790 -3783,0,3788 -3782,0,3786 -3781,0,3784 -3779,0,3781 -3777,0,3779 -3775,0,3776 -3773,0,3774 -3771,0,3771 -3768,0,3768 -3766,0,3766
mouvement 46077471fe6db9c5bfc3327df0b647af [bord droit] -3577,0,3897 -3572,0,3898 -3567,0,3899 -3562,0,3900 -3556,0,3901 -3549,0,3901 -3543,0,3902 -3536,0,3902 -3529,0,3902 -3521,0,3901 -3514,0,3900 -3506,0,3899 -3498,0,3897 -3490,0,3895 -3482,0,3893 -3475,0,3890 -3467,0,3887 -3460,0,3883 -3453,0,3879 -3446,0,3875 -3440,0,3871 -3434,0,3867 -3429,0,3863 -3424,0,3858 -3419,0,3854 -3415,0,3850 -3411,0,3845 -3407,0,3841 -3404,0,3837 -3401,0,3834 -3399,0,3830 -3396,0,3827 -3394,0,3824 -3393,0,3821 -3391,0,3818 -3390,0,3815 -3389,0,3813 -3388,0,3811 -3387,0,3809 -3386,0,3807 -3385,0,3806 -3385,0,3805 -3384,0,3803 -3384,0,3802 -3384,0,3802 -3384,0,3801 -3383,0,3800 -3383,0,3800 -3383,0,3800 -3383,0,3800 -3383,0,3800 -3383,0,3800 -3383,0,3801 -3383,0,3801 -3384,0,3802 -3384,0,3802 -3384,0,3803 -3384,0,3804 -3384,0,3805 -3385,0,3806 -3385,0,3807 -3385,0,3808 -3385,0,3810 -3386,0,3811 -3386,0,3813 -3386,0,3814 -3387,0,3816 -3387,0,3818 -3387,0,3820 -3387,0,3821 -3388,0,3823 -3388,0,3825 -3389,0,3828 -3389,0,3830 -3389,0,3832 -3390,0,3834 -3390,0,3837 -3391,0,3839 -3391,0,3841 -3391,0,3844 -3392,0,3846 -3392,0,3849 -3393,0,3852 -3393,0,3854 -3394,0,3857 -3394,0,3860 -3395,0,3863 -3395,0,3866 -3396,0,3869 -3397,0,3872 -3397,0,3875 -3398,0,3878 -3399,0,3881 -3399,0,3885 -3400,0,3888 -3401,0,3891 -3402,0,3895 -3403,0,3898 -3404,0,3902 -3405,0,3905 -3406,0,3909 -3407,0,3913 -3408,0,3916 -3409,0,3920 -3410,0,3924 -3411,0,3928 -3413,0,3932 -3414,0,3936 -3416,0,3940 -3417,0,3945 -3419,0,3949 -3421,0,3953 -3423,0,3958 -3424,0,3962 -3427,0,3967 -3429,0,3972 -3431,0,3976 -3434,0,3981 -3436,0,3986 -3439,0,3991 -3442,0,3996 -3445,0,4001 -3448,0,4006 -3452,0,4011 -3456,0,4017 -3460,0,4022 -3464,0,4027 -3468,0,4033 -3473,0,4038 -3478,0,4043 -3483,0,4049
mouvement 4aa676c5e3857524d5a9b386be4bdb90 [centre] -3527,0,3703 -3531,0,3702 -3535,0,3701 -3539,0,3700 -3543,0,3698 -3546,0,3697 -3550,0,3696 -3554,0,3694 -3558,0,3692 -3562,0,3691 -3566,0,3689 -3570,0,3687 -3573,0,3685 -3577,0,3683 -3581,0,3681 -3584,0,3679 -3588,0,3676 -3592,0,3674 -3595,0,3672 -3599,0,3669 -3603,0,3667 -3606,0,3664 -3609,0,3662 -3613,0,3659 -3616,0,3656 -3620,0,3654 -3623,0,3651 -3626,0,3648 -3629,0,3645 -3633,0,3642 -3636,0,3639 -3639,0,3636 -3642,0,3633 -3645,0,3630 -3648,0,3626 -3651,0,3623 -3654,0,3620 -3656,0,3616 -3659,0,3613 -3662,0,3609 -3664,0,3606 -3667,0,3603 -3669,0,3599 -3672,0,3595 -3674,0,3592 -3676,0,3588 -3679,0,3584 -3681,0,3581 -3683,0,3577 -3685,0,3573 -3687,0,3570 -3689,0,3566 -3691,0,3562 -3692,0,3558 -3694,0,3554 -3696,0,3550 -3697,0,3546 -3698,0,3543 -3700,0,3539 -3701,0,3535 -3702,0,3531 -3703,0,3527
mouvement 4aa676c5e3857524d5a9b386be4bdb90 [bord gauche] -3477,0,3510 -3477,0,3510 -3477,0,3510 -3477,0,3510 -3477,0,3510 -3477,0,3509 -3477,0,3509 -3478,0,3509 -3478,0,3509 -3478,0,3509 -3479,0,3509 -3479,0,3508 -3480,0,3508 -3481,0,3508 -3481,0,3507 -3482,0,3507 -3483,0,3506 -3484,0,3506 -3485,0,3505 -3485,0,3505 -3486,0,3504 -3487,0,3503 -3488,0,3503 -3489,0,3502 -3490,0,3501 -3491,0,3501 -3492,0,3500 -3493,0,3499 -3494,0,3498 -3495,0,3497 -3496,0,3496 -3496,0,3496 -3497,0,3495 -3498,0,3494 -3499,0,3493 -3500,0,3492 -3501,0,3491 -3501,0,3490 -3502,0,3489 -3503,0,3488 -3503,0,3487 -3504,0,3486 -3505,0,3485 -3505,0,3485 -3506,0,3484 -3506,0,3483 -3507,0,3482 -3507,0,3481 -3508,0,3481 -3508,0,3480 -3508,0,3479 -3509,0,3479 -3509,0,3478 -3509,0,3478 -3509,0,3478 -3509,0,3477 -3509,0,3477 -3510,0,3477 -3510,0,3477 -3510,0,3477 -3510,0,3477 -3510,0,3477
mouvement 4aa676c5e3857524d5a9b386be4bdb90 [bord droit] -3577,0,3897 -3585,0,3895 -3593,0,3892 -3601,0,3890 -3608,0,3887 -3616,0,3885 -3623,0,3882 -3631,0,3879 -3638,0,3876 -3645,0,3872 -3653,0,3869 -3660,0,3866 -3666,0,3862 -3673,0,3858 -3680,0,3854 -3687,0,3851 -3693,0,3847 -3700,0,3843 -3706,0,3838 -3712,0,3834 -3719,0,3830 -3725,0,3825 -3731,0,3821 -3737,0,3816 -3743,0,3811 -3748,0,3807 -3754,0,3802 -3760,0,3797 -3765,0,3792 -3771,0,3787 -3776,0,3781 -3781,0,3776 -3787,0,3771 -3792,0,3765 -3797,0,3760 -3802,0,3754 -3807,0,3748 -3811,0,3743 -3816,0,3737 -3821,0,3731 -3825,0,3725 -3830,0,3719 -3834,0,3712 -3838,0,3706 -3843,0,3700 -3847,0,3693 -3851,0,3687 -3854,0,3680 -3858,0,3673 -3862,0,3666 -3866,0,3660 -3869,0,3653 -3872,0,3645 -3876,0,3638 -3879,0,3631 -3882,0,3623 -3885,0,3616 -3887,0,3608 -3890,0,3601 -3892,0,3593 -3895,0,3585 -3897,0,3577
mouvement 4ac98ed2e41d83c91f0714135aa67ba7 [centre] -3325,0,2613 -3323,0,2612 -3322,0,2611 -3321,0,2610 -3319,0,2609 -3318,0,2608 -3317,0,2607 -3316,0,2606 -3315,0,2605 -3314,0,2604 -3313,0,2603 -3312,0,2602 -3312,0,2601 -3311,0,2600 -3310,0,2599 -3310,0,2598 -3309,0,2596 -3309,0,2595 -3309,0,2594 -3308,0,2593 -3308,0,2591 -3308,0,2590 -3308,0,2589 -3308,0,2588 -3308,0,2586 -3308,0,2585 -3308,0,2583 -3308,0,2582 -3308,0,2581 -3308,0,2579 -3308,0,2578 -3309,0,2576 -3309,0,2575 -3309,0,2574 -3310,0,2572 -3310,0,2571 -3311,0,2569 -3311,0,2568 -3312,0,2566 -3312,0,2564 -3313,0,2563 -3314,0,2561 -3314,0,2560 -3315,0,2558 -3316,0,2557 -3317,0,2555 -3318,0,2553 -3318,0,2552 -3319,0,2550 -3320,0,2548 -3321,0,2547 -3322,0,2545 -3323,0,2543 -3324,0,2542 -3325,0,2540 -3326,0,2538 -3327,0,2536 -3329,0,2535 -3330,0,2533 -3331,0,2531 -3332,0,2529 -3333,0,2528 -3334,0,2526 -3336,0,2524 -3337,0,2522 -3338,0,2520 -3339,0,2519 -3341,0,2517 -3342,0,2515 -3343,0,2513 -3344,0,2511 -3346,0,2510 -3347,0,2508 -3348,0,2506 -3350,0,2504 -3351,0,2502 -3352,0,2500 -3354,0,2498 -3355,0,2497 -3356,0,2495 -3357,0,2493 -3359,0,2491 -3360,0,2489 -3361,0,2487 -3363,0,2485 -3364,0,2483 -3365,0,2481 -3366,0,2480 -3368,0,2478 -3369,0,2476 -3370,0,2474 -3371,0,2472 -3373,0,2470 -3374,0,2468 -3375,0,2466 -3376,0,2464 -3377,0,2463 -3379,0,2461 -3380,0,2459 -3381,0,2457 -3382,0,2455 -3383,0,2453 -3384,0,2451 -3385,0,2449 -3386,0,2447 -3387,0,2446 -3388,0,2444 -3389,0,2442 -3390,0,2440 -3390,0,2438 -3391,0,2436 -3392,0,2434 -3393,0,2432 -3394,0,2431 -3394,0,2429 -3395,0,2427 -3396,0,2425 -3396,0,2423 -3397,0,2421 -3397,0,2420 -3398,0,2418 -3398,0,2416 -3398,0,2414 -3399,0,2412 -3399,0,2411 -3399,0,2409 -3400,0,2407 -3400,0,2405 -3400,0,2403 -3400,0,2402 -3400,0,2400
mouvement 4ac98ed2e41d83c91f0714135aa67ba7 [bord gauche] -3223,0,2785 -3216,0,2781 -3209,0,2776 -3202,0,2771 -3195,0,2766 -3187,0,2760 -3180,0,2753 -3173,0,2747 -3166,0,2739 -3160,0,2732 -3153,0,2723 -3147,0,2715 -3141,0,2706 -3136,0,2696 -3131,0,2687 -3126,0,2677 -3122,0,2667 -3119,0,2657 -3116,0,2647 -3113,0,2637 -3111,0,2627 -3110,0,2617 -3109,0,2608 -3108,0,2599 -3108,0,2590 -3108,0,2581 -3108,0,2572 -3109,0,2564 -3109,0,2557 -3110,0,2549 -3112,0,2542 -3113,0,2535 -3114,0,2528 -3116,0,2522 -3118,0,2516 -3119,0,2511 -3121,0,2505 -3123,0,2500 -3125,0,2495 -3127,0,2490 -3129,0,2485 -3131,0,2481 -3133,0,2476 -3134,0,2472 -3136,0,2468 -3138,0,2465 -3140,0,2461 -3142,0,2457 -3144,0,2454 -3146,0,2450 -3148,0,2447 -3150,0,2444 -3151,0,2441 -3153,0,2438 -3155,0,2435 -3157,0,2432 -3159,0,2429 -3160,0,2427 -3162,0,2424 -3164,0,2421 -3165,0,2419 -3167,0,2416 -3169,0,2414 -3170,0,2412 -3172,0,2409 -3173,0,2407 -3175,0,2405 -3176,0,2403 -3178,0,2400 -3179,0,2398 -3181,0,2396 -3182,0,2394 -3183,0,2392 -3185,0,2391 -3186,0,2389 -3187,0,2387 -3189,0,2385 -3190,0,2383 -3191,0,2382 -3192,0,2380 -3193,0,2378 -3195,0,2377 -3196,0,2375 -3197,0,2374 -3198,0,2372 -3199,0,2371 -3199,0,2370 -3200,0,2368 -3201,0,2367 -3202,0,2366 -3203,0,2365 -3203,0,2364 -3204,0,2363 -3205,0,2362 -3205,0,2361 -3206,0,2360 -3206,0,2359 -3207,0,2358 -3207,0,2358 -3207,0,2357 -3208,0,2357 -3208,0,2356 -3208,0,2356 -3208,0,2356 -3208,0,2355 -3208,0,2355 -3208,0,2355 -3208,0,2356 -3208,0,2356 -3208,0,2356 -3208,0,2357 -3207,0,2357 -3207,0,2358 -3207,0,2359 -3206,0,2360 -3206,0,2361 -3206,0,2363 -3205,0,2364 -3205,0,2366 -3204,0,2368 -3204,0,2370 -3203,0,2372 -3203,0,2374 -3202,0,2377 -3202,0,2379 -3201,0,2382 -3201,0,2386 -3200,0,2389 -3200,0,2392 -3200,0,2396 -3200,0,2400
mouvement 4ac98ed2e41d83c91f0714135aa67ba7 [bord droit] -3426,0,2441 -3430,0,2443 -3435,0,2446 -3439,0,2449 -3444,0,2453 -3449,0,2457 -3454,0,2461 -3459,0,2466 -3464,0,2471 -3468,0,2477 -3473,0,2483 -3478,0,2490 -3482,0,2496 -3486,0,2503 -3490,0,2511 -3493,0,2518 -3497,0,2526 -3499,0,2533 -3501,0,2541 -3503,0,2548 -3505,0,2556 -3506,0,2563 -3507,0,2570 -3507,0,2576 -3508,0,2583 -3508,0,2589 -3507,0,2595 -3507,0,2600 -3506,0,2605 -3506,0,2610 -3505,0,2614 -3504,0,2618 -3503,0,2622 -3503,0,2625 -3502,0,2628 -3501,0,2631 -3500,0,2633 -3499,0,2635 -3499,0,2637 -3498,0,2639 -3497,0,2641 -3497,0,2642 -3496,0,2643 -3496,0,2644 -3495,0,2645 -3495,0,2645 -3495,0,2646 -3495,0,2646 -3495,0,2646 -3495,0,2646 -3495,0,2646 -3495,0,2646 -3495,0,2646 -3495,0,2645 -3496,0,2645 -3496,0,2644 -3496,0,2644 -3497,0,2643 -3497,0,2642 -3498,0,2641 -3499,0,2640 -3499,0,2639 -3500,0,2638 -3501,0,2637 -3502,0,2635 -3503,0,2634 -3504,0,2633 -3505,0,2631 -3506,0,2630 -3507,0,2628 -3508,0,2626 -3509,0,2625 -3510,0,2623 -3512,0,2621 -3513,0,2619 -3514,0,2617 -3516,0,2615 -3517,0,2614 -3519,0,2611 -3520,0,2609 -3521,0,2607 -3523,0,2605 -3525,0,2603 -3526,0,2601 -3528,0,2598 -3529,0,2596 -3531,0,2593 -3533,0,2591 -3534,0,2588 -3536,0,2586 -3538,0,2583 -3540,0,2580 -3541,0,2578 -3543,0,2575 -3545,0,2572 -3547,0,2569 -3549,0,2566 -3550,0,2563 -3552,0,2560 -3554,0,2557 -3556,0,2553 -3558,0,2550 -3560,0,2547 -3562,0,2543 -3564,0,2539 -3565,0,2536 -3567,0,2532 -3569,0,2528 -3571,0,2524 -3573,0,2520 -3575,0,2516 -3577,0,2511 -3579,0,2507 -3580,0,2502 -3582,0,2497 -3584,0,2493 -3586,0,2488 -3587,0,2482 -3589,0,2477 -3590,0,2472 -3592,0,2466 -3593,0,2460 -3594,0,2454 -3596,0,2448 -3597,0,2442 -3598,0,2435 -3598,0,2428 -3599,0,2422 -3600,0,2415 -3600,0,2407 -3600,0,2400
mouvement 469fe81415e729b4258c4b7eda9e65a2 [centre] -3325,0,2613 -3321,0,2611 -3317,0,2609 -3314,0,2607 -3310,0,2605 -3306,0,2603 -3302,0,2602 -3298,0,2600 -3294,0,2599 -3290,0,2597 -3286,0,2596 -3282,0,2594 -3278,0,2593 -3274,0,2592 -3270,0,2591 -3266,0,2590 -3262,0,2589 -3257,0,2588 -3253,0,2587 -3249,0,2586 -3244,0,2586 -3240,0,2585 -3236,0,2584 -3231,0,2584 -3227,0,2583 -3223,0,2583 -3218,0,2583 -3214,0,2583 -3209,0,2582 -3205,0,2582 -3201,0,2582 -3196,0,2582 -3192,0,2583 -3187,0,2583 -3183,0,2583 -3178,0,2583 -3174,0,2584 -3170,0,2584 -3165,0,2585 -3161,0,2585 -3156,0,2586 -3152,0,2587 -3148,0,2588 -3144,0,2589 -3139,0,2589 -3135,0,2590 -3131,0,2591 -3127,0,2593 -3122,0,2594 -3118,0,2595 -3114,0,2596 -3110,0,2598 -3106,0,2599 -3102,0,2601 -3098,0,2602 -3094,0,2604 -3090,0,2606 -3086,0,2607 -3083,0,2609 -3079,0,2611 -3075,0,2613
mouvement 469fe81415e729b4258c4b7eda9e65a2 [bord gauche] -3223,0,2785 -3223,0,2786 -3224,0,2786 -3224,0,2786 -3224,0,2786 -3224,0,2786 -3223,0,2786 -3223,0,2785 -3223,0,2785 -3223,0,2785 -3222,0,2785 -3222,0,2785 -3221,0,2785 -3220,0,2785 -3220,0,2784 -3219,0,2784 -3218,0,2784 -3217,0,2784 -3216,0,2784 -3215,0,2783 -3214,0,2783 -3213,0,2783 -3212,0,2783 -3211,0,2783 -3210,0,2783 -3208,0,2783 -3207,0,2783 -3206,0,2782 -3205,0,2782 -3203,0,2782 -3202,0,2782 -3201,0,2782 -3199,0,2782 -3198,0,2783 -3197,0,2783 -3195,0,2783 -3194,0,2783 -3192,0,2783 -3191,0,2783 -3190,0,2783 -3188,0,2784 -3187,0,2784 -3186,0,2784 -3185,0,2784 -3183,0,2784 -3182,0,2785 -3181,0,2785 -3180,0,2785 -3179,0,2786 -3178,0,2786 -3177,0,2786 -3176,0,2787 -3175,0,2787 -3174,0,2787 -3174,0,2787 -3173,0,2788 -3172,0,2788 -3172,0,2788 -3171,0,2788 -3171,0,2789 -3171,0,2789
mouvement 469fe81415e729b4258c4b7eda9e65a2 [bord droit] -3426,0,2441 -3419,0,2437 -3411,0,2432 -3404,0,2429 -3396,0,2425 -3389,0,2421 -3381,0,2418 -3374,0,2415 -3366,0,2412 -3358,0,2409 -3351,0,2406 -3343,0,2404 -3336,0,2401 -3328,0,2399 -3320,0,2397 -3313,0,2395 -3305,0,2394 -3298,0,2392 -3290,0,2390 -3282,0,2389 -3275,0,2388 -3267,0,2387 -3260,0,2386 -3252,0,2385 -3244,0,2384 -3237,0,2384 -3229,0,2383 -3222,0,2383 -3214,0,2383 -3207,0,2382 -3199,0,2382 -3192,0,2383 -3184,0,2383 -3177,0,2383 -3169,0,2384 -3162,0,2384 -3154,0,2385 -3147,0,2386 -3139,0,2386 -3132,0,2388 -3125,0,2389 -3117,0,2390 -3110,0,2391 -3102,0,2393 -3095,0,2394 -3088,0,2396 -3080,0,2398 -3073,0,2400 -3066,0,2402 -3059,0,2404 -3051,0,2407 -3044,0,2409 -3037,0,2412 -3030,0,2414 -3022,0,2417 -3015,0,2420 -3008,0,2423 -3001,0,2427 -2994,0,2430 -2987,0,2434 -2980,0,2437
mouvement 45d560a7a864362a2f19600802713fac [centre] -2613,0,3075 -2612,0,3077 -2611,0,3078 -2611,0,3079 -2610,0,3081 -2609,0,3082 -2608,0,3083 -2607,0,3084 -2606,0,3085 -2605,0,3086 -2604,0,3087 -2603,0,3088 -2602,0,3088 -2601,0,3089 -2600,0,3090 -2598,0,3090 -2597,0,3091 -2596,0,3091 -2595,0,3092 -2594,0,3092 -2593,0,3092 -2591,0,3092 -2590,0,3093 -2589,0,3093 -2588,0,3093 -2586,0,3093 -2585,0,3093 -2584,0,3093 -2582,0,3093 -2581,0,3093 -2579,0,3092 -2578,0,3092 -2577,0,3092 -2575,0,3091 -2574,0,3091 -2572,0,3091 -2571,0,3090 -2569,0,3090 -2568,0,3089 -2566,0,3089 -2565,0,3088 -2563,0,3087 -2562,0,3087 -2560,0,3086 -2559,0,3085 -2557,0,3084 -2555,0,3084 -2554,0,3083 -2552,0,3082 -2551,0,3081 -2549,0,3080 -2547,0,3079 -2546,0,3078 -2544,0,3077 -2542,0,3076 -2541,0,3075 -2539,0,3074 -2537,0,3073 -2535,0,3072 -2534,0,3071 -2532,0,3070 -2530,0,3068 -2528,0,3067 -2527,0,3066 -2525,0,3065 -2523,0,3064 -2521,0,3062 -2520,0,3061 -2518,0,3060 -2516,0,3059 -2514,0,3057 -2512,0,3056 -2510,0,3055 -2509,0,3054 -2507,0,3052 -2505,0,3051 -2503,0,3050 -2501,0,3048 -2499,0,3047 -2498,0,3046 -2496,0,3045 -2494,0,3043 -2492,0,3042 -2490,0,3041 -2488,0,3039 -2486,0,3038 -2485,0,3037 -2483,0,3035 -2481,0,3034 -2479,0,3033 -2477,0,3032 -2475,0,3030 -2473,0,3029 -2471,0,3028 -2469,0,3027 -2468,0,3026 -2466,0,3024 -2464,0,3023 -2462,0,3022 -2460,0,3021 -2458,0,3020 -2456,0,3019 -2454,0,3018 -2453,0,3017 -2451,0,3016 -2449,0,3015 -2447,0,3014 -2445,0,3013 -2443,0,3012 -2441,0,3011 -2439,0,3010 -2438,0,3009 -2436,0,3009 -2434,0,3008 -2432,0,3007 -2430,0,3006 -2428,0,3006 -2427,0,3005 -2425,0,3004 -2423,0,3004 -2421,0,3003 -2419,0,3003 -2418,0,3002 -2416,0,3002 -2414,0,3001 -2412,0,3001 -2410,0,3001 -2409,0,3001 -2407,0,3000 -2405,0,3000 -2403,0,3000 -2402,0,3000 -2400,0,3000
mouvement 45d560a7a864362a2f19600802713fac [bord gauche] -2789,0,3171 -2785,0,3178 -2780,0,3185 -2776,0,3192 -2771,0,3200 -2765,0,3207 -2759,0,3214 -2752,0,3221 -2745,0,3229 -2738,0,3236 -2730,0,3242 -2721,0,3249 -2712,0,3255 -2703,0,3261 -2694,0,3266 -2684,0,3271 -2674,0,3276 -2664,0,3279 -2654,0,3283 -2644,0,3286 -2634,0,3288 -2624,0,3290 -2614,0,3291 -2605,0,3292 -2595,0,3293 -2587,0,3293 -2578,0,3293 -2570,0,3292 -2562,0,3292 -2554,0,3291 -2547,0,3290 -2540,0,3288 -2533,0,3287 -2527,0,3285 -2521,0,3284 -2515,0,3282 -2509,0,3280 -2504,0,3279 -2499,0,3277 -2494,0,3275 -2489,0,3273 -2485,0,3271 -2480,0,3269 -2476,0,3267 -2472,0,3265 -2468,0,3264 -2464,0,3262 -2461,0,3260 -2457,0,3258 -2454,0,3256 -2451,0,3254 -2447,0,3252 -2444,0,3251 -2441,0,3249 -2438,0,3247 -2435,0,3245 -2433,0,3244 -2430,0,3242 -2427,0,3240 -2425,0,3238 -2422,0,3237 -2420,0,3235 -2417,0,3233 -2415,0,3232 -2412,0,3230 -2410,0,3229 -2408,0,3227 -2406,0,3226 -2404,0,3224 -2402,0,3223 -2399,0,3221 -2397,0,3220 -2395,0,3219 -2394,0,3217 -2392,0,3216 -2390,0,3215 -2388,0,3213 -2386,0,3212 -2384,0,3211 -2383,0,3210 -2381,0,3208 -2379,0,3207 -2378,0,3206 -2376,0,3205 -2375,0,3204 -2373,0,3203 -2372,0,3202 -2371,0,3201 -2369,0,3200 -2368,0,3199 -2367,0,3199 -2366,0,3198 -2365,0,3197 -2363,0,3196 -2362,0,3196 -2362,0,3195 -2361,0,3195 -2360,0,3194 -2359,0,3194 -2358,0,3193 -2358,0,3193 -2357,0,3193 -2357,0,3192 -2356,0,3192 -2356,0,3192 -2356,0,3192 -2356,0,3192 -2356,0,3192 -2356,0,3192 -2356,0,3192 -2356,0,3192 -2356,0,3192 -2357,0,3192 -2358,0,3193 -2358,0,3193 -2359,0,3193 -2360,0,3194 -2361,0,3194 -2363,0,3194 -2364,0,3195 -2366,0,3195 -2368,0,3196 -2370,0,3196 -2372,0,3197 -2374,0,3197 -2377,0,3198 -2380,0,3198 -2382,0,3199 -2386,0,3199 -2389,0,3200 -2392,0,3200 -2396,0,3200 -2400,0,3200
mouvement 45d560a7a864362a2f19600802713fac [bord droit] -2437,0,2980 -2440,0,2976 -2442,0,2971 -2445,0,2967 -2449,0,2962 -2453,0,2957 -2457,0,2952 -2461,0,2947 -2467,0,2942 -2472,0,2936 -2478,0,2931 -2484,0,2927 -2491,0,2922 -2498,0,2917 -2505,0,2913 -2513,0,2909 -2521,0,2906 -2528,0,2903 -2536,0,2900 -2544,0,2898 -2551,0,2897 -2559,0,2895 -2566,0,2894 -2573,0,2893 -2580,0,2893 -2586,0,2893 -2592,0,2893 -2598,0,2893 -2603,0,2894 -2608,0,2894 -2612,0,2895 -2616,0,2896 -2620,0,2897 -2624,0,2897 -2627,0,2898 -2630,0,2899 -2633,0,2900 -2635,0,2901 -2637,0,2901 -2639,0,2902 -2641,0,2903 -2642,0,2903 -2643,0,2904 -2644,0,2904 -2645,0,2905 -2646,0,2905 -2646,0,2906 -2647,0,2906 -2647,0,2906 -2647,0,2906 -2647,0,2906 -2647,0,2906 -2647,0,2906 -2647,0,2906 -2646,0,2905 -2646,0,2905 -2645,0,2905 -2644,0,2904 -2644,0,2904 -2643,0,2903 -2642,0,2902 -2641,0,2902 -2640,0,2901 -2639,0,2900 -2637,0,2899 -2636,0,2899 -2635,0,2898 -2633,0,2897 -2632,0,2896 -2630,0,2895 -2629,0,2894 -2627,0,2892 -2625,0,2891 -2624,0,2890 -2622,0,2889 -2620,0,2888 -2618,0,2886 -2616,0,2885 -2614,0,2883 -2612,0,2882 -2610,0,2881 -2608,0,2879 -2606,0,2878 -2604,0,2876 -2602,0,2875 -2599,0,2873 -2597,0,2871 -2595,0,2870 -2592,0,2868 -2590,0,2866 -2587,0,2865 -2585,0,2863 -2582,0,2861 -2579,0,2860 -2576,0,2858 -2574,0,2856 -2571,0,2854 -2568,0,2852 -2565,0,2851 -2562,0,2849 -2559,0,2847 -2555,0,2845 -2552,0,2843 -2549,0,2841 -2545,0,2840 -2542,0,2838 -2538,0,2836 -2535,0,2834 -2531,0,2832 -2527,0,2830 -2523,0,2828 -2519,0,2827 -2515,0,2825 -2510,0,2823 -2506,0,2821 -2501,0,2819 -2497,0,2818 -2492,0,2816 -2487,0,2814 -2482,0,2813 -2476,0,2811 -2471,0,2810 -2465,0,2808 -2460,0,2807 -2454,0,2805 -2448,0,2804 -2441,0,2803 -2435,0,2802 -2428,0,2802 -2421,0,2801 -2414,0,2800 -2407,0,2800 -2400,0,2800
mouvement 431a11dff650b4115fa5bf99118b9b8a [centre] -2613,0,3075 -2611,0,3079 -2609,0,3083 -2607,0,3086 -2606,0,3090 -2604,0,3094 -2602,0,3098 -2601,0,3102 -2599,0,3106 -2598,0,3110 -2596,0,3114 -2595,0,3118 -2594,0,3122 -2593,0,3127 -2591,0,3131 -2590,0,3135 -2589,0,3139 -2589,0,3144 -2588,0,3148 -2587,0,3152 -2586,0,3156 -2585,0,3161 -2585,0,3165 -2584,0,3170 -2584,0,3174 -2583,0,3178 -2583,0,3183 -2583,0,3187 -2583,0,3192 -2582,0,3196 -2582,0,3201 -2582,0,3205 -2582,0,3209 -2583,0,3214 -2583,0,3218 -2583,0,3223 -2583,0,3227 -2584,0,3231 -2584,0,3236 -2585,0,3240 -2586,0,3244 -2586,0,3249 -2587,0,3253 -2588,0,3257 -2589,0,3262 -2590,0,3266 -2591,0,3270 -2592,0,3274 -2593,0,3278 -2594,0,3282 -2596,0,3286 -2597,0,3290 -2599,0,3294 -2600,0,3298 -2602,0,3302 -2603,0,3306 -2605,0,3310 -2607,0,3314 -2609,0,3317 -2611,0,3321 -2613,0,3325
mouvement 431a11dff650b4115fa5bf99118b9b8a [bord gauche] -2789,0,3171 -2789,0,3171 -2788,0,3171 -2788,0,3172 -2788,0,3172 -2788,0,3173 -2787,0,3174 -2787,0,3174 -2787,0,3175 -2787,0,3176 -2786,0,3177 -2786,0,3178 -2786,0,3179 -2785,0,3180 -2785,0,3181 -2785,0,3182 -2784,0,3183 -2784,0,3185 -2784,0,3186 -2784,0,3187 -2784,0,3188 -2783,0,3190 -2783,0,3191 -2783,0,3192 -2783,0,3194 -2783,0,3195 -2783,0,3197 -2783,0,3198 -2782,0,3199 -2782,0,3201 -2782,0,3202 -2782,0,3203 -2782,0,3205 -2782,0,3206 -2783,0,3207 -2783,0,3208 -2783,0,3210 -2783,0,3211 -2783,0,3212 -2783,0,3213 -2783,0,3214 -2783,0,3215 -2784,0,3216 -2784,0,3217 -2784,0,3218 -2784,0,3219 -2784,0,3220 -2785,0,3220 -2785,0,3221 -2785,0,3222 -2785,0,3222 -2785,0,3222 -2785,0,3223 -2785,0,3223 -2786,0,3223 -2786,0,3224 -2786,0,3224 -2786,0,3224 -2786,0,3224 -2786,0,3223 -2785,0,3223
mouvement 431a11dff650b4115fa5bf99118b9b8a [bord droit] -2437,0,2980 -2434,0,2987 -2430,0,2994 -2427,0,3001 -2423,0,3008 -2420,0,3015 -2417,0,3022 -2414,0,3030 -2412,0,3037 -2409,0,3044 -2407,0,3051 -2404,0,3059 -2402,0,3066 -2400,0,3073 -2398,0,3080 -2396,0,3088 -2394,0,3095 -2393,0,3102 -2391,0,3110 -2390,0,3117 -2389,0,3125 -2388,0,3132 -2386,0,3139 -2386,0,3147 -2385,0,3154 -2384,0,3162 -2384,0,3169 -2383,0,3177 -2383,0,3184 -2383,0,3192 -2382,0,3199 -2382,0,3207 -2383,0,3214 -2383,0,3222 -2383,0,3229 -2384,0,3237 -2384,0,3244 -2385,0,3252 -2386,0,3259 -2387,0,3267 -2388,0,3275 -2389,0,3282 -2390,0,3290 -2392,0,3298 -2394,0,3305 -2395,0,3313 -2397,0,3320 -2399,0,3328 -2401,0,3336 -2404,0,3343 -2406,0,3351 -2409,0,3358 -2412,0,3366 -2415,0,3374 -2418,0,3381 -2421,0,3389 -2425,0,3396 -2429,0,3404 -2432,0,3411 -2437,0,3419 -2441,0,3426
zone 405ba721192ad202e99c9ba49b5e9fb7 [431a11dff650b4115fa5bf99118b9b8a x 464127b42987ee35c9def93cb72dae8c] -2507,0,3238 ; 235,128,290
zone 40b126f3a984fa21883e88b3f099319c [452ee31e83feea5ebc05406c271424a9 x 4aa676c5e3857524d5a9b386be4bdb90] -3717,0,3615 ; 318,128,216
zone 43a738a3e1cbfb568fadc5b3548a1b8f [469fe81415e729b4258c4b7eda9e65a2 x 4d6ca77eae0d45e72a542a1478a2aa84] -3162,0,2507 ; 290,128,235
zone 43e5a24dac93246333d9faf399592587 [4ac98ed2e41d83c91f0714135aa67ba7 x 4d6ca77eae0d45e72a542a1478a2aa84] -3203,0,2571 ; 257,128,170
zone 45c7253beaef1bef98463cee884919a4 [45d560a7a864362a2f19600802713fac x 464127b42987ee35c9def93cb72dae8c] -2572,0,3197 ; 170,128,257
zone 47114f641089fae85c0ee8305935fdaa [452ee31e83feea5ebc05406c271424a9 x 46077471fe6db9c5bfc3327df0b647af] -3641,0,3647 ; 243,128,248
controle 42f3d162d75e244896863e1711a77287 [Uncontrolled, approche 4ec40e5f82f7a65bed1dc3d9679f8693, 2 mouvements] -3325,0,2613
controle 4332ef31bc230cb1e928d17c87c2b2a4 [Uncontrolled, approche 43e96165bde1e8229cf8d27082d6b798, 2 mouvements] -2613,0,3075
controle 4538b544fa7443645e9f0b55dfd20c81 [Uncontrolled, approche 4d5c15fca8e24f15b1bdf0f0695acebf, 1 mouvements] -3000,0,2400
controle 48d729046272166df666b735d860ff85 [Uncontrolled, approche 4ccc97c5021ae91587883344ee3ca299, 2 mouvements] -3527,0,3703
controle 4e6af9f2c3ccc0a6b1f0ef739679ccac [Uncontrolled, approche 4516fd525d5bf0205cb47b0093ab0794, 1 mouvements] -2400,0,3400
controle 4fcbd57e6baa66a28b0732836bc2e880 [Uncontrolled, approche 4f3543b1218b82af65b5b8fc58457fb3, 1 mouvements] -3907,0,3624

instance GlobalObjectId_V1-2-ee081d5cbff641bb9dd499b4f13a8d62-7654237338994223078-663126718 Roundabout_NorthEast (Roundabout)
corridor 4e67d7a19f6083c020b14cda38733f93 [centre] 3325,0,2613 3500,0,2700 3584,0,2747 3621,0,2775 3653,0,2806 3708,0,2883 3752,0,2971 3783,0,3065 3799,0,3158 3798,0,3203 3792,0,3249 3766,0,3341 3703,0,3527
corridor 4e67d7a19f6083c020b14cda38733f93 [bord gauche] 3223,0,2785 3412,0,2879 3472,0,2913 3491,0,2927 3502,0,2938 3536,0,2986 3567,0,3048 3589,0,3114 3599,0,3172 3599,0,3187 3595,0,3210 3576,0,3277 3510,0,3477
corridor 4e67d7a19f6083c020b14cda38733f93 [bord droit] 3426,0,2441 3589,0,2521 3695,0,2581 3750,0,2622 3804,0,2675 3879,0,2780 3937,0,2895 3977,0,3017 3998,0,3144 3998,0,3220 3988,0,3288 3955,0,3406 3897,0,3577
corridor 4c3fbf9d31b3efe44c908138001098b8 [centre] 3527,0,3703 3341,0,3766 3249,0,3792 3203,0,3798 3158,0,3799 3065,0,3783 2971,0,3752 2883,0,3708 2806,0,3653 2775,0,3621 2747,0,3584 2700,0,3500 2613,0,3325
corridor 4c3fbf9d31b3efe44c908138001098b8 [bord gauche] 3477,0,3510 3277,0,3576 3210,0,3595 3187,0,3599 3172,0,3599 3114,0,3589 3048,0,3567 2986,0,3536 2938,0,3502 2927,0,3491 2913,0,3472 2879,0,3412 2785,0,3223
corridor 4c3fbf9d31b3efe44c908138001098b8 [bord droit] 3577,0,3897 3406,0,3955 3288,0,3988 3220,0,3998 3144,0,3998 3017,0,3977 2895,0,3937 2780,0,3879 2675,0,3804 2622,0,3750 2581,0,3695 2521,0,3589 2441,0,3426
corridor 432025ce90895a6728955c79e3edfb9e [centre] 2613,0,3075 2686,0,2917 2725,0,2841 2776,0,2776 2841,0,2725 2917,0,2686 3075,0,2613
corridor 432025ce90895a6728955c79e3edfb9e [bord gauche] 2789,0,3171 2868,0,3000 2896,0,2945 2917,0,2917 2945,0,2896 3000,0,2868 3171,0,2789
corridor 432025ce90895a6728955c79e3edfb9e [bord droit] 2437,0,2980 2504,0,2833 2555,0,2737 2634,0,2634 2737,0,2555 2833,0,2504 2980,0,2437
frontiere 4309f6e91e6d597ef92349b8ede4fc89 [Roundabout] 3154,0,3154 ; 954,200,954
mouvement 4357c472225591a18683e67ea2dd5f92 [centre] 2400,0,3000 2402,0,3000 2403,0,3000 2405,0,3000 2407,0,3000 2409,0,3001 2410,0,3001 2412,0,3001 2414,0,3001 2416,0,3002 2418,0,3002 2419,0,3003 2421,0,3003 2423,0,3004 2425,0,3004 2427,0,3005 2428,0,3006 2430,0,3006 2432,0,3007 2434,0,3008 2436,0,3009 2438,0,3009 2439,0,3010 2441,0,3011 2443,0,3012 2445,0,3013 2447,0,3014 2449,0,3015 2451,0,3016 2453,0,3017 2454,0,3018 2456,0,3019 2458,0,3020 2460,0,3021 2462,0,3022 2464,0,3023 2466,0,3024 2468,0,3026 2469,0,3027 2471,0,3028 2473,0,3029 2475,0,3030 2477,0,3032 2479,0,3033 2481,0,3034 2483,0,3035 2485,0,3037 2486,0,3038 2488,0,3039 2490,0,3041 2492,0,3042 2494,0,3043 2496,0,3045 2498,0,3046 2499,0,3047 2501,0,3048 2503,0,3050 2505,0,3051 2507,0,3052 2509,0,3054 2510,0,3055 2512,0,3056 2514,0,3057 2516,0,3059 2518,0,3060 2520,0,3061 2521,0,3062 2523,0,3064 2525,0,3065 2527,0,3066 2528,0,3067 2530,0,3068 2532,0,3070 2534,0,3071 2535,0,3072 2537,0,3073 2539,0,3074 2541,0,3075 2542,0,3076 2544,0,3077 2546,0,3078 2547,0,3079 2549,0,3080 2551,0,3081 2552,0,3082 2554,0,3083 2555,0,3084 2557,0,3084 2559,0,3085 2560,0,3086 2562,0,3087 2563,0,3087 2565,0,3088 2566,0,3089 2568,0,3089 2569,0,3090 2571,0,3090 2572,0,3091 2574,0,3091 2575,0,3091 2577,0,3092 2578,0,3092 2579,0,3092 2581,0,3093 2582,0,3093 2584,0,3093 2585,0,3093 2586,0,3093 2588,0,3093 2589,0,3093 2590,0,3093 2591,0,3092 2593,0,3092 2594,0,3092 2595,0,3092 2596,0,3091 2597,0,3091 2598,0,3090 2600,0,3090 2601,0,3089 2602,0,3088 2603,0,3088 2604,0,3087 2605,0,3086 2606,0,3085 2607,0,3084 2608,0,3083 2609,0,3082 2610,0,3081 2611,0,3079 2611,0,3078 2612,0,3077 2613,0,3075
mouvement 4357c472225591a18683e67ea2dd5f92 [bord gauche] 2400,0,3200 2396,0,3200 2392,0,3200 2389,0,3200 2386,0,3199 2382,0,3199 2380,0,3198 2377,0,3198 2374,0,3197 2372,0,3197 2370,0,3196 2368,0,3196 2366,0,3195 2364,0,3195 2363,0,3194 2361,0,3194 2360,0,3194 2359,0,3193 2358,0,3193 2358,0,3193 2357,0,3192 2356,0,3192 2356,0,3192 2356,0,3192 2356,0,3192 2356,0,3192 2356,0,3192 2356,0,3192 2356,0,3192 2356,0,3192 2357,0,3192 2357,0,3193 2358,0,3193 2358,0,3193 2359,0,3194 2360,0,3194 2361,0,3195 2362,0,3195 2362,0,3196 2363,0,3196 2365,0,3197 2366,0,3198 2367,0,3199 2368,0,3199 2369,0,3200 2371,0,3201 2372,0,3202 2373,0,3203 2375,0,3204 2376,0,3205 2378,0,3206 2379,0,3207 2381,0,3208 2383,0,3210 2384,0,3211 2386,0,3212 2388,0,3213 2390,0,3215 2392,0,3216 2394,0,3217 2395,0,3219 2397,0,3220 2399,0,3221 2402,0,3223 2404,0,3224 2406,0,3226 2408,0,3227 2410,0,3229 2412,0,3230 2415,0,3232 2417,0,3233 2420,0,3235 2422,0,3237 2425,0,3238 2427,0,3240 2430,0,3242 2433,0,3244 2435,0,3245 2438,0,3247 2441,0,3249 2444,0,3251 2447,0,3252 2451,0,3254 2454,0,3256 2457,0,3258 2461,0,3260 2464,0,3262 2468,0,3264 2472,0,3265 2476,0,3267 2480,0,3269 2485,0,3271 2489,0,3273 2494,0,3275 2499,0,3277 2504,0,3279 2509,0,3280 2515,0,3282 2521,0,3284 2527,0,3285 2533,0,3287 2540,0,3288 2547,0,3290 2554,0,3291 2562,0,3292 2570,0,3292 2578,0,3293 2587,0,3293 2595,0,3293 2605,0,3292 2614,0,3291 2624,0,3290 2634,0,3288 2644,0,3286 2654,0,3283 2664,0,3279 2674,0,3276 2684,0,3271 2694,0,3266 2703,0,3261 2712,0,3255 2721,0,3249 2730,0,3242 2738,0,3236 2745,0,3229 2752,0,3221 2759,0,3214 2765,0,3207 2771,0,3200 2776,0,3192 2780,0,3185 2785,0,3178 2789,0,3171
mouvement 4357c472225591a18683e67ea2dd5f92 [bord droit] 2400,0,2800 2407,0,2800 2414,0,2800 2421,0,2801 2428,0,2802 2435,0,2802 2441,0,2803 2448,0,2804 2454,0,2805 2460,0,2807 2465,0,2808 2471,0,2810 2476,0,2811 2482,0,2813 2487,0,2814 2492,0,2816 2497,0,2818 2501,0,2819 2506,0,2821 2510,0,2823 2515,0,2825 2519,0,2827 2523,0,2828 2527,0,2830 2531,0,2832 2535,0,2834 2538,0,2836 2542,0,2838 2545,0,2840 2549,0,2841 2552,0,2843 2555,0,2845 2559,0,2847 2562,0,2849 2565,0,2851 2568,0,2852 2571,0,2854 2574,0,2856 2576,0,2858 2579,0,2860 2582,0,2861 2585,0,2863 2587,0,2865 2590,0,2866 2592,0,2868 2595,0,2870 2597,0,2871 2599,0,2873 2602,0,2875 2604,0,2876 2606,0,2878 2608,0,2879 2610,0,2881 2612,0,2882 2614,0,2883 2616,0,2885 2618,0,2886 2620,0,2888 2622,0,2889 2624,0,2890 2625,0,2891 2627,0,2892 2629,0,2894 2630,0,2895 2632,0,2896 2633,0,2897 2635,0,2898 2636,0,2899 2637,0,2899 2639,0,2900 2640,0,2901 2641,0,2902 2642,0,2902 2643,0,2903 2644,0,2904 2644,0,2904 2645,0,2905 2646,0,2905 2646,0,2905 2647,0,2906 2647,0,2906 2647,0,2906 2647,0,2906 2647,0,2906 2647,0,2906 2647,0,2906 2646,0,2906 2646,0,2905 2645,0,2905 2644,0,2904 2643,0,2904 2642,0,2903 2641,0,2903 2639,0,2902 2637,0,2901 2635,0,2901 2633,0,2900 2630,0,2899 2627,0,2898 2624,0,2897 2620,0,2897 2616,0,2896 2612,0,2895 2608,0,2894 2603,0,2894 2598,0,2893 2592,0,2893 2586,0,2893 2580,0,2893 2573,0,2893 2566,0,2894 2559,0,2895 2551,0,2897 2544,0,2898 2536,0,2900 2528,0,2903 2521,0,2906 2513,0,2909 2505,0,2913 2498,0,2917 2491,0,2922 2484,0,2927 2478,0,2931 2472,0,2936 2467,0,2942 2461,0,2947 2457,0,2952 2453,0,2957 2449,0,2962 2445,0,2967 2442,0,2971 2440,0,2976 2437,0,2980
mouvement 4439e11d9c47c1d09aad97b8f5dd1cbe [centre] 3624,0,3907 3623,0,3906 3622,0,3905 3621,0,3903 3620,0,3902 3618,0,3900 3617,0,3899 3616,0,3898 3615,0,3896 3614,0,3894 3613,0,3893 3612,0,3891 3611,0,3890 3611,0,3888 3610,0,3886 3609,0,3884 3608,0,3883 3607,0,3881 3606,0,3879 3606,0,3877 3605,0,3875 3604,0,3873 3603,0,3872 3603,0,3870 3602,0,3868 3601,0,3866 3601,0,3864 3600,0,3862 3599,0,3860 3599,0,3857 3598,0,3855 3598,0,3853 3597,0,3851 3597,0,3849 3596,0,3847 3595,0,3845 3595,0,3843 3594,0,3840 3594,0,3838 3594,0,3836 3593,0,3834 3593,0,3832 3592,0,3829 3592,0,3827 3591,0,3825 3591,0,3823 3590,0,3820 3590,0,3818 3590,0,3816 3589,0,3814 3589,0,3811 3588,0,3809 3588,0,3807 3588,0,3805 3587,0,3802 3587,0,3800 3586,0,3798 3586,0,3796 3586,0,3793 3585,0,3791 3585,0,3789 3584,0,3787 3584,0,3785 3584,0,3782 3583,0,3780 3583,0,3778 3583,0,3776 3582,0,3774 3582,0,3772 3581,0,3770 3581,0,3768 3580,0,3765 3580,0,3763 3580,0,3761 3579,0,3759 3579,0,3757 3578,0,3755 3578,0,3753 3577,0,3751 3577,0,3750 3576,0,3748 3576,0,3746 3575,0,3744 3575,0,3742 3574,0,3740 3574,0,3739 3573,0,3737 3572,0,3735 3572,0,3734 3571,0,3732 3571,0,3730 3570,0,3729 3569,0,3727 3569,0,3726 3568,0,3724 3567,0,3723 3566,0,3722 3566,0,3720 3565,0,3719 3564,0,3718 3563,0,3716 3562,0,3715 3562,0,3714 3561,0,3713 3560,0,3712 3559,0,3711 3558,0,3710 3557,0,3709 3556,0,3708 3555,0,3708 3554,0,3707 3553,0,3706 3552,0,3705 3551,0,3705 3549,0,3704 3548,0,3704 3547,0,3703 3546,0,3703 3545,0,3703 3543,0,3702 3542,0,3702 3541,0,3702 3539,0,3702 3538,0,3702 3536,0,3702 3535,0,3702 3533,0,3702 3532,0,3702 3530,0,3702 3528,0,3703 3527,0,3703
mouvement 4439e11d9c47c1d09aad97b8f5dd1cbe [bord gauche] 3766,0,3766 3768,0,3768 3771,0,3771 3773,0,3774 3775,0,3776 3777,0,3779 3779,0,3781 3781,0,3784 3782,0,3786 3783,0,3788 3785,0,3790 3786,0,3792 3787,0,3793 3788,0,3795 3788,0,3796 3789,0,3797 3789,0,3798 3790,0,3799 3790,0,3800 3791,0,3801 3791,0,3802 3791,0,3802 3791,0,3803 3791,0,3803 3791,0,3803 3791,0,3803 3791,0,3803 3791,0,3803 3791,0,3803 3791,0,3802 3791,0,3802 3791,0,3801 3791,0,3801 3790,0,3800 3790,0,3799 3790,0,3798 3790,0,3797 3790,0,3796 3789,0,3795 3789,0,3794 3789,0,3793 3788,0,3791 3788,0,3790 3788,0,3788 3788,0,3787 3787,0,3785 3787,0,3784 3787,0,3782 3786,0,3780 3786,0,3778 3786,0,3776 3785,0,3774 3785,0,3772 3785,0,3770 3784,0,3768 3784,0,3766 3783,0,3764 3783,0,3762 3783,0,3759 3782,0,3757 3782,0,3755 3781,0,3752 3781,0,3750 3781,0,3747 3780,0,3745 3780,0,3742 3779,0,3739 3779,0,3736 3778,0,3734 3777,0,3731 3777,0,3728 3776,0,3725 3776,0,3722 3775,0,3719 3774,0,3716 3774,0,3712 3773,0,3709 3772,0,3706 3771,0,3703 3770,0,3699 3769,0,3695 3768,0,3692 3767,0,3688 3766,0,3684 3765,0,3680 3764,0,3676 3762,0,3672 3761,0,3668 3759,0,3664 3758,0,3660 3756,0,3655 3754,0,3650 3752,0,3646 3750,0,3641 3747,0,3636 3745,0,3631 3742,0,3625 3739,0,3620 3735,0,3614 3732,0,3609 3728,0,3603 3724,0,3597 3719,0,3591 3714,0,3585 3709,0,3579 3703,0,3573 3697,0,3566 3690,0,3560 3683,0,3554 3676,0,3548 3668,0,3542 3659,0,3537 3651,0,3532 3641,0,3527 3632,0,3522 3622,0,3518 3612,0,3514 3601,0,3511 3591,0,3508 3581,0,3506 3570,0,3504 3560,0,3503 3550,0,3502 3539,0,3502 3530,0,3502 3520,0,3502 3511,0,3503 3502,0,3504 3493,0,3506 3485,0,3508 3477,0,3510
mouvement 4439e11d9c47c1d09aad97b8f5dd1cbe [bord droit] 3483,0,4048 3478,0,4043 3473,0,4038 3468,0,4033 3464,0,4027 3460,0,4022 3456,0,4017 3452,0,4011 3448,0,4006 3445,0,4001 3442,0,3996 3439,0,3991 3436,0,3986 3434,0,3981 3431,0,3976 3429,0,3972 3427,0,3967 3424,0,3962 3423,0,3958 3421,0,3953 3419,0,3949 3417,0,3945 3416,0,3940 3414,0,3936 3413,0,3932 3411,0,3928 3410,0,3924 3409,0,3920 3408,0,3916 3407,0,3913 3406,0,3909 3405,0,3905 3404,0,3902 3403,0,3898 3402,0,3895 3401,0,3891 3400,0,3888 3399,0,3885 3399,0,3881 3398,0,3878 3397,0,3875 3397,0,3872 3396,0,3869 3395,0,3866 3395,0,3863 3394,0,3860 3394,0,3857 3393,0,3854 3393,0,3852 3392,0,3849 3392,0,3846 3391,0,3844 3391,0,3841 3391,0,3839 3390,0,3837 3390,0,3834 3389,0,3832 3389,0,3830 3389,0,3828 3388,0,3825 3388,0,3823 3387,0,3821 3387,0,3820 3387,0,3818 3387,0,3816 3386,0,3814 3386,0,3813 3386,0,3811 3385,0,3810 3385,0,3808 3385,0,3807 3385,0,3806 3384,0,3805 3384,0,3804 3384,0,3803 3384,0,3802 3384,0,3802 3383,0,3801 3383,0,3800 3383,0,3800 3383,0,3800 3383,0,3800 3383,0,3800 3383,0,3800 3383,0,3800 3384,0,3801 3384,0,3802 3384,0,3802 3384,0,3803 3385,0,3805 3385,0,3806 3386,0,3807 3387,0,3809 3388,0,3811 3389,0,3813 3390,0,3815 3391,0,3818 3393,0,3821 3394,0,3824 3396,0,3827 3399,0,3830 3401,0,3834 3404,0,3837 3407,0,3841 3411,0,3845 3415,0,3850 3419,0,3854 3424,0,3858 3429,0,3863 3434,0,3867 3440,0,3871 3446,0,3875 3453,0,3879 3460,0,3883 3467,0,3887 3475,0,3890 3482,0,3893 3490,0,3895 3498,0,3897 3506,0,3899 3514,0,3900 3521,0,3901 3529,0,3902 3536,0,3902 3543,0,3902 3549,0,3901 3556,0,3901 3562,0,3900 3567,0,3899 3572,0,3898 3577,0,3897
mouvement 4f47e1a8140c798681fef66fa633b3b5 [centre] 3400,0,2400 3400,0,2402 3400,0,2403 3400,0,2405 3400,0,2407 3399,0,2409 3399,0,2411 3399,0,2412 3398,0,2414 3398,0,2416 3398,0,2418 3397,0,2420 3397,0,2421 3396,0,2423 3396,0,2425 3395,0,2427 3394,0,2429 3394,0,2431 3393,0,2432 3392,0,2434 3391,0,2436 3390,0,2438 3390,0,2440 3389,0,2442 3388,0,2444 3387,0,2446 3386,0,2447 3385,0,2449 3384,0,2451 3383,0,2453 3382,0,2455 3381,0,2457 3380,0,2459 3379,0,2461 3377,0,2463 3376,0,2464 3375,0,2466 3374,0,2468 3373,0,2470 3371,0,2472 3370,0,2474 3369,0,2476 3368,0,2478 3366,0,2480 3365,0,2481 3364,0,2483 3363,0,2485 3361,0,2487 3360,0,2489 3359,0,2491 3357,0,2493 3356,0,2495 3355,0,2497 3354,0,2498 3352,0,2500 3351,0,2502 3350,0,2504 3348,0,2506 3347,0,2508 3346,0,2510 3344,0,2511 3343,0,2513 3342,0,2515 3341,0,2517 3339,0,2519 3338,0,2520 3337,0,2522 3336,0,2524 3334,0,2526 3333,0,2528 3332,0,2529 3331,0,2531 3330,0,2533 3329,0,2535 3327,0,2536 3326,0,2538 3325,0,2540 3324,0,2542 3323,0,2543 3322,0,2545 3321,0,2547 3320,0,2548 3319,0,2550 3318,0,2552 3318,0,2553 3317,0,2555 3316,0,2557 3315,0,2558 3314,0,2560 3314,0,2561 3313,0,2563 3312,0,2564 3312,0,2566 3311,0,2568 3311,0,2569 3310,0,2571 3310,0,2572 3309,0,2574 3309,0,2575 3309,0,2576 3308,0,2578 3308,0,2579 3308,0,2581 3308,0,2582 3308,0,2583 3308,0,2585 3308,0,2586 3308,0,2588 3308,0,2589 3308,0,2590 3308,0,2591 3308,0,2593 3309,0,2594 3309,0,2595 3309,0,2596 3310,0,2598 3310,0,2599 3311,0,2600 3312,0,2601 3312,0,2602 3313,0,2603 3314,0,2604 3315,0,2605 3316,0,2606 3317,0,2607 3318,0,2608 3319,0,2609 3321,0,2610 3322,0,2611 3323,0,2612 3325,0,2613
mouvement 4f47e1a8140c798681fef66fa633b3b5 [bord gauche] 3200,0,2400 3200,0,2396 3200,0,2392 3200,0,2389 3201,0,2386 3201,0,2382 3202,0,2379 3202,0,2377 3203,0,2374 3203,0,2372 3204,0,2370 3204,0,2368 3205,0,2366 3205,0,2364 3206,0,2363 3206,0,2361 3206,0,2360 3207,0,2359 3207,0,2358 3207,0,2357 3208,0,2357 3208,0,2356 3208,0,2356 3208,0,2356 3208,0,2355 3208,0,2355 3208,0,2355 3208,0,2356 3208,0,2356 3208,0,2356 3208,0,2357 3207,0,2357 3207,0,2358 3207,0,2358 3206,0,2359 3206,0,2360 3205,0,2361 3205,0,2362 3204,0,2363 3203,0,2364 3203,0,2365 3202,0,2366 3201,0,2367 3200,0,2368 3199,0,2370 3199,0,2371 3198,0,2372 3197,0,2374 3196,0,2375 3195,0,2377 3193,0,2378 3192,0,2380 3191,0,2382 3190,0,2383 3189,0,2385 3187,0,2387 3186,0,2389 3185,0,2391 3184,0,2392 3182,0,2394 3181,0,2396 3179,0,2398 3178,0,2400 3176,0,2403 3175,0,2405 3173,0,2407 3172,0,2409 3170,0,2412 3169,0,2414 3167,0,2416 3165,0,2419 3164,0,2421 3162,0,2424 3160,0,2427 3159,0,2429 3157,0,2432 3155,0,2435 3153,0,2438 3151,0,2441 3150,0,2444 3148,0,2447 3146,0,2450 3144,0,2454 3142,0,2457 3140,0,2461 3138,0,2465 3136,0,2468 3134,0,2472 3133,0,2477 3131,0,2481 3129,0,2485 3127,0,2490 3125,0,2495 3123,0,2500 3121,0,2505 3119,0,2511 3118,0,2516 3116,0,2522 3114,0,2528 3113,0,2535 3112,0,2542 3110,0,2549 3109,0,2557 3109,0,2564 3108,0,2572 3108,0,2581 3108,0,2590 3108,0,2599 3109,0,2608 3110,0,2617 3111,0,2627 3113,0,2637 3116,0,2647 3119,0,2657 3122,0,2667 3126,0,2677 3131,0,2687 3136,0,2696 3141,0,2706 3147,0,2715 3153,0,2723 3160,0,2732 3166,0,2739 3173,0,2747 3180,0,2753 3187,0,2760 3195,0,2766 3202,0,2771 3209,0,2776 3216,0,2781 3223,0,2785
mouvement 4f47e1a8140c798681fef66fa633b3b5 [bord droit] 3600,0,2400 3600,0,2407 3600,0,2415 3599,0,2422 3598,0,2428 3598,0,2435 3597,0,2442 3596,0,2448 3594,0,2454 3593,0,2460 3592,0,2466 3590,0,2472 3589,0,2477 3587,0,2482 3586,0,2488 3584,0,2493 3582,0,2497 3580,0,2502 3579,0,2507 3577,0,2511 3575,0,2516 3573,0,2520 3571,0,2524 3569,0,2528 3567,0,2532 3565,0,2536 3564,0,2539 3562,0,2543 3560,0,2547 3558,0,2550 3556,0,2553 3554,0,2557 3552,0,2560 3550,0,2563 3549,0,2566 3547,0,2569 3545,0,2572 3543,0,2575 3541,0,2578 3540,0,2580 3538,0,2583 3536,0,2586 3534,0,2588 3533,0,2591 3531,0,2593 3529,0,2596 3528,0,2598 3526,0,2601 3525,0,2603 3523,0,2605 3521,0,2607 3520,0,2609 3518,0,2611 3517,0,2614 3516,0,2615 3514,0,2617 3513,0,2619 3512,0,2621 3510,0,2623 3509,0,2625 3508,0,2626 3507,0,2628 3506,0,2630 3505,0,2631 3504,0,2633 3503,0,2634 3502,0,2635 3501,0,2637 3500,0,2638 3499,0,2639 3499,0,2640 3498,0,2641 3497,0,2642 3497,0,2643 3496,0,2644 3496,0,2644 3495,0,2645 3495,0,2645 3495,0,2646 3495,0,2646 3495,0,2646 3495,0,2646 3495,0,2646 3495,0,2646 3495,0,2646 3495,0,2645 3495,0,2645 3496,0,2644 3496,0,2643 3497,0,2642 3497,0,2641 3498,0,2639 3499,0,2637 3499,0,2635 3500,0,2633 3501,0,2631 3502,0,2628 3503,0,2625 3503,0,2622 3504,0,2618 3505,0,2614 3506,0,2610 3506,0,2605 3507,0,2600 3507,0,2595 3508,0,2589 3508,0,2583 3507,0,2576 3507,0,2570 3506,0,2563 3505,0,2556 3503,0,2548 3501,0,2541 3499,0,2533 3497,0,2526 3493,0,2518 3490,0,2511 3486,0,2503 3482,0,2496 3478,0,2490 3473,0,2483 3468,0,2477 3464,0,2471 3459,0,2466 3454,0,2461 3449,0,2457 3444,0,2453 3439,0,2449 3435,0,2446 3430,0,2443 3426,0,2441
mouvement 4a772fed8c8aaeab952d011659612ea7 [centre] 3703,0,3527 3703,0,3528 3702,0,3530 3702,0,3532 3702,0,3533 3702,0,3535 3702,0,3536 3702,0,3538 3702,0,3539 3702,0,3541 3702,0,3542 3702,0,3543 3703,0,3545 3703,0,3546 3703,0,3547 3704,0,3548 3704,0,3549 3705,0,3551 3705,0,3552 3706,0,3553 3707,0,3554 3708,0,3555 3708,0,3556 3709,0,3557 3710,0,3558 3711,0,3559 3712,0,3560 3713,0,3561 3714,0,3562 3715,0,3562 3716,0,3563 3718,0,3564 3719,0,3565 3720,0,3566 3722,0,3566 3723,0,3567 3724,0,3568 3726,0,3569 3727,0,3569 3729,0,3570 3730,0,3571 3732,0,3571 3734,0,3572 3735,0,3572 3737,0,3573 3739,0,3574 3740,0,3574 3742,0,3575 3744,0,3575 3746,0,3576 3748,0,3576 3750,0,3577 3751,0,3577 3753,0,3578 3755,0,3578 3757,0,3579 3759,0,3579 3761,0,3580 3763,0,3580 3765,0,3580 3768,0,3581 3770,0,3581 3772,0,3582 3774,0,3582 3776,0,3583 3778,0,3583 3780,0,3583 3782,0,3584 3785,0,3584 3787,0,3584 3789,0,3585 3791,0,3585 3793,0,3586 3796,0,3586 3798,0,3586 3800,0,3587 3802,0,3587 3805,0,3588 3807,0,3588 3809,0,3588 3811,0,3589 3814,0,3589 3816,0,3590 3818,0,3590 3820,0,3590 3823,0,3591 3825,0,3591 3827,0,3592 3829,0,3592 3832,0,3593 3834,0,3593 3836,0,3594 3838,0,3594 3840,0,3594 3843,0,3595 3845,0,3595 3847,0,3596 3849,0,3597 3851,0,3597 3853,0,3598 3855,0,3598 3857,0,3599 3860,0,3599 3862,0,3600 3864,0,3601 3866,0,3601 3868,0,3602 3870,0,3603 3872,0,3603 3873,0,3604 3875,0,3605 3877,0,3606 3879,0,3606 3881,0,3607 3883,0,3608 3884,0,3609 3886,0,3610 3888,0,3611 3890,0,3611 3891,0,3612 3893,0,3613 3894,0,3614 3896,0,3615 3898,0,3616 3899,0,3617 3900,0,3618 3902,0,3620 3903,0,3621 3905,0,3622 3906,0,3623 3907,0,3624
mouvement 4a772fed8c8aaeab952d011659612ea7 [bord gauche] 3510,0,3477 3508,0,3485 3506,0,3493 3504,0,3502 3503,0,3511 3502,0,3520 3502,0,3530 3502,0,3539 3502,0,3550 3503,0,3560 3504,0,3570 3506,0,3581 3508,0,3591 3511,0,3601 3514,0,3612 3518,0,3622 3522,0,3632 3527,0,3641 3532,0,3651 3537,0,3659 3542,0,3668 3548,0,3676 3554,0,3683 3560,0,3690 3566,0,3697 3573,0,3703 3579,0,3709 3585,0,3714 3591,0,3719 3597,0,3724 3603,0,3728 3609,0,3732 3614,0,3735 3620,0,3739 3625,0,3742 3631,0,3745 3636,0,3747 3641,0,3750 3646,0,3752 3650,0,3754 3655,0,3756 3660,0,3758 3664,0,3759 3668,0,3761 3672,0,3762 3676,0,3764 3680,0,3765 3684,0,3766 3688,0,3767 3692,0,3768 3695,0,3769 3699,0,3770 3702,0,3771 3706,0,3772 3709,0,3773 3712,0,3774 3716,0,3774 3719,0,3775 3722,0,3776 3725,0,3776 3728,0,3777 3731,0,3777 3734,0,3778 3736,0,3779 3739,0,3779 3742,0,3780 3745,0,3780 3747,0,3781 3750,0,3781 3752,0,3781 3755,0,3782 3757,0,3782 3759,0,3783 3762,0,3783 3764,0,3783 3766,0,3784 3768,0,3784 3770,0,3785 3772,0,3785 3774,0,3785 3776,0,3786 3778,0,3786 3780,0,3786 3782,0,3787 3784,0,3787 3785,0,3787 3787,0,3788 3788,0,3788 3790,0,3788 3791,0,3788 3793,0,3789 3794,0,3789 3795,0,3789 3796,0,3790 3797,0,3790 3798,0,3790 3799,0,3790 3800,0,3790 3801,0,3791 3801,0,3791 3802,0,3791 3802,0,3791 3803,0,3791 3803,0,3791 3803,0,3791 3803,0,3791 3803,0,3791 3803,0,3791 3803,0,3791 3802,0,3791 3802,0,3791 3801,0,3791 3800,0,3790 3800,0,3790 3798,0,3789 3797,0,3789 3796,0,3788 3795,0,3787 3793,0,3787 3792,0,3786 3790,0,3785 3788,0,3783 3786,0,3782 3784,0,3781 3781,0,3779 3779,0,3777 3776,0,3775 3774,0,3773 3771,0,3771 3768,0,3768 3766,0,3766
mouvement 4a772fed8c8aaeab952d011659612ea7 [bord droit] 3897,0,3577 3898,0,3572 3899,0,3567 3900,0,3562 3901,0,3556 3901,0,3549 3902,0,3543 3902,0,3536 3902,0,3529 3901,0,3521 3900,0,3514 3899,0,3506 3897,0,3498 3895,0,3490 3893,0,3482 3890,0,3475 3887,0,3467 3883,0,3460 3879,0,3453 3875,0,3446 3871,0,3440 3867,0,3434 3863,0,3429 3858,0,3424 3854,0,3419 3850,0,3415 3845,0,3411 3841,0,3407 3837,0,3404 3834,0,3401 3830,0,3399 3827,0,3396 3824,0,3394 3821,0,3393 3818,0,3391 3815,0,3390 3813,0,3389 3811,0,3388 3809,0,3387 3807,0,3386 3806,0,3385 3805,0,3385 3803,0,3384 3802,0,3384 3802,0,3384 3801,0,3384 3800,0,3383 3800,0,3383 3800,0,3383 3800,0,3383 3800,0,3383 3800,0,3383 3801,0,3383 3801,0,3383 3802,0,3384 3802,0,3384 3803,0,3384 3804,0,3384 3805,0,3384 3806,0,3385 3807,0,3385 3808,0,3385 3810,0,3385 3811,0,3386 3813,0,3386 3814,0,3386 3816,0,3387 3818,0,3387 3820,0,3387 3821,0,3387 3823,0,3388 3825,0,3388 3828,0,3389 3830,0,3389 3832,0,3389 3834,0,3390 3837,0,3390 3839,0,3391 3841,0,3391 3844,0,3391 3846,0,3392 3849,0,3392 3852,0,3393 3854,0,3393 3857,0,3394 3860,0,3394 3863,0,3395 3866,0,3395 3869,0,3396 3872,0,3397 3875,0,3397 3878,0,3398 3881,0,3399 3885,0,3399 3888,0,3400 3891,0,3401 3895,0,3402 3898,0,3403 3902,0,3404 3905,0,3405 3909,0,3406 3913,0,3407 3916,0,3408 3920,0,3409 3924,0,3410 3928,0,3411 3932,0,3413 3936,0,3414 3940,0,3416 3945,0,3417 3949,0,3419 3953,0,3421 3958,0,3423 3962,0,3424 3967,0,3427 3972,0,3429 3976,0,3431 3981,0,3434 3986,0,3436 3991,0,3439 3996,0,3442 4001,0,3445 4006,0,3448 4011,0,3452 4017,0,3456 4022,0,3460 4027,0,3464 4033,0,3468 4038,0,3473 4043,0,3478 4049,0,3483
mouvement 47c7c84e9d1de0910268c837613d11b7 [centre] 3703,0,3527 3702,0,3531 3701,0,3535 3700,0,3539 3698,0,3543 3697,0,3546 3696,0,3550 3694,0,3554 3692,0,3558 3691,0,3562 3689,0,3566 3687,0,3570 3685,0,3573 3683,0,3577 3681,0,3581 3679,0,3584 3676,0,3588 3674,0,3592 3672,0,3595 3669,0,3599 3667,0,3603 3664,0,3606 3662,0,3609 3659,0,3613 3656,0,3616 3654,0,3620 3651,0,3623 3648,0,3626 3645,0,3629 3642,0,3633 3639,0,3636 3636,0,3639 3633,0,3642 3630,0,3645 3626,0,3648 3623,0,3651 3620,0,3654 3616,0,3656 3613,0,3659 3609,0,3662 3606,0,3664 3603,0,3667 3599,0,3669 3595,0,3672 3592,0,3674 3588,0,3676 3584,0,3679 3581,0,3681 3577,0,3683 3573,0,3685 3570,0,3687 3566,0,3689 3562,0,3691 3558,0,3692 3554,0,3694 3550,0,3696 3546,0,3697 3543,0,3698 3539,0,3700 3535,0,3701 3531,0,3702 3527,0,3703
mouvement 47c7c84e9d1de0910268c837613d11b7 [bord gauche] 3510,0,3477 3510,0,3477 3510,0,3477 3510,0,3477 3510,0,3477 3509,0,3477 3509,0,3477 3509,0,3478 3509,0,3478 3509,0,3478 3509,0,3479 3508,0,3479 3508,0,3480 3508,0,3481 3507,0,3481 3507,0,3482 3506,0,3483 3506,0,3484 3505,0,3485 3505,0,3485 3504,0,3486 3503,0,3487 3503,0,3488 3502,0,3489 3501,0,3490 3501,0,3491 3500,0,3492 3499,0,3493 3498,0,3494 3497,0,3495 3496,0,3496 3496,0,3496 3495,0,3497 3494,0,3498 3493,0,3499 3492,0,3500 3491,0,3501 3490,0,3501 3489,0,3502 3488,0,3503 3487,0,3503 3486,0,3504 3485,0,3505 3485,0,3505 3484,0,3506 3483,0,3506 3482,0,3507 3481,0,3507 3481,0,3508 3480,0,3508 3479,0,3508 3479,0,3509 3478,0,3509 3478,0,3509 3478,0,3509 3477,0,3509 3477,0,3509 3477,0,3510 3477,0,3510 3477,0,3510 3477,0,3510 3477,0,3510
mouvement 47c7c84e9d1de0910268c837613d11b7 [bord droit] 3897,0,3577 3895,0,3585 3892,0,3593 3890,0,3601 3887,0,3608 3885,0,3616 3882,0,3623 3879,0,3631 3876,0,3638 3872,0,3645 3869,0,3653 3866,0,3660 3862,0,3666 3858,0,3673 3854,0,3680 3851,0,3687 3847,0,3693 3843,0,3700 3838,0,3706 3834,0,3712 3830,0,3719 3825,0,3725 3821,0,3731 3816,0,3737 3811,0,3743 3807,0,3748 3802,0,3754 3797,0,3760 3792,0,3765 3787,0,3771 3781,0,3776 3776,0,3781 3771,0,3787 3765,0,3792 3760,0,3797 3754,0,3802 3748,0,3807 3743,0,3811 3737,0,3816 3731,0,3821 3725,0,3825 3719,0,3830 3712,0,3834 3706,0,3838 3700,0,3843 3693,0,3847 3687,0,3851 3680,0,3854 3673,0,3858 3666,0,3862 3660,0,3866 3653,0,3869 3645,0,3872 3638,0,3876 3631,0,3879 3623,0,3882 3616,0,3885 3608,0,3887 3601,0,3890 3593,0,3892 3585,0,3895 3577,0,3897
mouvement 401b55e11b401435eb1bdd8dde7caa94 [centre] 2613,0,3325 2612,0,3323 2611,0,3322 2610,0,3321 2609,0,3319 2608,0,3318 2607,0,3317 2606,0,3316 2605,0,3315 2604,0,3314 2603,0,3313 2602,0,3312 2601,0,3312 2600,0,3311 2599,0,3310 2598,0,3310 2596,0,3309 2595,0,3309 2594,0,3309 2593,0,3308 2591,0,3308 2590,0,3308 2589,0,3308 2588,0,3308 2586,0,3308 2585,0,3308 2583,0,3308 2582,0,3308 2581,0,3308 2579,0,3308 2578,0,3308 2576,0,3309 2575,0,3309 2574,0,3309 2572,0,3310 2571,0,3310 2569,0,3311 2568,0,3311 2566,0,3312 2564,0,3312 2563,0,3313 2561,0,3314 2560,0,3314 2558,0,3315 2557,0,3316 2555,0,3317 2553,0,3318 2552,0,3318 2550,0,3319 2548,0,3320 2547,0,3321 2545,0,3322 2543,0,3323 2542,0,3324 2540,0,3325 2538,0,3326 2536,0,3327 2535,0,3329 2533,0,3330 2531,0,3331 2529,0,3332 2528,0,3333 2526,0,3334 2524,0,3336 2522,0,3337 2520,0,3338 2519,0,3339 2517,0,3341 2515,0,3342 2513,0,3343 2511,0,3344 2510,0,3346 2508,0,3347 2506,0,3348 2504,0,3350 2502,0,3351 2500,0,3352 2498,0,3354 2497,0,3355 2495,0,3356 2493,0,3357 2491,0,3359 2489,0,3360 2487,0,3361 2485,0,3363 2483,0,3364 2481,0,3365 2480,0,3366 2478,0,3368 2476,0,3369 2474,0,3370 2472,0,3371 2470,0,3373 2468,0,3374 2466,0,3375 2464,0,3376 2463,0,3377 2461,0,3379 2459,0,3380 2457,0,3381 2455,0,3382 2453,0,3383 2451,0,3384 2449,0,3385 2447,0,3386 2446,0,3387 2444,0,3388 2442,0,3389 2440,0,3390 2438,0,3390 2436,0,3391 2434,0,3392 2432,0,3393 2431,0,3394 2429,0,3394 2427,0,3395 2425,0,3396 2423,0,3396 2421,0,3397 2420,0,3397 2418,0,3398 2416,0,3398 2414,0,3398 2412,0,3399 2411,0,3399 2409,0,3399 2407,0,3400 2405,0,3400 2403,0,3400 2402,0,3400 2400,0,3400
mouvement 401b55e11b401435eb1bdd8dde7caa94 [bord gauche] 2785,0,3223 2781,0,3216 2776,0,3209 2771,0,3202 2766,0,3195 2760,0,3187 2753,0,3180 2747,0,3173 2739,0,3166 2732,0,3160 2723,0,3153 2715,0,3147 2706,0,3141 2696,0,3136 2687,0,3131 2677,0,3126 2667,0,3122 2657,0,3119 2647,0,3116 2637,0,3113 2627,0,3111 2617,0,3110 2608,0,3109 2599,0,3108 2590,0,3108 2581,0,3108 2572,0,3108 2564,0,3109 2557,0,3109 2549,0,3110 2542,0,3112 2535,0,3113 2528,0,3114 2522,0,3116 2516,0,3118 2511,0,3119 2505,0,3121 2500,0,3123 2495,0,3125 2490,0,3127 2485,0,3129 2481,0,3131 2476,0,3133 2472,0,3134 2468,0,3136 2465,0,3138 2461,0,3140 2457,0,3142 2454,0,3144 2450,0,3146 2447,0,3148 2444,0,3150 2441,0,3151 2438,0,3153 2435,0,3155 2432,0,3157 2429,0,3159 2427,0,3160 2424,0,3162 2421,0,3164 2419,0,3165 2416,0,3167 2414,0,3169 2412,0,3170 2409,0,3172 2407,0,3173 2405,0,3175 2403,0,3176 2400,0,3178 2398,0,3179 2396,0,3181 2394,0,3182 2392,0,3183 2391,0,3185 2389,0,3186 2387,0,3187 2385,0,3189 2383,0,3190 2382,0,3191 2380,0,3192 2378,0,3193 2377,0,3195 2375,0,3196 2374,0,3197 2372,0,3198 2371,0,3199 2370,0,3199 2368,0,3200 2367,0,3201 2366,0,3202 2365,0,3203 2364,0,3203 2363,0,3204 2362,0,3205 2361,0,3205 2360,0,3206 2359,0,3206 2358,0,3207 2358,0,3207 2357,0,3207 2357,0,3208 2356,0,3208 2356,0,3208 2356,0,3208 2355,0,3208 2355,0,3208 2355,0,3208 2356,0,3208 2356,0,3208 2356,0,3208 2357,0,3208 2357,0,3207 2358,0,3207 2359,0,3207 2360,0,3206 2361,0,3206 2363,0,3206 2364,0,3205 2366,0,3205 2368,0,3204 2370,0,3204 2372,0,3203 2374,0,3203 2377,0,3202 2379,0,3202 2382,0,3201 2386,0,3201 2389,0,3200 2392,0,3200 2396,0,3200 2400,0,3200
mouvement 401b55e11b401435eb1bdd8dde7caa94 [bord droit] 2441,0,3426 2443,0,3430 2446,0,3435 2449,0,3439 2453,0,3444 2457,0,3449 2461,0,3454 2466,0,3459 2471,0,3464 2477,0,3468 2483,0,3473 2490,0,3478 2496,0,3482 2503,0,3486 2511,0,3490 2518,0,3493 2526,0,3497 2533,0,3499 2541,0,3501 2548,0,3503 2556,0,3505 2563,0,3506 2570,0,3507 2576,0,3507 2583,0,3508 2589,0,3508 2595,0,3507 2600,0,3507 2605,0,3506 2610,0,3506 2614,0,3505 2618,0,3504 2622,0,3503 2625,0,3503 2628,0,3502 2631,0,3501 2633,0,3500 2635,0,3499 2637,0,3499 2639,0,3498 2641,0,3497 2642,0,3497 2643,0,3496 2644,0,3496 2645,0,3495 2645,0,3495 2646,0,3495 2646,0,3495 2646,0,3495 2646,0,3495 2646,0,3495 2646,0,3495 2646,0,3495 2645,0,3495 2645,0,3496 2644,0,3496 2644,0,3496 2643,0,3497 2642,0,3497 2641,0,3498 2640,0,3499 2639,0,3499 2638,0,3500 2637,0,3501 2635,0,3502 2634,0,3503 2633,0,3504 2631,0,3505 2630,0,3506 2628,0,3507 2626,0,3508 2625,0,3509 2623,0,3510 2621,0,3512 2619,0,3513 2617,0,3514 2615,0,3516 2614,0,3517 2611,0,3519 2609,0,3520 2607,0,3521 2605,0,3523 2603,0,3525 2601,0,3526 2598,0,3528 2596,0,3529 2593,0,3531 2591,0,3533 2588,0,3534 2586,0,3536 2583,0,3538 2580,0,3540 2578,0,3541 2575,0,3543 2572,0,3545 2569,0,3547 2566,0,3549 2563,0,3550 2560,0,3552 2557,0,3554 2553,0,3556 2550,0,3558 2547,0,3560 2543,0,3562 2539,0,3564 2536,0,3565 2532,0,3567 2528,0,3569 2524,0,3571 2520,0,3573 2516,0,3575 2511,0,3577 2507,0,3579 2502,0,3580 2497,0,3582 2493,0,3584 2488,0,3586 2482,0,3587 2477,0,3589 2472,0,3590 2466,0,3592 2460,0,3593 2454,0,3594 2448,0,3596 2442,0,3597 2435,0,3598 2428,0,3598 2422,0,3599 2415,0,3600 2407,0,3600 2400,0,3600
mouvement 41275077956795084d45b347a670eba1 [centre] 2613,0,3325 2611,0,3321 2609,0,3317 2607,0,3314 2605,0,3310 2603,0,3306 2602,0,3302 2600,0,3298 2599,0,3294 2597,0,3290 2596,0,3286 2594,0,3282 2593,0,3278 2592,0,3274 2591,0,3270 2590,0,3266 2589,0,3262 2588,0,3257 2587,0,3253 2586,0,3249 2586,0,3244 2585,0,3240 2584,0,3236 2584,0,3231 2583,0,3227 2583,0,3223 2583,0,3218 2583,0,3214 2582,0,3209 2582,0,3205 2582,0,3201 2582,0,3196 2583,0,3192 2583,0,3187 2583,0,3183 2583,0,3178 2584,0,3174 2584,0,3170 2585,0,3165 2585,0,3161 2586,0,3156 2587,0,3152 2588,0,3148 2589,0,3144 2589,0,3139 2590,0,3135 2591,0,3131 2593,0,3127 2594,0,3122 2595,0,3118 2596,0,3114 2598,0,3110 2599,0,3106 2601,0,3102 2602,0,3098 2604,0,3094 2606,0,3090 2607,0,3086 2609,0,3083 2611,0,3079 2613,0,3075
mouvement 41275077956795084d45b347a670eba1 [bord gauche] 2785,0,3223 2786,0,3223 2786,0,3224 2786,0,3224 2786,0,3224 2786,0,3224 2786,0,3223 2785,0,3223 2785,0,3223 2785,0,3223 2785,0,3222 2785,0,3222 2785,0,3221 2785,0,3220 2784,0,3220 2784,0,3219 2784,0,3218 2784,0,3217 2784,0,3216 2783,0,3215 2783,0,3214 2783,0,3213 2783,0,3212 2783,0,3211 2783,0,3210 2783,0,3208 2783,0,3207 2782,0,3206 2782,0,3205 2782,0,3203 2782,0,3202 2782,0,3201 2782,0,3199 2783,0,3198 2783,0,3197 2783,0,3195 2783,0,3194 2783,0,3192 2783,0,3191 2783,0,3190 2784,0,3188 2784,0,3187 2784,0,3186 2784,0,3185 2784,0,3183 2785,0,3182 2785,0,3181 2785,0,3180 2786,0,3179 2786,0,3178 2786,0,3177 2787,0,3176 2787,0,3175 2787,0,3174 2787,0,3174 2788,0,3173 2788,0,3172 2788,0,3172 2788,0,3171 2789,0,3171 2789,0,3171
mouvement 41275077956795084d45b347a670eba1 [bord droit] 2441,0,3426 2437,0,3419 2432,0,3411 2429,0,3404 2425,0,3396 2421,0,3389 2418,0,3381 2415,0,3374 2412,0,3366 2409,0,3358 2406,0,3351 2404,0,3343 2401,0,3336 2399,0,3328 2397,0,3320 2395,0,3313 2394,0,3305 2392,0,3298 2390,0,3290 2389,0,3282 2388,0,3275 2387,0,3267 2386,0,3260 2385,0,3252 2384,0,3244 2384,0,3237 2383,0,3229 2383,0,3222 2383,0,3214 2382,0,3207 2382,0,3199 2383,0,3192 2383,0,3184 2383,0,3177 2384,0,3169 2384,0,3162 2385,0,3154 2386,0,3147 2386,0,3139 2388,0,3132 2389,0,3125 2390,0,3117 2391,0,3110 2393,0,3102 2394,0,3095 2396,0,3088 2398,0,3080 2400,0,3073 2402,0,3066 2404,0,3059 2407,0,3051 2409,0,3044 2412,0,3037 2414,0,3030 2417,0,3022 2420,0,3015 2423,0,3008 2427,0,3001 2430,0,2994 2434,0,2987 2437,0,2980
mouvement 4b517add680eba2b77f4e15e9033e180 [centre] 3075,0,2613 3077,0,2612 3078,0,2611 3079,0,2611 3081,0,2610 3082,0,2609 3083,0,2608 3084,0,2607 3085,0,2606 3086,0,2605 3087,0,2604 3088,0,2603 3088,0,2602 3089,0,2601 3090,0,2600 3090,0,2598 3091,0,2597 3091,0,2596 3092,0,2595 3092,0,2594 3092,0,2593 3092,0,2591 3093,0,2590 3093,0,2589 3093,0,2588 3093,0,2586 3093,0,2585 3093,0,2584 3093,0,2582 3093,0,2581 3092,0,2579 3092,0,2578 3092,0,2577 3091,0,2575 3091,0,2574 3091,0,2572 3090,0,2571 3090,0,2569 3089,0,2568 3089,0,2566 3088,0,2565 3087,0,2563 3087,0,2562 3086,0,2560 3085,0,2559 3084,0,2557 3084,0,2555 3083,0,2554 3082,0,2552 3081,0,2551 3080,0,2549 3079,0,2547 3078,0,2546 3077,0,2544 3076,0,2542 3075,0,2541 3074,0,2539 3073,0,2537 3072,0,2535 3071,0,2534 3070,0,2532 3068,0,2530 3067,0,2528 3066,0,2527 3065,0,2525 3064,0,2523 3062,0,2521 3061,0,2520 3060,0,2518 3059,0,2516 3057,0,2514 3056,0,2512 3055,0,2510 3054,0,2509 3052,0,2507 3051,0,2505 3050,0,2503 3048,0,2501 3047,0,2499 3046,0,2498 3045,0,2496 3043,0,2494 3042,0,2492 3041,0,2490 3039,0,2488 3038,0,2486 3037,0,2485 3035,0,2483 3034,0,2481 3033,0,2479 3032,0,2477 3030,0,2475 3029,0,2473 3028,0,2471 3027,0,2469 3026,0,2468 3024,0,2466 3023,0,2464 3022,0,2462 3021,0,2460 3020,0,2458 3019,0,2456 3018,0,2454 3017,0,2453 3016,0,2451 3015,0,2449 3014,0,2447 3013,0,2445 3012,0,2443 3011,0,2441 3010,0,2439 3009,0,2438 3009,0,2436 3008,0,2434 3007,0,2432 3006,0,2430 3006,0,2428 3005,0,2427 3004,0,2425 3004,0,2423 3003,0,2421 3003,0,2419 3002,0,2418 3002,0,2416 3001,0,2414 3001,0,2412 3001,0,2410 3001,0,2409 3000,0,2407 3000,0,2405 3000,0,2403 3000,0,2402 3000,0,2400
mouvement 4b517add680eba2b77f4e15e9033e180 [bord gauche] 3171,0,2789 3178,0,2785 3185,0,2780 3192,0,2776 3200,0,2771 3207,0,2765 3214,0,2759 3221,0,2752 3229,0,2745 3236,0,2738 3242,0,2730 3249,0,2721 3255,0,2712 3261,0,2703 3266,0,2694 3271,0,2684 3276,0,2674 3279,0,2664 3283,0,2654 3286,0,2644 3288,0,2634 3290,0,2624 3291,0,2614 3292,0,2605 3293,0,2595 3293,0,2587 3293,0,2578 3292,0,2570 3292,0,2562 3291,0,2554 3290,0,2547 3288,0,2540 3287,0,2533 3285,0,2527 3284,0,2521 3282,0,2515 3280,0,2509 3279,0,2504 3277,0,2499 3275,0,2494 3273,0,2489 3271,0,2485 3269,0,2480 3267,0,2476 3265,0,2472 3264,0,2468 3262,0,2464 3260,0,2461 3258,0,2457 3256,0,2454 3254,0,2451 3252,0,2447 3251,0,2444 3249,0,2441 3247,0,2438 3245,0,2435 3244,0,2433 3242,0,2430 3240,0,2427 3238,0,2425 3237,0,2422 3235,0,2420 3233,0,2417 3232,0,2415 3230,0,2412 3229,0,2410 3227,0,2408 3226,0,2406 3224,0,2404 3223,0,2402 3221,0,2399 3220,0,2397 3219,0,2395 3217,0,2394 3216,0,2392 3215,0,2390 3213,0,2388 3212,0,2386 3211,0,2384 3210,0,2383 3208,0,2381 3207,0,2379 3206,0,2378 3205,0,2376 3204,0,2375 3203,0,2373 3202,0,2372 3201,0,2371 3200,0,2369 3199,0,2368 3199,0,2367 3198,0,2366 3197,0,2365 3196,0,2363 3196,0,2362 3195,0,2362 3195,0,2361 3194,0,2360 3194,0,2359 3193,0,2358 3193,0,2358 3193,0,2357 3192,0,2357 3192,0,2356 3192,0,2356 3192,0,2356 3192,0,2356 3192,0,2356 3192,0,2356 3192,0,2356 3192,0,2356 3192,0,2356 3192,0,2357 3193,0,2358 3193,0,2358 3193,0,2359 3194,0,2360 3194,0,2361 3194,0,2363 3195,0,2364 3195,0,2366 3196,0,2368 3196,0,2370 3197,0,2372 3197,0,2374 3198,0,2377 3198,0,2380 3199,0,2382 3199,0,2386 3200,0,2389 3200,0,2392 3200,0,2396 3200,0,2400
mouvement 4b517add680eba2b77f4e15e9033e180 [bord droit] 2980,0,2437 2976,0,2440 2971,0,2442 2967,0,2445 2962,0,2449 2957,0,2453 2952,0,2457 2947,0,2461 2942,0,2467 2936,0,2472 2931,0,2478 2927,0,2484 2922,0,2491 2917,0,2498 2913,0,2505 2909,0,2513 2906,0,2521 2903,0,2528 2900,0,2536 2898,0,2544 2897,0,2551 2895,0,2559 2894,0,2566 2893,0,2573 2893,0,2580 2893,0,2586 2893,0,2592 2893,0,2598 2894,0,2603 2894,0,2608 2895,0,2612 2896,0,2616 2897,0,2620 2897,0,2624 2898,0,2627 2899,0,2630 2900,0,2633 2901,0,2635 2901,0,2637 2902,0,2639 2903,0,2641 2903,0,2642 2904,0,2643 2904,0,2644 2905,0,2645 2905,0,2646 2906,0,2646 2906,0,2647 2906,0,2647 2906,0,2647 2906,0,2647 2906,0,2647 2906,0,2647 2906,0,2647 2905,0,2646 2905,0,2646 2905,0,2645 2904,0,2644 2904,0,2644 2903,0,2643 2902,0,2642 2902,0,2641 2901,0,2640 2900,0,2639 2899,0,2637 2899,0,2636 2898,0,2635 2897,0,2633 2896,0,2632 2895,0,2630 2894,0,2629 2892,0,2627 2891,0,2625 2890,0,2624 2889,0,2622 2888,0,2620 2886,0,2618 2885,0,2616 2883,0,2614 2882,0,2612 2881,0,2610 2879,0,2608 2878,0,2606 2876,0,2604 2875,0,2602 2873,0,2599 2871,0,2597 2870,0,2595 2868,0,2592 2866,0,2590 2865,0,2587 2863,0,2585 2861,0,2582 2860,0,2579 2858,0,2576 2856,0,2574 2854,0,2571 2852,0,2568 2851,0,2565 2849,0,2562 2847,0,2559 2845,0,2555 2843,0,2552 2841,0,2549 2840,0,2545 2838,0,2542 2836,0,2538 2834,0,2535 2832,0,2531 2830,0,2527 2828,0,2523 2827,0,2519 2825,0,2515 2823,0,2510 2821,0,2506 2819,0,2501 2818,0,2497 2816,0,2492 2814,0,2487 2813,0,2482 2811,0,2476 2810,0,2471 2808,0,2465 2807,0,2460 2805,0,2454 2804,0,2448 2803,0,2441 2802,0,2435 2802,0,2428 2801,0,2421 2800,0,2414 2800,0,2407 2800,0,2400
mouvement 47503370c9eef190188a0ab64232d285 [centre] 3075,0,2613 3079,0,2611 3083,0,2609 3086,0,2607 3090,0,2606 3094,0,2604 3098,0,2602 3102,0,2601 3106,0,2599 3110,0,2598 3114,0,2596 3118,0,2595 3122,0,2594 3127,0,2593 3131,0,2591 3135,0,2590 3139,0,2589 3144,0,2589 3148,0,2588 3152,0,2587 3156,0,2586 3161,0,2585 3165,0,2585 3170,0,2584 3174,0,2584 3178,0,2583 3183,0,2583 3187,0,2583 3192,0,2583 3196,0,2582 3201,0,2582 3205,0,2582 3209,0,2582 3214,0,2583 3218,0,2583 3223,0,2583 3227,0,2583 3231,0,2584 3236,0,2584 3240,0,2585 3244,0,2586 3249,0,2586 3253,0,2587 3257,0,2588 3262,0,2589 3266,0,2590 3270,0,2591 3274,0,2592 3278,0,2593 3282,0,2594 3286,0,2596 3290,0,2597 3294,0,2599 3298,0,2600 3302,0,2602 3306,0,2603 3310,0,2605 3314,0,2607 3317,0,2609 3321,0,2611 3325,0,2613
mouvement 47503370c9eef190188a0ab64232d285 [bord gauche] 3171,0,2789 3171,0,2789 3171,0,2788 3172,0,2788 3172,0,2788 3173,0,2788 3174,0,2787 3174,0,2787 3175,0,2787 3176,0,2787 3177,0,2786 3178,0,2786 3179,0,2786 3180,0,2785 3181,0,2785 3182,0,2785 3183,0,2784 3185,0,2784 3186,0,2784 3187,0,2784 3188,0,2784 3190,0,2783 3191,0,2783 3192,0,2783 3194,0,2783 3195,0,2783 3197,0,2783 3198,0,2783 3199,0,2782 3201,0,2782 3202,0,2782 3203,0,2782 3205,0,2782 3206,0,2782 3207,0,2783 3208,0,2783 3210,0,2783 3211,0,2783 3212,0,2783 3213,0,2783 3214,0,2783 3215,0,2783 3216,0,2784 3217,0,2784 3218,0,2784 3219,0,2784 3220,0,2784 3220,0,2785 3221,0,2785 3222,0,2785 3222,0,2785 3223,0,2785 3223,0,2785 3223,0,2785 3223,0,2786 3224,0,2786 3224,0,2786 3224,0,2786 3224,0,2786 3223,0,2786 3223,0,2785
mouvement 47503370c9eef190188a0ab64232d285 [bord droit] 2980,0,2437 2987,0,2434 2994,0,2430 3001,0,2427 3008,0,2423 3015,0,2420 3022,0,2417 3030,0,2414 3037,0,2412 3044,0,2409 3051,0,2407 3059,0,2404 3066,0,2402 3073,0,2400 3080,0,2398 3088,0,2396 3095,0,2394 3102,0,2393 3110,0,2391 3117,0,2390 3125,0,2389 3132,0,2388 3139,0,2386 3147,0,2386 3154,0,2385 3162,0,2384 3169,0,2384 3177,0,2383 3184,0,2383 3192,0,2383 3199,0,2382 3207,0,2382 3214,0,2383 3222,0,2383 3229,0,2383 3237,0,2384 3244,0,2384 3252,0,2385 3260,0,2386 3267,0,2387 3275,0,2388 3282,0,2389 3290,0,2390 3298,0,2392 3305,0,2394 3313,0,2395 3320,0,2397 3328,0,2399 3336,0,2401 3343,0,2404 3351,0,2406 3358,0,2409 3366,0,2412 3374,0,2415 3381,0,2418 3389,0,2421 3396,0,2425 3404,0,2429 3411,0,2432 3419,0,2437 3426,0,2441
zone 40e3e192ec85c0457be62034d55155a4 [47503370c9eef190188a0ab64232d285 x 4f47e1a8140c798681fef66fa633b3b5] 3238,0,2507 ; 290,128,235
zone 415d14c83ddadbaca56eba4406bcf2b8 [401b55e11b401435eb1bdd8dde7caa94 x 4357c472225591a18683e67ea2dd5f92] 2571,0,3203 ; 170,128,257
zone 41ddaaa21dd44070074b0aa5e4581880 [41275077956795084d45b347a670eba1 x 4357c472225591a18683e67ea2dd5f92] 2507,0,3162 ; 235,128,290
zone 44434fa7a74b378cd42ed08c42fe8692 [4439e11d9c47c1d09aad97b8f5dd1cbe x 4a772fed8c8aaeab952d011659612ea7] 3647,0,3641 ; 248,128,243
zone 49b398688f7efc5feae64cccd10773ac [4b517add680eba2b77f4e15e9033e180 x 4f47e1a8140c798681fef66fa633b3b5] 3197,0,2572 ; 257,128,170
zone 4ef00a041311cff1569a33b5a476aa88 [4439e11d9c47c1d09aad97b8f5dd1cbe x 47c7c84e9d1de0910268c837613d11b7] 3615,0,3717 ; 216,128,318
controle 4258e4997d604bdaddd64f90730258ae [Uncontrolled, approche 4ae5e1290d8b815bcb8f509e915fef89, 1 mouvements] 3400,0,2400
controle 43fe03f1814155e96d6d1d49b9f2ffa4 [Uncontrolled, approche 455e4360eac83d9900ad7ea698758890, 1 mouvements] 2400,0,3000
controle 469dd39290081f19c5f45716e14fa988 [Uncontrolled, approche 4c3fbf9d31b3efe44c908138001098b8, 2 mouvements] 2613,0,3325
controle 4b8f1772f907da8ab8daecc656395b8b [Uncontrolled, approche 4feeebdeeefd1a0f872a7e456b3a5287, 1 mouvements] 3624,0,3907
controle 4df5972c8018084b60d1e41cee091db6 [Uncontrolled, approche 432025ce90895a6728955c79e3edfb9e, 2 mouvements] 3075,0,2613
controle 4e578eb71bb93361716c13717c771faa [Uncontrolled, approche 4e67d7a19f6083c020b14cda38733f93, 2 mouvements] 3703,0,3527

instance GlobalObjectId_V1-2-ee081d5cbff641bb9dd499b4f13a8d62-7654237338994223078-764670077 Roundabout_SouthEast (Roundabout)
corridor 4e878e4befb474cfbdc785346bd6f6a4 [centre] 2613,0,-3325 2700,0,-3500 2747,0,-3584 2775,0,-3621 2806,0,-3653 2883,0,-3708 2971,0,-3752 3065,0,-3783 3158,0,-3799 3203,0,-3798 3249,0,-3792 3341,0,-3766 3527,0,-3703
corridor 4e878e4befb474cfbdc785346bd6f6a4 [bord gauche] 2785,0,-3223 2879,0,-3412 2913,0,-3472 2927,0,-3491 2938,0,-3502 2986,0,-3536 3048,0,-3567 3114,0,-3589 3172,0,-3599 3187,0,-3599 3210,0,-3595 3277,0,-3576 3477,0,-3510
corridor 4e878e4befb474cfbdc785346bd6f6a4 [bord droit] 2441,0,-3426 2521,0,-3589 2581,0,-3695 2622,0,-3750 2675,0,-3804 2780,0,-3879 2895,0,-3937 3017,0,-3977 3144,0,-3998 3220,0,-3998 3288,0,-3988 3406,0,-3955 3577,0,-3897
corridor 41d3971913a0bc729dacb328aaa17495 [centre] 3703,0,-3527 3766,0,-3341 3792,0,-3249 3798,0,-3203 3799,0,-3158 3783,0,-3065 3752,0,-2971 3708,0,-2883 3653,0,-2806 3621,0,-2775 3584,0,-2747 3500,0,-2700 3325,0,-2613
corridor 41d3971913a0bc729dacb328aaa17495 [bord gauche] 3510,0,-3477 3576,0,-3277 3595,0,-3210 3599,0,-3187 3599,0,-3172 3589,0,-3114 3567,0,-3048 3536,0,-2986 3502,0,-2938 3491,0,-2927 3472,0,-2913 3412,0,-2879 3223,0,-2785
corridor 41d3971913a0bc729dacb328aaa17495 [bord droit] 3897,0,-3577 3955,0,-3406 3988,0,-3288 3998,0,-3220 3998,0,-3144 3977,0,-3017 3937,0,-2895 3879,0,-2780 3804,0,-2675 3750,0,-2622 3695,0,-2581 3589,0,-2521 3426,0,-2441
corridor 4b5540b59d5cd5141bb4bb279d10fb96 [centre] 3075,0,-2613 2917,0,-2686 2841,0,-2725 2776,0,-2776 2725,0,-2841 2686,0,-2917 2613,0,-3075
corridor 4b5540b59d5cd5141bb4bb279d10fb96 [bord gauche] 3171,0,-2789 3000,0,-2868 2945,0,-2896 2917,0,-2917 2896,0,-2945 2868,0,-3000 2789,0,-3171
corridor 4b5540b59d5cd5141bb4bb279d10fb96 [bord droit] 2980,0,-2437 2833,0,-2504 2737,0,-2555 2634,0,-2634 2555,0,-2737 2504,0,-2833 2437,0,-2980
frontiere 4933ae7e9cbb42b7278015dfd5e3c3b0 [Roundabout] 3154,0,-3154 ; 954,200,954
mouvement 4469169721b83714f20e63d9fcfff484 [centre] 3000,0,-2400 3000,0,-2402 3000,0,-2403 3000,0,-2405 3000,0,-2407 3001,0,-2409 3001,0,-2410 3001,0,-2412 3001,0,-2414 3002,0,-2416 3002,0,-2418 3003,0,-2419 3003,0,-2421 3004,0,-2423 3004,0,-2425 3005,0,-2427 3006,0,-2428 3006,0,-2430 3007,0,-2432 3008,0,-2434 3009,0,-2436 3009,0,-2438 3010,0,-2439 3011,0,-2441 3012,0,-2443 3013,0,-2445 3014,0,-2447 3015,0,-2449 3016,0,-2451 3017,0,-2453 3018,0,-2454 3019,0,-2456 3020,0,-2458 3021,0,-2460 3022,0,-2462 3023,0,-2464 3024,0,-2466 3026,0,-2468 3027,0,-2469 3028,0,-2471 3029,0,-2473 3030,0,-2475 3032,0,-2477 3033,0,-2479 3034,0,-2481 3035,0,-2483 3037,0,-2485 3038,0,-2486 3039,0,-2488 3041,0,-2490 3042,0,-2492 3043,0,-2494 3045,0,-2496 3046,0,-2498 3047,0,-2499 3048,0,-2501 3050,0,-2503 3051,0,-2505 3052,0,-2507 3054,0,-2509 3055,0,-2510 3056,0,-2512 3057,0,-2514 3059,0,-2516 3060,0,-2518 3061,0,-2520 3062,0,-2521 3064,0,-2523 3065,0,-2525 3066,0,-2527 3067,0,-2528 3068,0,-2530 3070,0,-2532 3071,0,-2534 3072,0,-2535 3073,0,-2537 3074,0,-2539 3075,0,-2541 3076,0,-2542 3077,0,-2544 3078,0,-2546 3079,0,-2547 3080,0,-2549 3081,0,-2551 3082,0,-2552 3083,0,-2554 3084,0,-2555 3084,0,-2557 3085,0,-2559 3086,0,-2560 3087,0,-2562 3087,0,-2563 3088,0,-2565 3089,0,-2566 3089,0,-2568 3090,0,-2569 3090,0,-2571 3091,0,-2572 3091,0,-2574 3091,0,-2575 3092,0,-2577 3092,0,-2578 3092,0,-2579 3093,0,-2581 3093,0,-2582 3093,0,-2584 3093,0,-2585 3093,0,-2586 3093,0,-2588 3093,0,-2589 3093,0,-2590 3092,0,-2591 3092,0,-2593 3092,0,-2594 3092,0,-2595 3091,0,-2596 3091,0,-2597 3090,0,-2598 3090,0,-2600 3089,0,-2601 3088,0,-2602 3088,0,-2603 3087,0,-2604 3086,0,-2605 3085,0,-2606 3084,0,-2607 3083,0,-2608 3082,0,-2609 3081,0,-2610 3079,0,-2611 3078,0,-2611 3077,0,-2612 3075,0,-2613
mouvement 4469169721b83714f20e63d9fcfff484 [bord gauche] 3200,0,-2400 3200,0,-2396 3200,0,-2392 3200,0,-2389 3199,0,-2386 3199,0,-2382 3198,0,-2380 3198,0,-2377 3197,0,-2374 3197,0,-2372 3196,0,-2370 3196,0,-2368 3195,0,-2366 3195,0,-2364 3194,0,-2363 3194,0,-2361 3194,0,-2360 3193,0,-2359 3193,0,-2358 3193,0,-2358 3192,0,-2357 3192,0,-2356 3192,0,-2356 3192,0,-2356 3192,0,-2356 3192,0,-2356 3192,0,-2356 3192,0,-2356 3192,0,-2356 3192,0,-2356 3192,0,-2357 3193,0,-2357 3193,0,-2358 3193,0,-2358 3194,0,-2359 3194,0,-2360 3195,0,-2361 3195,0,-2362 3196,0,-2362 3196,0,-2363 3197,0,-2365 3198,0,-2366 3199,0,-2367 3199,0,-2368 3200,0,-2369 3201,0,-2371 3202,0,-2372 3203,0,-2373 3204,0,-2375 3205,0,-2376 3206,0,-2378 3207,0,-2379 3208,0,-2381 3210,0,-2383 3211,0,-2384 3212,0,-2386 3213,0,-2388 3215,0,-2390 3216,0,-2392 3217,0,-2394 3219,0,-2395 3220,0,-2397 3221,0,-2399 3223,0,-2402 3224,0,-2404 3226,0,-2406 3227,0,-2408 3229,0,-2410 3230,0,-2412 3232,0,-2415 3233,0,-2417 3235,0,-2420 3237,0,-2422 3238,0,-2425 3240,0,-2427 3242,0,-2430 3244,0,-2433 3245,0,-2435 3247,0,-2438 3249,0,-2441 3251,0,-2444 3252,0,-2447 3254,0,-2451 3256,0,-2454 3258,0,-2457 3260,0,-2461 3262,0,-2464 3264,0,-2468 3265,0,-2472 3267,0,-2476 3269,0,-2480 3271,0,-2485 3273,0,-2489 3275,0,-2494 3277,0,-2499 3279,0,-2504 3280,0,-2509 3282,0,-2515 3284,0,-2521 3285,0,-2527 3287,0,-2533 3288,0,-2540 3290,0,-2547 3291,0,-2554 3292,0,-2562 3292,0,-2570 3293,0,-2578 3293,0,-2587 3293,0,-2595 3292,0,-2605 3291,0,-2614 3290,0,-2624 3288,0,-2634 3286,0,-2644 3283,0,-2654 3279,0,-2664 3276,0,-2674 3271,0,-2684 3266,0,-2694 3261,0,-2703 3255,0,-2712 3249,0,-2721 3242,0,-2730 3236,0,-2738 3229,0,-2745 3221,0,-2752 3214,0,-2759 3207,0,-2765 3200,0,-2771 3192,0,-2776 3185,0,-2780 3178,0,-2785 3171,0,-2789
mouvement 4469169721b83714f20e63d9fcfff484 [bord droit] 2800,0,-2400 2800,0,-2407 2800,0,-2414 2801,0,-2421 2802,0,-2428 2802,0,-2435 2803,0,-2441 2804,0,-2448 2805,0,-2454 2807,0,-2460 2808,0,-2465 2810,0,-2471 2811,0,-2476 2813,0,-2482 2814,0,-2487 2816,0,-2492 2818,0,-2497 2819,0,-2501 2821,0,-2506 2823,0,-2510 2825,0,-2515 2827,0,-2519 2828,0,-2523 2830,0,-2527 2832,0,-2531 2834,0,-2535 2836,0,-2538 2838,0,-2542 2840,0,-2545 2841,0,-2549 2843,0,-2552 2845,0,-2555 2847,0,-2559 2849,0,-2562 2851,0,-2565 2852,0,-2568 2854,0,-2571 2856,0,-2574 2858,0,-2576 2860,0,-2579 2861,0,-2582 2863,0,-2585 2865,0,-2587 2866,0,-2590 2868,0,-2592 2870,0,-2595 2871,0,-2597 2873,0,-2599 2875,0,-2602 2876,0,-2604 2878,0,-2606 2879,0,-2608 2881,0,-2610 2882,0,-2612 2883,0,-2614 2885,0,-2616 2886,0,-2618 2888,0,-2620 2889,0,-2622 2890,0,-2624 2891,0,-2625 2892,0,-2627 2894,0,-2629 2895,0,-2630 2896,0,-2632 2897,0,-2633 2898,0,-2635 2899,0,-2636 2899,0,-2637 2900,0,-2639 2901,0,-2640 2902,0,-2641 2902,0,-2642 2903,0,-2643 2904,0,-2644 2904,0,-2644 2905,0,-2645 2905,0,-2646 2905,0,-2646 2906,0,-2647 2906,0,-2647 2906,0,-2647 2906,0,-2647 2906,0,-2647 2906,0,-2647 2906,0,-2647 2906,0,-2646 2905,0,-2646 2905,0,-2645 2904,0,-2644 2904,0,-2643 2903,0,-2642 2903,0,-2641 2902,0,-2639 2901,0,-2637 2901,0,-2635 2900,0,-2633 2899,0,-2630 2898,0,-2627 2897,0,-2624 2897,0,-2620 2896,0,-2616 2895,0,-2612 2894,0,-2608 2894,0,-2603 2893,0,-2598 2893,0,-2592 2893,0,-2586 2893,0,-2580 2893,0,-2573 2894,0,-2566 2895,0,-2559 2897,0,-2551 2898,0,-2544 2900,0,-2536 2903,0,-2528 2906,0,-2521 2909,0,-2513 2913,0,-2505 2917,0,-2498 2922,0,-2491 2927,0,-2484 2931,0,-2478 2936,0,-2472 2942,0,-2467 2947,0,-2461 2952,0,-2457 2957,0,-2453 2962,0,-2449 2967,0,-2445 2971,0,-2442 2976,0,-2440 2980,0,-2437
mouvement 470e78565e75b89add119d1f7bf3d8b3 [centre] 3907,0,-3624 3906,0,-3623 3905,0,-3622 3903,0,-3621 3902,0,-3620 3900,0,-3618 3899,0,-3617 3898,0,-3616 3896,0,-3615 3894,0,-3614 3893,0,-3613 3891,0,-3612 3890,0,-3611 3888,0,-3611 3886,0,-3610 3884,0,-3609 3883,0,-3608 3881,0,-3607 3879,0,-3606 3877,0,-3606 3875,0,-3605 3873,0,-3604 3872,0,-3603 3870,0,-3603 3868,0,-3602 3866,0,-3601 3864,0,-3601 3862,0,-3600 3860,0,-3599 3857,0,-3599 3855,0,-3598 3853,0,-3598 3851,0,-3597 3849,0,-3597 3847,0,-3596 3845,0,-3595 3843,0,-3595 3840,0,-3594 3838,0,-3594 3836,0,-3594 3834,0,-3593 3832,0,-3593 3829,0,-3592 3827,0,-3592 3825,0,-3591 3823,0,-3591 3820,0,-3590 3818,0,-3590 3816,0,-3590 3814,0,-3589 3811,0,-3589 3809,0,-3588 3807,0,-3588 3805,0,-3588 3802,0,-3587 3800,0,-3587 3798,0,-3586 3796,0,-3586 3793,0,-3586 3791,0,-3585 3789,0,-3585 3787,0,-3584 3785,0,-3584 3782,0,-3584 3780,0,-3583 3778,0,-3583 3776,0,-3583 3774,0,-3582 3772,0,-3582 3770,0,-3581 3768,0,-3581 3765,0,-3580 3763,0,-3580 3761,0,-3580 3759,0,-3579 3757,0,-3579 3755,0,-3578 3753,0,-3578 3751,0,-3577 3750,0,-3577 3748,0,-3576 3746,0,-3576 3744,0,-3575 3742,0,-3575 3740,0,-3574 3739,0,-3574 3737,0,-3573 3735,0,-3572 3734,0,-3572 3732,0,-3571 3730,0,-3571 3729,0,-3570 3727,0,-3569 3726,0,-3569 3724,0,-3568 3723,0,-3567 3722,0,-3566 3720,0,-3566 3719,0,-3565 3718,0,-3564 3716,0,-3563 3715,0,-3562 3714,0,-3562 3713,0,-3561 3712,0,-3560 3711,0,-3559 3710,0,-3558 3709,0,-3557 3708,0,-3556 3708,0,-3555 3707,0,-3554 3706,0,-3553 3705,0,-3552 3705,0,-3551 3704,0,-3549 3704,0,-3548 3703,0,-3547 3703,0,-3546 3703,0,-3545 3702,0,-3543 3702,0,-3542 3702,0,-3541 3702,0,-3539 3702,0,-3538 3702,0,-3536 3702,0,-3535 3702,0,-3533 3702,0,-3532 3702,0,-3530 3703,0,-3528 3703,0,-3527
mouvement 470e78565e75b89add119d1f7bf3d8b3 [bord gauche] 3766,0,-3766 3768,0,-3768 3771,0,-3771 3774,0,-3773 3776,0,-3775 3779,0,-3777 3781,0,-3779 3784,0,-3781 3786,0,-3782 3788,0,-3783 3790,0,-3785 3792,0,-3786 3793,0,-3787 3795,0,-3788 3796,0,-3788 3797,0,-3789 3798,0,-3789 3799,0,-3790 3800,0,-3790 3801,0,-3791 3802,0,-3791 3802,0,-3791 3803,0,-3791 3803,0,-3791 3803,0,-3791 3803,0,-3791 3803,0,-3791 3803,0,-3791 3803,0,-3791 3802,0,-3791 3802,0,-3791 3801,0,-3791 3801,0,-3791 3800,0,-3790 3799,0,-3790 3798,0,-3790 3797,0,-3790 3796,0,-3790 3795,0,-3789 3794,0,-3789 3793,0,-3789 3791,0,-3788 3790,0,-3788 3788,0,-3788 3787,0,-3788 3785,0,-3787 3784,0,-3787 3782,0,-3787 3780,0,-3786 3778,0,-3786 3776,0,-3786 3774,0,-3785 3772,0,-3785 3770,0,-3785 3768,0,-3784 3766,0,-3784 3764,0,-3783 3762,0,-3783 3759,0,-3783 3757,0,-3782 3755,0,-3782 3752,0,-3781 3750,0,-3781 3747,0,-3781 3745,0,-3780 3742,0,-3780 3739,0,-3779 3736,0,-3779 3734,0,-3778 3731,0,-3777 3728,0,-3777 3725,0,-3776 3722,0,-3776 3719,0,-3775 3716,0,-3774 3712,0,-3774 3709,0,-3773 3706,0,-3772 3703,0,-3771 3699,0,-3770 3695,0,-3769 3692,0,-3768 3688,0,-3767 3684,0,-3766 3680,0,-3765 3676,0,-3764 3672,0,-3762 3668,0,-3761 3664,0,-3759 3660,0,-3758 3655,0,-3756 3650,0,-3754 3646,0,-3752 3641,0,-3750 3636,0,-3747 3631,0,-3745 3625,0,-3742 3620,0,-3739 3614,0,-3735 3609,0,-3732 3603,0,-3728 3597,0,-3724 3591,0,-3719 3585,0,-3714 3579,0,-3709 3573,0,-3703 3566,0,-3697 3560,0,-3690 3554,0,-3683 3548,0,-3676 3542,0,-3668 3537,0,-3659 3532,0,-3651 3527,0,-3641 3522,0,-3632 3518,0,-3622 3514,0,-3612 3511,0,-3601 3508,0,-3591 3506,0,-3581 3504,0,-3570 3503,0,-3560 3502,0,-3550 3502,0,-3539 3502,0,-3530 3502,0,-3520 3503,0,-3511 3504,0,-3502 3506,0,-3493 3508,0,-3485 3510,0,-3477
mouvement 470e78565e75b89add119d1f7bf3d8b3 [bord droit] 4048,0,-3483 4043,0,-3478 4038,0,-3473 4033,0,-3468 4027,0,-3464 4022,0,-3460 4017,0,-3456 4011,0,-3452 4006,0,-3448 4001,0,-3445 3996,0,-3442 3991,0,-3439 3986,0,-3436 3981,0,-3434 3976,0,-3431 3972,0,-3429 3967,0,-3427 3962,0,-3424 3958,0,-3423 3953,0,-3421 3949,0,-3419 3945,0,-3417 3940,0,-3416 3936,0,-3414 3932,0,-3413 3928,0,-3411 3924,0,-3410 3920,0,-3409 3916,0,-3408 3913,0,-3407 3909,0,-3406 3905,0,-3405 3902,0,-3404 3898,0,-3403 3895,0,-3402 3891,0,-3401 3888,0,-3400 3885,0,-3399 3881,0,-3399 3878,0,-3398 3875,0,-3397 3872,0,-3397 3869,0,-3396 3866,0,-3395 3863,0,-3395 3860,0,-3394 3857,0,-3394 3854,0,-3393 3852,0,-3393 3849,0,-3392 3846,0,-3392 3844,0,-3391 3841,0,-3391 3839,0,-3391 3837,0,-3390 3834,0,-3390 3832,0,-3389 3830,0,-3389 3828,0,-3389 3825,0,-3388 3823,0,-3388 3821,0,-3387 3820,0,-3387 3818,0,-3387 3816,0,-3387 3814,0,-3386 3813,0,-3386 3811,0,-3386 3810,0,-3385 3808,0,-3385 3807,0,-3385 3806,0,-3385 3805,0,-3384 3804,0,-3384 3803,0,-3384 3802,0,-3384 3802,0,-3384 3801,0,-3383 3800,0,-3383 3800,0,-3383 3800,0,-3383 3800,0,-3383 3800,0,-3383 3800,0,-3383 3800,0,-3383 3801,0,-3384 3802,0,-3384 3802,0,-3384 3803,0,-3384 3805,0,-3385 3806,0,-3385 3807,0,-3386 3809,0,-3387 3811,0,-3388 3813,0,-3389 3815,0,-3390 3818,0,-3391 3821,0,-3393 3824,0,-3394 3827,0,-3396 3830,0,-3399 3834,0,-3401 3837,0,-3404 3841,0,-3407 3845,0,-3411 3850,0,-3415 3854,0,-3419 3858,0,-3424 3863,0,-3429 3867,0,-3434 3871,0,-3440 3875,0,-3446 3879,0,-3453 3883,0,-3460 3887,0,-3467 3890,0,-3475 3893,0,-3482 3895,0,-3490 3897,0,-3498 3899,0,-3506 3900,0,-3514 3901,0,-3521 3902,0,-3529 3902,0,-3536 3902,0,-3543 3901,0,-3549 3901,0,-3556 3900,0,-3562 3899,0,-3567 3898,0,-3572 3897,0,-3577
mouvement 4a5a12c19e62b4f853f928a3d4fb4c96 [centre] 2400,0,-3400 2402,0,-3400 2403,0,-3400 2405,0,-3400 2407,0,-3400 2409,0,-3399 2411,0,-3399 2412,0,-3399 2414,0,-3398 2416,0,-3398 2418,0,-3398 2420,0,-3397 2421,0,-3397 2423,0,-3396 2425,0,-3396 2427,0,-3395 2429,0,-3394 2431,0,-3394 2432,0,-3393 2434,0,-3392 2436,0,-3391 2438,0,-3390 2440,0,-3390 2442,0,-3389 2444,0,-3388 2446,0,-3387 2447,0,-3386 2449,0,-3385 2451,0,-3384 2453,0,-3383 2455,0,-3382 2457,0,-3381 2459,0,-3380 2461,0,-3379 2463,0,-3377 2464,0,-3376 2466,0,-3375 2468,0,-3374 2470,0,-3373 2472,0,-3371 2474,0,-3370 2476,0,-3369 2478,0,-3368 2480,0,-3366 2481,0,-3365 2483,0,-3364 2485,0,-3363 2487,0,-3361 2489,0,-3360 2491,0,-3359 2493,0,-3357 2495,0,-3356 2497,0,-3355 2498,0,-3354 2500,0,-3352 2502,0,-3351 2504,0,-3350 2506,0,-3348 2508,0,-3347 2510,0,-3346 2511,0,-3344 2513,0,-3343 2515,0,-3342 2517,0,-3341 2519,0,-3339 2520,0,-3338 2522,0,-3337 2524,0,-3336 2526,0,-3334 2528,0,-3333 2529,0,-3332 2531,0,-3331 2533,0,-3330 2535,0,-3329 2536,0,-3327 2538,0,-3326 2540,0,-3325 2542,0,-3324 2543,0,-3323 2545,0,-3322 2547,0,-3321 2548,0,-3320 2550,0,-3319 2552,0,-3318 2553,0,-3318 2555,0,-3317 2557,0,-3316 2558,0,-3315 2560,0,-3314 2561,0,-3314 2563,0,-3313 2564,0,-3312 2566,0,-3312 2568,0,-3311 2569,0,-3311 2571,0,-3310 2572,0,-3310 2574,0,-3309 2575,0,-3309 2576,0,-3309 2578,0,-3308 2579,0,-3308 2581,0,-3308 2582,0,-3308 2583,0,-3308 2585,0,-3308 2586,0,-3308 2588,0,-3308 2589,0,-3308 2590,0,-3308 2591,0,-3308 2593,0,-3308 2594,0,-3309 2595,0,-3309 2596,0,-3309 2598,0,-3310 2599,0,-3310 2600,0,-3311 2601,0,-3312 2602,0,-3312 2603,0,-3313 2604,0,-3314 2605,0,-3315 2606,0,-3316 2607,0,-3317 2608,0,-3318 2609,0,-3319 2610,0,-3321 2611,0,-3322 2612,0,-3323 2613,0,-3325
mouvement 4a5a12c19e62b4f853f928a3d4fb4c96 [bord gauche] 2400,0,-3200 2396,0,-3200 2392,0,-3200 2389,0,-3200 2386,0,-3201 2382,0,-3201 2379,0,-3202 2377,0,-3202 2374,0,-3203 2372,0,-3203 2370,0,-3204 2368,0,-3204 2366,0,-3205 2364,0,-3205 2363,0,-3206 2361,0,-3206 2360,0,-3206 2359,0,-3207 2358,0,-3207 2357,0,-3207 2357,0,-3208 2356,0,-3208 2356,0,-3208 2356,0,-3208 2355,0,-3208 2355,0,-3208 2355,0,-3208 2356,0,-3208 2356,0,-3208 2356,0,-3208 2357,0,-3208 2357,0,-3207 2358,0,-3207 2358,0,-3207 2359,0,-3206 2360,0,-3206 2361,0,-3205 2362,0,-3205 2363,0,-3204 2364,0,-3203 2365,0,-3203 2366,0,-3202 2367,0,-3201 2368,0,-3200 2370,0,-3199 2371,0,-3199 2372,0,-3198 2374,0,-3197 2375,0,-3196 2377,0,-3195 2378,0,-3193 2380,0,-3192 2382,0,-3191 2383,0,-3190 2385,0,-3189 2387,0,-3187 2389,0,-3186 2391,0,-3185 2392,0,-3184 2394,0,-3182 2396,0,-3181 2398,0,-3179 2400,0,-3178 2403,0,-3176 2405,0,-3175 2407,0,-3173 2409,0,-3172 2412,0,-3170 2414,0,-3169 2416,0,-3167 2419,0,-3165 2421,0,-3164 2424,0,-3162 2427,0,-3160 2429,0,-3159 2432,0,-3157 2435,0,-3155 2438,0,-3153 2441,0,-3151 2444,0,-3150 2447,0,-3148 2450,0,-3146 2454,0,-3144 2457,0,-3142 2461,0,-3140 2465,0,-3138 2468,0,-3136 2472,0,-3134 2477,0,-3133 2481,0,-3131 2485,0,-3129 2490,0,-3127 2495,0,-3125 2500,0,-3123 2505,0,-3121 2510,0,-3119 2516,0,-3118 2522,0,-3116 2529,0,-3114 2535,0,-3113 2542,0,-3112 2549,0,-3110 2557,0,-3109 2564,0,-3109 2572,0,-3108 2581,0,-3108 2590,0,-3108 2599,0,-3108 2608,0,-3109 2617,0,-3110 2627,0,-3111 2637,0,-3113 2647,0,-3116 2657,0,-3119 2667,0,-3122 2677,0,-3126 2687,0,-3131 2696,0,-3136 2706,0,-3141 2715,0,-3147 2723,0,-3153 2732,0,-3160 2739,0,-3166 2747,0,-3173 2753,0,-3180 2760,0,-3187 2766,0,-3195 2771,0,-3202 2776,0,-3209 2781,0,-3216 2785,0,-3223
mouvement 4a5a12c19e62b4f853f928a3d4fb4c96 [bord droit] 2400,0,-3600 2407,0,-3600 2415,0,-3600 2422,0,-3599 2428,0,-3598 2435,0,-3598 2442,0,-3597 2448,0,-3596 2454,0,-3594 2460,0,-3593 2466,0,-3592 2472,0,-3590 2477,0,-3589 2482,0,-3587 2488,0,-3586 2493,0,-3584 2497,0,-3582 2502,0,-3580 2507,0,-3579 2511,0,-3577 2516,0,-3575 2520,0,-3573 2524,0,-3571 2528,0,-3569 2532,0,-3567 2536,0,-3565 2539,0,-3564 2543,0,-3562 2547,0,-3560 2550,0,-3558 2553,0,-3556 2557,0,-3554 2560,0,-3552 2563,0,-3550 2566,0,-3549 2569,0,-3547 2572,0,-3545 2575,0,-3543 2578,0,-3541 2580,0,-3540 2583,0,-3538 2586,0,-3536 2588,0,-3534 2591,0,-3533 2593,0,-3531 2596,0,-3529 2598,0,-3528 2601,0,-3526 2603,0,-3525 2605,0,-3523 2607,0,-3521 2609,0,-3520 2611,0,-3518 2614,0,-3517 2615,0,-3516 2617,0,-3514 2619,0,-3513 2621,0,-3512 2623,0,-3510 2625,0,-3509 2626,0,-3508 2628,0,-3507 2630,0,-3506 2631,0,-3505 2633,0,-3504 2634,0,-3503 2635,0,-3502 2637,0,-3501 2638,0,-3500 2639,0,-3499 2640,0,-3499 2641,0,-3498 2642,0,-3497 2643,0,-3497 2644,0,-3496 2644,0,-3496 2645,0,-3495 2645,0,-3495 2646,0,-3495 2646,0,-3495 2646,0,-3495 2646,0,-3495 2646,0,-3495 2646,0,-3495 2646,0,-3495 2645,0,-3495 2645,0,-3495 2644,0,-3496 2643,0,-3496 2642,0,-3497 2641,0,-3497 2639,0,-3498 2637,0,-3499 2635,0,-3499 2633,0,-3500 2631,0,-3501 2628,0,-3502 2625,0,-3503 2622,0,-3503 2618,0,-3504 2614,0,-3505 2610,0,-3506 2605,0,-3506 2600,0,-3507 2595,0,-3507 2589,0,-3508 2583,0,-3508 2576,0,-3507 2570,0,-3507 2563,0,-3506 2556,0,-3505 2548,0,-3503 2541,0,-3501 2533,0,-3499 2526,0,-3497 2518,0,-3493 2511,0,-3490 2503,0,-3486 2496,0,-3482 2490,0,-3478 2483,0,-3473 2477,0,-3468 2471,0,-3464 2466,0,-3459 2461,0,-3454 2457,0,-3449 2453,0,-3444 2449,0,-3439 2446,0,-3435 2443,0,-3430 2441,0,-3426
mouvement 4edce9aa0d470704d0479247d72ff2be [centre] 3527,0,-3703 3528,0,-3703 3530,0,-3702 3532,0,-3702 3533,0,-3702 3535,0,-3702 3536,0,-3702 3538,0,-3702 3539,0,-3702 3541,0,-3702 3542,0,-3702 3543,0,-3702 3545,0,-3703 3546,0,-3703 3547,0,-3703 3548,0,-3704 3549,0,-3704 3551,0,-3705 3552,0,-3705 3553,0,-3706 3554,0,-3707 3555,0,-3708 3556,0,-3708 3557,0,-3709 3558,0,-3710 3559,0,-3711 3560,0,-3712 3561,0,-3713 3562,0,-3714 3562,0,-3715 3563,0,-3716 3564,0,-3718 3565,0,-3719 3566,0,-3720 3566,0,-3722 3567,0,-3723 3568,0,-3724 3569,0,-3726 3569,0,-3727 3570,0,-3729 3571,0,-3730 3571,0,-3732 3572,0,-3734 3572,0,-3735 3573,0,-3737 3574,0,-3739 3574,0,-3740 3575,0,-3742 3575,0,-3744 3576,0,-3746 3576,0,-3748 3577,0,-3750 3577,0,-3751 3578,0,-3753 3578,0,-3755 3579,0,-3757 3579,0,-3759 3580,0,-3761 3580,0,-3763 3580,0,-3765 3581,0,-3768 3581,0,-3770 3582,0,-3772 3582,0,-3774 3583,0,-3776 3583,0,-3778 3583,0,-3780 3584,0,-3782 3584,0,-3785 3584,0,-3787 3585,0,-3789 3585,0,-3791 3586,0,-3793 3586,0,-3796 3586,0,-3798 3587,0,-3800 3587,0,-3802 3588,0,-3805 3588,0,-3807 3588,0,-3809 3589,0,-3811 3589,0,-3814 3590,0,-3816 3590,0,-3818 3590,0,-3820 3591,0,-3823 3591,0,-3825 3592,0,-3827 3592,0,-3829 3593,0,-3832 3593,0,-3834 3594,0,-3836 3594,0,-3838 3594,0,-3840 3595,0,-3843 3595,0,-3845 3596,0,-3847 3597,0,-3849 3597,0,-3851 3598,0,-3853 3598,0,-3855 3599,0,-3857 3599,0,-3860 3600,0,-3862 3601,0,-3864 3601,0,-3866 3602,0,-3868 3603,0,-3870 3603,0,-3872 3604,0,-3873 3605,0,-3875 3606,0,-3877 3606,0,-3879 3607,0,-3881 3608,0,-3883 3609,0,-3884 3610,0,-3886 3611,0,-3888 3611,0,-3890 3612,0,-3891 3613,0,-3893 3614,0,-3894 3615,0,-3896 3616,0,-3898 3617,0,-3899 3618,0,-3900 3620,0,-3902 3621,0,-3903 3622,0,-3905 3623,0,-3906 3624,0,-3907
mouvement 4edce9aa0d470704d0479247d72ff2be [bord gauche] 3477,0,-3510 3485,0,-3508 3493,0,-3506 3502,0,-3504 3511,0,-3503 3520,0,-3502 3530,0,-3502 3539,0,-3502 3550,0,-3502 3560,0,-3503 3570,0,-3504 3581,0,-3506 3591,0,-3508 3601,0,-3511 3612,0,-3514 3622,0,-3518 3632,0,-3522 3641,0,-3527 3651,0,-3532 3659,0,-3537 3668,0,-3542 3676,0,-3548 3683,0,-3554 3690,0,-3560 3697,0,-3566 3703,0,-3573 3709,0,-3579 3714,0,-3585 3719,0,-3591 3724,0,-3597 3728,0,-3603 3732,0,-3609 3735,0,-3614 3739,0,-3620 3742,0,-3625 3745,0,-3631 3747,0,-3636 3750,0,-3641 3752,0,-3646 3754,0,-3650 3756,0,-3655 3758,0,-3660 3759,0,-3664 3761,0,-3668 3762,0,-3672 3764,0,-3676 3765,0,-3680 3766,0,-3684 3767,0,-3688 3768,0,-3692 3769,0,-3695 3770,0,-3699 3771,0,-3702 3772,0,-3706 3773,0,-3709 3774,0,-3712 3774,0,-3716 3775,0,-3719 3776,0,-3722 3776,0,-3725 3777,0,-3728 3777,0,-3731 3778,0,-3734 3779,0,-3736 3779,0,-3739 3780,0,-3742 3780,0,-3745 3781,0,-3747 3781,0,-3750 3781,0,-3752 3782,0,-3755 3782,0,-3757 3783,0,-3759 3783,0,-3762 3783,0,-3764 3784,0,-3766 3784,0,-3768 3785,0,-3770 3785,0,-3772 3785,0,-3774 3786,0,-3776 3786,0,-3778 3786,0,-3780 3787,0,-3782 3787,0,-3784 3787,0,-3785 3788,0,-3787 3788,0,-3788 3788,0,-3790 3788,0,-3791 3789,0,-3793 3789,0,-3794 3789,0,-3795 3790,0,-3796 3790,0,-3797 3790,0,-3798 3790,0,-3799 3790,0,-3800 3791,0,-3801 3791,0,-3801 3791,0,-3802 3791,0,-3802 3791,0,-3803 3791,0,-3803 3791,0,-3803 3791,0,-3803 3791,0,-3803 3791,0,-3803 3791,0,-3803 3791,0,-3802 3791,0,-3802 3791,0,-3801 3790,0,-3800 3790,0,-3800 3789,0,-3798 3789,0,-3797 3788,0,-3796 3787,0,-3795 3787,0,-3793 3786,0,-3792 3785,0,-3790 3783,0,-3788 3782,0,-3786 3781,0,-3784 3779,0,-3781 3777,0,-3779 3775,0,-3776 3773,0,-3774 3771,0,-3771 3768,0,-3768 3766,0,-3766
mouvement 4edce9aa0d470704d0479247d72ff2be [bord droit] 3577,0,-3897 3572,0,-3898 3567,0,-3899 3562,0,-3900 3556,0,-3901 3549,0,-3901 3543,0,-3902 3536,0,-3902 3529,0,-3902 3521,0,-3901 3514,0,-3900 3506,0,-3899 3498,0,-3897 3490,0,-3895 3482,0,-3893 3475,0,-3890 3467,0,-3887 3460,0,-3883 3453,0,-3879 3446,0,-3875 3440,0,-3871 3434,0,-3867 3429,0,-3863 3424,0,-3858 3419,0,-3854 3415,0,-3850 3411,0,-3845 3407,0,-3841 3404,0,-3837 3401,0,-3834 3399,0,-3830 3396,0,-3827 3394,0,-3824 3393,0,-3821 3391,0,-3818 3390,0,-3815 3389,0,-3813 3388,0,-3811 3387,0,-3809 3386,0,-3807 3385,0,-3806 3385,0,-3805 3384,0,-3803 3384,0,-3802 3384,0,-3802 3384,0,-3801 3383,0,-3800 3383,0,-3800 3383,0,-3800 3383,0,-3800 3383,0,-3800 3383,0,-3800 3383,0,-3801 3383,0,-3801 3384,0,-3802 3384,0,-3802 3384,0,-3803 3384,0,-3804 3384,0,-3805 3385,0,-3806 3385,0,-3807 3385,0,-3808 3385,0,-3810 3386,0,-3811 3386,0,-3813 3386,0,-3814 3387,0,-3816 3387,0,-3818 3387,0,-3820 3387,0,-3821 3388,0,-3823 3388,0,-3825 3389,0,-3828 3389,0,-3830 3389,0,-3832 3390,0,-3834 3390,0,-3837 3391,0,-3839 3391,0,-3841 3391,0,-3844 3392,0,-3846 3392,0,-3849 3393,0,-3852 3393,0,-3854 3394,0,-3857 3394,0,-3860 3395,0,-3863 3395,0,-3866 3396,0,-3869 3397,0,-3872 3397,0,-3875 3398,0,-3878 3399,0,-3881 3399,0,-3885 3400,0,-3888 3401,0,-3891 3402,0,-3895 3403,0,-3898 3404,0,-3902 3405,0,-3905 3406,0,-3909 3407,0,-3913 3408,0,-3916 3409,0,-3920 3410,0,-3924 3411,0,-3928 3413,0,-3932 3414,0,-3936 3416,0,-3940 3417,0,-3945 3419,0,-3949 3421,0,-3953 3423,0,-3958 3424,0,-3962 3427,0,-3967 3429,0,-3972 3431,0,-3976 3434,0,-3981 3436,0,-3986 3439,0,-3991 3442,0,-3996 3445,0,-4001 3448,0,-4006 3452,0,-4011 3456,0,-4017 3460,0,-4022 3464,0,-4027 3468,0,-4033 3473,0,-4038 3478,0,-4043 3483,0,-4049
mouvement 4dfcc1af030746a1a7e376f814e03a81 [centre] 3527,0,-3703 3531,0,-3702 3535,0,-3701 3539,0,-3700 3543,0,-3698 3546,0,-3697 3550,0,-3696 3554,0,-3694 3558,0,-3692 3562,0,-3691 3566,0,-3689 3570,0,-3687 3573,0,-3685 3577,0,-3683 3581,0,-3681 3584,0,-3679 3588,0,-3676 3592,0,-3674 3595,0,-3672 3599,0,-3669 3603,0,-3667 3606,0,-3664 3609,0,-3662 3613,0,-3659 3616,0,-3656 3620,0,-3654 3623,0,-3651 3626,0,-3648 3629,0,-3645 3633,0,-3642 3636,0,-3639 3639,0,-3636 3642,0,-3633 3645,0,-3630 3648,0,-3626 3651,0,-3623 3654,0,-3620 3656,0,-3616 3659,0,-3613 3662,0,-3609 3664,0,-3606 3667,0,-3603 3669,0,-3599 3672,0,-3595 3674,0,-3592 3676,0,-3588 3679,0,-3584 3681,0,-3581 3683,0,-3577 3685,0,-3573 3687,0,-3570 3689,0,-3566 3691,0,-3562 3692,0,-3558 3694,0,-3554 3696,0,-3550 3697,0,-3546 3698,0,-3543 3700,0,-3539 3701,0,-3535 3702,0,-3531 3703,0,-3527
mouvement 4dfcc1af030746a1a7e376f814e03a81 [bord gauche] 3477,0,-3510 3477,0,-3510 3477,0,-3510 3477,0,-3510 3477,0,-3510 3477,0,-3509 3477,0,-3509 3478,0,-3509 3478,0,-3509 3478,0,-3509 3479,0,-3509 3479,0,-3508 3480,0,-3508 3481,0,-3508 3481,0,-3507 3482,0,-3507 3483,0,-3506 3484,0,-3506 3485,0,-3505 3485,0,-3505 3486,0,-3504 3487,0,-3503 3488,0,-3503 3489,0,-3502 3490,0,-3501 3491,0,-3501 3492,0,-3500 3493,0,-3499 3494,0,-3498 3495,0,-3497 3496,0,-3496 3496,0,-3496 3497,0,-3495 3498,0,-3494 3499,0,-3493 3500,0,-3492 3501,0,-3491 3501,0,-3490 3502,0,-3489 3503,0,-3488 3503,0,-3487 3504,0,-3486 3505,0,-3485 3505,0,-3485 3506,0,-3484 3506,0,-3483 3507,0,-3482 3507,0,-3481 3508,0,-3481 3508,0,-3480 3508,0,-3479 3509,0,-3479 3509,0,-3478 3509,0,-3478 3509,0,-3478 3509,0,-3477 3509,0,-3477 3510,0,-3477 3510,0,-3477 3510,0,-3477 3510,0,-3477 3510,0,-3477
mouvement 4dfcc1af030746a1a7e376f814e03a81 [bord droit] 3577,0,-3897 3585,0,-3895 3593,0,-3892 3601,0,-3890 3608,0,-3887 3616,0,-3885 3623,0,-3882 3631,0,-3879 3638,0,-3876 3645,0,-3872 3653,0,-3869 3660,0,-3866 3666,0,-3862 3673,0,-3858 3680,0,-3854 3687,0,-3851 3693,0,-3847 3700,0,-3843 3706,0,-3838 3712,0,-3834 3719,0,-3830 3725,0,-3825 3731,0,-3821 3737,0,-3816 3743,0,-3811 3748,0,-3807 3754,0,-3802 3760,0,-3797 3765,0,-3792 3771,0,-3787 3776,0,-3781 3781,0,-3776 3787,0,-3771 3792,0,-3765 3797,0,-3760 3802,0,-3754 3807,0,-3748 3811,0,-3743 3816,0,-3737 3821,0,-3731 3825,0,-3725 3830,0,-3719 3834,0,-3712 3838,0,-3706 3843,0,-3700 3847,0,-3693 3851,0,-3687 3854,0,-3680 3858,0,-3673 3862,0,-3666 3866,0,-3660 3869,0,-3653 3872,0,-3645 3876,0,-3638 3879,0,-3631 3882,0,-3623 3885,0,-3616 3887,0,-3608 3890,0,-3601 3892,0,-3593 3895,0,-3585 3897,0,-3577
mouvement 453f130c460dc35e052c30714bec6c8e [centre] 3325,0,-2613 3323,0,-2612 3322,0,-2611 3321,0,-2610 3319,0,-2609 3318,0,-2608 3317,0,-2607 3316,0,-2606 3315,0,-2605 3314,0,-2604 3313,0,-2603 3312,0,-2602 3312,0,-2601 3311,0,-2600 3310,0,-2599 3310,0,-2598 3309,0,-2596 3309,0,-2595 3309,0,-2594 3308,0,-2593 3308,0,-2591 3308,0,-2590 3308,0,-2589 3308,0,-2588 3308,0,-2586 3308,0,-2585 3308,0,-2583 3308,0,-2582 3308,0,-2581 3308,0,-2579 3308,0,-2578 3309,0,-2576 3309,0,-2575 3309,0,-2574 3310,0,-2572 3310,0,-2571 3311,0,-2569 3311,0,-2568 3312,0,-2566 3312,0,-2564 3313,0,-2563 3314,0,-2561 3314,0,-2560 3315,0,-2558 3316,0,-2557 3317,0,-2555 3318,0,-2553 3318,0,-2552 3319,0,-2550 3320,0,-2548 3321,0,-2547 3322,0,-2545 3323,0,-2543 3324,0,-2542 3325,0,-2540 3326,0,-2538 3327,0,-2536 3329,0,-2535 3330,0,-2533 3331,0,-2531 3332,0,-2529 3333,0,-2528 3334,0,-2526 3336,0,-2524 3337,0,-2522 3338,0,-2520 3339,0,-2519 3341,0,-2517 3342,0,-2515 3343,0,-2513 3344,0,-2511 3346,0,-2510 3347,0,-2508 3348,0,-2506 3350,0,-2504 3351,0,-2502 3352,0,-2500 3354,0,-2498 3355,0,-2497 3356,0,-2495 3357,0,-2493 3359,0,-2491 3360,0,-2489 3361,0,-2487 3363,0,-2485 3364,0,-2483 3365,0,-2481 3366,0,-2480 3368,0,-2478 3369,0,-2476 3370,0,-2474 3371,0,-2472 3373,0,-2470 3374,0,-2468 3375,0,-2466 3376,0,-2464 3377,0,-2463 3379,0,-2461 3380,0,-2459 3381,0,-2457 3382,0,-2455 3383,0,-2453 3384,0,-2451 3385,0,-2449 3386,0,-2447 3387,0,-2446 3388,0,-2444 3389,0,-2442 3390,0,-2440 3390,0,-2438 3391,0,-2436 3392,0,-2434 3393,0,-2432 3394,0,-2431 3394,0,-2429 3395,0,-2427 3396,0,-2425 3396,0,-2423 3397,0,-2421 3397,0,-2420 3398,0,-2418 3398,0,-2416 3398,0,-2414 3399,0,-2412 3399,0,-2411 3399,0,-2409 3400,0,-2407 3400,0,-2405 3400,0,-2403 3400,0,-2402 3400,0,-2400
mouvement 453f130c460dc35e052c30714bec6c8e [bord gauche] 3223,0,-2785 3216,0,-2781 3209,0,-2776 3202,0,-2771 3195,0,-2766 3187,0,-2760 3180,0,-2753 3173,0,-2747 3166,0,-2739 3160,0,-2732 3153,0,-2723 3147,0,-2715 3141,0,-2706 3136,0,-2696 3131,0,-2687 3126,0,-2677 3122,0,-2667 3119,0,-2657 3116,0,-2647 3113,0,-2637 3111,0,-2627 3110,0,-2617 3109,0,-2608 3108,0,-2599 3108,0,-2590 3108,0,-2581 3108,0,-2572 3109,0,-2564 3109,0,-2557 3110,0,-2549 3112,0,-2542 3113,0,-2535 3114,0,-2528 3116,0,-2522 3118,0,-2516 3119,0,-2511 3121,0,-2505 3123,0,-2500 3125,0,-2495 3127,0,-2490 3129,0,-2485 3131,0,-2481 3133,0,-2476 3134,0,-2472 3136,0,-2468 3138,0,-2465 3140,0,-2461 3142,0,-2457 3144,0,-2454 3146,0,-2450 3148,0,-2447 3150,0,-2444 3151,0,-2441 3153,0,-2438 3155,0,-2435 3157,0,-2432 3159,0,-2429 3160,0,-2427 3162,0,-2424 3164,0,-2421 3165,0,-2419 3167,0,-2416 3169,0,-2414 3170,0,-2412 3172,0,-2409 3173,0,-2407 3175,0,-2405 3176,0,-2403 3178,0,-2400 3179,0,-2398 3181,0,-2396 3182,0,-2394 3183,0,-2392 3185,0,-2391 3186,0,-2389 3187,0,-2387 3189,0,-2385 3190,0,-2383 3191,0,-2382 3192,0,-2380 3193,0,-2378 3195,0,-2377 3196,0,-2375 3197,0,-2374 3198,0,-2372 3199,0,-2371 3199,0,-2370 3200,0,-2368 3201,0,-2367 3202,0,-2366 3203,0,-2365 3203,0,-2364 3204,0,-2363 3205,0,-2362 3205,0,-2361 3206,0,-2360 3206,0,-2359 3207,0,-2358 3207,0,-2358 3207,0,-2357 3208,0,-2357 3208,0,-2356 3208,0,-2356 3208,0,-2356 3208,0,-2355 3208,0,-2355 3208,0,-2355 3208,0,-2356 3208,0,-2356 3208,0,-2356 3208,0,-2357 3207,0,-2357 3207,0,-2358 3207,0,-2359 3206,0,-2360 3206,0,-2361 3206,0,-2363 3205,0,-2364 3205,0,-2366 3204,0,-2368 3204,0,-2370 3203,0,-2372 3203,0,-2374 3202,0,-2377 3202,0,-2379 3201,0,-2382 3201,0,-2386 3200,0,-2389 3200,0,-2392 3200,0,-2396 3200,0,-2400
mouvement 453f130c460dc35e052c30714bec6c8e [bord droit] 3426,0,-2441 3430,0,-2443 3435,0,-2446 3439,0,-2449 3444,0,-2453 3449,0,-2457 3454,0,-2461 3459,0,-2466 3464,0,-2471 3468,0,-2477 3473,0,-2483 3478,0,-2490 3482,0,-2496 3486,0,-2503 3490,0,-2511 3493,0,-2518 3497,0,-2526 3499,0,-2533 3501,0,-2541 3503,0,-2548 3505,0,-2556 3506,0,-2563 3507,0,-2570 3507,0,-2576 3508,0,-2583 3508,0,-2589 3507,0,-2595 3507,0,-2600 3506,0,-2605 3506,0,-2610 3505,0,-2614 3504,0,-2618 3503,0,-2622 3503,0,-2625 3502,0,-2628 3501,0,-2631 3500,0,-2633 3499,0,-2635 3499,0,-2637 3498,0,-2639 3497,0,-2641 3497,0,-2642 3496,0,-2643 3496,0,-2644 3495,0,-2645 3495,0,-2645 3495,0,-2646 3495,0,-2646 3495,0,-2646 3495,0,-2646 3495,0,-2646 3495,0,-2646 3495,0,-2646 3495,0,-2645 3496,0,-2645 3496,0,-2644 3496,0,-2644 3497,0,-2643 3497,0,-2642 3498,0,-2641 3499,0,-2640 3499,0,-2639 3500,0,-2638 3501,0,-2637 3502,0,-2635 3503,0,-2634 3504,0,-2633 3505,0,-2631 3506,0,-2630 3507,0,-2628 3508,0,-2626 3509,0,-2625 3510,0,-2623 3512,0,-2621 3513,0,-2619 3514,0,-2617 3516,0,-2615 3517,0,-2614 3519,0,-2611 3520,0,-2609 3521,0,-2607 3523,0,-2605 3525,0,-2603 3526,0,-2601 3528,0,-2598 3529,0,-2596 3531,0,-2593 3533,0,-2591 3534,0,-2588 3536,0,-2586 3538,0,-2583 3540,0,-2580 3541,0,-2578 3543,0,-2575 3545,0,-2572 3547,0,-2569 3549,0,-2566 3550,0,-2563 3552,0,-2560 3554,0,-2557 3556,0,-2553 3558,0,-2550 3560,0,-2547 3562,0,-2543 3564,0,-2539 3565,0,-2536 3567,0,-2532 3569,0,-2528 3571,0,-2524 3573,0,-2520 3575,0,-2516 3577,0,-2511 3579,0,-2507 3580,0,-2502 3582,0,-2497 3584,0,-2493 3586,0,-2488 3587,0,-2482 3589,0,-2477 3590,0,-2472 3592,0,-2466 3593,0,-2460 3594,0,-2454 3596,0,-2448 3597,0,-2442 3598,0,-2435 3598,0,-2428 3599,0,-2422 3600,0,-2415 3600,0,-2407 3600,0,-2400
mouvement 440c8e05722bb01491a4d57e00cd03a4 [centre] 3325,0,-2613 3321,0,-2611 3317,0,-2609 3314,0,-2607 3310,0,-2605 3306,0,-2603 3302,0,-2602 3298,0,-2600 3294,0,-2599 3290,0,-2597 3286,0,-2596 3282,0,-2594 3278,0,-2593 3274,0,-2592 3270,0,-2591 3266,0,-2590 3262,0,-2589 3257,0,-2588 3253,0,-2587 3249,0,-2586 3244,0,-2586 3240,0,-2585 3236,0,-2584 3231,0,-2584 3227,0,-2583 3223,0,-2583 3218,0,-2583 3214,0,-2583 3209,0,-2582 3205,0,-2582 3201,0,-2582 3196,0,-2582 3192,0,-2583 3187,0,-2583 3183,0,-2583 3178,0,-2583 3174,0,-2584 3170,0,-2584 3165,0,-2585 3161,0,-2585 3156,0,-2586 3152,0,-2587 3148,0,-2588 3144,0,-2589 3139,0,-2589 3135,0,-2590 3131,0,-2591 3127,0,-2593 3122,0,-2594 3118,0,-2595 3114,0,-2596 3110,0,-2598 3106,0,-2599 3102,0,-2601 3098,0,-2602 3094,0,-2604 3090,0,-2606 3086,0,-2607 3083,0,-2609 3079,0,-2611 3075,0,-2613
mouvement 440c8e05722bb01491a4d57e00cd03a4 [bord gauche] 3223,0,-2785 3223,0,-2786 3224,0,-2786 3224,0,-2786 3224,0,-2786 3224,0,-2786 3223,0,-2786 3223,0,-2785 3223,0,-2785 3223,0,-2785 3222,0,-2785 3222,0,-2785 3221,0,-2785 3220,0,-2785 3220,0,-2784 3219,0,-2784 3218,0,-2784 3217,0,-2784 3216,0,-2784 3215,0,-2783 3214,0,-2783 3213,0,-2783 3212,0,-2783 3211,0,-2783 3210,0,-2783 3208,0,-2783 3207,0,-2783 3206,0,-2782 3205,0,-2782 3203,0,-2782 3202,0,-2782 3201,0,-2782 3199,0,-2782 3198,0,-2783 3197,0,-2783 3195,0,-2783 3194,0,-2783 3192,0,-2783 3191,0,-2783 3190,0,-2783 3188,0,-2784 3187,0,-2784 3186,0,-2784 3185,0,-2784 3183,0,-2784 3182,0,-2785 3181,0,-2785 3180,0,-2785 3179,0,-2786 3178,0,-2786 3177,0,-2786 3176,0,-2787 3175,0,-2787 3174,0,-2787 3174,0,-2787 3173,0,-2788 3172,0,-2788 3172,0,-2788 3171,0,-2788 3171,0,-2789 3171,0,-2789
mouvement 440c8e05722bb01491a4d57e00cd03a4 [bord droit] 3426,0,-2441 3419,0,-2437 3411,0,-2432 3404,0,-2429 3396,0,-2425 3389,0,-2421 3381,0,-2418 3374,0,-2415 3366,0,-2412 3358,0,-2409 3351,0,-2406 3343,0,-2404 3336,0,-2401 3328,0,-2399 3320,0,-2397 3313,0,-2395 3305,0,-2394 3298,0,-2392 3290,0,-2390 3282,0,-2389 3275,0,-2388 3267,0,-2387 3260,0,-2386 3252,0,-2385 3244,0,-2384 3237,0,-2384 3229,0,-2383 3222,0,-2383 3214,0,-2383 3207,0,-2382 3199,0,-2382 3192,0,-2383 3184,0,-2383 3177,0,-2383 3169,0,-2384 3162,0,-2384 3154,0,-2385 3147,0,-2386 3139,0,-2386 3132,0,-2388 3125,0,-2389 3117,0,-2390 3110,0,-2391 3102,0,-2393 3095,0,-2394 3088,0,-2396 3080,0,-2398 3073,0,-2400 3066,0,-2402 3059,0,-2404 3051,0,-2407 3044,0,-2409 3037,0,-2412 3030,0,-2414 3022,0,-2417 3015,0,-2420 3008,0,-2423 3001,0,-2427 2994,0,-2430 2987,0,-2434 2980,0,-2437
mouvement 4a6aa7e11135c1ecb2cb26715ca8cab4 [centre] 2613,0,-3075 2612,0,-3077 2611,0,-3078 2611,0,-3079 2610,0,-3081 2609,0,-3082 2608,0,-3083 2607,0,-3084 2606,0,-3085 2605,0,-3086 2604,0,-3087 2603,0,-3088 2602,0,-3088 2601,0,-3089 2600,0,-3090 2598,0,-3090 2597,0,-3091 2596,0,-3091 2595,0,-3092 2594,0,-3092 2593,0,-3092 2591,0,-3092 2590,0,-3093 2589,0,-3093 2588,0,-3093 2586,0,-3093 2585,0,-3093 2584,0,-3093 2582,0,-3093 2581,0,-3093 2579,0,-3092 2578,0,-3092 2577,0,-3092 2575,0,-3091 2574,0,-3091 2572,0,-3091 2571,0,-3090 2569,0,-3090 2568,0,-3089 2566,0,-3089 2565,0,-3088 2563,0,-3087 2562,0,-3087 2560,0,-3086 2559,0,-3085 2557,0,-3084 2555,0,-3084 2554,0,-3083 2552,0,-3082 2551,0,-3081 2549,0,-3080 2547,0,-3079 2546,0,-3078 2544,0,-3077 2542,0,-3076 2541,0,-3075 2539,0,-3074 2537,0,-3073 2535,0,-3072 2534,0,-3071 2532,0,-3070 2530,0,-3068 2528,0,-3067 2527,0,-3066 2525,0,-3065 2523,0,-3064 2521,0,-3062 2520,0,-3061 2518,0,-3060 2516,0,-3059 2514,0,-3057 2512,0,-3056 2510,0,-3055 2509,0,-3054 2507,0,-3052 2505,0,-3051 2503,0,-3050 2501,0,-3048 2499,0,-3047 2498,0,-3046 2496,0,-3045 2494,0,-3043 2492,0,-3042 2490,0,-3041 2488,0,-3039 2486,0,-3038 2485,0,-3037 2483,0,-3035 2481,0,-3034 2479,0,-3033 2477,0,-3032 2475,0,-3030 2473,0,-3029 2471,0,-3028 2469,0,-3027 2468,0,-3026 2466,0,-3024 2464,0,-3023 2462,0,-3022 2460,0,-3021 2458,0,-3020 2456,0,-3019 2454,0,-3018 2453,0,-3017 2451,0,-3016 2449,0,-3015 2447,0,-3014 2445,0,-3013 2443,0,-3012 2441,0,-3011 2439,0,-3010 2438,0,-3009 2436,0,-3009 2434,0,-3008 2432,0,-3007 2430,0,-3006 2428,0,-3006 2427,0,-3005 2425,0,-3004 2423,0,-3004 2421,0,-3003 2419,0,-3003 2418,0,-3002 2416,0,-3002 2414,0,-3001 2412,0,-3001 2410,0,-3001 2409,0,-3001 2407,0,-3000 2405,0,-3000 2403,0,-3000 2402,0,-3000 2400,0,-3000
mouvement 4a6aa7e11135c1ecb2cb26715ca8cab4 [bord gauche] 2789,0,-3171 2785,0,-3178 2780,0,-3185 2776,0,-3192 2771,0,-3200 2765,0,-3207 2759,0,-3214 2752,0,-3221 2745,0,-3229 2738,0,-3236 2730,0,-3242 2721,0,-3249 2712,0,-3255 2703,0,-3261 2694,0,-3266 2684,0,-3271 2674,0,-3276 2664,0,-3279 2654,0,-3283 2644,0,-3286 2634,0,-3288 2624,0,-3290 2614,0,-3291 2605,0,-3292 2595,0,-3293 2587,0,-3293 2578,0,-3293 2570,0,-3292 2562,0,-3292 2554,0,-3291 2547,0,-3290 2540,0,-3288 2533,0,-3287 2527,0,-3285 2521,0,-3284 2515,0,-3282 2509,0,-3280 2504,0,-3279 2499,0,-3277 2494,0,-3275 2489,0,-3273 2485,0,-3271 2480,0,-3269 2476,0,-3267 2472,0,-3265 2468,0,-3264 2464,0,-3262 2461,0,-3260 2457,0,-3258 2454,0,-3256 2451,0,-3254 2447,0,-3252 2444,0,-3251 2441,0,-3249 2438,0,-3247 2435,0,-3245 2433,0,-3244 2430,0,-3242 2427,0,-3240 2425,0,-3238 2422,0,-3237 2420,0,-3235 2417,0,-3233 2415,0,-3232 2412,0,-3230 2410,0,-3229 2408,0,-3227 2406,0,-3226 2404,0,-3224 2402,0,-3223 2399,0,-3221 2397,0,-3220 2395,0,-3219 2394,0,-3217 2392,0,-3216 2390,0,-3215 2388,0,-3213 2386,0,-3212 2384,0,-3211 2383,0,-3210 2381,0,-3208 2379,0,-3207 2378,0,-3206 2376,0,-3205 2375,0,-3204 2373,0,-3203 2372,0,-3202 2371,0,-3201 2369,0,-3200 2368,0,-3199 2367,0,-3199 2366,0,-3198 2365,0,-3197 2363,0,-3196 2362,0,-3196 2362,0,-3195 2361,0,-3195 2360,0,-3194 2359,0,-3194 2358,0,-3193 2358,0,-3193 2357,0,-3193 2357,0,-3192 2356,0,-3192 2356,0,-3192 2356,0,-3192 2356,0,-3192 2356,0,-3192 2356,0,-3192 2356,0,-3192 2356,0,-3192 2356,0,-3192 2357,0,-3192 2358,0,-3193 2358,0,-3193 2359,0,-3193 2360,0,-3194 2361,0,-3194 2363,0,-3194 2364,0,-3195 2366,0,-3195 2368,0,-3196 2370,0,-3196 2372,0,-3197 2374,0,-3197 2377,0,-3198 2380,0,-3198 2382,0,-3199 2386,0,-3199 2389,0,-3200 2392,0,-3200 2396,0,-3200 2400,0,-3200
mouvement 4a6aa7e11135c1ecb2cb26715ca8cab4 [bord droit] 2437,0,-2980 2440,0,-2976 2442,0,-2971 2445,0,-2967 2449,0,-2962 2453,0,-2957 2457,0,-2952 2461,0,-2947 2467,0,-2942 2472,0,-2936 2478,0,-2931 2484,0,-2927 2491,0,-2922 2498,0,-2917 2505,0,-2913 2513,0,-2909 2521,0,-2906 2528,0,-2903 2536,0,-2900 2544,0,-2898 2551,0,-2897 2559,0,-2895 2566,0,-2894 2573,0,-2893 2580,0,-2893 2586,0,-2893 2592,0,-2893 2598,0,-2893 2603,0,-2894 2608,0,-2894 2612,0,-2895 2616,0,-2896 2620,0,-2897 2624,0,-2897 2627,0,-2898 2630,0,-2899 2633,0,-2900 2635,0,-2901 2637,0,-2901 2639,0,-2902 2641,0,-2903 2642,0,-2903 2643,0,-2904 2644,0,-2904 2645,0,-2905 2646,0,-2905 2646,0,-2906 2647,0,-2906 2647,0,-2906 2647,0,-2906 2647,0,-2906 2647,0,-2906 2647,0,-2906 2647,0,-2906 2646,0,-2905 2646,0,-2905 2645,0,-2905 2644,0,-2904 2644,0,-2904 2643,0,-2903 2642,0,-2902 2641,0,-2902 2640,0,-2901 2639,0,-2900 2637,0,-2899 2636,0,-2899 2635,0,-2898 2633,0,-2897 2632,0,-2896 2630,0,-2895 2629,0,-2894 2627,0,-2892 2625,0,-2891 2624,0,-2890 2622,0,-2889 2620,0,-2888 2618,0,-2886 2616,0,-2885 2614,0,-2883 2612,0,-2882 2610,0,-2881 2608,0,-2879 2606,0,-2878 2604,0,-2876 2602,0,-2875 2599,0,-2873 2597,0,-2871 2595,0,-2870 2592,0,-2868 2590,0,-2866 2587,0,-2865 2585,0,-2863 2582,0,-2861 2579,0,-2860 2576,0,-2858 2574,0,-2856 2571,0,-2854 2568,0,-2852 2565,0,-2851 2562,0,-2849 2559,0,-2847 2555,0,-2845 2552,0,-2843 2549,0,-2841 2545,0,-2840 2542,0,-2838 2538,0,-2836 2535,0,-2834 2531,0,-2832 2527,0,-2830 2523,0,-2828 2519,0,-2827 2515,0,-2825 2510,0,-2823 2506,0,-2821 2501,0,-2819 2497,0,-2818 2492,0,-2816 2487,0,-2814 2482,0,-2813 2476,0,-2811 2471,0,-2810 2465,0,-2808 2460,0,-2807 2454,0,-2805 2448,0,-2804 2441,0,-2803 2435,0,-2802 2428,0,-2802 2421,0,-2801 2414,0,-2800 2407,0,-2800 2400,0,-2800
mouvement 491e02f31f623c7a5d46026ad368f388 [centre] 2613,0,-3075 2611,0,-3079 2609,0,-3083 2607,0,-3086 2606,0,-3090 2604,0,-3094 2602,0,-3098 2601,0,-3102 2599,0,-3106 2598,0,-3110 2596,0,-3114 2595,0,-3118 2594,0,-3122 2593,0,-3127 2591,0,-3131 2590,0,-3135 2589,0,-3139 2589,0,-3144 2588,0,-3148 2587,0,-3152 2586,0,-3156 2585,0,-3161 2585,0,-3165 2584,0,-3170 2584,0,-3174 2583,0,-3178 2583,0,-3183 2583,0,-3187 2583,0,-3192 2582,0,-3196 2582,0,-3201 2582,0,-3205 2582,0,-3209 2583,0,-3214 2583,0,-3218 2583,0,-3223 2583,0,-3227 2584,0,-3231 2584,0,-3236 2585,0,-3240 2586,0,-3244 2586,0,-3249 2587,0,-3253 2588,0,-3257 2589,0,-3262 2590,0,-3266 2591,0,-3270 2592,0,-3274 2593,0,-3278 2594,0,-3282 2596,0,-3286 2597,0,-3290 2599,0,-3294 2600,0,-3298 2602,0,-3302 2603,0,-3306 2605,0,-3310 2607,0,-3314 2609,0,-3317 2611,0,-3321 2613,0,-3325
mouvement 491e02f31f623c7a5d46026ad368f388 [bord gauche] 2789,0,-3171 2789,0,-3171 2788,0,-3171 2788,0,-3172 2788,0,-3172 2788,0,-3173 2787,0,-3174 2787,0,-3174 2787,0,-3175 2787,0,-3176 2786,0,-3177 2786,0,-3178 2786,0,-3179 2785,0,-3180 2785,0,-3181 2785,0,-3182 2784,0,-3183 2784,0,-3185 2784,0,-3186 2784,0,-3187 2784,0,-3188 2783,0,-3190 2783,0,-3191 2783,0,-3192 2783,0,-3194 2783,0,-3195 2783,0,-3197 2783,0,-3198 2782,0,-3199 2782,0,-3201 2782,0,-3202 2782,0,-3203 2782,0,-3205 2782,0,-3206 2783,0,-3207 2783,0,-3208 2783,0,-3210 2783,0,-3211 2783,0,-3212 2783,0,-3213 2783,0,-3214 2783,0,-3215 2784,0,-3216 2784,0,-3217 2784,0,-3218 2784,0,-3219 2784,0,-3220 2785,0,-3220 2785,0,-3221 2785,0,-3222 2785,0,-3222 2785,0,-3222 2785,0,-3223 2785,0,-3223 2786,0,-3223 2786,0,-3224 2786,0,-3224 2786,0,-3224 2786,0,-3224 2786,0,-3223 2785,0,-3223
mouvement 491e02f31f623c7a5d46026ad368f388 [bord droit] 2437,0,-2980 2434,0,-2987 2430,0,-2994 2427,0,-3001 2423,0,-3008 2420,0,-3015 2417,0,-3022 2414,0,-3030 2412,0,-3037 2409,0,-3044 2407,0,-3051 2404,0,-3059 2402,0,-3066 2400,0,-3073 2398,0,-3080 2396,0,-3088 2394,0,-3095 2393,0,-3102 2391,0,-3110 2390,0,-3117 2389,0,-3125 2388,0,-3132 2386,0,-3139 2386,0,-3147 2385,0,-3154 2384,0,-3162 2384,0,-3169 2383,0,-3177 2383,0,-3184 2383,0,-3192 2382,0,-3199 2382,0,-3207 2383,0,-3214 2383,0,-3222 2383,0,-3229 2384,0,-3237 2384,0,-3244 2385,0,-3252 2386,0,-3259 2387,0,-3267 2388,0,-3275 2389,0,-3282 2390,0,-3290 2392,0,-3298 2394,0,-3305 2395,0,-3313 2397,0,-3320 2399,0,-3328 2401,0,-3336 2404,0,-3343 2406,0,-3351 2409,0,-3358 2412,0,-3366 2415,0,-3374 2418,0,-3381 2421,0,-3389 2425,0,-3396 2429,0,-3404 2432,0,-3411 2437,0,-3419 2441,0,-3426
zone 406efc13fc2d5de520cbe34197314db3 [470e78565e75b89add119d1f7bf3d8b3 x 4edce9aa0d470704d0479247d72ff2be] 3641,0,-3647 ; 243,128,248
zone 45347e3ef39bcc64fdfccaf89295a4bd [470e78565e75b89add119d1f7bf3d8b3 x 4dfcc1af030746a1a7e376f814e03a81] 3717,0,-3615 ; 318,128,216
zone 48fd616bb1789845fc2043ad1f0ba7a5 [4469169721b83714f20e63d9fcfff484 x 453f130c460dc35e052c30714bec6c8e] 3203,0,-2571 ; 257,128,170
zone 4e24e297c4d1bd9139c77a07f6177abb [440c8e05722bb01491a4d57e00cd03a4 x 4469169721b83714f20e63d9fcfff484] 3162,0,-2507 ; 290,128,235
zone 4e2ebb271a55553f65fe7bc0087b7482 [491e02f31f623c7a5d46026ad368f388 x 4a5a12c19e62b4f853f928a3d4fb4c96] 2507,0,-3238 ; 235,128,290
zone 4fa896603af971df28394d41512e83b8 [4a5a12c19e62b4f853f928a3d4fb4c96 x 4a6aa7e11135c1ecb2cb26715ca8cab4] 2572,0,-3197 ; 170,128,257
controle 44924805a30ee7ba97a11b1d9b92919e [Uncontrolled, approche 4f8c2539b5152e69c8fe4d64939f96b9, 1 mouvements] 2400,0,-3400
controle 480071f81c9ce0ded1b93c6a043d7787 [Uncontrolled, approche 41d3971913a0bc729dacb328aaa17495, 2 mouvements] 3325,0,-2613
controle 481a5e58c50d4c4a68188022a32041a9 [Uncontrolled, approche 4e878e4befb474cfbdc785346bd6f6a4, 2 mouvements] 3527,0,-3703
controle 4997c37d1df9457fd9b6d871b5d9f580 [Uncontrolled, approche 4eb54bbcb45c5ab91993e545746f24a9, 1 mouvements] 3000,0,-2400
controle 4b9dc3fe78d50ce0ed024b340d1a5c9c [Uncontrolled, approche 4403c568617df5ea8f9a2fdf743748ad, 1 mouvements] 3907,0,-3624
controle 4cce28bd136319d98afaa9f310a74dbe [Uncontrolled, approche 4b5540b59d5cd5141bb4bb279d10fb96, 2 mouvements] 2613,0,-3075
