# pas fixes 941, pas decides 939, fixedDeltaTime 0.02 s, replis 1, d max au pas 0.1962 m (pose nominale cinematique), max v/v* 0.3423 (0 pas au-dessus), max ecart lateral 0.13 m, max |e| nominal 17.82 deg, max ecart de cap residuel 2.63 deg, NominalPoseInfeasible 0 pas, replanifications 0, contacts [], couple negatif en repli 0 ; temps steps 939 / frame+localisation mean 0.121 ms max 0.286 / route+horizon+mouvement mean 0.496 ms max 11.512 / plan de vitesse mean 0.541 ms max 11.349 / commande+composition mean 0.032 ms max 0.066
# replans: 
step	track	piece	element	s_route_m	d_step_m	v	vstar	lateral_m	heading_deg	fallback	reason	terminal	throttle	steer	brake_reverse	handbrake	min_drive_torque	binding	x	y	z	nominal_offset_deg	nominal_steer_deg	nominal_steer_rate_dps	nominal_feasible	grounded_wheels	roll_deg	pitch_deg
1	0	0	4f3543b1218b82af65b5b8fc58457fb3	0	0.00001	0	inf	0	0	0	None	None	0.09281	0	0	0	0	MaxAcceleration	-47.55635	0.13413	44.72792	0	0	0	1	4	0	0
2	0	0	4f3543b1218b82af65b5b8fc58457fb3	0	0.00001	0	inf	0	0	0	None	None	0.09281	0	0	0	148.5	MaxAcceleration	-47.55635	0.13042	44.72792	0	0	0	1	4	0	0
3	0	0	4f3543b1218b82af65b5b8fc58457fb3	0.00056	0.00009	0.02708	inf	0	0	0	None	None	0.08849	0	0	0	141.588	MaxAcceleration	-47.55595	0.12752	44.72752	0	0	0	1	4	0	0.00356
4	0	0	4f3543b1218b82af65b5b8fc58457fb3	0.00168	0.00024	0.05421	inf	0	0	0	None	None	0.06239	0	0	0	99.81738	MaxAcceleration	-47.55516	0.12545	44.72673	0	0	0	1	4	0	0.00959
5	0	0	4f3543b1218b82af65b5b8fc58457fb3	0.00332	0.00043	0.07996	inf	0	0	0	None	None	0.06574	0	0	0	99.81738	MaxAcceleration	-47.554	0.12418	44.72557	0	0	0	1	4	0	0.01695
6	0	0	4f3543b1218b82af65b5b8fc58457fb3	0.00532	0.0006	0.09798	inf	0	0.00001	0	None	None	0.06734	0	0	0	105.1813	MaxAcceleration	-47.55259	0.12367	44.72416	0	0	0	1	4	0	0.02386
7	0	0	4f3543b1218b82af65b5b8fc58457fb3	0.0077	0.00076	0.11687	inf	0	0.00001	0	None	None	0.06866	0	0	0	107.7388	MaxAcceleration	-47.55091	0.12384	44.72248	0	0	0	1	4	0	0.03019
8	0	0	4f3543b1218b82af65b5b8fc58457fb3	0.01046	0.0009	0.13616	inf	0	0.00001	0	None	None	0.06976	0	0	0	109.8501	MaxAcceleration	-47.54895	0.12459	44.72052	0	0	0	1	4	0	0.0358
9	0	0	4f3543b1218b82af65b5b8fc58457fb3	0.0136	0.00102	0.15574	inf	0	0.00001	0	None	None	0.07072	0	0	0	111.6223	MaxAcceleration	-47.54673	0.1258	44.7183	0	0	0	1	4	0	0.04061
10	0	0	4f3543b1218b82af65b5b8fc58457fb3	0.01714	0.00112	0.17556	inf	0	0.00001	0	None	None	0.07157	-0.00001	0	0	113.1566	MaxAcceleration	-47.54424	0.12738	44.7158	0	0	0	1	4	0	0.0446
11	0	0	4f3543b1218b82af65b5b8fc58457fb3	0.02107	0.0012	0.19556	inf	0	0	0	None	None	0.07235	0	0	0	114.5185	MaxAcceleration	-47.54145	0.1292	44.71302	0	0	0	1	4	0	0.04778
12	0	0	4f3543b1218b82af65b5b8fc58457fb3	0.0254	0.00126	0.21571	inf	0	0.00001	0	None	None	0.07306	0	0	0	115.7522	MaxAcceleration	-47.53839	0.13115	44.70996	0	0	0	1	4	0	0.05021
13	0	0	4f3543b1218b82af65b5b8fc58457fb3	0.03013	0.00131	0.23598	inf	0	0	0	None	None	0.07372	0	0	0	116.8882	MaxAcceleration	-47.53505	0.13314	44.70662	0	0	0	1	4	0	0.05196
14	0	0	4f3543b1218b82af65b5b8fc58457fb3	0.03526	0.00134	0.25635	inf	0	0	0	None	None	0.07434	0	0	0	117.9485	MaxAcceleration	-47.53142	0.13507	44.70299	0	0	0	1	4	0	0.05311
15	0	0	4f3543b1218b82af65b5b8fc58457fb3	0.0408	0.00135	0.27679	inf	0	0	0	None	None	0.07494	0	0	0	118.9487	MaxAcceleration	-47.5275	0.13688	44.69907	0	0	0	1	4	0	0.05377
16	0	0	4f3543b1218b82af65b5b8fc58457fb3	0.04675	0.00136	0.29731	inf	0	0	0	None	None	0.07551	0	0	0	119.901	MaxAcceleration	-47.5233	0.13849	44.69487	0	0	0	1	4	0	0.05402
17	0	0	4f3543b1218b82af65b5b8fc58457fb3	0.05311	0.00136	0.31789	inf	0	0	0	None	None	0.07606	0	0	0	120.8145	MaxAcceleration	-47.5188	0.13987	44.69037	0	0	0	1	4	0	0.05398
18	0	0	4f3543b1218b82af65b5b8fc58457fb3	0.05988	0.00135	0.33852	inf	0	0	0	None	None	0.07659	0	0	0	121.6958	MaxAcceleration	-47.51401	0.141	44.68558	0	0	0	1	4	0	0.05371
19	0	0	4f3543b1218b82af65b5b8fc58457fb3	0.06706	0.00134	0.3592	inf	0	0	0	None	None	0.07711	0	0	0	122.5506	MaxAcceleration	-47.50893	0.14184	44.6805	0	0	0	1	4	0	0.05332
20	0	0	4f3543b1218b82af65b5b8fc58457fb3	0.07465	0.00133	0.37992	inf	0	0	0	None	None	0.07762	0	0	0	123.383	MaxAcceleration	-47.50356	0.14242	44.67513	0	0	0	1	4	0	0.05285
21	0	0	4f3543b1218b82af65b5b8fc58457fb3	0.08266	0.00132	0.40068	inf	0	0	0	None	None	0.07812	0	0	0	124.1967	MaxAcceleration	-47.4979	0.14273	44.66947	0	0	0	1	4	0	0.05238
22	0	0	4f3543b1218b82af65b5b8fc58457fb3	0.09109	0.00131	0.42147	inf	0	0	0	None	None	0.07861	0	0	0	124.9945	MaxAcceleration	-47.49194	0.1428	44.66351	0	0	0	1	4	0	0.05194
23	0	0	4f3543b1218b82af65b5b8fc58457fb3	0.09993	0.0013	0.4423	inf	0	0.00001	0	None	None	0.07909	0	0	0	125.7786	MaxAcceleration	-47.48569	0.14266	44.65726	0	0	0	1	4	0	0.05156
24	0	0	4f3543b1218b82af65b5b8fc58457fb3	0.1092	0.00129	0.46315	inf	0	0	0	None	None	0.07957	0	0	0	126.5509	MaxAcceleration	-47.47914	0.14235	44.65071	0	0	0	1	4	0	0.05128
25	0	0	4f3543b1218b82af65b5b8fc58457fb3	0.11887	0.00128	0.48404	inf	0	0.00001	0	None	None	0.08004	0	0	0	127.3129	MaxAcceleration	-47.47229	0.14189	44.64386	0	0	0	1	4	0	0.05111
26	0	0	4f3543b1218b82af65b5b8fc58457fb3	0.12897	0.00128	0.50494	inf	0	0	0	None	None	0.08051	0	0	0	128.0663	MaxAcceleration	-47.46515	0.14132	44.63672	0	0	0	1	4	0	0.05105
27	0	0	4f3543b1218b82af65b5b8fc58457fb3	0.13949	0.00128	0.52587	inf	0	0.00001	0	None	None	0.08097	0	0	0	128.8117	MaxAcceleration	-47.45771	0.1407	44.62928	0	0	0	1	4	0	0.0511
28	0	0	4f3543b1218b82af65b5b8fc58457fb3	0.15043	0.00129	0.54682	inf	0	0	0	None	None	0.08143	0	0	0	129.5502	MaxAcceleration	-47.44998	0.14004	44.62155	0	0	0	1	4	0	0.05126
29	0	0	4f3543b1218b82af65b5b8fc58457fb3	0.16178	0.00129	0.56779	inf	0	0.00001	0	None	None	0.08188	0	0	0	130.283	MaxAcceleration	-47.44195	0.13938	44.61352	0	0	0	1	4	0	0.05151
30	0	0	4f3543b1218b82af65b5b8fc58457fb3	0.17357	0.00131	0.58878	inf	0	0	0	None	None	0.08233	0	0	0	131.0102	MaxAcceleration	-47.43362	0.13876	44.60519	0	0	0	1	4	0	0.05184
31	0	0	4f3543b1218b82af65b5b8fc58457fb3	0.18576	0.00131	0.60979	inf	0	0	0	None	None	0.08278	0	0	0	131.733	MaxAcceleration	-47.425	0.13818	44.59657	0	0	0	1	4	0	0.05225
32	0	0	4f3543b1218b82af65b5b8fc58457fb3	0.19839	0.00133	0.63082	inf	0	0	0	None	None	0.08323	0	0	0	132.4517	MaxAcceleration	-47.41607	0.13768	44.58764	0	0	0	1	4	0	0.05271
33	0	0	4f3543b1218b82af65b5b8fc58457fb3	0.21143	0.00134	0.65187	inf	0	0	0	None	None	0.08367	0	0	0	133.1671	MaxAcceleration	-47.40685	0.13725	44.57842	0	0	0	1	4	0	0.05321
34	0	0	4f3543b1218b82af65b5b8fc58457fb3	0.22489	0.00135	0.67294	inf	0	0	0	None	None	0.08412	0	0	0	133.8788	MaxAcceleration	-47.39733	0.13692	44.5689	0	0	0	1	4	0	0.05373
35	0	0	4f3543b1218b82af65b5b8fc58457fb3	0.23877	0.00136	0.69403	inf	0	0	0	None	None	0.08456	0	0	0	134.5879	MaxAcceleration	-47.38751	0.13667	44.55908	0	0	0	1	4	0	0.05427
36	0	0	4f3543b1218b82af65b5b8fc58457fb3	0.25308	0.00138	0.71513	inf	0	0	0	None	None	0.085	0	0	0	135.2942	MaxAcceleration	-47.3774	0.13652	44.54897	0	0	0	1	4	0	0.0548
37	0	0	4f3543b1218b82af65b5b8fc58457fb3	0.26781	0.00139	0.73624	inf	0	0	0	None	None	0.08544	0	0	0	135.9985	MaxAcceleration	-47.36698	0.13645	44.53855	0	0	0	1	4	0	0.05533
38	0	0	4f3543b1218b82af65b5b8fc58457fb3	0.28296	0.00141	0.75737	inf	0	0	0	None	None	0.08588	0	0	0	136.7004	MaxAcceleration	-47.35627	0.13646	44.52784	0	0	0	1	4	0	0.05584
39	0	0	4f3543b1218b82af65b5b8fc58457fb3	0.29853	0.00142	0.77851	inf	0	0	0	None	None	0.08631	0	0	0	137.4009	MaxAcceleration	-47.34526	0.13653	44.51683	0	0	0	1	4	0	0.05632
40	0	0	4f3543b1218b82af65b5b8fc58457fb3	0.31453	0.00143	0.79967	inf	0	0	0	None	None	0.08675	0	0	0	138.0994	MaxAcceleration	-47.33395	0.13666	44.50552	0	0	0	1	4	0	0.05678
41	0	0	4f3543b1218b82af65b5b8fc58457fb3	0.33095	0.00144	0.82084	inf	0	0	0	None	None	0.08718	0	0	0	138.7966	MaxAcceleration	-47.32233	0.13683	44.4939	0	0	0	1	4	0	0.0572
42	0	0	4f3543b1218b82af65b5b8fc58457fb3	0.34779	0.00145	0.84202	inf	0	0	0	None	None	0.08762	0	0	0	139.4926	MaxAcceleration	-47.31042	0.13702	44.48199	0	0	0	1	4	0	0.0576
43	0	0	4f3543b1218b82af65b5b8fc58457fb3	0.36506	0.00146	0.86322	inf	0	0	0	None	None	0.08805	0	0	0	140.1873	MaxAcceleration	-47.29821	0.13724	44.46978	0	0	0	1	4	0	0.05796
44	0	0	4f3543b1218b82af65b5b8fc58457fb3	0.38275	0.00147	0.88443	inf	0	0	0	None	None	0.08848	0	0	0	140.8811	MaxAcceleration	-47.28571	0.13746	44.45728	0	0	0	1	4	0	0.05829
45	0	0	4f3543b1218b82af65b5b8fc58457fb3	0.40086	0.00147	0.90564	inf	0	0	0	None	None	0.08892	0	0	0	141.5741	MaxAcceleration	-47.2729	0.13767	44.44447	0	0	0	1	4	0	0.0586
46	0	0	4f3543b1218b82af65b5b8fc58457fb3	0.4194	0.00148	0.92687	inf	0	0	0	None	None	0.08935	0	0	0	142.266	MaxAcceleration	-47.25979	0.13787	44.43136	0	0	0	1	4	0	0.05889
47	0	0	4f3543b1218b82af65b5b8fc58457fb3	0.43837	0.00149	0.94811	inf	0	0	0	None	None	0.08978	0	0	0	142.9576	MaxAcceleration	-47.24638	0.13805	44.41795	0	0	0	1	4	0	0.05916
48	0	0	4f3543b1218b82af65b5b8fc58457fb3	0.45775	0.00149	0.96937	inf	0	0	0	None	None	0.09021	0	0	0	143.6483	MaxAcceleration	-47.23267	0.13821	44.40424	0	0	0	1	4	0	0.05942
49	0	0	4f3543b1218b82af65b5b8fc58457fb3	0.47757	0.0015	0.99063	inf	0	0	0	None	None	0.09064	0	0	0	144.3389	MaxAcceleration	-47.21865	0.13834	44.39022	0	0	0	1	4	0	0.05967
50	0	0	4f3543b1218b82af65b5b8fc58457fb3	0.49781	0.00151	1.0119	inf	0	0	0	None	None	0.09107	0	0	0	145.0288	MaxAcceleration	-47.20435	0.13844	44.37592	0	0	0	1	4	0	0.05991
51	0	0	4f3543b1218b82af65b5b8fc58457fb3	0.51847	0.00151	1.03319	inf	0	0	0	None	None	0.0915	0	0	0	145.7184	MaxAcceleration	-47.18974	0.13851	44.36131	0	0	0	1	4	0	0.06015
52	0	0	4f3543b1218b82af65b5b8fc58457fb3	0.53956	0.00152	1.05448	inf	0	0	0	None	None	0.09194	0	0	0	146.4078	MaxAcceleration	-47.17482	0.13855	44.34639	0	0	0	1	4	0	0.06039
53	0	0	4f3543b1218b82af65b5b8fc58457fb3	0.56108	0.00152	1.07579	inf	0	0	0	None	None	0.09237	0	0	0	147.0969	MaxAcceleration	-47.15961	0.13856	44.33118	0	0	0	1	4	0	0.06063
54	0	0	4f3543b1218b82af65b5b8fc58457fb3	0.58302	0.00153	1.0971	inf	0	0	0	None	None	0.0928	0	0	0	147.7863	MaxAcceleration	-47.14409	0.13855	44.31566	0	0	0	1	4	0	0.06089
55	0	0	4f3543b1218b82af65b5b8fc58457fb3	0.60539	0.00154	1.11843	inf	0	0	0	None	None	0.09323	0	0	0	148.4755	MaxAcceleration	-47.12828	0.13851	44.29985	0	0	0	1	4	0	0.06115
56	0	0	4f3543b1218b82af65b5b8fc58457fb3	0.62819	0.00155	1.13977	inf	0	0	0	None	None	0.09366	0	0	0	149.1644	MaxAcceleration	-47.11216	0.13847	44.28373	0	0	0	1	4	0	0.06142
57	0	0	4f3543b1218b82af65b5b8fc58457fb3	0.65141	0.00155	1.16111	inf	0	0	0	None	None	0.09409	0	0	0	149.8535	MaxAcceleration	-47.09573	0.13841	44.2673	0	0	0	1	4	0	0.06169
58	0	0	4f3543b1218b82af65b5b8fc58457fb3	0.67506	0.00156	1.18247	inf	0	0	0	None	None	0.09452	0	0	0	150.5424	MaxAcceleration	-47.07901	0.13834	44.25058	0	0	0	1	4	0	0.06198
59	0	0	4f3543b1218b82af65b5b8fc58457fb3	0.69914	0.00157	1.20384	inf	0	0	0	None	None	0.09495	0	0	0	151.2316	MaxAcceleration	-47.06198	0.13826	44.23355	0	0	0	1	4	0	0.06228
60	0	0	4f3543b1218b82af65b5b8fc58457fb3	0.72365	0.00158	1.22522	inf	0	0	0	None	None	0.09538	0	0	0	151.9212	MaxAcceleration	-47.04465	0.13819	44.21622	0	0	0	1	4	0	0.06259
61	0	0	4f3543b1218b82af65b5b8fc58457fb3	0.74858	0.00158	1.24661	inf	0	0	0	None	None	0.09581	0	0	0	152.611	MaxAcceleration	-47.02702	0.13812	44.19859	0	0	0	1	4	0	0.0629
62	0	0	4f3543b1218b82af65b5b8fc58457fb3	0.77395	0.00159	1.26801	inf	0	0	0	None	None	0.09624	0	0	0	153.3005	MaxAcceleration	-47.00909	0.13806	44.18066	0	0	0	1	4	0	0.06322
63	0	0	4f3543b1218b82af65b5b8fc58457fb3	0.79974	0.0016	1.28941	inf	0	0.00001	0	None	None	0.09668	0	0	0	153.991	MaxAcceleration	-46.99085	0.138	44.16242	0	0	0	1	4	0	0.06355
64	0	0	4f3543b1218b82af65b5b8fc58457fb3	0.82595	0.00161	1.31083	inf	0	0.00001	0	None	None	0.09711	0	0	0	154.6811	MaxAcceleration	-46.97231	0.13795	44.14388	0	0	0	1	4	0	0.06388
65	0	0	4f3543b1218b82af65b5b8fc58457fb3	0.8526	0.00162	1.33226	inf	0	0.00001	0	None	None	0.09754	0	0	0	155.3722	MaxAcceleration	-46.95347	0.13791	44.12504	0	0	0	1	4	0	0.06421
66	0	0	4f3543b1218b82af65b5b8fc58457fb3	0.87968	0.00162	1.3537	inf	0	0.00001	0	None	None	0.09797	0	0	0	156.0629	MaxAcceleration	-46.93432	0.13789	44.10589	0	0	0	1	4	0	0.06455
67	0	0	4f3543b1218b82af65b5b8fc58457fb3	0.90718	0.00163	1.37515	inf	0	0.00001	0	None	None	0.0984	0	0	0	156.7546	MaxAcceleration	-46.91488	0.13787	44.08644	0	0	0	1	4	0	0.06488
68	0	0	4f3543b1218b82af65b5b8fc58457fb3	0.93512	0.00164	1.39661	inf	0	0.00001	0	None	None	0.09884	0	0	0	157.4466	MaxAcceleration	-46.89512	0.13786	44.06669	0	0	0	1	4	0	0.06521
69	0	0	4f3543b1218b82af65b5b8fc58457fb3	0.96348	0.00165	1.41808	inf	0	0.00001	0	None	None	0.09927	0	0	0	158.1394	MaxAcceleration	-46.87506	0.13786	44.04663	0	0	0	1	4	0	0.06555
70	0	0	4f3543b1218b82af65b5b8fc58457fb3	0.99228	0.00166	1.43956	inf	0	0	0	None	None	0.0997	0	0	0	158.832	MaxAcceleration	-46.8547	0.13786	44.02627	0	0	0	1	4	0	0.06587
71	0	0	4f3543b1218b82af65b5b8fc58457fb3	1.02151	0.00166	1.46105	inf	0	0.00001	0	None	None	0.10014	0	0	0	159.5255	MaxAcceleration	-46.83404	0.13788	44.00561	0	0	0	1	4	0	0.0662
72	0	0	4f3543b1218b82af65b5b8fc58457fb3	1.05115	0.00167	1.48256	inf	0	0.00001	0	None	None	0.10057	0	0	0	160.2192	MaxAcceleration	-46.81307	0.13789	43.98464	0	0	0	1	4	0	0.06652
73	0	0	4f3543b1218b82af65b5b8fc58457fb3	1.08124	0.00168	1.50407	inf	0	0.00001	0	None	None	0.10101	0	0	0	160.9139	MaxAcceleration	-46.7918	0.13792	43.96337	0	0	0	1	4	0	0.06684
74	0	0	4f3543b1218b82af65b5b8fc58457fb3	1.11175	0.00169	1.52559	inf	0	0.00001	0	None	None	0.10144	0	0	0	161.6089	MaxAcceleration	-46.77022	0.13794	43.94179	0	0	0	1	4	0	0.06716
75	0	0	4f3543b1218b82af65b5b8fc58457fb3	1.1427	0.0017	1.54712	inf	0	0.00001	0	None	None	0.10188	0	0	0	162.3047	MaxAcceleration	-46.74834	0.13796	43.91991	0	0	0	1	4	0	0.06747
76	0	0	4f3543b1218b82af65b5b8fc58457fb3	1.17408	0.0017	1.56866	inf	0	0.00001	0	None	None	0.10231	0	0	0	163.0009	MaxAcceleration	-46.72615	0.13799	43.89772	0	0	0	1	4	0	0.06778
77	0	0	4f3543b1218b82af65b5b8fc58457fb3	1.20588	0.00171	1.59021	inf	0	0.00001	0	None	None	0.10275	0	0	0	163.698	MaxAcceleration	-46.70367	0.13801	43.87524	0	0	0	1	4	0	0.06809
78	0	0	4f3543b1218b82af65b5b8fc58457fb3	1.23811	0.00172	1.61178	inf	0	0.00001	0	None	None	0.10318	0	0	0	164.3954	MaxAcceleration	-46.68087	0.13803	43.85244	0	0	0	1	4	0	0.0684
79	0	0	4f3543b1218b82af65b5b8fc58457fb3	1.27078	0.00173	1.63335	inf	0	0	0	None	None	0.10362	0	0	0	165.0938	MaxAcceleration	-46.65777	0.13805	43.82934	0	0	0	1	4	0	0.0687
80	0	0	4f3543b1218b82af65b5b8fc58457fb3	1.30388	0.00173	1.65494	inf	0	0.00001	0	None	None	0.10406	0	0	0	165.793	MaxAcceleration	-46.63437	0.13806	43.80594	0	0	0	1	4	0	0.06901
81	0	0	4f3543b1218b82af65b5b8fc58457fb3	1.33741	0.00174	1.67653	inf	0	0.00001	0	None	None	0.1045	0	0	0	166.4925	MaxAcceleration	-46.61066	0.13807	43.78223	0	0	0	1	4	0	0.06931
82	0	0	4f3543b1218b82af65b5b8fc58457fb3	1.37137	0.00175	1.69814	inf	0	0.00001	0	None	None	0.10493	0	0	0	167.193	MaxAcceleration	-46.58664	0.13808	43.75821	0	0	0	1	4	0	0.06962
83	0	0	4f3543b1218b82af65b5b8fc58457fb3	1.40577	0.00176	1.71976	inf	0	0.00001	0	None	None	0.10537	0	0	0	167.8944	MaxAcceleration	-46.56232	0.13809	43.73389	0	0	0	1	4	0	0.06992
84	0	0	4f3543b1218b82af65b5b8fc58457fb3	1.44061	0.00177	1.74138	inf	0	0	0	None	None	0.10581	0	0	0	168.5961	MaxAcceleration	-46.53769	0.13809	43.70926	0	0	0	1	4	0	0.07022
85	0	0	4f3543b1218b82af65b5b8fc58457fb3	1.47587	0.00177	1.76302	inf	0	0.00001	0	None	None	0.10625	0	0	0	169.2993	MaxAcceleration	-46.51276	0.13809	43.68433	0	0	0	1	4	0	0.07053
86	0	0	4f3543b1218b82af65b5b8fc58457fb3	1.51156	0.00178	1.78467	inf	0	0.00001	0	None	None	0.10669	0	0	0	170.0029	MaxAcceleration	-46.48752	0.13809	43.65909	0	0	0	1	4	0	0.07084
87	0	0	4f3543b1218b82af65b5b8fc58457fb3	1.54769	0.00179	1.80634	inf	0	0.00001	0	None	None	0.10713	0	0	0	170.7074	MaxAcceleration	-46.46197	0.13808	43.63354	0	0	0	1	4	0	0.07115
88	0	0	4f3543b1218b82af65b5b8fc58457fb3	1.58425	0.0018	1.82801	inf	0	0.00001	0	None	None	0.10757	0	0	0	171.4128	MaxAcceleration	-46.43612	0.13807	43.60769	0	0	0	1	4	0	0.07146
89	0	0	4f3543b1218b82af65b5b8fc58457fb3	1.62124	0.0018	1.84969	inf	0	0.00001	0	None	None	0.10802	0	0	0	172.1192	MaxAcceleration	-46.40996	0.13807	43.58153	0	0	0	1	4	0	0.07177
90	0	0	4f3543b1218b82af65b5b8fc58457fb3	1.65868	0.00181	1.87139	inf	0	0.00001	0	None	None	0.10846	0	0	0	172.8265	MaxAcceleration	-46.38349	0.13806	43.55506	0	0	0	1	4	0	0.07208
91	0	0	4f3543b1218b82af65b5b8fc58457fb3	1.69654	0.00182	1.8931	inf	0	0.00001	0	None	None	0.1089	0	0	0	173.5347	MaxAcceleration	-46.35672	0.13805	43.52829	0	0	0	1	4	0	0.0724
92	0	0	4f3543b1218b82af65b5b8fc58457fb3	1.73484	0.00183	1.91482	inf	0	0.00001	0	None	None	0.10935	0	0	0	174.2439	MaxAcceleration	-46.32964	0.13804	43.50121	0	0	0	1	4	0	0.07272
93	0	0	4f3543b1218b82af65b5b8fc58457fb3	1.77357	0.00184	1.93655	inf	0	0.00001	0	None	None	0.10979	0	0	0	174.954	MaxAcceleration	-46.30225	0.13804	43.47382	0	0	0	1	4	0	0.07303
94	0	0	4f3543b1218b82af65b5b8fc58457fb3	1.81274	0.00185	1.9583	inf	0	0.00001	0	None	None	0.11024	0	0	0	175.6657	MaxAcceleration	-46.27455	0.13803	43.44612	0	0	0	1	4	0	0.07335
95	0	0	4f3543b1218b82af65b5b8fc58457fb3	1.85234	0.00185	1.98005	inf	0	0.00001	0	None	None	0.11068	0	0	0	176.3777	MaxAcceleration	-46.24655	0.13802	43.41812	0	0	0	1	4	0	0.07367
96	0	0	4f3543b1218b82af65b5b8fc58457fb3	1.89238	0.00186	2.00182	inf	0	0.00001	0	None	None	0.11113	0	0	0	177.0907	MaxAcceleration	-46.21824	0.13802	43.3898	0	0	0	1	4	0	0.07399
97	0	0	4f3543b1218b82af65b5b8fc58457fb3	1.93285	0.00187	2.0236	inf	0	0.00001	0	None	None	0.11158	0	0	0	177.8052	MaxAcceleration	-46.18962	0.13802	43.36119	0	0	0	1	4	0	0.07431
98	0	0	4f3543b1218b82af65b5b8fc58457fb3	1.97377	0.00188	2.04539	inf	0	0.00001	0	None	None	0.11202	0	0	0	178.5202	MaxAcceleration	-46.16069	0.13801	43.33226	0	0	0	1	4	0	0.07464
99	0	0	4f3543b1218b82af65b5b8fc58457fb3	2.01511	0.00189	2.0672	inf	0	0	0	None	None	0.11247	0	0	0	179.2366	MaxAcceleration	-46.13145	0.13801	43.30302	0	0	0	1	4	0	0.07496
100	0	0	4f3543b1218b82af65b5b8fc58457fb3	2.0569	0.00189	2.08902	inf	0	0.00001	0	None	None	0.11292	0	0	0	179.9547	MaxAcceleration	-46.10191	0.13801	43.27348	0	0	0	1	4	0	0.07528
101	0	0	4f3543b1218b82af65b5b8fc58457fb3	2.09912	0.0019	2.11085	inf	0	0	0	None	None	0.11337	0	0	0	180.6731	MaxAcceleration	-46.07205	0.13801	43.24362	0	0	0	1	4	0	0.0756
102	0	0	4f3543b1218b82af65b5b8fc58457fb3	2.14177	0.00191	2.1327	inf	0	0.00001	0	None	None	0.11382	0	0	0	181.3931	MaxAcceleration	-46.04189	0.13801	43.21346	0	0	0	1	4	0	0.07592
103	0	0	4f3543b1218b82af65b5b8fc58457fb3	2.18487	0.00192	2.15455	inf	0	0	0	None	None	0.11427	0	0	0	182.1147	MaxAcceleration	-46.01142	0.13802	43.18299	0	0	0	1	4	0	0.07625
104	0	0	4f3543b1218b82af65b5b8fc58457fb3	2.2284	0.00193	2.17643	inf	0	0.00001	0	None	None	0.11473	0	0	0	182.8366	MaxAcceleration	-45.98063	0.13802	43.1522	0	0	0	1	4	0	0.07657
105	0	0	4f3543b1218b82af65b5b8fc58457fb3	2.27237	0.00193	2.19831	inf	0	0	0	None	None	0.11518	0	0	0	183.5614	MaxAcceleration	-45.94954	0.13802	43.12111	0	0	0	1	4	0	0.07689
106	0	0	4f3543b1218b82af65b5b8fc58457fb3	2.31677	0.00194	2.22021	inf	0	0.00001	0	None	None	0.11563	0	0	0	184.2853	MaxAcceleration	-45.91814	0.13802	43.08971	0	0	0	1	4	0	0.07721
107	0	0	4f3543b1218b82af65b5b8fc58457fb3	2.36162	0.00195	2.24212	inf	0	0	0	None	None	0.11609	0	0	0	185.0121	MaxAcceleration	-45.88643	0.13803	43.058	0	0	0	1	4	0	0.07754
108	0	0	4f3543b1218b82af65b5b8fc58457fb3	2.4069	0.00196	2.26405	inf	0	0.00001	0	None	None	0.11654	0	0	0	185.7392	MaxAcceleration	-45.85442	0.13803	43.02599	0	0	0	1	4	0	0.07786
109	0	0	4f3543b1218b82af65b5b8fc58457fb3	2.45263	0.00197	2.28599	inf	0	0	0	None	None	0.117	0	0	0	186.468	MaxAcceleration	-45.82208	0.13803	42.99365	0	0	0	1	4	0	0.07818
110	0	0	4f3543b1218b82af65b5b8fc58457fb3	2.49878	0.00197	2.30794	inf	0	0.00001	0	None	None	0.11746	0	0	0	187.1983	MaxAcceleration	-45.78944	0.13803	42.96101	0	0	0	1	4	0	0.0785
111	0	0	4f3543b1218b82af65b5b8fc58457fb3	2.54538	0.00198	2.32991	inf	0	0	0	None	None	0.11792	0	0	0	187.9303	MaxAcceleration	-45.75649	0.13803	42.92806	0	0	0	1	4	0	0.07883
112	0	0	4f3543b1218b82af65b5b8fc58457fb3	2.59243	0.00199	2.3519	inf	0	0.00001	0	None	None	0.11837	0	0	0	188.664	MaxAcceleration	-45.72323	0.13804	42.8948	0	0	0	1	4	0	0.07915
113	0	0	4f3543b1218b82af65b5b8fc58457fb3	2.63991	0.002	2.3739	inf	0	0	0	None	None	0.11883	0	0	0	189.398	MaxAcceleration	-45.68966	0.13804	42.86123	0	0	0	1	4	0	0.07948
114	0	0	4f3543b1218b82af65b5b8fc58457fb3	2.68782	0.00201	2.39591	inf	0	0.00001	0	None	None	0.1193	0	0	0	190.1349	MaxAcceleration	-45.65577	0.13804	42.82734	0	0	0	1	4	0	0.0798
115	0	0	4f3543b1218b82af65b5b8fc58457fb3	2.73619	0.00201	2.41794	inf	0	0	0	None	None	0.11976	0	0	0	190.8722	MaxAcceleration	-45.62157	0.13804	42.79314	0	0	0	1	4	0	0.08013
116	0	0	4f3543b1218b82af65b5b8fc58457fb3	2.78499	0.00202	2.43999	inf	0	0.00001	0	None	None	0.12022	0	0	0	191.6112	MaxAcceleration	-45.58707	0.13804	42.75864	0	0	0	1	4	0	0.08045
117	0	0	4f3543b1218b82af65b5b8fc58457fb3	2.83423	0.00203	2.46205	inf	0	0	0	None	None	0.12068	0	0	0	192.3518	MaxAcceleration	-45.55225	0.13804	42.72382	0	0	0	1	4	0	0.08078
118	0	0	4f3543b1218b82af65b5b8fc58457fb3	2.88391	0.00204	2.48412	inf	0	0.00001	0	None	None	0.12115	0	0	0	193.0941	MaxAcceleration	-45.51712	0.13804	42.68869	0	0	0	1	4	0	0.08111
119	0	0	4f3543b1218b82af65b5b8fc58457fb3	2.93404	0.00205	2.50622	inf	0	0	0	None	None	0.12162	0	0	0	193.8392	MaxAcceleration	-45.48167	0.13804	42.65324	0	0	0	1	4	0	0.08144
120	0	0	4f3543b1218b82af65b5b8fc58457fb3	2.98461	0.00206	2.52833	inf	0	0.00001	0	None	None	0.12208	0	0	0	194.5848	MaxAcceleration	-45.44592	0.13804	42.61749	0	0	0	1	4	0	0.08177
121	0	0	4f3543b1218b82af65b5b8fc58457fb3	3.03561	0.00207	2.55045	inf	0	0	0	None	None	0.12255	0	0	0	195.3321	MaxAcceleration	-45.40985	0.13803	42.58142	0	0	0	1	4	0	0.0821
122	0	0	4f3543b1218b82af65b5b8fc58457fb3	3.08706	0.00207	2.5726	inf	0	0	0	None	None	0.12302	0	0	0	196.0811	MaxAcceleration	-45.37347	0.13803	42.54504	0	0	0	1	4	0	0.08243
123	0	0	4f3543b1218b82af65b5b8fc58457fb3	3.13896	0.00208	2.59476	inf	0	0	0	None	None	0.12349	0	0	0	196.8317	MaxAcceleration	-45.33677	0.13803	42.50834	0	0	0	1	4	0	0.08276
124	0	0	4f3543b1218b82af65b5b8fc58457fb3	3.1913	0.00209	2.61693	inf	0	0	0	None	None	0.12396	0	0	0	197.5853	MaxAcceleration	-45.29976	0.13803	42.47133	0	0	0	1	4	0	0.0831
125	0	0	4f3543b1218b82af65b5b8fc58457fb3	3.24409	0.0021	2.63913	inf	0	0	0	None	None	0.12444	0	0	0	198.3405	MaxAcceleration	-45.26244	0.13803	42.43401	0	0	0	1	4	0	0.08343
126	0	0	4f3543b1218b82af65b5b8fc58457fb3	3.29732	0.00211	2.66134	inf	0	0	0	None	None	0.12491	0	0	0	199.0962	MaxAcceleration	-45.2248	0.13803	42.39637	0	0	0	1	4	0	0.08377
127	0	0	4f3543b1218b82af65b5b8fc58457fb3	3.35099	0.00211	2.68357	inf	0	0	0	None	None	0.12539	0	0	0	199.8561	MaxAcceleration	-45.18684	0.13803	42.35841	0	0	0	1	4	0	0.0841
128	0	0	4f3543b1218b82af65b5b8fc58457fb3	3.40511	0.00213	2.70582	inf	0	0	0	None	None	0.12586	0	0	0	200.6165	MaxAcceleration	-45.14857	0.13803	42.32014	0	0	0	1	4	0	0.08444
129	0	0	4f3543b1218b82af65b5b8fc58457fb3	3.45967	0.00213	2.72808	inf	0	0	0	None	None	0.12634	0	0	0	201.3798	MaxAcceleration	-45.10999	0.13803	42.28156	0	0	0	1	4	0	0.08477
130	0	0	4f3543b1218b82af65b5b8fc58457fb3	3.51468	0.00214	2.75037	inf	0	0	0	None	None	0.12682	0	0	0	202.1436	MaxAcceleration	-45.0711	0.13803	42.24267	0	0	0	1	4	0	0.08511
131	0	0	4f3543b1218b82af65b5b8fc58457fb3	3.57014	0.00215	2.77267	inf	0	0	0	None	None	0.1273	0	0	0	202.9116	MaxAcceleration	-45.03188	0.13803	42.20345	0	0	0	1	4	0	0.08545
132	0	0	4f3543b1218b82af65b5b8fc58457fb3	3.62604	0.00216	2.795	inf	0	0.00001	0	None	None	0.12778	0	0	0	203.6802	MaxAcceleration	-44.99236	0.13803	42.16393	0	0	0	1	4	0	0.08579
133	0	0	4f3543b1218b82af65b5b8fc58457fb3	3.68239	0.00217	2.81734	inf	0	0	0	None	None	0.12827	0	0	0	204.4517	MaxAcceleration	-44.95251	0.13803	42.12408	0	0	0	1	4	0	0.08613
134	0	0	4f3543b1218b82af65b5b8fc58457fb3	3.73919	0.00218	2.83971	inf	0	0	0	None	None	0.12875	0	0	0	205.2262	MaxAcceleration	-44.91235	0.13803	42.08392	0	0	0	1	4	0	0.08647
135	0	0	4f3543b1218b82af65b5b8fc58457fb3	3.79643	0.00218	2.86209	inf	0	0	0	None	None	0.12924	0	0	0	206.0025	MaxAcceleration	-44.87187	0.13803	42.04344	0	0	0	1	4	0	0.08681
136	0	0	4f3543b1218b82af65b5b8fc58457fb3	3.85413	0.00219	2.8845	inf	0	0	0	None	None	0.12973	0	0	0	206.7817	MaxAcceleration	-44.83107	0.13803	42.00264	0	0	0	1	4	0	0.08716
137	0	0	4f3543b1218b82af65b5b8fc58457fb3	3.91227	0.0022	2.90692	inf	0	0.00001	0	None	None	0.13022	0	0	0	207.5627	MaxAcceleration	-44.78996	0.13803	41.96153	0	0	0	1	4	0	0.0875
138	0	0	4f3543b1218b82af65b5b8fc58457fb3	3.97086	0.00221	2.92937	inf	0	0	0	None	None	0.13071	0	0	0	208.3468	MaxAcceleration	-44.74853	0.13803	41.9201	0	0	0	1	4	0	0.08784
139	0	0	4f3543b1218b82af65b5b8fc58457fb3	4.0299	0.00222	2.95184	inf	0	0	0	None	None	0.1312	0	0	0	209.1327	MaxAcceleration	-44.70678	0.13803	41.87835	0	0	0	1	4	0	0.08819
140	0	0	4f3543b1218b82af65b5b8fc58457fb3	4.08939	0.00223	2.97433	inf	0	0.00001	0	None	None	0.1317	0	0	0	209.9216	MaxAcceleration	-44.66472	0.13803	41.83629	0	0	0	1	4	0	0.08854
141	0	0	4f3543b1218b82af65b5b8fc58457fb3	4.14933	0.00224	2.99684	inf	0	0	0	None	None	0.13219	0	0	0	210.7135	MaxAcceleration	-44.62233	0.13803	41.7939	0	0	0	1	4	0	0.08888
142	0	0	4f3543b1218b82af65b5b8fc58457fb3	4.20972	0.00224	3.01938	inf	0	0	0	None	None	0.13269	0	0	0	211.5085	MaxAcceleration	-44.57963	0.13803	41.7512	0	0	0	1	4	0	0.08923
143	0	0	4f3543b1218b82af65b5b8fc58457fb3	4.27055	0.00225	3.04194	inf	0	0	0	None	None	0.13319	0	0	0	212.3065	MaxAcceleration	-44.53661	0.13803	41.70818	0	0	0	1	4	0	0.08958
144	0	0	4f3543b1218b82af65b5b8fc58457fb3	4.33185	0.00226	3.06452	inf	0	0	0	None	None	0.13369	0	0	0	213.1076	MaxAcceleration	-44.49327	0.13803	41.66484	0	0	0	1	4	0	0.08993
145	0	0	4f3543b1218b82af65b5b8fc58457fb3	4.39359	0.00227	3.08713	inf	0	0	0	None	None	0.1342	0	0	0	213.9118	MaxAcceleration	-44.44961	0.13803	41.62118	0	0	0	1	4	0	0.09028
146	0	0	4f3543b1218b82af65b5b8fc58457fb3	4.45579	0.00228	3.10976	inf	0	0	0	None	None	0.13471	0	0	0	214.7179	MaxAcceleration	-44.40563	0.13803	41.5772	0	0	0	1	4	0	0.09064
147	0	0	4f3543b1218b82af65b5b8fc58457fb3	4.51844	0.00229	3.13242	inf	0	0.00001	0	None	None	0.13521	0	0	0	215.5283	MaxAcceleration	-44.36133	0.13803	41.5329	0	0	0	1	4	0	0.09099
148	0	0	4f3543b1218b82af65b5b8fc58457fb3	4.58155	0.0023	3.1551	inf	0	0.00001	0	None	None	0.13572	0	0	0	216.343	MaxAcceleration	-44.31671	0.13803	41.48828	0	0	0	1	4	0	0.09135
149	0	0	4f3543b1218b82af65b5b8fc58457fb3	4.64511	0.00231	3.17781	inf	0	0.00001	0	None	None	0.13624	0	0	0	217.1596	MaxAcceleration	-44.27176	0.13803	41.44333	0	0	0	1	4	0	0.0917
150	0	0	4f3543b1218b82af65b5b8fc58457fb3	4.70912	0.00232	3.20054	inf	0	0.00001	0	None	None	0.13675	0	0	0	217.9806	MaxAcceleration	-44.2265	0.13803	41.39807	0	0	0	1	4	0	0.09206
151	0	0	4f3543b1218b82af65b5b8fc58457fb3	4.77359	0.00233	3.2233	inf	0	0.00001	0	None	None	0.13727	0	0	0	218.8048	MaxAcceleration	-44.18091	0.13803	41.35248	0	0	0	1	4	0	0.09242
152	0	0	4f3543b1218b82af65b5b8fc58457fb3	4.83851	0.00233	3.24609	inf	0	0.00001	0	None	None	0.13779	0	0	0	219.6333	MaxAcceleration	-44.13501	0.13803	41.30658	0	0	0	1	4	0	0.09278
153	0	0	4f3543b1218b82af65b5b8fc58457fb3	4.90389	0.00234	3.26891	inf	0	0.00001	0	None	None	0.13831	0	0	0	220.4662	MaxAcceleration	-44.08878	0.13803	41.26035	0	0	0	1	4	0	0.09315
154	0	0	4f3543b1218b82af65b5b8fc58457fb3	4.96973	0.00235	3.29176	inf	0	0.00001	0	None	None	0.13884	0	0	0	221.3023	MaxAcceleration	-44.04222	0.13803	41.21379	0	0	0	1	4	0	0.09351
155	0	0	4f3543b1218b82af65b5b8fc58457fb3	5.03602	0.00236	3.31463	inf	0	0.00001	0	None	None	0.13937	0	0	0	222.1428	MaxAcceleration	-43.99535	0.13803	41.16692	0	0	0	1	4	0	0.09387
156	0	0	4f3543b1218b82af65b5b8fc58457fb3	5.10278	0.00237	3.33754	inf	0	0.00001	0	None	None	0.1399	0	0	0	222.9877	MaxAcceleration	-43.94814	0.13803	41.11971	0	0	0	1	4	0	0.09424
157	0	0	4f3543b1218b82af65b5b8fc58457fb3	5.16998	0.00238	3.36047	inf	0	0.00001	0	None	None	0.14043	0	0	0	223.8372	MaxAcceleration	-43.90062	0.13803	41.07219	0	0	0	1	4	0	0.09461
158	0	0	4f3543b1218b82af65b5b8fc58457fb3	5.23766	0.00239	3.38344	inf	0	0.00001	0	None	None	0.14097	0	0	0	224.691	MaxAcceleration	-43.85277	0.13803	41.02434	0	0	0	1	4	0	0.09498
159	0	0	4f3543b1218b82af65b5b8fc58457fb3	5.30579	0.0024	3.40644	inf	0	0	0	None	None	0.14151	0	0	0	225.5506	MaxAcceleration	-43.80459	0.13803	40.97616	0	0	0	1	4	0	0.09535
160	0	0	4f3543b1218b82af65b5b8fc58457fb3	5.37438	0.00241	3.42947	inf	0	0.00001	0	None	None	0.14205	0	0	0	226.4147	MaxAcceleration	-43.75609	0.13803	40.92766	0	0	0	1	4	0	0.09573
161	0	0	4f3543b1218b82af65b5b8fc58457fb3	5.44343	0.00242	3.45253	inf	0	0	0	None	None	0.1426	0	0	0	227.2833	MaxAcceleration	-43.70726	0.13803	40.87883	0	0	0	1	4	0	0.0961
162	0	0	4f3543b1218b82af65b5b8fc58457fb3	5.51294	0.00243	3.47563	inf	0	0	0	None	None	0.14315	0	0	0	228.1576	MaxAcceleration	-43.65811	0.13803	40.82968	0	0	0	1	4	0	0.09648
163	0	0	4f3543b1218b82af65b5b8fc58457fb3	5.58292	0.00244	3.49876	inf	0	0	0	None	None	0.1437	0	0	0	229.0378	MaxAcceleration	-43.60863	0.13803	40.7802	0	0	0	1	4	0	0.09686
164	0	0	4f3543b1218b82af65b5b8fc58457fb3	5.65336	0.00245	3.52193	inf	0	0.00001	0	None	None	0.14426	0	0	0	229.9249	MaxAcceleration	-43.55882	0.13803	40.73039	0	0	0	1	4	0	0.09724
165	0	0	4f3543b1218b82af65b5b8fc58457fb3	5.72427	0.00246	3.54513	inf	0	0.00001	0	None	None	0.14482	0	0	0	230.8166	MaxAcceleration	-43.50868	0.13803	40.68025	0	0	0	1	4	0	0.09762
166	0	0	4f3543b1218b82af65b5b8fc58457fb3	5.79564	0.00247	3.56838	inf	0	0.00001	0	None	None	0.14539	0	0	0	231.7153	MaxAcceleration	-43.45821	0.13803	40.62978	0	0	0	1	4	0	0.09801
167	0	0	4f3543b1218b82af65b5b8fc58457fb3	5.86747	0.00248	3.59166	inf	0	0.00001	0	None	None	0.14596	0	0	0	232.6211	MaxAcceleration	-43.40742	0.13803	40.57899	0	0	0	1	4	0	0.0984
168	0	0	4f3543b1218b82af65b5b8fc58457fb3	5.93978	0.00249	3.61498	inf	0	0.00001	0	None	None	0.14653	0	0	0	233.534	MaxAcceleration	-43.35629	0.13803	40.52786	0	0	0	1	4	0	0.09879
169	0	0	4f3543b1218b82af65b5b8fc58457fb3	6.01254	0.0025	3.63834	inf	0	0.00001	0	None	None	0.14711	0	0	0	234.4529	MaxAcceleration	-43.30484	0.13803	40.47641	0	0	0	1	4	0	0.09918
170	0	0	4f3543b1218b82af65b5b8fc58457fb3	6.08578	0.00251	3.66174	inf	0	0.00001	0	None	None	0.1477	0	0	0	235.38	MaxAcceleration	-43.25305	0.13803	40.42462	0	0	0	1	4	0	0.09957
171	0	0	4f3543b1218b82af65b5b8fc58457fb3	6.15949	0.00252	3.68519	inf	0	0.00001	0	None	None	0.14829	0	0	0	236.3155	MaxAcceleration	-43.20094	0.13803	40.37251	0	0	0	1	4	0	0.09997
172	0	0	4f3543b1218b82af65b5b8fc58457fb3	6.23367	0.00252	3.70868	inf	0	0.00001	0	None	None	0.14888	0	0	0	237.2595	MaxAcceleration	-43.14848	0.13803	40.32005	0	0	0	1	4	0	0.10037
173	0	0	4f3543b1218b82af65b5b8fc58457fb3	6.30831	0.00254	3.73221	inf	0	0.00001	0	None	None	0.14948	0	0	0	238.2119	MaxAcceleration	-43.0957	0.13803	40.26727	0	0	0	1	4	0	0.10078
174	0	0	4f3543b1218b82af65b5b8fc58457fb3	6.38343	0.00255	3.7558	inf	0	0.00001	0	None	None	0.15009	0	0	0	239.1727	MaxAcceleration	-43.04258	0.13803	40.21415	0	0	0	1	4	0	0.10118
175	0	0	4f3543b1218b82af65b5b8fc58457fb3	6.45902	0.00256	3.77943	inf	0	0.00001	0	None	None	0.1507	0	0	0	240.1445	MaxAcceleration	-42.98914	0.13803	40.16071	0	0	0	1	4	0	0.10159
176	0	0	4f3543b1218b82af65b5b8fc58457fb3	6.53508	0.00257	3.80311	inf	0	0.00001	0	None	None	0.15132	0	0	0	241.126	MaxAcceleration	-42.93535	0.13803	40.10692	0	0	0	1	4	0	0.10201
177	0	0	4f3543b1218b82af65b5b8fc58457fb3	6.61162	0.00258	3.82684	inf	0	0.00001	0	None	None	0.15195	0	0	0	242.1185	MaxAcceleration	-42.88123	0.13803	40.0528	0	0	0	1	4	0	0.10242
178	0	0	4f3543b1218b82af65b5b8fc58457fb3	6.68863	0.00259	3.85062	inf	0	0.00001	0	None	None	0.15259	0	0	0	243.1232	MaxAcceleration	-42.82677	0.13803	39.99834	0	0	0	1	4	0	0.10285
179	0	0	4f3543b1218b82af65b5b8fc58457fb3	6.76613	0.0026	3.87446	inf	0	0.00001	0	None	None	0.15323	0	0	0	244.139	MaxAcceleration	-42.77198	0.13803	39.94355	0	0	0	1	4	0	0.10327
180	0	0	4f3543b1218b82af65b5b8fc58457fb3	6.84409	0.00261	3.89836	inf	0	0.00001	0	None	None	0.15388	0	0	0	245.1695	MaxAcceleration	-42.71685	0.13803	39.88842	0	0	0	1	4	0	0.1037
181	0	0	4f3543b1218b82af65b5b8fc58457fb3	6.92254	0.00262	3.92231	inf	0	0.00001	0	None	None	0.15454	0	0	0	246.2124	MaxAcceleration	-42.66137	0.13803	39.83294	0	0	0	1	4	0	0.10413
182	0	0	4f3543b1218b82af65b5b8fc58457fb3	7.00147	0.00263	3.94633	inf	0	0.00001	0	None	None	0.15522	0	0	0	247.2713	MaxAcceleration	-42.60556	0.13803	39.77713	0	0	0	1	4	0	0.10457
183	0	0	4f3543b1218b82af65b5b8fc58457fb3	7.08088	0.00264	3.97041	inf	0	0.00001	0	None	None	0.1559	0	0	0	248.3451	MaxAcceleration	-42.54941	0.13803	39.72098	0	0	0	1	4	0	0.10501
184	0	0	4f3543b1218b82af65b5b8fc58457fb3	7.16077	0.00265	3.99456	inf	0	0.00001	0	None	None	0.15659	0	0	0	249.4362	MaxAcceleration	-42.49292	0.13803	39.66449	0	0	0	1	4	0	0.10546
185	0	0	4f3543b1218b82af65b5b8fc58457fb3	7.24116	0.00267	4.01877	inf	0	0.00001	0	None	None	0.1573	0	0	0	250.5459	MaxAcceleration	-42.43608	0.13803	39.60765	0	0	0	1	4	0	0.10591
186	0	0	4f3543b1218b82af65b5b8fc58457fb3	7.32202	0.00268	4.04306	inf	0	0.00001	0	None	None	0.15802	0	0	0	251.6755	MaxAcceleration	-42.3789	0.13803	39.55047	0	0	0	1	4	0	0.10637
187	0	0	4f3543b1218b82af65b5b8fc58457fb3	7.40337	0.00269	4.06742	inf	0	0.00001	0	None	None	0.15875	0	0	0	252.8262	MaxAcceleration	-42.32138	0.13803	39.49295	0	0	0	1	4	0	0.10684
188	0	0	4f3543b1218b82af65b5b8fc58457fb3	7.48522	0.0027	4.09186	inf	0	0.00001	0	None	None	0.1595	0	0	0	254.0005	MaxAcceleration	-42.2635	0.13803	39.43507	0	0	0	1	4	0	0.10731
189	0	0	4f3543b1218b82af65b5b8fc58457fb3	7.56755	0.00271	4.11638	inf	0	0.00001	0	None	None	0.16027	0	0	0	255.1986	MaxAcceleration	-42.20529	0.13803	39.37686	0	0	0	1	4	0	0.10779
190	0	0	4f3543b1218b82af65b5b8fc58457fb3	7.65037	0.00272	4.14099	inf	0	0.00001	0	None	None	0.16105	0	0	0	256.4252	MaxAcceleration	-42.14672	0.13803	39.31829	0	0	0	1	4	0	0.10828
191	0	0	4f3543b1218b82af65b5b8fc58457fb3	7.73368	0.00274	4.16569	inf	0	0.00001	0	None	None	0.16186	0	0	0	257.683	MaxAcceleration	-42.08781	0.13803	39.25938	0	0	0	1	4	0	0.10877
192	0	0	4f3543b1218b82af65b5b8fc58457fb3	7.8175	0.00275	4.19049	inf	0	0.00001	0	None	None	0.16269	0	0	0	258.9743	MaxAcceleration	-42.02855	0.13803	39.20012	0	0	0	1	4	0	0.10927
193	0	0	4f3543b1218b82af65b5b8fc58457fb3	7.90181	0.00276	4.21539	inf	0	0.00001	0	None	None	0.16355	0	0	0	260.3041	MaxAcceleration	-41.96893	0.13803	39.1405	0	0	0	1	4	0	0.10979
194	0	0	4f3543b1218b82af65b5b8fc58457fb3	7.98662	0.00278	4.24039	inf	0	0.00001	0	None	None	0.16443	0	0	0	261.6749	MaxAcceleration	-41.90896	0.13803	39.08053	0	0	0	1	4	0	0.11031
195	0	0	4f3543b1218b82af65b5b8fc58457fb3	8.07193	0.00279	4.26552	inf	0	0.00002	0	None	None	0.16535	0	0	0	263.0918	MaxAcceleration	-41.84863	0.13803	39.0202	0	0	0	1	4	0	0.11085
196	0	0	4f3543b1218b82af65b5b8fc58457fb3	8.15775	0.0028	4.29076	inf	0	0.00001	0	None	None	0.16577	0	0	0	264.5643	MaxAcceleration	-41.78795	0.13803	38.95952	0	0	0	1	4	0	0.11139
197	0	0	4f3543b1218b82af65b5b8fc58457fb3	8.24407	0.00282	4.31614	inf	0	0	0	None	None	0.16606	0	0	0	265.2384	MaxAcceleration	-41.72691	0.13803	38.89848	0	0	0	1	4	0	0.11196
198	0	0	4f3543b1218b82af65b5b8fc58457fb3	8.3309	0.00283	4.34152	inf	0	0.00001	0	None	None	0.16635	0	0	0	265.7016	MaxAcceleration	-41.66551	0.13803	38.83708	0	0	0	1	4	0	0.11252
199	0	0	4f3543b1218b82af65b5b8fc58457fb3	8.41824	0.00285	4.36684	inf	0	0	0	None	None	0.16663	0	0	0	266.1595	MaxAcceleration	-41.60375	0.13803	38.77532	0	0	0	1	4	0	0.11306
200	0	0	4f3543b1218b82af65b5b8fc58457fb3	8.50609	0.00286	4.39212	inf	0	0.00002	0	None	None	0.16691	0	0	0	266.6112	MaxAcceleration	-41.54163	0.13803	38.7132	0	0	0	1	4	0	0.11357
201	0	0	4f3543b1218b82af65b5b8fc58457fb3	8.59444	0.00287	4.41734	inf	0	0.00001	0	None	None	0.16718	0	0	0	267.0567	MaxAcceleration	-41.47916	0.13803	38.65073	0	0	0	1	4	0	0.11403
202	0	0	4f3543b1218b82af65b5b8fc58457fb3	8.6833	0.00288	4.4425	inf	0	0.00002	0	None	None	0.16746	0	0	0	267.4958	MaxAcceleration	-41.41633	0.13803	38.5879	0	0	0	1	4	0	0.11445
203	0	0	4f3543b1218b82af65b5b8fc58457fb3	8.77265	0.00289	4.46762	inf	0	0	0	None	None	0.16772	0	0	0	267.9286	MaxAcceleration	-41.35315	0.13803	38.52472	0	0	0	1	4	0	0.11483
204	0	0	4f3543b1218b82af65b5b8fc58457fb3	8.86251	0.0029	4.49267	inf	0	0.00002	0	None	None	0.16798	0	0	0	268.3549	MaxAcceleration	-41.28961	0.13803	38.46118	0	0	0	1	4	0	0.11517
205	0	0	4f3543b1218b82af65b5b8fc58457fb3	8.95286	0.00291	4.51766	inf	0	0	0	None	None	0.16824	0	0	0	268.7748	MaxAcceleration	-41.22572	0.13803	38.39729	0	0	0	1	4	0	0.11547
206	0	0	4f3543b1218b82af65b5b8fc58457fb3	9.04372	0.00291	4.5426	inf	0	0	0	None	None	0.1685	0	0	0	269.1881	MaxAcceleration	-41.16148	0.13803	38.33305	0	0	0	1	4	0	0.11574
207	0	0	4f3543b1218b82af65b5b8fc58457fb3	9.13507	0.00292	4.56747	inf	0	0	0	None	None	0.16875	0	0	0	269.595	MaxAcceleration	-41.09688	0.13803	38.26845	0	0	0	1	4	0	0.11597
208	0	0	4f3543b1218b82af65b5b8fc58457fb3	9.22692	0.00292	4.59229	inf	0	0	0	None	None	0.16899	0	0	0	269.9952	MaxAcceleration	-41.03193	0.13803	38.2035	0	0	0	1	4	0	0.11619
209	0	0	4f3543b1218b82af65b5b8fc58457fb3	9.31926	0.00293	4.61704	inf	0	0	0	None	None	0.16923	0	0	0	270.3889	MaxAcceleration	-40.96664	0.13803	38.13821	0	0	0	1	4	0	0.11639
210	0	0	4f3543b1218b82af65b5b8fc58457fb3	9.4121	0.00293	4.64173	inf	0	0	0	None	None	0.09883	0	0	0	158.1204	MaxAcceleration	-40.90099	0.13803	38.07256	0	0	0	1	4	0	0.11657
211	0	1	452ee31e83feea5ebc05406c271424a9	9.50542	0.00294	4.66635	inf	0	0	0	None	None	0.01889	0	0	0	30.21735	MaxAcceleration	-40.835	0.13803	38.00657	-0.00013	-0.00025	0.11873	1	4	0	0.11675
212	0	1	452ee31e83feea5ebc05406c271424a9	9.59885	0.00289	4.6721	inf	0.00001	0.01102	0	None	None	0	-0.00061	0.02922	0	0	CurrentSpeedDeceleration	-40.76894	0.13803	37.94051	-0.01067	-0.02135	1.90361	1	4	0	0.11453
213	0	1	452ee31e83feea5ebc05406c271424a9	9.6919	0.00274	4.65459	inf	0.00005	0.03776	0	None	None	0	-0.00209	0.02949	0	0	CurrentSpeedDeceleration	-40.70314	0.13803	37.87471	-0.03606	-0.07212	3.08317	1	4	0	0.10774
214	0	1	452ee31e83feea5ebc05406c271424a9	9.78423	0.0025	4.62019	inf	0.00012	0.07466	0	None	None	0	-0.00411	0.03	0	0	CurrentSpeedDeceleration	-40.63784	0.13803	37.80943	-0.0703	-0.1406	3.71846	1	4	0.00024	0.09585
215	0	1	452ee31e83feea5ebc05406c271424a9	9.87583	0.00224	4.58433	inf	0.00023	0.11647	0	None	None	0	-0.00639	0.03054	0	0	CurrentSpeedDeceleration	-40.57304	0.13803	37.7447	-0.10841	-0.21683	3.87271	1	4	0.00101	0.0807
216	0	1	452ee31e83feea5ebc05406c271424a9	9.96669	0.00199	4.5484	inf	0.00037	0.1582	0	None	None	0	-0.00866	0.03108	0	0	CurrentSpeedDeceleration	-40.50873	0.13803	37.68051	-0.14599	-0.29198	3.6215	1	4	0.00237	0.06398
217	0	1	452ee31e83feea5ebc05406c271424a9	10.05684	0.00181	4.51239	inf	0.0005	0.19564	0	None	None	0	-0.01068	0.03162	0	0	CurrentSpeedDeceleration	-40.44487	0.13803	37.61688	-0.17927	-0.35855	3.01373	1	4	0.00417	0.04704
218	0	1	452ee31e83feea5ebc05406c271424a9	10.14627	0.0017	4.4763	inf	0.00063	0.22514	0	None	None	0	-0.01227	0.03217	0	0	CurrentSpeedDeceleration	-40.38148	0.13803	37.5538	-0.20493	-0.40986	2.10615	1	4	0.00613	0.03086
219	0	1	452ee31e83feea5ebc05406c271424a9	10.23498	0.00171	4.44014	inf	0.00074	0.24346	0	None	None	0	-0.01324	0.03271	0	0	CurrentSpeedDeceleration	-40.31855	0.13803	37.49128	-0.22028	-0.44056	0.93866	1	4	0.00792	0.01611
220	0	1	452ee31e83feea5ebc05406c271424a9	10.32298	0.00187	4.40392	inf	0.00083	0.24815	0	None	None	0	-0.01347	0.03326	0	0	CurrentSpeedDeceleration	-40.25608	0.13803	37.42929	-0.22291	-0.44581	0.44074	1	4	0.00926	0.00322
221	0	1	452ee31e83feea5ebc05406c271424a9	10.41027	0.00194	4.36766	inf	0.00087	0.23662	0	None	None	0	-0.01283	0.0338	0	0	CurrentSpeedDeceleration	-40.19408	0.13803	37.36785	-0.21083	-0.42165	2.00345	1	4	0.00991	-0.00763
222	0	1	452ee31e83feea5ebc05406c271424a9	10.49684	0.00191	4.33136	inf	0.00088	0.20748	0	None	None	0	-0.01123	0.03435	0	0	CurrentSpeedDeceleration	-40.13258	0.13803	37.30693	-0.18257	-0.36515	3.70818	1	4	0.00971	-0.01639
223	0	1	452ee31e83feea5ebc05406c271424a9	10.5827	0.00179	4.29505	inf	0.00084	0.15895	0	None	None	0	-0.00858	0.03489	0	0	CurrentSpeedDeceleration	-40.07156	0.13803	37.24651	-0.13664	-0.27328	5.52883	1	4	0.00861	-0.02316
224	0	1	452ee31e83feea5ebc05406c271424a9	10.66785	0.00163	4.25872	inf	0.00073	0.08992	0	None	None	0	-0.00482	0.03544	0	0	CurrentSpeedDeceleration	-40.01107	0.13803	37.1866	-0.07211	-0.14422	7.43717	1	4	0.00658	-0.02814
225	0	1	452ee31e83feea5ebc05406c271424a9	10.75227	0.00137	4.22238	inf	0.00057	-0.00012	0	None	None	0	0.00007	0.03599	0	0	CurrentSpeedDeceleration	-39.95111	0.13803	37.12716	0.01167	0.02334	9.40591	1	4	0.00367	-0.03156
226	0	1	452ee31e83feea5ebc05406c271424a9	10.83598	0.00102	4.18604	inf	0.00034	-0.11209	0	None	None	0	0.00614	0.03653	0	0	CurrentSpeedDeceleration	-39.89172	0.13803	37.06817	0.11524	0.23048	11.4153	1	4	-0.00003	-0.03363
227	0	1	452ee31e83feea5ebc05406c271424a9	10.91897	0.0011	4.14968	inf	0.00004	-0.24644	0	None	None	0	0.0134	0.03708	0	0	CurrentSpeedDeceleration	-39.83291	0.13803	37.00962	0.23894	0.47786	13.44403	1	4	-0.00439	-0.0347
228	0	1	452ee31e83feea5ebc05406c271424a9	11.00123	0.00152	4.1133	inf	-0.00033	-0.40282	0	None	None	0	0.02186	0.03763	0	0	CurrentSpeedDeceleration	-39.77471	0.13803	36.95148	0.38294	0.76585	15.46988	1	4	-0.00937	-0.03494
229	0	1	452ee31e83feea5ebc05406c271424a9	11.08277	0.00228	4.07687	inf	-0.00077	-0.58119	0	None	None	0	0.03149	0.03818	0	0	CurrentSpeedDeceleration	-39.71715	0.13803	36.89372	0.54704	1.09398	17.47661	1	4	-0.0148	-0.03464
230	0	1	452ee31e83feea5ebc05406c271424a9	11.16358	0.00337	4.04039	inf	-0.00127	-0.78126	0	None	None	0	0.04229	0.03873	0	0	CurrentSpeedDeceleration	-39.66025	0.13803	36.83634	0.73096	1.46169	19.44792	1	4	-0.02057	-0.03397
231	0	1	452ee31e83feea5ebc05406c271424a9	11.24365	0.00472	4.00382	inf	-0.00185	-1.00313	0	None	None	0	0.05423	0.03928	0	0	CurrentSpeedDeceleration	-39.60404	0.13803	36.77929	0.93432	1.86814	21.37062	1	4	-0.02661	-0.03311
232	0	1	452ee31e83feea5ebc05406c271424a9	11.32299	0.00621	3.96714	inf	-0.0025	-1.24568	0	None	None	0	0.06727	0.03983	0	0	CurrentSpeedDeceleration	-39.54855	0.13803	36.72257	1.15656	2.31218	23.2291	1	4	-0.03278	-0.0322
233	0	1	452ee31e83feea5ebc05406c271424a9	11.4016	0.00783	3.93032	inf	-0.00321	-1.50816	0	None	None	0	0.08137	0.04039	0	0	CurrentSpeedDeceleration	-39.4938	0.13803	36.66614	1.39703	2.7924	25.01043	1	4	-0.03903	-0.03137
234	0	1	452ee31e83feea5ebc05406c271424a9	11.47945	0.0096	3.89331	inf	-0.00399	-1.78971	0	None	None	0	0.09646	0.04094	0	0	CurrentSpeedDeceleration	-39.43983	0.13803	36.60999	1.65491	3.30707	26.70329	1	4	-0.04529	-0.0307
235	0	1	452ee31e83feea5ebc05406c271424a9	11.55656	0.0115	3.85608	inf	-0.00483	-2.08942	0	None	None	0	0.11251	0.0415	0	0	CurrentSpeedDeceleration	-39.38667	0.13803	36.5541	1.92943	3.8545	28.2974	1	4	-0.05148	-0.03021
236	0	1	452ee31e83feea5ebc05406c271424a9	11.63292	0.01351	3.8186	inf	-0.00572	-2.40622	0	None	None	0	0.12944	0.04207	0	0	CurrentSpeedDeceleration	-39.33432	0.13803	36.49844	2.21968	4.43272	29.78296	1	4	-0.05759	-0.03
237	0	1	452ee31e83feea5ebc05406c271424a9	11.70852	0.01563	3.78083	inf	-0.00668	-2.73891	0	None	None	0	0.14718	0.04264	0	0	CurrentSpeedDeceleration	-39.28284	0.13803	36.443	2.52448	5.03919	31.15259	1	4	-0.06354	-0.03003
238	0	1	452ee31e83feea5ebc05406c271424a9	11.78336	0.01786	3.74272	inf	-0.00768	-3.08634	0	None	None	0	0.16567	0.04321	0	0	CurrentSpeedDeceleration	-39.23225	0.13803	36.38778	2.84272	5.67152	32.39971	1	4	-0.06931	-0.0303
239	0	1	452ee31e83feea5ebc05406c271424a9	11.85743	0.02018	3.70423	inf	-0.00873	-3.44715	0	None	None	0	0.18481	0.04379	0	0	CurrentSpeedDeceleration	-39.18256	0.13803	36.33274	3.17324	6.32713	33.51889	1	4	-0.07483	-0.03088
240	0	1	452ee31e83feea5ebc05406c271424a9	11.93072	0.02259	3.66535	inf	-0.00982	-3.82007	0	None	None	0	0.20455	0.04438	0	0	CurrentSpeedDeceleration	-39.13381	0.13803	36.2779	3.51515	7.00404	34.50476	1	4	-0.08008	-0.03168
241	0	1	452ee31e83feea5ebc05406c271424a9	12.00322	0.02507	3.62602	inf	-0.01095	-4.20374	0	None	None	0	0.22479	0.04497	0	0	CurrentSpeedDeceleration	-39.08601	0.13803	36.22323	3.86693	7.69895	35.35599	1	4	-0.08505	-0.03271
242	0	1	452ee31e83feea5ebc05406c271424a9	12.07498	0.02762	3.58622	inf	-0.01212	-4.59732	0	None	None	0	0.24548	0.04558	0	0	CurrentSpeedDeceleration	-39.0392	0.13803	36.16873	4.2276	8.40967	36.07115	1	4	-0.08969	-0.03397
243	0	1	452ee31e83feea5ebc05406c271424a9	12.14589	0.03026	3.54592	inf	-0.01333	-4.99901	0	None	None	0	0.26652	0.04618	0	0	CurrentSpeedDeceleration	-38.9934	0.13803	36.11441	4.59573	9.13307	36.64801	1	4	-0.09396	-0.0354
244	0	1	452ee31e83feea5ebc05406c271424a9	12.216	0.03293	3.5051	inf	-0.01456	-5.40725	0	None	None	0	0.28781	0.0468	0	0	CurrentSpeedDeceleration	-38.94861	0.13803	36.06025	4.96999	9.86629	37.08968	1	4	-0.09787	-0.03702
245	0	1	452ee31e83feea5ebc05406c271424a9	12.28528	0.03562	3.46373	inf	-0.01579	-5.82061	0	None	None	0	0.30928	0.04743	0	0	CurrentSpeedDeceleration	-38.90488	0.13803	36.00627	5.34943	10.60719	37.39732	1	4	-0.10141	-0.03879
246	0	1	452ee31e83feea5ebc05406c271424a9	12.35381	0.03835	3.4218	inf	-0.01705	-6.23878	0	None	None	0	0.3309	0.04806	0	0	CurrentSpeedDeceleration	-38.86219	0.13803	35.95248	5.73301	11.35346	37.57607	1	4	-0.10452	-0.04065
247	0	1	452ee31e83feea5ebc05406c271424a9	12.42143	0.04112	3.3793	inf	-0.01834	-6.65954	0	None	None	0	0.35254	0.0487	0	0	CurrentSpeedDeceleration	-38.82059	0.13803	35.89887	6.11894	12.1014	37.62755	1	4	-0.10721	-0.04266
248	0	1	452ee31e83feea5ebc05406c271424a9	12.48821	0.04389	3.33622	inf	-0.01962	-7.08146	0	None	None	0	0.37413	0.04935	0	0	CurrentSpeedDeceleration	-38.78008	0.13803	35.84546	6.50642	12.84922	37.55981	1	4	-0.10944	-0.04477
249	0	1	452ee31e83feea5ebc05406c271424a9	12.55421	0.04667	3.29257	inf	-0.02091	-7.50481	0	None	None	0	0.39566	0.05001	0	0	CurrentSpeedDeceleration	-38.74067	0.13803	35.79227	6.89478	13.59547	37.37817	1	4	-0.11127	-0.04694
250	0	1	452ee31e83feea5ebc05406c271424a9	12.61926	0.04944	3.24833	inf	-0.02219	-7.92656	0	None	None	0	0.417	0.05068	0	0	CurrentSpeedDeceleration	-38.70237	0.13803	35.7393	7.28207	14.33619	37.08876	1	4	-0.11261	-0.04916
251	0	1	452ee31e83feea5ebc05406c271424a9	12.68354	0.0522	3.2035	inf	-0.02347	-8.34748	0	None	None	0	0.43815	0.05136	0	0	CurrentSpeedDeceleration	-38.6652	0.13803	35.68657	7.66845	15.07161	36.70029	1	4	-0.11356	-0.05142
252	0	1	452ee31e83feea5ebc05406c271424a9	12.74682	0.05496	3.15812	inf	-0.02476	-8.76443	0	None	None	0	0.45899	0.05205	0	0	CurrentSpeedDeceleration	-38.62914	0.13803	35.63412	8.05154	15.79708	36.2188	1	4	-0.11404	-0.05374
253	0	1	452ee31e83feea5ebc05406c271424a9	12.80935	0.05768	3.11217	25.44331	-0.02601	-9.17899	0	None	None	0	0.47955	0.05274	0	0	CurrentSpeedDeceleration	-38.59421	0.13803	35.58194	8.43203	16.51387	35.65409	1	4	-0.11414	-0.05606
254	0	1	452ee31e83feea5ebc05406c271424a9	12.87082	0.06036	3.06568	24.6814	-0.02727	-9.58718	0	None	None	0	0.49968	0.04655	0	0	CurrentSpeedDeceleration	-38.56042	0.13803	35.53008	8.80738	17.21717	35.01373	1	4	-0.11377	-0.05841
255	0	1	452ee31e83feea5ebc05406c271424a9	12.93153	0.06304	3.01867	23.93201	-0.02851	-9.99167	0	None	None	0	0.51948	0.02178	0	0	CurrentSpeedDeceleration	-38.52775	0.13803	35.47853	9.17861	17.90891	34.30447	1	4	-0.11304	-0.06076
256	0	1	452ee31e83feea5ebc05406c271424a9	12.99138	0.06565	2.97348	23.1976	-0.02971	-10.38999	0	None	None	0	0.53885	0.00164	0	0	CurrentSpeedDeceleration	-38.49618	0.13803	35.42731	9.54447	18.58683	33.56301	1	4	-0.11209	-0.06277
257	0	1	452ee31e83feea5ebc05406c271424a9	13.05037	0.06821	2.93653	22.47927	-0.03091	-10.78106	0	None	None	0.0185	0.55784	0	0	0	MaxAcceleration	-38.46561	0.13803	35.37626	9.90439	19.24991	32.8653	1	4	-0.11148	-0.06348
258	0	1	452ee31e83feea5ebc05406c271424a9	13.10898	0.07078	2.90664	21.7722	-0.0321	-11.16925	0	None	None	0.03317	0.57661	0	0	29.6007	MaxAcceleration	-38.43597	0.13803	35.32528	10.26074	19.90259	32.20019	1	4	-0.11148	-0.06229
259	0	1	452ee31e83feea5ebc05406c271424a9	13.16715	0.07331	2.88238	21.07812	-0.03327	-11.55262	0	None	None	0.04513	0.59507	0	0	53.06495	MaxAcceleration	-38.4072	0.13803	35.27428	10.61262	20.54328	31.55585	1	4	-0.11212	-0.05914
260	0	1	452ee31e83feea5ebc05406c271424a9	13.22497	0.07582	2.86197	20.39682	-0.03442	-11.93148	0	None	None	0.05542	0.61324	0	0	72.20699	MaxAcceleration	-38.37924	0.13803	35.22321	10.96011	21.17217	30.91443	1	4	-0.11334	-0.05432
261	0	1	452ee31e83feea5ebc05406c271424a9	13.28229	0.07833	2.84455	19.73105	-0.0356	-12.30325	0	None	None	0.06461	0.63102	0	0	88.66824	MaxAcceleration	-38.35209	0.13803	35.17202	11.30174	21.78672	30.26751	1	4	-0.11499	-0.04816
262	0	1	452ee31e83feea5ebc05406c271424a9	13.33956	0.08086	2.82959	19.07625	-0.03676	-12.67288	0	None	None	0.06883	0.64858	0	0	103.382	MaxAcceleration	-38.32571	0.13803	35.12068	11.63982	22.39116	29.61008	1	4	-0.11688	-0.04111
263	0	1	452ee31e83feea5ebc05406c271424a9	13.39663	0.08341	2.81674	18.43497	-0.03793	-13.03771	0	None	None	0.07621	0.66582	0	0	110.1239	MaxAcceleration	-38.30009	0.13803	35.06916	11.97296	22.9831	28.94168	1	4	-0.1189	-0.03357
264	0	1	452ee31e83feea5ebc05406c271424a9	13.45351	0.08594	2.80458	17.80808	-0.03908	-13.39721	0	None	None	0.08427	0.68271	0	0	121.9358	MaxAcceleration	-38.27525	0.13802	35.01747	12.30067	23.56178	28.24976	1	4	-0.12088	-0.02609
265	0	1	452ee31e83feea5ebc05406c271424a9	13.50997	0.08842	2.79387	17.19851	-0.04024	-13.74775	0	None	None	0.09238	0.69913	0	0	134.8276	MaxAcceleration	-38.25116	0.13802	34.96559	12.6213	24.12445	27.54544	1	4	-0.1228	-0.01889
266	0	1	452ee31e83feea5ebc05406c271424a9	13.56654	0.09099	2.78483	16.60119	-0.04141	-14.09599	0	None	None	0.10046	0.71534	0	0	147.8065	MaxAcceleration	-38.22782	0.13802	34.91348	12.93746	24.67583	26.82554	1	4	-0.12463	-0.01215
267	0	1	452ee31e83feea5ebc05406c271424a9	13.62302	0.09356	2.7775	16.01906	-0.04258	-14.43822	0	None	None	0.10137	0.73118	0	0	160.7296	MaxAcceleration	-38.20522	0.13802	34.86114	13.24749	25.21317	26.09521	1	4	-0.1264	-0.00595
268	0	1	452ee31e83feea5ebc05406c271424a9	13.67943	0.09612	2.77177	15.45239	-0.04374	-14.77413	0	None	None	0.1068	0.74666	0	0	162.1881	MaxAcceleration	-38.18335	0.13802	34.80853	13.55117	25.73626	25.35361	1	4	-0.12814	-0.00034
269	0	1	452ee31e83feea5ebc05406c271424a9	13.73577	0.0987	2.76576	14.90175	-0.04491	-15.1035	0	None	None	0.11265	0.76174	0	0	170.8826	MaxAcceleration	-38.16222	0.13802	34.75568	13.84807	26.24454	24.58442	1	4	-0.12973	0.00448
270	0	1	452ee31e83feea5ebc05406c271424a9	13.79206	0.10128	2.76054	14.36791	-0.04607	-15.42576	0	None	None	0.11809	0.77641	0	0	180.2384	MaxAcceleration	-38.14184	0.13802	34.70258	14.13768	26.73732	23.79865	1	4	-0.13116	0.00848
271	0	1	452ee31e83feea5ebc05406c271424a9	13.84802	0.10378	2.75628	13.85371	-0.04725	-15.73642	0	None	None	0.12285	0.79056	0	0	188.9453	MaxAcceleration	-38.12219	0.13802	34.64922	14.41831	27.21196	23.00052	1	4	-0.13254	0.01176
272	0	1	452ee31e83feea5ebc05406c271424a9	13.90427	0.1064	2.75288	13.35395	-0.04843	-16.04366	0	None	None	0.12717	0.80443	0	0	196.5556	MaxAcceleration	-38.10329	0.13803	34.59558	14.69267	27.67327	22.18149	1	4	-0.13382	0.0144
273	0	1	452ee31e83feea5ebc05406c271424a9	13.96051	0.10901	2.75021	12.87201	-0.04961	-16.34268	0	None	None	0.12178	0.81788	0	0	194.8535	MaxAcceleration	-38.08512	0.13803	34.54168	14.9588	28.11814	21.34524	1	4	-0.13501	0.01647
274	0	1	452ee31e83feea5ebc05406c271424a9	14.01677	0.11162	2.74804	12.40809	-0.05079	-16.6333	0	None	None	0.12488	0.83088	0	0	194.8535	MaxAcceleration	-38.0677	0.13803	34.48749	15.21644	28.54638	20.48932	1	4	-0.13614	0.01804
275	0	1	452ee31e83feea5ebc05406c271424a9	14.073	0.11423	2.74389	11.96347	-0.05196	-16.91464	0	None	None	0.13045	0.84339	0	0	199.8143	MaxAcceleration	-38.05104	0.13803	34.43309	15.46474	28.9568	19.59736	1	4	-0.13693	0.01888
276	0	1	452ee31e83feea5ebc05406c271424a9	14.12919	0.11683	2.7398	11.5386	-0.05313	-17.18618	0	None	None	0.13734	0.8554	0	0	208.7149	MaxAcceleration	-38.03514	0.13803	34.37847	15.70329	29.34899	18.68526	1	4	-0.13745	0.0191
277	0	1	452ee31e83feea5ebc05406c271424a9	14.18504	0.11929	2.73663	11.13597	-0.05429	-17.44276	0	None	None	0.14305	0.86678	0	0	219.7428	MaxAcceleration	-38.02001	0.13803	34.32362	15.93054	29.72065	17.76186	1	4	-0.13785	0.01894
278	0	1	452ee31e83feea5ebc05406c271424a9	14.24125	0.12188	2.73477	10.75106	-0.05547	-17.69353	0	None	None	0.14301	0.87782	0	0	228.8214	MaxAcceleration	-38.00563	0.13803	34.26855	16.14887	30.07595	16.81739	1	4	-0.13828	0.01865
279	0	1	452ee31e83feea5ebc05406c271424a9	14.29751	0.12445	2.73402	10.3868	-0.05664	-17.93347	0	None	None	0.143	0.88837	0	0	228.799	MaxAcceleration	-37.992	0.13803	34.21322	16.3565	30.41219	15.85474	1	4	-0.13873	0.01838
280	0	1	452ee31e83feea5ebc05406c271424a9	14.35378	0.12699	2.73278	10.04406	-0.0578	-18.16167	0	None	None	0.14298	0.89836	0	0	228.7608	MaxAcceleration	-37.97913	0.13804	34.15767	16.55276	30.72856	14.864	1	4	-0.13913	0.01807
281	0	1	452ee31e83feea5ebc05406c271424a9	14.41009	0.12952	2.73102	9.72366	-0.05895	-18.37787	0	None	None	0.14294	0.90778	0	0	228.7081	MaxAcceleration	-37.96703	0.13804	34.10191	16.73704	31.02431	13.84481	1	4	-0.13931	0.01763
282	0	1	452ee31e83feea5ebc05406c271424a9	14.46642	0.13202	2.72879	9.426	-0.06008	-18.58131	0	None	None	0.1429	0.91662	0	0	228.6403	MaxAcceleration	-37.95569	0.13804	34.04598	16.90895	31.29908	12.79662	1	4	-0.13928	0.01705
283	0	1	452ee31e83feea5ebc05406c271424a9	14.52236	0.13433	2.72613	9.15355	-0.0612	-18.76598	0	None	None	0.14285	0.9247	0	0	228.5597	MaxAcceleration	-37.94511	0.13804	33.98989	17.06689	31.55057	11.72542	1	4	-0.13895	0.01631
284	0	1	452ee31e83feea5ebc05406c271424a9	14.57867	0.13673	2.72312	8.90335	-0.06232	-18.94138	0	None	None	0.14279	0.9323	0	0	228.4698	MaxAcceleration	-37.9353	0.13804	33.93366	17.21246	31.78152	10.6155	1	4	-0.13837	0.01542
285	0	1	452ee31e83feea5ebc05406c271424a9	14.63498	0.13909	2.71988	8.67793	-0.06341	-19.10227	0	None	None	0.14273	0.93927	0	0	228.3718	MaxAcceleration	-37.92625	0.13804	33.87732	17.34403	31.98961	9.47446	1	4	-0.13745	0.01441
286	0	1	452ee31e83feea5ebc05406c271424a9	14.69123	0.14139	2.71636	8.47871	-0.06448	-19.24726	0	None	None	0.14267	0.94554	0	0	228.2653	MaxAcceleration	-37.91796	0.13804	33.82088	17.46065	32.1735	8.30254	1	4	-0.13632	0.01332
287	0	1	452ee31e83feea5ebc05406c271424a9	14.74748	0.14363	2.71264	8.30598	-0.06552	-19.37633	0	None	None	0.1426	0.95113	0	0	228.1531	MaxAcceleration	-37.91042	0.13804	33.76437	17.56203	32.33294	7.09681	1	4	-0.13495	0.01219
288	0	1	452ee31e83feea5ebc05406c271424a9	14.80369	0.14578	2.70882	8.16051	-0.06652	-19.48846	0	None	None	0.14252	0.95599	0	0	228.0378	MaxAcceleration	-37.90361	0.13804	33.70779	17.64759	32.46722	5.85591	1	4	-0.13342	0.01105
289	0	1	452ee31e83feea5ebc05406c271424a9	14.8595	0.14768	2.70496	8.04381	-0.0675	-19.57842	0	None	None	0.14245	0.95998	0	0	227.9212	MaxAcceleration	-37.89755	0.13804	33.65117	17.71636	32.57495	4.58541	1	4	-0.13171	0.00994
290	0	1	452ee31e83feea5ebc05406c271424a9	14.91564	0.14966	2.70114	7.95523	-0.06845	-19.65424	0	None	None	0.14238	0.96333	0	0	227.8058	MaxAcceleration	-37.8922	0.13804	33.59451	17.76863	32.65671	3.26393	1	4	-0.12988	0.00892
291	0	1	452ee31e83feea5ebc05406c271424a9	14.97176	0.15154	2.69751	7.89703	-0.06937	-19.7111	0	None	None	0.14231	0.96589	0	0	227.696	MaxAcceleration	-37.88756	0.13804	33.53784	17.80302	32.71044	1.90001	1	4	-0.12787	0.00802
292	0	1	452ee31e83feea5ebc05406c271424a9	15.02783	0.15332	2.69403	7.87024	-0.07024	-19.74802	0	None	None	0.14225	0.96761	0	0	227.592	MaxAcceleration	-37.88362	0.13804	33.48116	17.81885	32.73516	0.49072	1	4	-0.12573	0.00727
293	0	1	452ee31e83feea5ebc05406c271424a9	15.0839	0.15499	2.69082	7.87564	-0.07106	-19.76461	0	None	None	0.14218	0.96847	0	0	227.4949	MaxAcceleration	-37.88035	0.13803	33.42448	17.81565	32.73018	0.96892	1	4	-0.1235	0.00669
294	0	1	452ee31e83feea5ebc05406c271424a9	15.13991	0.15653	2.68796	7.91443	-0.07184	-19.75955	0	None	None	0.14213	0.96844	0	0	227.4086	MaxAcceleration	-37.87775	0.13803	33.3678	17.79273	32.69437	2.4818	1	4	-0.12119	0.00632
295	0	1	452ee31e83feea5ebc05406c271424a9	15.19591	0.15795	2.68555	7.9879	-0.07256	-19.73232	0	None	None	0.14209	0.96749	0	0	227.3364	MaxAcceleration	-37.87579	0.13803	33.31114	17.74934	32.62655	4.05308	1	4	-0.11871	0.00616
296	0	1	452ee31e83feea5ebc05406c271424a9	15.25157	0.15908	2.68366	8.09709	-0.07325	-19.67799	0	None	None	0.14205	0.96547	0	0	227.2787	MaxAcceleration	-37.87445	0.13803	33.2545	17.68495	32.52576	5.68112	1	4	-0.11618	0.00624
297	0	1	452ee31e83feea5ebc05406c271424a9	15.30757	0.16022	2.68238	8.24503	-0.07387	-19.60311	0	None	None	0.14203	0.96253	0	0	227.2404	MaxAcceleration	-37.87371	0.13803	33.19787	17.59786	32.38921	7.38773	1	4	-0.11349	0.00655
298	0	1	452ee31e83feea5ebc05406c271424a9	15.36357	0.16122	2.68183	8.43227	-0.07445	-19.50333	0	None	None	0.14201	0.95855	0	0	227.2229	MaxAcceleration	-37.87355	0.13803	33.14126	17.48788	32.21637	9.16982	1	4	-0.11066	0.00712
299	0	1	452ee31e83feea5ebc05406c271424a9	15.41957	0.16206	2.68205	8.66055	-0.07496	-19.37753	0	None	None	0.14202	0.95346	0	0	227.2229	MaxAcceleration	-37.87394	0.13803	33.08466	17.35419	32.00565	11.0334	1	4	-0.10773	0.00795
300	0	1	452ee31e83feea5ebc05406c271424a9	15.47562	0.16275	2.68313	8.93197	-0.0754	-19.225	0	None	None	0.14204	0.94723	0	0	227.2294	MaxAcceleration	-37.87485	0.13803	33.02807	17.19578	31.75511	12.98682	1	4	-0.10464	0.00903
301	0	1	452ee31e83feea5ebc05406c271424a9	15.53171	0.16327	2.68517	9.2489	-0.07578	-19.04449	0	None	None	0.14208	0.93979	0	0	227.263	MaxAcceleration	-37.87627	0.13803	32.97147	17.01155	31.46256	15.03715	1	4	-0.10144	0.01038
302	0	1	452ee31e83feea5ebc05406c271424a9	15.58763	0.16351	2.68827	9.61246	-0.0761	-18.83231	0	None	None	0.14214	0.93103	0	0	227.324	MaxAcceleration	-37.87816	0.13803	32.91486	16.80118	31.12696	17.18884	1	4	-0.09808	0.01198
303	0	1	452ee31e83feea5ebc05406c271424a9	15.64388	0.16365	2.69251	10.02756	-0.07634	-18.59153	0	None	None	0.14222	0.92096	0	0	227.4177	MaxAcceleration	-37.8805	0.13803	32.85823	16.56223	30.74379	19.46689	1	4	-0.09457	0.01385
304	0	1	452ee31e83feea5ebc05406c271424a9	15.70023	0.16361	2.69803	10.49549	-0.07652	-18.31934	0	None	None	0.14232	0.90949	0	0	227.5457	MaxAcceleration	-37.88324	0.13803	32.80156	16.29445	30.31186	21.8726	1	4	-0.09085	0.01598
305	0	1	452ee31e83feea5ebc05406c271424a9	15.75671	0.16337	2.70486	11.01921	-0.07662	-18.01436	0	None	None	0.14245	0.89653	0	0	227.7129	MaxAcceleration	-37.88636	0.13803	32.74482	15.99665	29.82842	24.41649	1	4	-0.08694	0.01838
306	0	1	452ee31e83feea5ebc05406c271424a9	15.81331	0.1629	2.71312	11.60163	-0.07663	-17.67521	0	None	None	0.1426	0.882	0	0	227.9182	MaxAcceleration	-37.88983	0.13803	32.68801	15.66782	29.29081	27.11013	1	4	-0.08286	0.02105
307	0	1	452ee31e83feea5ebc05406c271424a9	15.87001	0.16219	2.7229	12.24667	-0.07657	-17.29926	0	None	None	0.14279	0.86578	0	0	228.1673	MaxAcceleration	-37.8936	0.13803	32.63109	15.30643	28.69538	29.96736	1	4	-0.07852	0.02399
308	0	1	452ee31e83feea5ebc05406c271424a9	15.92701	0.16125	2.73428	12.95939	-0.07642	-16.88589	0	None	None	0.143	0.84777	0	0	228.463	MaxAcceleration	-37.89765	0.13803	32.57404	14.91044	28.03749	33.01102	1	4	-0.07394	0.02719
309	0	1	452ee31e83feea5ebc05406c271424a9	15.98425	0.16007	2.74736	13.74265	-0.07618	-16.43396	0	None	None	0.14325	0.82788	0	0	228.8068	MaxAcceleration	-37.90193	0.13803	32.51684	14.47914	27.31447	36.24857	1	4	-0.06906	0.03066
310	0	1	452ee31e83feea5ebc05406c271424a9	16.04174	0.15866	2.76222	14.60084	-0.07585	-15.94191	0	None	None	0.14353	0.80601	0	0	229.2012	MaxAcceleration	-37.90639	0.13803	32.45945	14.0111	26.5223	39.69564	1	4	-0.06381	0.03439
311	0	2	4ec40e5f82f7a65bed1dc3d9679f8693	16.10016	0.15679	2.77889	16.02416	-0.07543	-15.41392	0	None	None	0.14384	0.77715	0	0	229.6485	MaxAcceleration	-37.91099	0.13803	32.40185	13.24477	25.20846	86.51781	1	4	-0.05817	0.03839
312	0	2	4ec40e5f82f7a65bed1dc3d9679f8693	16.15821	0.15351	2.79744	17.96654	-0.07419	-14.07136	0	None	None	0.14419	0.72019	0	0	230.1515	MaxAcceleration	-37.91569	0.13803	32.34398	12.21764	23.41551	85.68243	1	4	-0.05209	0.04265
313	0	2	4ec40e5f82f7a65bed1dc3d9679f8693	16.21781	0.14904	2.81974	19.92611	-0.07255	-12.9937	0	None	None	0.14459	0.66932	0	0	230.7104	MaxAcceleration	-37.92035	0.13803	32.28581	11.20143	21.60666	84.75386	1	4	-0.04407	0.04738
314	0	2	4ec40e5f82f7a65bed1dc3d9679f8693	16.27659	0.14451	2.8534	21.82105	-0.07117	-11.95594	0	None	None	0.14515	0.61993	0	0	231.3423	MaxAcceleration	-37.92445	0.13803	32.22716	10.23605	19.85749	84.02294	1	4	-0.02646	0.05372
315	0	2	4ec40e5f82f7a65bed1dc3d9679f8693	16.33704	0.14005	2.88783	23.72772	-0.06941	-10.93256	0	None	None	0.14572	0.57009	0	0	232.2361	MaxAcceleration	-37.92799	0.13803	32.16801	9.28017	18.09749	83.0994	1	4	-0.00424	0.06103
316	0	2	4ec40e5f82f7a65bed1dc3d9679f8693	16.39795	0.13593	2.92257	25.6031	-0.06795	-9.93507	0	None	None	0.14629	0.52105	0	0	233.146	MaxAcceleration	-37.93095	0.13803	32.10834	8.35357	16.36637	82.01411	1	4	0.01839	0.06878
317	0	2	4ec40e5f82f7a65bed1dc3d9679f8693	16.4582	0.13144	2.95775	inf	-0.06631	-8.97466	0	None	None	0.14686	0.47331	0	0	234.0597	MaxAcceleration	-37.93332	0.13803	32.04812	7.47184	14.69784	80.82386	1	4	0.03925	0.07659
318	0	2	4ec40e5f82f7a65bed1dc3d9679f8693	16.5201	0.12692	2.99288	inf	-0.06472	-8.02895	0	None	None	0.14743	0.42569	0	0	234.9805	MaxAcceleration	-37.93507	0.13803	31.98735	6.60056	13.03043	79.44418	1	4	0.05693	0.0841
319	0	2	4ec40e5f82f7a65bed1dc3d9679f8693	16.58142	0.12241	3.02762	inf	-0.06329	-7.11891	0	None	None	0.148	0.37966	0	0	235.8949	MaxAcceleration	-37.93619	0.13803	31.92603	5.77091	11.42705	77.96504	1	4	0.07074	0.09105
320	0	2	4ec40e5f82f7a65bed1dc3d9679f8693	16.64436	0.1175	3.06208	inf	-0.06157	-6.22368	0	None	None	0.14855	0.33372	0	0	236.7948	MaxAcceleration	-37.93666	0.13803	31.86415	4.95251	9.83209	76.31847	1	4	0.08109	0.09728
321	0	2	4ec40e5f82f7a65bed1dc3d9679f8693	16.70782	0.11272	3.09591	inf	-0.0601	-5.3532	0	None	None	0.14909	0.28891	0	0	237.6826	MaxAcceleration	-37.93647	0.13803	31.80172	4.1601	8.27679	74.55421	1	4	0.08825	0.10264
322	0	2	4ec40e5f82f7a65bed1dc3d9679f8693	16.77079	0.1078	3.12924	inf	-0.05849	-4.51735	0	None	None	0.14962	0.24563	0	0	238.5491	MaxAcceleration	-37.9356	0.13803	31.73874	3.40523	6.78657	72.73547	1	4	0.09323	0.10709
323	0	2	4ec40e5f82f7a65bed1dc3d9679f8693	16.83531	0.10275	3.16187	inf	-0.05688	-3.69628	0	None	None	0.15014	0.20286	0	0	239.3984	MaxAcceleration	-37.93403	0.13803	31.67521	2.66316	5.31486	70.79012	1	4	0.09667	0.11062
324	0	2	4ec40e5f82f7a65bed1dc3d9679f8693	16.90035	0.09791	3.19371	inf	-0.05551	-2.89928	0	None	None	0.15064	0.16134	0	0	240.2253	MaxAcceleration	-37.93175	0.13803	31.61115	1.94559	3.8867	68.77372	1	4	0.099	0.11325
325	0	2	4ec40e5f82f7a65bed1dc3d9679f8693	16.96498	0.09283	3.22484	inf	-0.05374	-2.13525	0	None	None	0.15113	0.12124	0	0	241.0277	MaxAcceleration	-37.92874	0.13803	31.54657	1.26154	2.52187	66.74192	1	4	0.10094	0.11503
326	0	2	4ec40e5f82f7a65bed1dc3d9679f8693	17.03109	0.08785	3.25517	inf	-0.05219	-1.38576	0	None	None	0.1516	0.08191	0	0	241.8077	MaxAcceleration	-37.92498	0.13803	31.48147	0.59081	1.18149	64.63007	1	4	0.10283	0.11604
327	0	2	4ec40e5f82f7a65bed1dc3d9679f8693	17.09682	0.08311	3.28468	inf	-0.05071	-0.66771	0	None	None	0.15206	0.04427	0	0	242.5634	MaxAcceleration	-37.92047	0.13803	31.41587	-0.04814	-0.09629	62.52854	1	4	0.10476	0.11638
328	0	2	4ec40e5f82f7a65bed1dc3d9679f8693	17.16397	0.07801	3.31338	inf	-0.04897	0.03595	0	None	None	0.1525	0.00721	0	0	243.2945	MaxAcceleration	-37.91518	0.13803	31.34979	-0.67365	-1.34711	60.37593	1	4	0.10703	0.11613
329	0	2	4ec40e5f82f7a65bed1dc3d9679f8693	17.23161	0.07313	3.34127	inf	-0.04742	0.71736	0	None	None	0.15235	-0.02856	0	0	243.7587	MaxAcceleration	-37.90912	0.13803	31.28324	-1.27701	-2.55275	58.22159	1	4	0.10947	0.11541
330	0	2	4ec40e5f82f7a65bed1dc3d9679f8693	17.29895	0.06844	3.36834	inf	-0.04583	1.36902	0	None	None	0.15334	-0.06276	0	0	243.7587	MaxAcceleration	-37.90225	0.13803	31.21623	-1.8519	-3.69993	56.1073	1	4	0.11232	0.1143
331	0	2	4ec40e5f82f7a65bed1dc3d9679f8693	17.36759	0.06347	3.39443	inf	-0.04406	2.00672	0	None	None	0.12147	-0.09628	0	0	194.3504	MaxAcceleration	-37.89457	0.13803	31.14878	-2.41308	-4.81762	53.97582	1	4	0.11547	0.11287
332	0	2	4ec40e5f82f7a65bed1dc3d9679f8693	17.43671	0.0587	3.41988	inf	-0.04247	2.6235	0	None	None	0.09653	-0.12853	0	0	154.4506	MaxAcceleration	-37.88607	0.13803	31.08092	-2.95323	-5.89085	51.87567	1	4	0.11866	0.11122
333	0	2	4ec40e5f82f7a65bed1dc3d9679f8693	17.50541	0.05413	3.4357	inf	-0.04082	3.21116	0	None	None	0.09173	-0.15918	0	0	146.7738	MaxAcceleration	-37.87674	0.13803	31.01283	-3.46711	-6.90902	49.71072	1	4	0.12191	0.1083
334	0	2	4ec40e5f82f7a65bed1dc3d9679f8693	17.57496	0.0493	3.44323	inf	-0.039	3.78278	0	None	None	0.0819	-0.18889	0	0	131.0392	MaxAcceleration	-37.86662	0.13803	30.94471	-3.96446	-7.89131	47.48048	1	4	0.12497	0.10356
335	0	2	4ec40e5f82f7a65bed1dc3d9679f8693	17.6446	0.04479	3.44822	inf	-0.03737	4.33217	0	None	None	0.07623	-0.21724	0	0	121.9736	MaxAcceleration	-37.85569	0.13803	30.87658	-4.44081	-8.8289	45.30254	1	4	0.12759	0.09744
336	0	2	4ec40e5f82f7a65bed1dc3d9679f8693	17.71363	0.04039	3.44967	inf	-0.0357	4.85353	0	None	None	0.07857	-0.24408	0	0	121.9736	MaxAcceleration	-37.84398	0.13803	30.80853	-4.89223	-9.71415	43.19163	1	4	0.12976	0.09018
337	0	2	4ec40e5f82f7a65bed1dc3d9679f8693	17.78327	0.0383	3.4487	inf	-0.03386	5.35956	0	None	None	0.07748	-0.27006	0	0	123.9732	MaxAcceleration	-37.83148	0.13803	30.74062	-5.32796	-10.56534	41.12661	1	4	0.13143	0.08219
338	0	2	4ec40e5f82f7a65bed1dc3d9679f8693	17.8529	0.03945	3.44766	inf	-0.0322	5.84528	0	None	None	0.0767	-0.29481	0	0	122.724	MaxAcceleration	-37.8182	0.13803	30.67283	-5.74441	-11.3756	39.15691	1	4	0.13253	0.07409
339	0	2	4ec40e5f82f7a65bed1dc3d9679f8693	17.92196	0.04052	3.44574	inf	-0.03053	6.3062	0	None	None	0.08246	-0.31825	0	0	122.724	MaxAcceleration	-37.80414	0.13803	30.60519	-6.13958	-12.14133	37.28425	1	4	0.13329	0.06622
340	0	2	4ec40e5f82f7a65bed1dc3d9679f8693	17.99153	0.04143	3.44302	inf	-0.02867	6.75348	0	None	None	0.0823	-0.34096	0	0	131.6751	MaxAcceleration	-37.7893	0.13803	30.53773	-6.52033	-12.87602	35.47949	1	4	0.13373	0.05885
341	0	2	4ec40e5f82f7a65bed1dc3d9679f8693	18.06108	0.04251	3.44134	inf	-0.02698	7.18289	0	None	None	0.08139	-0.3626	0	0	130.2264	MaxAcceleration	-37.77369	0.13803	30.47043	-6.88437	-13.5755	33.77291	1	4	0.13394	0.05236
342	0	2	4ec40e5f82f7a65bed1dc3d9679f8693	18.13016	0.04347	3.43917	inf	-0.02531	7.59082	0	None	None	0.08896	-0.3831	0	0	130.2264	MaxAcceleration	-37.7573	0.13803	30.4033	-7.23026	-14.23731	32.15507	1	4	0.13408	0.0468
343	0	2	4ec40e5f82f7a65bed1dc3d9679f8693	18.19966	0.04428	3.43626	inf	-0.02342	7.98656	0	None	None	0.08805	-0.40299	0	0	140.8752	MaxAcceleration	-37.74015	0.13803	30.33637	-7.56313	-14.87152	30.60061	1	4	0.13416	0.0421
344	0	2	4ec40e5f82f7a65bed1dc3d9679f8693	18.26916	0.04524	3.43493	inf	-0.02171	8.3667	0	None	None	0.08617	-0.42195	0	0	137.8746	MaxAcceleration	-37.72221	0.13803	30.2696	-7.88156	-15.47565	29.13643	1	4	0.13424	0.03849
345	0	2	4ec40e5f82f7a65bed1dc3d9679f8693	18.33828	0.04607	3.43301	25.94801	-0.02004	8.72831	0	None	None	0.09512	-0.43994	0	0	137.8746	MaxAcceleration	-37.70351	0.13803	30.20304	-8.1845	-16.04799	27.747	1	4	0.1344	0.03575
346	0	2	4ec40e5f82f7a65bed1dc3d9679f8693	18.40774	0.04674	3.43012	25.35423	-0.01812	9.07888	0	None	None	0.09332	-0.4574	0	0	149.3105	MaxAcceleration	-37.68405	0.13803	30.13669	-8.47581	-16.5961	26.41215	1	4	0.13457	0.03367
347	0	2	4ec40e5f82f7a65bed1dc3d9679f8693	18.4772	0.04754	3.42921	24.78874	-0.01638	9.41565	0	None	None	0.09049	-0.47405	0	0	144.7762	MaxAcceleration	-37.66381	0.13803	30.07053	-8.75437	-17.11808	25.15897	1	4	0.13482	0.0324
348	0	2	4ec40e5f82f7a65bed1dc3d9679f8693	18.54638	0.04826	3.42752	24.25173	-0.01472	9.73662	0	None	None	0.10068	-0.48987	0	0	144.7762	MaxAcceleration	-37.64281	0.13803	30.00459	-9.01997	-17.61379	23.96636	1	4	0.13516	0.03168
349	0	2	4ec40e5f82f7a65bed1dc3d9679f8693	18.61581	0.04877	3.42464	23.73845	-0.01278	10.04734	0	None	None	0.09808	-0.50523	0	0	156.9319	MaxAcceleration	-37.62105	0.13803	29.93891	-9.27483	-18.08759	22.82166	1	4	0.13546	0.03121
350	0	2	4ec40e5f82f7a65bed1dc3d9679f8693	18.68523	0.04941	3.42407	23.24891	-0.01103	10.34589	0	None	None	0.09439	-0.51989	0	0	151.0318	MaxAcceleration	-37.59852	0.13803	29.87343	-9.51884	-18.53946	21.74809	1	4	0.13586	0.03121
351	0	2	4ec40e5f82f7a65bed1dc3d9679f8693	18.75448	0.05002	3.42258	22.78379	-0.00936	10.63108	0	None	None	0.10578	-0.53382	0	0	151.0318	MaxAcceleration	-37.57523	0.13803	29.8082	-9.75156	-18.96881	20.72521	1	4	0.13629	0.03142
352	0	2	4ec40e5f82f7a65bed1dc3d9679f8693	18.82387	0.05035	3.41968	22.33911	-0.0074	10.90658	0	None	None	0.10245	-0.54738	0	0	163.9253	MaxAcceleration	-37.5512	0.13803	29.74324	-9.97486	-19.37928	19.74208	1	4	0.13662	0.03156
353	0	2	4ec40e5f82f7a65bed1dc3d9679f8693	18.89327	0.05082	3.41941	21.91544	-0.00563	11.17129	0	None	None	0.09799	-0.56031	0	0	156.7767	MaxAcceleration	-37.5264	0.13803	29.67853	-10.18838	-19.77036	18.82302	1	4	0.13705	0.03194
354	0	2	4ec40e5f82f7a65bed1dc3d9679f8693	18.96258	0.0514	3.41807	21.51158	-0.00397	11.42487	0	None	None	0.1105	-0.57262	0	0	156.7767	MaxAcceleration	-37.50084	0.13803	29.61408	-10.39262	-20.14316	17.94378	1	4	0.13748	0.03232
355	0	2	4ec40e5f82f7a65bed1dc3d9679f8693	19.03194	0.05185	3.41514	21.12647	-0.002	11.66919	0	None	None	0.10651	-0.58459	0	0	170.4217	MaxAcceleration	-37.47455	0.13803	29.54994	-10.58804	-20.49864	17.09985	1	4	0.13777	0.03244
356	0	2	4ec40e5f82f7a65bed1dc3d9679f8693	19.10131	0.05243	3.41511	20.75883	-0.00022	11.90386	0	None	None	0.10133	-0.59604	0	0	162.1266	MaxAcceleration	-37.4475	0.13803	29.48606	-10.77521	-20.83801	16.31091	1	4	0.13818	0.03271
357	0	2	4ec40e5f82f7a65bed1dc3d9679f8693	19.17068	0.05312	3.41391	20.40832	0.00142	12.12944	0	None	None	0.11493	-0.60693	0	0	162.1266	MaxAcceleration	-37.4197	0.13803	29.42248	-10.95422	-21.16155	15.55538	1	4	0.13858	0.0329
358	0	2	4ec40e5f82f7a65bed1dc3d9679f8693	19.24001	0.056	3.41093	20.07394	0.00341	12.346	0	None	None	0.11032	-0.61754	0	0	176.5175	MaxAcceleration	-37.39118	0.13803	29.35923	-11.12553	-21.47021	14.82901	1	4	0.13882	0.03276
359	0	2	4ec40e5f82f7a65bed1dc3d9679f8693	19.30934	0.05966	3.41114	19.755	0.0052	12.55397	0	None	None	0.10446	-0.62767	0	0	167.1394	MaxAcceleration	-37.3619	0.13803	29.29628	-11.28942	-21.76462	14.15178	1	4	0.1392	0.03278
360	0	2	4ec40e5f82f7a65bed1dc3d9679f8693	19.37878	0.06313	3.41006	19.45005	0.00683	12.75472	0	None	None	0.11911	-0.63734	0	0	167.1394	MaxAcceleration	-37.33189	0.13803	29.23364	-11.44657	-22.04611	13.50077	1	4	0.13957	0.03271
361	0	2	4ec40e5f82f7a65bed1dc3d9679f8693	19.44807	0.0669	3.40702	19.15971	0.00882	12.94656	0	None	None	0.11392	-0.64675	0	0	182.2707	MaxAcceleration	-37.30116	0.13803	29.17137	-11.59661	-22.31411	12.87532	1	4	0.13977	0.03231
362	0	2	4ec40e5f82f7a65bed1dc3d9679f8693	19.51737	0.07043	3.40744	18.88245	0.01061	13.13064	0	None	None	0.10742	-0.65575	0	0	171.8648	MaxAcceleration	-37.26969	0.13803	29.10942	-11.74028	-22.57005	12.29251	1	4	0.14014	0.03212
363	0	2	4ec40e5f82f7a65bed1dc3d9679f8693	19.58685	0.07374	3.40648	18.61715	0.01222	13.30916	0	None	None	0.12306	-0.66433	0	0	171.8648	MaxAcceleration	-37.23749	0.13803	29.04781	-11.87811	-22.81494	11.73137	1	4	0.14049	0.03187
364	0	2	4ec40e5f82f7a65bed1dc3d9679f8693	19.65613	0.07738	3.4034	18.36457	0.01421	13.47908	0	None	None	0.1173	-0.6727	0	0	187.6752	MaxAcceleration	-37.20459	0.13803	28.9866	-12.00967	-23.04809	11.19161	1	4	0.14063	0.03132
365	0	2	4ec40e5f82f7a65bed1dc3d9679f8693	19.72539	0.08075	3.40404	18.12341	0.016	13.64184	0	None	None	0.11017	-0.6807	0	0	176.2748	MaxAcceleration	-37.17095	0.13803	28.92573	-12.13557	-23.2707	10.68954	1	4	0.14098	0.03103
366	0	2	4ec40e5f82f7a65bed1dc3d9679f8693	19.79465	0.08389	3.40318	17.89316	0.0176	13.798	0	None	None	0.12668	-0.68827	0	0	176.2748	MaxAcceleration	-37.13659	0.13803	28.86523	-12.25607	-23.48324	10.20673	1	4	0.14131	0.03072
367	0	2	4ec40e5f82f7a65bed1dc3d9679f8693	19.86417	0.08741	3.40007	17.67238	0.01957	13.95083	0	None	None	0.12046	-0.6958	0	0	192.7345	MaxAcceleration	-37.10155	0.13803	28.80515	-12.37187	-23.68703	9.73849	1	4	0.1414	0.03011
368	0	2	4ec40e5f82f7a65bed1dc3d9679f8693	19.9334	0.09064	3.40091	17.46242	0.02135	14.09457	0	None	None	0.11274	-0.70292	0	0	180.3856	MaxAcceleration	-37.06578	0.13803	28.74544	-12.48224	-23.88084	9.30529	1	4	0.14171	0.02981
369	0	2	4ec40e5f82f7a65bed1dc3d9679f8693	20.00262	0.09362	3.40014	17.26183	0.02294	14.23231	0	None	None	0.13014	-0.70964	0	0	180.3856	MaxAcceleration	-37.0293	0.13803	28.68613	-12.5879	-24.066	8.88802	1	4	0.14203	0.02951
370	0	2	4ec40e5f82f7a65bed1dc3d9679f8693	20.0722	0.09698	3.397	17.06928	0.02487	14.36829	0	None	None	0.12343	-0.71637	0	0	197.4891	MaxAcceleration	-36.99215	0.13803	28.62728	-12.68954	-24.24374	8.48245	1	4	0.14209	0.02891
371	0	2	4ec40e5f82f7a65bed1dc3d9679f8693	20.14139	0.10005	3.39803	16.88624	0.02665	14.4949	0	None	None	0.11515	-0.72272	0	0	184.2341	MaxAcceleration	-36.95429	0.13803	28.56881	-12.78634	-24.4127	8.10796	1	4	0.14239	0.02865
372	0	2	4ec40e5f82f7a65bed1dc3d9679f8693	20.21058	0.10287	3.39736	16.71145	0.02823	14.61611	0	None	None	0.13336	-0.7287	0	0	184.2341	MaxAcceleration	-36.91573	0.13803	28.51077	-12.87895	-24.57404	7.74706	1	4	0.1427	0.0284
373	0	2	4ec40e5f82f7a65bed1dc3d9679f8693	20.2802	0.10608	3.39419	16.54327	0.03012	14.737	0	None	None	0.12619	-0.73473	0	0	201.9004	MaxAcceleration	-36.87651	0.13803	28.45321	-12.96822	-24.72929	7.39508	1	4	0.14273	0.02784
374	0	2	4ec40e5f82f7a65bed1dc3d9679f8693	20.34936	0.10899	3.39541	16.38371	0.03188	14.84824	0	None	None	0.11737	-0.74039	0	0	187.7854	MaxAcceleration	-36.83659	0.13803	28.39606	-13.05306	-24.87657	7.07113	1	4	0.14302	0.02763
375	0	2	4ec40e5f82f7a65bed1dc3d9679f8693	20.4185	0.11164	3.39485	16.23112	0.03343	14.9546	0	None	None	0.13635	-0.74571	0	0	187.7854	MaxAcceleration	-36.79599	0.13803	28.33936	-13.13433	-25.01743	6.75823	1	4	0.14331	0.02744
376	0	2	4ec40e5f82f7a65bed1dc3d9679f8693	20.48817	0.11469	3.39165	16.08428	0.03529	15.06202	0	None	None	0.12873	-0.75111	0	0	205.9753	MaxAcceleration	-36.75476	0.13803	28.28317	-13.21266	-25.15297	6.45268	1	4	0.14331	0.02693
377	0	2	4ec40e5f82f7a65bed1dc3d9679f8693	20.5573	0.11743	3.39304	15.94491	0.03702	15.15941	0	None	None	0.11941	-0.75616	0	0	191.0486	MaxAcceleration	-36.71283	0.13803	28.22742	-13.28712	-25.28162	6.17172	1	4	0.14358	0.02677
378	0	2	4ec40e5f82f7a65bed1dc3d9679f8693	20.6264	0.11992	3.39256	15.8118	0.03855	15.25239	0	None	None	0.13912	-0.76089	0	0	191.0486	MaxAcceleration	-36.67023	0.13803	28.17215	-13.35835	-25.40449	5.90045	1	4	0.14387	0.02662
379	0	2	4ec40e5f82f7a65bed1dc3d9679f8693	20.69612	0.12281	3.38934	15.68332	0.04036	15.34773	0	None	None	0.1311	-0.76574	0	0	209.752	MaxAcceleration	-36.62702	0.13803	28.11741	-13.42719	-25.52308	5.63451	1	4	0.14384	0.02614
380	0	2	4ec40e5f82f7a65bed1dc3d9679f8693	20.76519	0.12539	3.3909	15.5617	0.04207	15.43259	0	None	None	0.12129	-0.77024	0	0	194.0572	MaxAcceleration	-36.58313	0.13803	28.06313	-13.49245	-25.63535	5.39089	1	4	0.1441	0.02602
381	0	2	4ec40e5f82f7a65bed1dc3d9679f8693	20.83426	0.1277	3.39052	15.44534	0.04357	15.51351	0	None	None	0.11499	-0.77445	0	0	183.9908	MaxAcceleration	-36.53859	0.13803	28.00936	-13.55496	-25.74276	5.15511	1	4	0.14437	0.02592
382	0	2	4ec40e5f82f7a65bed1dc3d9679f8693	20.90402	0.13043	3.38729	15.333	0.04532	15.59808	0	None	None	0.13324	-0.7788	0	0	183.9908	MaxAcceleration	-36.49345	0.13803	27.95614	-13.61539	-25.84646	4.92369	1	4	0.14429	0.02545
383	0	2	4ec40e5f82f7a65bed1dc3d9679f8693	20.97291	0.13284	3.38211	15.22688	0.047	15.67171	0	None	None	0.12821	-0.78272	0	0	205.1347	MaxAcceleration	-36.44775	0.13803	27.90352	-13.67255	-25.94442	4.70278	1	4	0.14377	0.02449
384	0	2	4ec40e5f82f7a65bed1dc3d9679f8693	21.04177	0.13498	3.38125	15.12542	0.04845	15.7415	0	None	None	0.12139	-0.78643	0	0	194.2202	MaxAcceleration	-36.40142	0.13803	27.85144	-13.72725	-26.03807	4.4979	1	4	0.14362	0.02375
385	0	2	4ec40e5f82f7a65bed1dc3d9679f8693	21.11145	0.13754	3.37943	15.02721	0.05015	15.81614	0	None	None	0.14038	-0.79035	0	0	194.2202	MaxAcceleration	-36.35448	0.13803	27.79991	-13.78027	-26.12873	4.29868	1	4	0.1435	0.02308
386	0	2	4ec40e5f82f7a65bed1dc3d9679f8693	21.1802	0.13977	3.37564	14.93454	0.05178	15.87949	0	None	None	0.13329	-0.79385	0	0	213.263	MaxAcceleration	-36.307	0.13803	27.74897	-13.83035	-26.21428	4.10858	1	4	0.14315	0.02223
387	0	2	4ec40e5f82f7a65bed1dc3d9679f8693	21.24896	0.14173	3.37633	14.84585	0.0532	15.9394	0	None	None	0.12479	-0.79716	0	0	199.6666	MaxAcceleration	-36.25888	0.13803	27.69857	-13.87832	-26.29614	3.93228	1	4	0.14333	0.02187
388	0	2	4ec40e5f82f7a65bed1dc3d9679f8693	21.31863	0.14415	3.37556	14.75987	0.05485	16.00531	0	None	None	0.14393	-0.8007	0	0	199.6666	MaxAcceleration	-36.21017	0.13803	27.64872	-13.92488	-26.37551	3.75986	1	4	0.14353	0.02168
389	0	2	4ec40e5f82f7a65bed1dc3d9679f8693	21.3873	0.14621	3.37235	14.67881	0.05643	16.05955	0	None	None	0.1359	-0.80381	0	0	217.4378	MaxAcceleration	-36.16092	0.13803	27.59949	-13.96881	-26.45033	3.59493	1	4	0.14343	0.0213
390	0	2	4ec40e5f82f7a65bed1dc3d9679f8693	21.45599	0.14799	3.37361	14.60117	0.0578	16.11063	0	None	None	0.12648	-0.80674	0	0	202.3754	MaxAcceleration	-36.11105	0.13803	27.5508	-14.01092	-26.52199	3.44182	1	4	0.1438	0.02138
391	0	2	4ec40e5f82f7a65bed1dc3d9679f8693	21.52568	0.15026	3.37319	14.52586	0.0594	16.16874	0	None	None	0.14579	-0.80994	0	0	202.3754	MaxAcceleration	-36.06061	0.13803	27.50269	-14.05181	-26.59151	3.29174	1	4	0.14411	0.02154
392	0	2	4ec40e5f82f7a65bed1dc3d9679f8693	21.5943	0.15216	3.37011	14.45486	0.06094	16.21472	0	None	None	0.13714	-0.8127	0	0	219.4284	MaxAcceleration	-36.00964	0.13803	27.4552	-14.09039	-26.65705	3.1479	1	4	0.14403	0.02143
393	0	3	469fe81415e729b4258c4b7eda9e65a2	21.66292	0.15377	3.37152	14.38694	0.06219	16.17344	0	None	None	0.15339	-0.81296	0	0	219.4284	MaxAcceleration	-35.95808	0.13803	27.40829	-14.12733	-26.71975	3.01456	1	4	0.14437	0.02166
394	0	3	469fe81415e729b4258c4b7eda9e65a2	21.73263	0.1559	3.37112	14.32088	0.06382	16.3088	0	None	None	0.14698	-0.81817	0	0	235.1642	MaxAcceleration	-35.90596	0.13803	27.36197	-14.16328	-26.78073	2.88337	1	4	0.14462	0.02191
395	0	3	469fe81415e729b4258c4b7eda9e65a2	21.80132	0.15772	3.37566	14.25862	0.06535	16.34855	0	None	None	0.13251	-0.82076	0	0	212.0193	MaxAcceleration	-35.85325	0.13803	27.31617	-14.19719	-26.8382	2.76388	1	4	0.14447	0.02277
396	0	3	469fe81415e729b4258c4b7eda9e65a2	21.87003	0.15919	3.377	14.19897	0.06662	16.38473	0	None	None	0.15347	-0.82305	0	0	212.0193	MaxAcceleration	-35.79995	0.13803	27.27098	-14.2297	-26.89326	2.64685	1	4	0.14527	0.02361
397	0	3	469fe81415e729b4258c4b7eda9e65a2	21.93987	0.16122	3.37491	14.14097	0.06815	16.42981	0	None	None	0.14319	-0.82565	0	0	229.1107	MaxAcceleration	-35.74614	0.13803	27.22645	-14.26133	-26.94679	2.53049	1	4	0.14573	0.02395
398	0	3	469fe81415e729b4258c4b7eda9e65a2	22.0086	0.16277	3.37795	14.08635	0.06959	16.46156	0	None	None	0.13044	-0.82787	0	0	208.6992	MaxAcceleration	-35.69174	0.13803	27.1825	-14.29114	-26.99722	2.42471	1	4	0.14639	0.02454
399	0	3	469fe81415e729b4258c4b7eda9e65a2	22.07731	0.16406	3.3786	14.03405	0.0708	16.49101	0	None	None	0.15251	-0.82986	0	0	208.6992	MaxAcceleration	-35.63681	0.13803	27.13918	-14.3197	-27.04549	2.32178	1	4	0.1469	0.02497
400	0	3	469fe81415e729b4258c4b7eda9e65a2	22.14721	0.16598	3.37575	13.98316	0.07229	16.53049	0	None	None	0.14202	-0.83221	0	0	227.2373	MaxAcceleration	-35.58141	0.13803	27.09653	-14.34751	-27.09247	2.21936	1	4	0.14678	0.02481
401	0	3	469fe81415e729b4258c4b7eda9e65a2	22.21592	0.16737	3.37827	13.93526	0.07367	16.5562	0	None	None	0.12987	-0.83415	0	0	207.7885	MaxAcceleration	-35.52546	0.13803	27.0545	-14.37369	-27.13668	2.12645	1	4	0.14689	0.02489
402	0	3	469fe81415e729b4258c4b7eda9e65a2	22.28461	0.16849	3.37834	13.88944	0.07481	16.5799	0	None	None	0.15217	-0.83587	0	0	207.7885	MaxAcceleration	-35.469	0.13803	27.01312	-14.39876	-27.17898	2.03608	1	4	0.14694	0.02483
403	0	3	469fe81415e729b4258c4b7eda9e65a2	22.35453	0.1703	3.37508	13.84476	0.07627	16.61441	0	None	None	0.14215	-0.838	0	0	227.4416	MaxAcceleration	-35.41211	0.13803	26.97245	-14.42321	-27.22022	1.94612	1	4	0.14651	0.02423
404	0	3	469fe81415e729b4258c4b7eda9e65a2	22.42319	0.17154	3.37726	13.80281	0.07758	16.63469	0	None	None	0.13027	-0.8397	0	0	208.4352	MaxAcceleration	-35.35469	0.13803	26.93241	-14.44618	-27.25894	1.86472	1	4	0.14643	0.02397
405	0	3	469fe81415e729b4258c4b7eda9e65a2	22.49182	0.17251	3.37713	13.76262	0.07867	16.65309	0	None	None	0.15274	-0.84119	0	0	208.4352	MaxAcceleration	-35.2968	0.13803	26.89304	-14.4682	-27.29604	1.78552	1	4	0.14641	0.02366
406	0	3	469fe81415e729b4258c4b7eda9e65a2	22.56175	0.17422	3.37377	13.72345	0.08008	16.68323	0	None	None	0.14279	-0.84312	0	0	228.4638	MaxAcceleration	-35.2385	0.13803	26.85439	-14.48967	-27.3322	1.70674	1	4	0.14599	0.02291
407	0	3	469fe81415e729b4258c4b7eda9e65a2	22.63035	0.1753	3.3759	13.68665	0.08134	16.69861	0	None	None	0.13091	-0.8446	0	0	209.4525	MaxAcceleration	-35.1797	0.13803	26.8164	-14.50985	-27.36617	1.63548	1	4	0.14597	0.02259
408	0	3	469fe81415e729b4258c4b7eda9e65a2	22.69893	0.17612	3.37574	13.65143	0.08236	16.71245	0	None	None	0.15343	-0.84587	0	0	209.4525	MaxAcceleration	-35.12044	0.13803	26.7791	-14.52917	-27.39868	1.56618	1	4	0.14606	0.02229
409	0	3	469fe81415e729b4258c4b7eda9e65a2	22.76887	0.17773	3.37237	13.61703	0.08373	16.73868	0	None	None	0.14345	-0.84763	0	0	229.5276	MaxAcceleration	-35.06081	0.13803	26.74254	-14.54804	-27.43043	1.49714	1	4	0.14573	0.02162
410	0	3	469fe81415e729b4258c4b7eda9e65a2	22.83741	0.17867	3.37452	13.58477	0.08492	16.74971	0	None	None	0.13153	-0.84891	0	0	210.4431	MaxAcceleration	-35.0007	0.13803	26.70664	-14.56575	-27.46021	1.43479	1	4	0.1458	0.02141
411	0	3	469fe81415e729b4258c4b7eda9e65a2	22.90614	0.17941	3.37437	13.5538	0.08588	16.76126	0	None	None	0.15343	-0.85004	0	0	210.4431	MaxAcceleration	-34.94016	0.13803	26.67146	-14.58277	-27.4888	1.37396	1	4	0.14596	0.02125
412	0	3	469fe81415e729b4258c4b7eda9e65a2	22.97587	0.18087	3.37102	13.52369	0.08722	16.78204	0	None	None	0.14404	-0.85159	0	0	230.463	MaxAcceleration	-34.87927	0.13803	26.63702	-14.59931	-27.51659	1.31364	1	4	0.14568	0.02072
413	0	3	469fe81415e729b4258c4b7eda9e65a2	23.04435	0.18167	3.37301	13.4954	0.08834	16.78925	0	None	None	0.13221	-0.85269	0	0	211.5375	MaxAcceleration	-34.81793	0.13803	26.60327	-14.61485	-27.5427	1.259	1	4	0.14577	0.02063
414	0	3	469fe81415e729b4258c4b7eda9e65a2	23.11437	0.18273	3.37286	13.4677	0.08925	16.8099	0	None	None	0.15341	-0.85401	0	0	211.5375	MaxAcceleration	-34.75619	0.13803	26.57024	-14.63009	-27.56828	1.20469	1	4	0.14593	0.02059
415	0	3	469fe81415e729b4258c4b7eda9e65a2	23.18276	0.18366	3.36957	13.44181	0.09053	16.81482	0	None	None	0.14465	-0.85506	0	0	231.4467	MaxAcceleration	-34.69412	0.13803	26.53797	-14.64433	-27.59218	1.15288	1	4	0.14565	0.02019
416	0	3	469fe81415e729b4258c4b7eda9e65a2	23.25117	0.18431	3.37128	13.41698	0.09158	16.81828	0	None	None	0.133	-0.85598	0	0	212.805	MaxAcceleration	-34.63164	0.13803	26.50641	-14.65798	-27.6151	1.10491	1	4	0.14582	0.02017
417	0	3	469fe81415e729b4258c4b7eda9e65a2	23.32118	0.18528	3.37126	13.39267	0.09245	16.83612	0	None	None	0.15338	-0.85717	0	0	212.805	MaxAcceleration	-34.56878	0.13803	26.47559	-14.67136	-27.63754	1.05738	1	4	0.14595	0.02021
418	0	3	469fe81415e729b4258c4b7eda9e65a2	23.38951	0.18608	3.36811	13.36994	0.09367	16.83786	0	None	None	0.14522	-0.85807	0	0	232.3577	MaxAcceleration	-34.50562	0.13803	26.44553	-14.68387	-27.65852	1.012	1	4	0.14561	0.01988
419	0	3	469fe81415e729b4258c4b7eda9e65a2	23.45786	0.1866	3.36973	13.34816	0.09465	16.83826	0	None	None	0.13363	-0.85883	0	0	213.807	MaxAcceleration	-34.44206	0.13803	26.4162	-14.69586	-27.67862	0.96996	1	4	0.14572	0.01992
420	0	3	469fe81415e729b4258c4b7eda9e65a2	23.52785	0.18751	3.36976	13.32681	0.09549	16.85362	0	None	None	0.15336	-0.85991	0	0	213.807	MaxAcceleration	-34.37817	0.13803	26.38762	-14.70762	-27.69833	0.92828	1	4	0.14581	0.02001
421	0	3	469fe81415e729b4258c4b7eda9e65a2	23.59613	0.18818	3.36669	13.30686	0.09664	16.85254	0	None	None	0.1457	-0.86067	0	0	233.1204	MaxAcceleration	-34.31399	0.13803	26.3598	-14.71861	-27.71674	0.88854	1	4	0.14545	0.01973
422	0	3	469fe81415e729b4258c4b7eda9e65a2	23.66441	0.18858	3.36822	13.28775	0.09755	16.85023	0	None	None	0.13417	-0.8613	0	0	214.6787	MaxAcceleration	-34.24946	0.13803	26.33273	-14.72914	-27.73438	0.85167	1	4	0.14555	0.01979
423	0	3	469fe81415e729b4258c4b7eda9e65a2	23.7344	0.18943	3.3683	13.26899	0.09836	16.86349	0	None	None	0.15334	-0.86228	0	0	214.6787	MaxAcceleration	-34.1846	0.13803	26.30642	-14.73948	-27.7517	0.81511	1	4	0.14563	0.0199
424	0	3	469fe81415e729b4258c4b7eda9e65a2	23.80262	0.18999	3.36532	13.25149	0.09944	16.85996	0	None	None	0.1461	-0.86291	0	0	233.7571	MaxAcceleration	-34.1195	0.13803	26.28089	-14.74913	-27.76786	0.7803	1	4	0.14527	0.01964
425	0	3	469fe81415e729b4258c4b7eda9e65a2	23.87084	0.19027	3.36678	13.23471	0.10029	16.85522	0	None	None	0.13464	-0.86341	0	0	215.4274	MaxAcceleration	-34.05407	0.13803	26.25611	-14.75838	-27.78335	0.74795	1	4	0.14537	0.0197
426	0	3	469fe81415e729b4258c4b7eda9e65a2	23.94081	0.19107	3.36689	13.21824	0.10107	16.86666	0	None	None	0.15332	-0.86431	0	0	215.4274	MaxAcceleration	-33.98834	0.13803	26.2321	-14.76746	-27.79855	0.7159	1	4	0.14546	0.01981
427	0	3	469fe81415e729b4258c4b7eda9e65a2	24.00897	0.19151	3.36398	13.20286	0.10208	16.86094	0	None	None	0.14641	-0.86482	0	0	234.2539	MaxAcceleration	-33.92239	0.13803	26.20888	-14.77594	-27.81274	0.68537	1	4	0.14511	0.01957
428	0	3	469fe81415e729b4258c4b7eda9e65a2	24.07714	0.1917	3.36538	13.18814	0.10286	16.85414	0	None	None	0.13503	-0.86521	0	0	216.0493	MaxAcceleration	-33.85614	0.13803	26.18642	-14.78406	-27.82634	0.657	1	4	0.14521	0.01962
429	0	3	469fe81415e729b4258c4b7eda9e65a2	24.14709	0.19244	3.36552	13.17366	0.10362	16.86398	0	None	None	0.1533	-0.86603	0	0	216.0493	MaxAcceleration	-33.78962	0.13803	26.16473	-14.79205	-27.8397	0.62886	1	4	0.1453	0.01973
430	0	3	469fe81415e729b4258c4b7eda9e65a2	24.21519	0.19279	3.36268	13.16017	0.10457	16.85631	0	None	None	0.14664	-0.86644	0	0	234.6282	MaxAcceleration	-33.72292	0.13803	26.14384	-14.7995	-27.85215	0.6021	1	4	0.14495	0.01949
431	0	3	469fe81415e729b4258c4b7eda9e65a2	24.2833	0.19286	3.36403	13.14724	0.10527	16.84773	0	None	None	0.13535	-0.86672	0	0	216.5587	MaxAcceleration	-33.65593	0.13803	26.12373	-14.80663	-27.86409	0.57721	1	4	0.14505	0.01953
432	0	3	469fe81415e729b4258c4b7eda9e65a2	24.35324	0.19357	3.3642	13.13451	0.10601	16.85628	0	None	None	0.15328	-0.86747	0	0	216.5587	MaxAcceleration	-33.5887	0.13803	26.1044	-14.81366	-27.87584	0.5525	1	4	0.14514	0.01964
433	0	3	469fe81415e729b4258c4b7eda9e65a2	24.42129	0.19381	3.36141	13.12266	0.10689	16.84699	0	None	None	0.14681	-0.86779	0	0	234.8895	MaxAcceleration	-33.52132	0.13803	26.08587	-14.8202	-27.88677	0.52903	1	4	0.14479	0.01941
434	0	3	469fe81415e729b4258c4b7eda9e65a2	24.48934	0.19379	3.36272	13.1113	0.10753	16.83684	0	None	None	0.1356	-0.86798	0	0	216.9614	MaxAcceleration	-33.45368	0.13803	26.06812	-14.82647	-27.89726	0.50718	1	4	0.14488	0.01945
435	0	3	469fe81415e729b4258c4b7eda9e65a2	24.55927	0.19447	3.36291	13.10012	0.10824	16.84425	0	None	None	0.15326	-0.86867	0	0	216.9614	MaxAcceleration	-33.38584	0.13803	26.05117	-14.83265	-27.90758	0.4855	1	4	0.14497	0.01956
436	0	3	469fe81415e729b4258c4b7eda9e65a2	24.62725	0.19462	3.36017	13.08971	0.10906	16.8335	0	None	None	0.1469	-0.8689	0	0	235.04	MaxAcceleration	-33.31786	0.13803	26.03501	-14.8384	-27.91719	0.4649	1	4	0.14461	0.01933
437	0	3	469fe81415e729b4258c4b7eda9e65a2	24.69525	0.19451	3.36145	13.07973	0.10964	16.82197	0	None	None	0.13579	-0.86901	0	0	217.2618	MaxAcceleration	-33.24967	0.13803	26.01965	-14.84391	-27.9264	0.44572	1	4	0.1447	0.01938
438	0	3	469fe81415e729b4258c4b7eda9e65a2	24.76516	0.19516	3.36165	13.06991	0.11033	16.82847	0	None	None	0.15324	-0.86965	0	0	217.2618	MaxAcceleration	-33.18129	0.13803	26.00508	-14.84934	-27.93547	0.42668	1	4	0.14478	0.01948
439	0	3	469fe81415e729b4258c4b7eda9e65a2	24.8331	0.19522	3.35895	13.06076	0.11108	16.81658	0	None	None	0.14694	-0.8698	0	0	235.0974	MaxAcceleration	-33.1128	0.13803	25.99132	-14.85439	-27.94392	0.4086	1	4	0.14442	0.01926
440	0	3	469fe81415e729b4258c4b7eda9e65a2	24.90104	0.19503	3.36022	13.052	0.1116	16.80388	0	None	None	0.13592	-0.86983	0	0	217.4778	MaxAcceleration	-33.04413	0.13803	25.97835	-14.85923	-27.952	0.39177	1	4	0.14451	0.01931
441	0	3	469fe81415e729b4258c4b7eda9e65a2	24.97094	0.19566	3.36041	13.04335	0.11228	16.80963	0	None	None	0.15322	-0.87044	0	0	217.4778	MaxAcceleration	-32.9753	0.13803	25.96619	-14.86401	-27.95998	0.37503	1	4	0.14459	0.01942
442	0	3	469fe81415e729b4258c4b7eda9e65a2	25.03882	0.19565	3.35775	13.03532	0.11297	16.79672	0	None	None	0.14692	-0.87052	0	0	235.0676	MaxAcceleration	-32.90639	0.13803	25.95483	-14.86845	-27.9674	0.35917	1	4	0.14422	0.0192
443	0	3	469fe81415e729b4258c4b7eda9e65a2	25.10672	0.19537	3.359	13.02762	0.11342	16.78306	0	None	None	0.13601	-0.87047	0	0	217.6149	MaxAcceleration	-32.83733	0.13803	25.94427	-14.87271	-27.97451	0.34438	1	4	0.14432	0.01926
444	0	3	469fe81415e729b4258c4b7eda9e65a2	25.17659	0.19599	3.35919	13.02002	0.11409	16.78818	0	None	None	0.1532	-0.87105	0	0	217.6149	MaxAcceleration	-32.76814	0.13803	25.93452	-14.87691	-27.98152	0.32969	1	4	0.14439	0.01937
445	0	3	469fe81415e729b4258c4b7eda9e65a2	25.24442	0.1959	3.35657	13.01296	0.11471	16.77438	0	None	None	0.14685	-0.87106	0	0	234.9621	MaxAcceleration	-32.69889	0.13803	25.92558	-14.88081	-27.98803	0.31576	1	4	0.14402	0.01916
446	0	3	469fe81415e729b4258c4b7eda9e65a2	25.31226	0.19554	3.35781	13.00619	0.1151	16.7599	0	None	None	0.15318	-0.87095	0	0	234.9621	MaxAcceleration	-32.62952	0.13803	25.91744	-14.88455	-27.99428	0.30277	1	4	0.14412	0.01921
447	0	3	469fe81415e729b4258c4b7eda9e65a2	25.38212	0.19617	3.358	12.99952	0.11576	16.76455	0	None	None	0.15318	-0.8715	0	0	245.0887	MaxAcceleration	-32.56005	0.13803	25.91011	-14.88824	-28.00045	0.28986	1	4	0.14419	0.01933
448	0	3	469fe81415e729b4258c4b7eda9e65a2	25.45	0.196	3.35975	12.9933	0.11633	16.74997	0	None	None	0.14354	-0.87148	0	0	229.6704	MaxAcceleration	-32.49046	0.13803	25.90358	-14.89168	-28.00619	0.27797	1	4	0.14435	0.01968
449	0	3	469fe81415e729b4258c4b7eda9e65a2	25.51789	0.19558	3.36137	12.98734	0.11665	16.73498	0	None	None	0.15323	-0.87132	0	0	229.6704	MaxAcceleration	-32.42077	0.13803	25.89786	-14.89497	-28.01168	0.26656	1	4	0.14474	0.02016
450	0	3	469fe81415e729b4258c4b7eda9e65a2	25.58781	0.19621	3.3607	12.98147	0.11732	16.73938	0	None	None	0.15322	-0.87184	0	0	245.159	MaxAcceleration	-32.35103	0.13803	25.89295	-14.89823	-28.01711	0.25512	1	4	0.14481	0.02042
451	0	3	469fe81415e729b4258c4b7eda9e65a2	25.65571	0.19598	3.36237	12.976	0.11782	16.72428	0	None	None	0.14076	-0.87177	0	0	225.2168	MaxAcceleration	-32.2812	0.13803	25.88885	-14.90125	-28.02216	0.24465	1	4	0.14491	0.02081
452	0	3	469fe81415e729b4258c4b7eda9e65a2	25.72364	0.19551	3.36398	12.97076	0.1181	16.70884	0	None	None	0.15327	-0.87156	0	0	225.2168	MaxAcceleration	-32.2113	0.13803	25.88556	-14.90415	-28.02699	0.2346	1	4	0.1452	0.02125
453	0	3	469fe81415e729b4258c4b7eda9e65a2	25.79359	0.19613	3.36259	12.96558	0.11876	16.71302	0	None	None	0.15131	-0.87207	0	0	242.1007	MaxAcceleration	-32.14139	0.13803	25.88308	-14.90701	-28.03177	0.22448	1	4	0.14508	0.02133
454	0	3	469fe81415e729b4258c4b7eda9e65a2	25.8615	0.19585	3.3642	12.96078	0.11921	16.69752	0	None	None	0.13863	-0.87195	0	0	221.8082	MaxAcceleration	-32.07143	0.13803	25.8814	-14.90967	-28.03621	0.21527	1	4	0.14503	0.02151
455	0	3	469fe81415e729b4258c4b7eda9e65a2	25.93152	0.19607	3.36531	12.95603	0.11946	16.70157	0	None	None	0.15329	-0.87225	0	0	221.8082	MaxAcceleration	-32.00142	0.13803	25.88055	-14.9123	-28.04059	0.20613	1	4	0.14517	0.0217
456	0	3	469fe81415e729b4258c4b7eda9e65a2	25.99941	0.19597	3.36334	12.95162	0.12009	16.68586	0	None	None	0.14967	-0.87219	0	0	239.4694	MaxAcceleration	-31.93145	0.13803	25.8805	-14.91474	-28.04466	0.19746	1	4	0.14488	0.02149
457	0	3	469fe81415e729b4258c4b7eda9e65a2	26.06732	0.19561	3.36466	12.94739	0.12048	16.66978	0	None	None	0.13754	-0.87202	0	0	220.0563	MaxAcceleration	-31.86146	0.13803	25.88128	-14.91708	-28.04857	0.18934	1	4	0.14491	0.02142
458	0	3	469fe81415e729b4258c4b7eda9e65a2	26.13733	0.19583	3.3655	12.94321	0.12072	16.67367	0	None	None	0.1533	-0.87229	0	0	220.0563	MaxAcceleration	-31.79146	0.13803	25.88286	-14.91939	-28.05242	0.1813	1	4	0.14496	0.0214
459	0	3	469fe81415e729b4258c4b7eda9e65a2	26.2052	0.19567	3.36327	12.93933	0.12129	16.65768	0	None	None	0.14872	-0.87219	0	0	237.9501	MaxAcceleration	-31.72153	0.13803	25.88526	-14.92153	-28.056	0.17366	1	4	0.14456	0.02101
460	0	3	469fe81415e729b4258c4b7eda9e65a2	26.27308	0.19526	3.36459	12.93561	0.12163	16.64131	0	None	None	0.13682	-0.87198	0	0	218.918	MaxAcceleration	-31.65161	0.13803	25.88847	-14.92359	-28.05943	0.16652	1	4	0.14454	0.02084
461	0	3	469fe81415e729b4258c4b7eda9e65a2	26.34309	0.19549	3.36522	12.93194	0.12187	16.64519	0	None	None	0.15329	-0.87225	0	0	218.918	MaxAcceleration	-31.58172	0.13803	25.89248	-14.92562	-28.06282	0.15943	1	4	0.14456	0.02074
462	0	3	469fe81415e729b4258c4b7eda9e65a2	26.41093	0.19528	3.36281	12.92853	0.1224	16.62902	0	None	None	0.14809	-0.87211	0	0	236.9402	MaxAcceleration	-31.51193	0.13803	25.89731	-14.92751	-28.06597	0.15271	1	4	0.14414	0.02032
463	0	3	469fe81415e729b4258c4b7eda9e65a2	26.47879	0.19483	3.36413	12.92527	0.12269	16.61253	0	None	None	0.13639	-0.87186	0	0	218.2227	MaxAcceleration	-31.44217	0.13803	25.90294	-14.92932	-28.06899	0.14645	1	4	0.14416	0.02016
464	0	3	469fe81415e729b4258c4b7eda9e65a2	26.54878	0.19508	3.36462	12.92203	0.12292	16.61647	0	None	None	0.15328	-0.87213	0	0	218.2227	MaxAcceleration	-31.37247	0.13803	25.90939	-14.93111	-28.07197	0.1402	1	4	0.1442	0.0201
465	0	3	469fe81415e729b4258c4b7eda9e65a2	26.61658	0.19482	3.36211	12.91904	0.1234	16.60022	0	None	None	0.14764	-0.87195	0	0	236.2177	MaxAcceleration	-31.30291	0.13803	25.91663	-14.93277	-28.07474	0.13429	1	4	0.14381	0.01973
466	0	3	469fe81415e729b4258c4b7eda9e65a2	26.68441	0.19432	3.36344	12.91616	0.12364	16.58362	0	None	None	0.1361	-0.87167	0	0	217.7616	MaxAcceleration	-31.2334	0.13803	25.92469	-14.93436	-28.07739	0.12878	1	4	0.14387	0.01964
467	0	3	469fe81415e729b4258c4b7eda9e65a2	26.75439	0.19459	3.36384	12.91332	0.12388	16.58765	0	None	None	0.15327	-0.87194	0	0	217.7616	MaxAcceleration	-31.16398	0.13803	25.93355	-14.93593	-28.08001	0.1233	1	4	0.14394	0.01965
468	0	3	469fe81415e729b4258c4b7eda9e65a2	26.82216	0.19429	3.36129	12.91069	0.12431	16.57135	0	None	None	0.14727	-0.87173	0	0	235.6279	MaxAcceleration	-31.09473	0.13803	25.9432	-14.93739	-28.08244	0.1181	1	4	0.14357	0.01935
469	0	3	469fe81415e729b4258c4b7eda9e65a2	26.88995	0.19375	3.36263	12.90816	0.1245	16.55475	0	None	None	0.13588	-0.87142	0	0	217.4109	MaxAcceleration	-31.02556	0.13803	25.95366	-14.93879	-28.08478	0.11325	1	4	0.14365	0.01934
470	0	3	469fe81415e729b4258c4b7eda9e65a2	26.95992	0.19404	3.36297	12.90566	0.12474	16.55896	0	None	None	0.15326	-0.87169	0	0	217.4109	MaxAcceleration	-30.95651	0.13803	25.96492	-14.94017	-28.08708	0.10843	1	4	0.14373	0.01942
471	0	3	469fe81415e729b4258c4b7eda9e65a2	27.02765	0.1937	3.36039	12.90335	0.12512	16.54269	0	None	None	0.14694	-0.87146	0	0	235.099	MaxAcceleration	-30.88765	0.13803	25.97696	-14.94145	-28.08922	0.10387	1	4	0.14337	0.01918
472	0	3	469fe81415e729b4258c4b7eda9e65a2	27.09541	0.19311	3.36175	12.90112	0.12526	16.52607	0	None	None	0.13569	-0.87111	0	0	217.1044	MaxAcceleration	-30.81891	0.13803	25.98981	-14.94268	-28.09127	0.0996	1	4	0.14346	0.01923
473	0	3	469fe81415e729b4258c4b7eda9e65a2	27.16535	0.19343	3.36205	12.89893	0.12552	16.53045	0	None	None	0.15324	-0.87139	0	0	217.1044	MaxAcceleration	-30.75031	0.13803	26.00345	-14.9439	-28.0933	0.09537	1	4	0.14354	0.01934
474	0	3	469fe81415e729b4258c4b7eda9e65a2	27.23305	0.19305	3.35946	12.89689	0.12585	16.51429	0	None	None	0.14661	-0.87113	0	0	234.583	MaxAcceleration	-30.68193	0.13803	26.01787	-14.94502	-28.09518	0.09135	1	4	0.14317	0.01914
475	0	3	469fe81415e729b4258c4b7eda9e65a2	27.30078	0.19243	3.36084	12.89494	0.12594	16.49782	0	None	None	0.13551	-0.87076	0	0	216.81	MaxAcceleration	-30.61369	0.13803	26.03308	-14.94611	-28.09698	0.0876	1	4	0.14327	0.01922
476	0	3	469fe81415e729b4258c4b7eda9e65a2	27.3707	0.19277	3.36109	12.893	0.12621	16.50239	0	None	None	0.15323	-0.87105	0	0	216.81	MaxAcceleration	-30.54563	0.13803	26.04909	-14.94718	-28.09876	0.08387	1	4	0.14334	0.01936
477	0	3	469fe81415e729b4258c4b7eda9e65a2	27.43836	0.19236	3.35849	12.89121	0.12649	16.48631	0	None	None	0.1463	-0.87077	0	0	234.0721	MaxAcceleration	-30.47781	0.13803	26.06585	-14.94817	-28.10042	0.08035	1	4	0.14296	0.01917
478	0	3	469fe81415e729b4258c4b7eda9e65a2	27.50606	0.1917	3.35989	12.88949	0.12653	16.46998	0	None	None	0.13532	-0.87038	0	0	216.5159	MaxAcceleration	-30.41016	0.13803	26.08342	-14.94912	-28.10201	0.07706	1	4	0.14307	0.01926
479	0	3	469fe81415e729b4258c4b7eda9e65a2	27.57596	0.19208	3.36011	12.8878	0.12682	16.47485	0	None	None	0.15322	-0.87068	0	0	216.5159	MaxAcceleration	-30.34271	0.13803	26.10176	-14.95006	-28.10357	0.07377	1	4	0.14315	0.0194
480	0	3	469fe81415e729b4258c4b7eda9e65a2	27.64359	0.19164	3.35751	12.88622	0.12706	16.45899	0	None	None	0.14597	-0.87037	0	0	233.5594	MaxAcceleration	-30.27554	0.13803	26.12085	-14.95093	-28.10502	0.07068	1	4	0.14276	0.01921
481	0	3	469fe81415e729b4258c4b7eda9e65a2	27.71125	0.19094	3.35893	12.88471	0.12706	16.44278	0	None	None	0.1532	-0.86996	0	0	233.5594	MaxAcceleration	-30.20855	0.13803	26.14074	-14.95177	-28.10642	0.06778	1	4	0.14288	0.0193
482	0	3	469fe81415e729b4258c4b7eda9e65a2	27.78113	0.19135	3.35911	12.88322	0.12736	16.44793	0	None	None	0.1532	-0.87027	0	0	245.116	MaxAcceleration	-30.1418	0.13803	26.16139	-14.9526	-28.1078	0.0649	1	4	0.14295	0.01944
483	0	3	469fe81415e729b4258c4b7eda9e65a2	27.84883	0.19088	3.36109	12.88183	0.12755	16.43212	0	None	None	0.14229	-0.86998	0	0	227.6634	MaxAcceleration	-30.07525	0.13803	26.18281	-14.95336	-28.10908	0.06225	1	4	0.14313	0.01983
484	0	3	469fe81415e729b4258c4b7eda9e65a2	27.91656	0.19016	3.36294	12.8805	0.12751	16.41623	0	None	None	0.15326	-0.86955	0	0	227.6634	MaxAcceleration	-30.00892	0.13803	26.20502	-14.9541	-28.11031	0.05971	1	4	0.14356	0.02037
485	0	3	469fe81415e729b4258c4b7eda9e65a2	27.9865	0.19061	3.3622	12.87918	0.12783	16.4218	0	None	None	0.15232	-0.86988	0	0	243.7061	MaxAcceleration	-29.94286	0.13803	26.22799	-14.95483	-28.11153	0.05715	1	4	0.14363	0.02066
486	0	3	469fe81415e729b4258c4b7eda9e65a2	28.05425	0.19012	3.36411	12.87796	0.12799	16.40638	0	None	None	0.13915	-0.86957	0	0	222.6461	MaxAcceleration	-29.87703	0.13803	26.25171	-14.95551	-28.11265	0.05481	1	4	0.14374	0.02108
487	0	3	469fe81415e729b4258c4b7eda9e65a2	28.12297	0.18973	3.36573	12.87677	0.12792	16.3997	0	None	None	0.1533	-0.86937	0	0	222.6461	MaxAcceleration	-29.81145	0.13803	26.27622	-14.95616	-28.11375	0.05254	1	4	0.14405	0.02155
488	0	3	469fe81415e729b4258c4b7eda9e65a2	28.19201	0.18988	3.36418	12.87563	0.12826	16.39674	0	None	None	0.1495	-0.86947	0	0	239.2075	MaxAcceleration	-29.74619	0.13803	26.30146	-14.9568	-28.11481	0.0503	1	4	0.14391	0.02161
489	0	3	469fe81415e729b4258c4b7eda9e65a2	28.25979	0.18935	3.36594	12.87455	0.12837	16.38146	0	None	None	0.13698	-0.86914	0	0	219.1662	MaxAcceleration	-29.6812	0.13803	26.32746	-14.95739	-28.1158	0.04825	1	4	0.14394	0.0218
490	0	3	469fe81415e729b4258c4b7eda9e65a2	28.32981	0.18945	3.36693	12.87349	0.12831	16.38752	0	None	None	0.15332	-0.86929	0	0	219.1662	MaxAcceleration	-29.61648	0.13803	26.35422	-14.95798	-28.11678	0.04621	1	4	0.14405	0.02197
491	0	3	469fe81415e729b4258c4b7eda9e65a2	28.39756	0.18913	3.3648	12.8725	0.12862	16.37255	0	None	None	0.14791	-0.86905	0	0	236.653	MaxAcceleration	-29.55213	0.13803	26.3817	-14.95853	-28.11769	0.04426	1	4	0.1437	0.02172
492	0	3	469fe81415e729b4258c4b7eda9e65a2	28.46534	0.18856	3.36638	12.87156	0.12869	16.35734	0	None	None	0.13585	-0.86869	0	0	217.364	MaxAcceleration	-29.48806	0.13803	26.40994	-14.95905	-28.11856	0.04245	1	4	0.14373	0.02165
493	0	3	469fe81415e729b4258c4b7eda9e65a2	28.53537	0.18869	3.36708	12.87062	0.12864	16.36369	0	None	None	0.15332	-0.86885	0	0	217.364	MaxAcceleration	-29.42431	0.13803	26.43892	-14.95957	-28.11942	0.04065	1	4	0.14376	0.0216
494	0	3	469fe81415e729b4258c4b7eda9e65a2	28.60311	0.18835	3.36469	12.86975	0.12892	16.34904	0	None	None	0.14694	-0.86859	0	0	235.098	MaxAcceleration	-29.36095	0.13803	26.4686	-14.96005	-28.12023	0.03894	1	4	0.14332	0.02118
495	0	3	469fe81415e729b4258c4b7eda9e65a2	28.67087	0.18777	3.36628	12.86892	0.12895	16.33412	0	None	None	0.13513	-0.86823	0	0	216.2033	MaxAcceleration	-29.2979	0.13803	26.49903	-14.96051	-28.12099	0.03735	1	4	0.14333	0.02102
496	0	3	469fe81415e729b4258c4b7eda9e65a2	28.74089	0.18794	3.36677	12.8681	0.12893	16.34084	0	None	None	0.15332	-0.86841	0	0	216.2033	MaxAcceleration	-29.2352	0.13803	26.53019	-14.96097	-28.12176	0.03575	1	4	0.14335	0.02092
497	0	3	469fe81415e729b4258c4b7eda9e65a2	28.80861	0.18758	3.36421	12.86734	0.12917	16.32647	0	None	None	0.14627	-0.86814	0	0	234.0387	MaxAcceleration	-29.17291	0.13803	26.56203	-14.96139	-28.12246	0.03425	1	4	0.14293	0.02048
498	0	3	469fe81415e729b4258c4b7eda9e65a2	28.87636	0.18698	3.3658	12.86661	0.12917	16.31187	0	None	None	0.13467	-0.86776	0	0	215.4707	MaxAcceleration	-29.11096	0.13803	26.59461	-14.96179	-28.12313	0.03285	1	4	0.14299	0.02034
499	0	3	469fe81415e729b4258c4b7eda9e65a2	28.94636	0.18719	3.36616	12.86588	0.12917	16.31895	0	None	None	0.15331	-0.86796	0	0	215.4707	MaxAcceleration	-29.04938	0.13803	26.6279	-14.9622	-28.1238	0.03145	1	4	0.14304	0.02029
500	0	3	469fe81415e729b4258c4b7eda9e65a2	29.01405	0.18681	3.3635	12.86521	0.12937	16.30488	0	None	None	0.14579	-0.86768	0	0	233.2625	MaxAcceleration	-28.98824	0.13803	26.66186	-14.96257	-28.12442	0.03013	1	4	0.14265	0.01991
501	0	3	469fe81415e729b4258c4b7eda9e65a2	29.08179	0.18619	3.36511	12.86456	0.12934	16.29062	0	None	None	0.13436	-0.86729	0	0	214.9727	MaxAcceleration	-28.92746	0.13803	26.69655	-14.96292	-28.12502	0.02889	1	4	0.14275	0.01985
502	0	3	469fe81415e729b4258c4b7eda9e65a2	29.15177	0.18644	3.36537	12.86393	0.12936	16.29804	0	None	None	0.1533	-0.86751	0	0	214.9727	MaxAcceleration	-28.86708	0.13803	26.73193	-14.96328	-28.1256	0.02767	1	4	0.14284	0.01987
503	0	3	469fe81415e729b4258c4b7eda9e65a2	29.21944	0.18604	3.36267	12.86334	0.12953	16.28434	0	None	None	0.1454	-0.86722	0	0	232.6332	MaxAcceleration	-28.80716	0.13803	26.76797	-14.9636	-28.12615	0.0265	1	4	0.14246	0.01956
504	0	3	469fe81415e729b4258c4b7eda9e65a2	29.28715	0.1854	3.36429	12.86277	0.12946	16.27033	0	None	None	0.13412	-0.86682	0	0	214.5909	MaxAcceleration	-28.74763	0.13803	26.80471	-14.96392	-28.12667	0.02542	1	4	0.14259	0.01959
505	0	3	469fe81415e729b4258c4b7eda9e65a2	29.35711	0.18569	3.3645	12.86221	0.12951	16.27806	0	None	None	0.15328	-0.86706	0	0	214.5909	MaxAcceleration	-28.68853	0.13803	26.84214	-14.96423	-28.12719	0.02434	1	4	0.14268	0.01967
506	0	3	469fe81415e729b4258c4b7eda9e65a2	29.42476	0.18528	3.36176	12.86169	0.12965	16.26467	0	None	None	0.14504	-0.86676	0	0	232.0707	MaxAcceleration	-28.6299	0.13803	26.88021	-14.96451	-28.12767	0.02331	1	4	0.1423	0.01943
507	0	3	469fe81415e729b4258c4b7eda9e65a2	29.49245	0.18462	3.36341	12.86119	0.12955	16.25105	0	None	None	0.13392	-0.86635	0	0	214.2688	MaxAcceleration	-28.57169	0.13803	26.91897	-14.96479	-28.12813	0.02236	1	4	0.14243	0.0195
508	0	3	469fe81415e729b4258c4b7eda9e65a2	29.56239	0.18496	3.36356	12.8607	0.12963	16.25913	0	None	None	0.15327	-0.86662	0	0	214.2688	MaxAcceleration	-28.51392	0.13803	26.95839	-14.96506	-28.12858	0.0214	1	4	0.14252	0.01963
509	0	3	469fe81415e729b4258c4b7eda9e65a2	29.63001	0.18453	3.36081	12.86024	0.12973	16.24599	0	None	None	0.14472	-0.86631	0	0	231.5506	MaxAcceleration	-28.45666	0.13803	26.99844	-14.96532	-28.129	0.0205	1	4	0.14214	0.01941
510	0	3	469fe81415e729b4258c4b7eda9e65a2	29.69768	0.18386	3.36247	12.85981	0.1296	16.23266	0	None	None	0.13374	-0.86589	0	0	213.9773	MaxAcceleration	-28.39983	0.13803	27.03917	-14.96556	-28.12941	0.01967	1	4	0.14228	0.01952
511	0	3	469fe81415e729b4258c4b7eda9e65a2	29.76759	0.18424	3.36258	12.85938	0.12971	16.24107	0	None	None	0.15325	-0.86618	0	0	213.9773	MaxAcceleration	-28.34347	0.13803	27.08054	-14.9658	-28.12981	0.01883	1	4	0.14237	0.01966
512	0	3	469fe81415e729b4258c4b7eda9e65a2	29.8352	0.18379	3.35982	12.85897	0.12978	16.22832	0	None	None	0.1444	-0.86586	0	0	231.0473	MaxAcceleration	-28.28764	0.13803	27.12252	-14.96602	-28.13018	0.01803	1	4	0.14197	0.01945
513	0	3	469fe81415e729b4258c4b7eda9e65a2	29.90283	0.18309	3.3615	12.85859	0.12962	16.21525	0	None	None	0.15324	-0.86543	0	0	231.0473	MaxAcceleration	-28.23226	0.13803	27.16516	-14.96623	-28.13053	0.0173	1	4	0.14213	0.01957
514	0	3	469fe81415e729b4258c4b7eda9e65a2	29.97272	0.18352	3.36157	12.85821	0.12975	16.22399	0	None	None	0.15324	-0.86575	0	0	245.1786	MaxAcceleration	-28.17737	0.13803	27.20843	-14.96645	-28.13089	0.01657	1	4	0.14221	0.01971
515	0	3	469fe81415e729b4258c4b7eda9e65a2	30.04041	0.18306	3.36381	12.85785	0.12979	16.21147	0	None	None	0.14268	-0.86545	0	0	228.2908	MaxAcceleration	-28.12294	0.13803	27.25235	-14.96664	-28.13121	0.01589	1	4	0.14243	0.02013
516	0	3	469fe81415e729b4258c4b7eda9e65a2	30.10814	0.18236	3.36595	12.85751	0.1296	16.19887	0	None	None	0.13342	-0.86502	0	0	213.4744	MaxAcceleration	-28.06899	0.13803	27.29692	-14.96683	-28.13153	0.01524	1	4	0.14292	0.02074
517	0	3	469fe81415e729b4258c4b7eda9e65a2	30.17812	0.18284	3.36558	12.85718	0.12977	16.20805	0	None	None	0.1533	-0.86536	0	0	213.4744	MaxAcceleration	-28.01556	0.13803	27.3421	-14.96702	-28.13184	0.01459	1	4	0.14307	0.02112
518	0	4	43e96165bde1e8229cf8d27082d6b798	30.24586	0.18238	3.36274	12.85687	0.12947	15.85161	0	None	None	0.13688	-0.85553	0	0	219.0004	MaxAcceleration	-27.96269	0.13803	27.38784	-14.96719	-28.13212	0.01397	1	4	0.14263	0.02099
519	0	4	43e96165bde1e8229cf8d27082d6b798	30.31371	0.18181	3.36444	12.85657	0.12964	16.18612	0	None	None	0.1376	-0.86469	0	0	219.0004	MaxAcceleration	-27.91033	0.13803	27.43422	-14.96735	-28.1324	0.01341	1	4	0.1427	0.02109
520	0	4	43e96165bde1e8229cf8d27082d6b798	30.38367	0.18262	3.36693	12.85627	0.12987	16.2014	0	None	None	0.15332	-0.86525	0	0	220.1578	MaxAcceleration	-27.85838	0.13803	27.48107	-14.96752	-28.13267	0.01284	1	4	0.13952	0.02144
521	0	4	43e96165bde1e8229cf8d27082d6b798	30.45146	0.18236	3.36232	12.856	0.12998	16.19221	0	None	None	0.1521	-0.86504	0	0	243.3595	MaxAcceleration	-27.8071	0.13803	27.52854	-14.96767	-28.13293	0.01229	1	4	0.13956	0.02105
522	0	4	43e96165bde1e8229cf8d27082d6b798	30.51929	0.18188	3.36339	12.85573	0.12992	16.182	0	None	None	0.14181	-0.86473	0	0	226.9037	MaxAcceleration	-27.75637	0.13803	27.57666	-14.96782	-28.13317	0.01179	1	4	0.14093	0.02087
523	0	4	43e96165bde1e8229cf8d27082d6b798	30.58925	0.18213	3.36517	12.85547	0.12983	16.19157	0	None	None	0.13353	-0.86496	0	0	213.6519	MaxAcceleration	-27.70617	0.13803	27.62539	-14.96796	-28.13341	0.01129	1	4	0.14237	0.02096
524	0	4	43e96165bde1e8229cf8d27082d6b798	30.65711	0.18183	3.36455	12.85523	0.12995	16.18145	0	None	None	0.15328	-0.86475	0	0	213.6519	MaxAcceleration	-27.65654	0.13803	27.67467	-14.96809	-28.13363	0.01082	1	4	0.14318	0.02093
525	0	4	43e96165bde1e8229cf8d27082d6b798	30.7249	0.18139	3.36143	12.855	0.12992	16.17115	0	None	None	0.14717	-0.86444	0	0	235.4718	MaxAcceleration	-27.60753	0.13803	27.72448	-14.96822	-28.13384	0.01036	1	4	0.14334	0.02049
526	0	4	43e96165bde1e8229cf8d27082d6b798	30.79273	0.1808	3.3633	12.85478	0.12976	16.16086	0	None	None	0.1374	-0.86408	0	0	219.84	MaxAcceleration	-27.55907	0.13803	27.77487	-14.96834	-28.13405	0.00994	1	4	0.14358	0.02041
527	0	4	43e96165bde1e8229cf8d27082d6b798	30.86266	0.18125	3.36416	12.85456	0.12985	16.17073	0	None	None	0.15328	-0.86441	0	0	219.84	MaxAcceleration	-27.51117	0.13803	27.82583	-14.96847	-28.13425	0.00952	1	4	0.14361	0.02047
528	0	4	43e96165bde1e8229cf8d27082d6b798	30.93047	0.18088	3.36246	12.85436	0.12988	16.16099	0	None	None	0.14789	-0.86415	0	0	236.6259	MaxAcceleration	-27.46388	0.13803	27.8773	-14.96858	-28.13444	0.00912	1	4	0.14314	0.02029
529	0	4	43e96165bde1e8229cf8d27082d6b798	30.99832	0.18036	3.36432	12.85416	0.12977	16.15103	0	None	None	0.1359	-0.86383	0	0	217.4329	MaxAcceleration	-27.41716	0.13803	27.92934	-14.96869	-28.13462	0.00874	1	4	0.14312	0.02041
530	0	4	43e96165bde1e8229cf8d27082d6b798	31.06828	0.18067	3.36533	12.85397	0.12971	16.16119	0	None	None	0.15329	-0.86409	0	0	217.4329	MaxAcceleration	-27.37102	0.13803	27.98193	-14.96879	-28.1348	0.00837	1	4	0.14309	0.02063
531	0	5	431a11dff650b4115fa5bf99118b9b8a	31.13602	0.18038	3.36326	12.85379	0.12983	16.15087	0	None	None	0.14622	-0.86386	0	0	233.9558	MaxAcceleration	-27.32551	0.13803	28.035	-14.96889	-28.13496	0.00802	1	4	0.14264	0.02052
532	0	5	431a11dff650b4115fa5bf99118b9b8a	31.20372	0.17981	3.36513	12.85362	0.12972	16.13956	0	None	None	0.13452	-0.86351	0	0	215.2309	MaxAcceleration	-27.28059	0.13803	28.08862	-14.96899	-28.13512	0.00769	1	4	0.14266	0.02067
533	0	5	431a11dff650b4115fa5bf99118b9b8a	31.27369	0.18011	3.36573	12.85345	0.12964	16.14999	0	None	None	0.1533	-0.86375	0	0	215.2309	MaxAcceleration	-27.23628	0.13803	28.14277	-14.96908	-28.13528	0.00737	1	4	0.14268	0.02085
534	0	5	431a11dff650b4115fa5bf99118b9b8a	31.34134	0.17977	3.3633	12.85329	0.12973	16.13915	0	None	None	0.14512	-0.8635	0	0	232.1855	MaxAcceleration	-27.19263	0.13803	28.19737	-14.96917	-28.13543	0.00706	1	4	0.14224	0.02065
535	0	5	431a11dff650b4115fa5bf99118b9b8a	31.40904	0.17918	3.36516	12.85314	0.12959	16.12814	0	None	None	0.13369	-0.86314	0	0	213.8974	MaxAcceleration	-27.14957	0.13803	28.2525	-14.96925	-28.13556	0.00677	1	4	0.14232	0.02074
536	0	5	431a11dff650b4115fa5bf99118b9b8a	31.479	0.17953	3.36552	12.85299	0.12955	16.13881	0	None	None	0.1533	-0.86341	0	0	213.8974	MaxAcceleration	-27.10715	0.13803	28.30813	-14.96933	-28.1357	0.00648	1	4	0.14237	0.02083
537	0	5	431a11dff650b4115fa5bf99118b9b8a	31.54664	0.17918	3.36289	12.85285	0.12962	16.12832	0	None	None	0.14438	-0.86314	0	0	231.0143	MaxAcceleration	-27.0654	0.13803	28.36418	-14.96941	-28.13583	0.00621	1	4	0.14195	0.02055
538	0	5	431a11dff650b4115fa5bf99118b9b8a	31.61433	0.17858	3.36475	12.85272	0.12945	16.11756	0	None	None	0.13317	-0.86278	0	0	213.0717	MaxAcceleration	-27.02427	0.13803	28.42075	-14.96948	-28.13595	0.00596	1	4	0.14207	0.02058
539	0	5	431a11dff650b4115fa5bf99118b9b8a	31.68427	0.17898	3.36494	12.85259	0.12945	16.12852	0	None	None	0.15329	-0.86307	0	0	213.0717	MaxAcceleration	-26.98379	0.13803	28.47778	-14.96956	-28.13607	0.0057	1	4	0.14214	0.02063
540	0	5	431a11dff650b4115fa5bf99118b9b8a	31.75191	0.17862	3.36219	12.85247	0.12949	16.11835	0	None	None	0.14388	-0.86281	0	0	230.2004	MaxAcceleration	-26.94399	0.13803	28.53522	-14.96963	-28.13618	0.00547	1	4	0.14175	0.02031
541	0	5	431a11dff650b4115fa5bf99118b9b8a	31.81958	0.17801	3.36405	12.85235	0.1293	16.10787	0	None	None	0.13284	-0.86243	0	0	212.5498	MaxAcceleration	-26.90483	0.13803	28.59315	-14.96969	-28.13629	0.00524	1	4	0.1419	0.02033
542	0	5	431a11dff650b4115fa5bf99118b9b8a	31.88951	0.17846	3.36414	12.85224	0.12933	16.11905	0	None	None	0.15328	-0.86275	0	0	212.5498	MaxAcceleration	-26.86634	0.13803	28.65152	-14.96975	-28.1364	0.00502	1	4	0.14199	0.02037
543	0	5	431a11dff650b4115fa5bf99118b9b8a	31.95712	0.17808	3.36132	12.85213	0.12935	16.1091	0	None	None	0.14349	-0.86248	0	0	229.5831	MaxAcceleration	-26.82854	0.13803	28.71028	-14.96981	-28.1365	0.00481	1	4	0.1416	0.02005
544	0	5	431a11dff650b4115fa5bf99118b9b8a	32.02478	0.17746	3.36319	12.85203	0.12914	16.09891	0	None	None	0.15326	-0.8621	0	0	229.5831	MaxAcceleration	-26.7914	0.13803	28.7695	-14.96987	-28.13659	0.00462	1	4	0.14177	0.02009
545	0	5	431a11dff650b4115fa5bf99118b9b8a	32.09468	0.17796	3.3632	12.85192	0.12921	16.11035	0	None	None	0.15317	-0.86245	0	0	245.079	MaxAcceleration	-26.75493	0.13803	28.82913	-14.96993	-28.13668	0.00442	1	4	0.14186	0.02015
546	0	5	431a11dff650b4115fa5bf99118b9b8a	32.16239	0.17756	3.3656	12.85183	0.12921	16.10055	0	None	None	0.13931	-0.8622	0	0	222.8889	MaxAcceleration	-26.71912	0.13803	28.88922	-14.96998	-28.13678	0.00424	1	4	0.14211	0.02053
547	0	5	431a11dff650b4115fa5bf99118b9b8a	32.23014	0.17694	3.36791	12.85174	0.12898	16.09068	0	None	None	0.15333	-0.86182	0	0	222.8889	MaxAcceleration	-26.68398	0.13803	28.94976	-14.97003	-28.13686	0.00407	1	4	0.14264	0.0211
548	0	5	431a11dff650b4115fa5bf99118b9b8a	32.30012	0.17749	3.36685	12.85165	0.12909	16.1025	0	None	None	0.14886	-0.8622	0	0	238.1783	MaxAcceleration	-26.64954	0.13803	29.01068	-14.97008	-28.13694	0.00389	1	4	0.14273	0.02137
549	0	5	431a11dff650b4115fa5bf99118b9b8a	32.3679	0.1771	3.36916	12.85157	0.12907	16.09306	0	None	None	0.13582	-0.86194	0	0	217.3069	MaxAcceleration	-26.61578	0.13803	29.07202	-14.97012	-28.13702	0.00373	1	4	0.14289	0.02181
550	0	5	431a11dff650b4115fa5bf99118b9b8a	32.43571	0.17647	3.37035	12.85149	0.12882	16.08353	0	None	None	0.15337	-0.86156	0	0	217.3069	MaxAcceleration	-26.5827	0.13803	29.13377	-14.97017	-28.13709	0.00358	1	4	0.14318	0.02222
551	0	5	431a11dff650b4115fa5bf99118b9b8a	32.50571	0.17707	3.3683	12.85141	0.12897	16.09565	0	None	None	0.14656	-0.86196	0	0	234.5028	MaxAcceleration	-26.55036	0.13803	29.19585	-14.97021	-28.13716	0.00342	1	4	0.14296	0.02218
552	0	5	431a11dff650b4115fa5bf99118b9b8a	32.57352	0.17667	3.37053	12.85134	0.12893	16.08648	0	None	None	0.13402	-0.8617	0	0	214.4367	MaxAcceleration	-26.5187	0.13803	29.25834	-14.97025	-28.13723	0.00328	1	4	0.14293	0.02234
553	0	5	431a11dff650b4115fa5bf99118b9b8a	32.64358	0.17689	3.37113	12.85126	0.12869	16.09857	0	None	None	0.15338	-0.86191	0	0	214.4367	MaxAcceleration	-26.48776	0.13803	29.32119	-14.97029	-28.1373	0.00314	1	4	0.14303	0.02243
554	0	5	431a11dff650b4115fa5bf99118b9b8a	32.71135	0.17669	3.36857	12.8512	0.12885	16.08953	0	None	None	0.1453	-0.86173	0	0	232.4832	MaxAcceleration	-26.45757	0.13803	29.38435	-14.97033	-28.13736	0.00301	1	4	0.14268	0.02208
555	0	5	431a11dff650b4115fa5bf99118b9b8a	32.77916	0.17625	3.37052	12.85113	0.12878	16.08025	0	None	None	0.13327	-0.86145	0	0	213.2381	MaxAcceleration	-26.42808	0.13803	29.44788	-14.97036	-28.13742	0.00289	1	4	0.14278	0.02198
556	0	5	431a11dff650b4115fa5bf99118b9b8a	32.84921	0.1765	3.37096	12.85107	0.12857	16.09249	0	None	None	0.15338	-0.86168	0	0	213.2381	MaxAcceleration	-26.39932	0.13803	29.51176	-14.9704	-28.13748	0.00276	1	4	0.14283	0.02189
557	0	5	431a11dff650b4115fa5bf99118b9b8a	32.91697	0.17629	3.36824	12.85101	0.12871	16.08363	0	None	None	0.14456	-0.8615	0	0	231.3038	MaxAcceleration	-26.37131	0.13803	29.5759	-14.97043	-28.13753	0.00265	1	4	0.1424	0.02141
558	0	5	431a11dff650b4115fa5bf99118b9b8a	32.98478	0.17585	3.37019	12.85095	0.12862	16.07455	0	None	None	0.13276	-0.86122	0	0	212.4091	MaxAcceleration	-26.34402	0.13803	29.64041	-14.97046	-28.13758	0.00254	1	4	0.14247	0.02127
559	0	5	431a11dff650b4115fa5bf99118b9b8a	33.05482	0.17614	3.37046	12.8509	0.12844	16.08696	0	None	None	0.15337	-0.86146	0	0	212.4091	MaxAcceleration	-26.31747	0.13803	29.70522	-14.97049	-28.13763	0.00243	1	4	0.14251	0.02116
560	0	5	431a11dff650b4115fa5bf99118b9b8a	33.12256	0.17592	3.36762	12.85085	0.12857	16.07832	0	None	None	0.14407	-0.86128	0	0	230.5193	MaxAcceleration	-26.29168	0.13803	29.77028	-14.97052	-28.13768	0.00233	1	4	0.14209	0.02069
561	0	5	431a11dff650b4115fa5bf99118b9b8a	33.19035	0.17546	3.36956	12.8508	0.12846	16.06939	0	None	None	0.13245	-0.86099	0	0	211.9248	MaxAcceleration	-26.26662	0.13803	29.83566	-14.97055	-28.13772	0.00224	1	4	0.14221	0.0206
562	0	5	431a11dff650b4115fa5bf99118b9b8a	33.26038	0.1758	3.36972	12.85074	0.12832	16.08199	0	None	None	0.15336	-0.86126	0	0	211.9248	MaxAcceleration	-26.24231	0.13803	29.90133	-14.97058	-28.13778	0.00214	1	4	0.14228	0.02056
563	0	5	431a11dff650b4115fa5bf99118b9b8a	33.32811	0.17557	3.36681	12.8507	0.12842	16.07353	0	None	None	0.14373	-0.86106	0	0	229.9645	MaxAcceleration	-26.21877	0.13803	29.96721	-14.9706	-28.13782	0.00205	1	4	0.14189	0.02016
564	0	5	431a11dff650b4115fa5bf99118b9b8a	33.39589	0.1751	3.36875	12.85065	0.12829	16.06475	0	None	None	0.13227	-0.86077	0	0	211.6311	MaxAcceleration	-26.19598	0.13803	30.03341	-14.97063	-28.13786	0.00196	1	4	0.14204	0.02015
565	0	5	431a11dff650b4115fa5bf99118b9b8a	33.46589	0.17548	3.36884	12.85061	0.12819	16.07746	0	None	None	0.15335	-0.86106	0	0	211.6311	MaxAcceleration	-26.17394	0.13803	30.09985	-14.97065	-28.1379	0.00188	1	4	0.14214	0.02019
566	0	5	431a11dff650b4115fa5bf99118b9b8a	33.53361	0.17524	3.3659	12.85057	0.12827	16.06921	0	None	None	0.14346	-0.86087	0	0	229.5288	MaxAcceleration	-26.15268	0.13803	30.16648	-14.97067	-28.13793	0.00181	1	4	0.14176	0.01987
567	0	5	431a11dff650b4115fa5bf99118b9b8a	33.60137	0.17476	3.36784	12.85053	0.12813	16.06063	0	None	None	0.13215	-0.86057	0	0	211.4365	MaxAcceleration	-26.13217	0.13803	30.2334	-14.9707	-28.13797	0.00173	1	4	0.14193	0.01993
568	0	5	431a11dff650b4115fa5bf99118b9b8a	33.67136	0.17518	3.36788	12.8505	0.12806	16.0735	0	None	None	0.15333	-0.86088	0	0	211.4365	MaxAcceleration	-26.11242	0.13803	30.30054	-14.97072	-28.138	0.00165	1	4	0.14204	0.02003
569	0	5	431a11dff650b4115fa5bf99118b9b8a	33.73905	0.17493	3.36492	12.85046	0.12812	16.06536	0	None	None	0.14322	-0.86068	0	0	229.154	MaxAcceleration	-26.09346	0.13803	30.36784	-14.97073	-28.13803	0.00159	1	4	0.14166	0.01977
570	0	5	431a11dff650b4115fa5bf99118b9b8a	33.8068	0.17443	3.36686	12.85043	0.12796	16.05695	0	None	None	0.13206	-0.86037	0	0	211.2923	MaxAcceleration	-26.07526	0.13803	30.4354	-14.97075	-28.13807	0.00152	1	4	0.14184	0.01987
571	0	5	431a11dff650b4115fa5bf99118b9b8a	33.87676	0.1749	3.36687	12.85039	0.12793	16.06993	0	None	None	0.1532	-0.86071	0	0	211.2923	MaxAcceleration	-26.05783	0.13803	30.50316	-14.97077	-28.1381	0.00146	1	4	0.14194	0.02
572	0	5	431a11dff650b4115fa5bf99118b9b8a	33.94444	0.17463	3.3639	12.85036	0.12798	16.06192	0	None	None	0.14301	-0.8605	0	0	228.8091	MaxAcceleration	-26.04119	0.13803	30.57104	-14.97079	-28.13813	0.00139	1	4	0.14156	0.01976
573	0	5	431a11dff650b4115fa5bf99118b9b8a	34.01216	0.17412	3.36582	12.85033	0.12779	16.0536	0	None	None	0.132	-0.86019	0	0	211.1971	MaxAcceleration	-26.02532	0.13803	30.63916	-14.97081	-28.13815	0.00134	1	4	0.14174	0.01989
574	0	5	431a11dff650b4115fa5bf99118b9b8a	34.0821	0.17463	3.36579	12.8503	0.1278	16.0667	0	None	None	0.15286	-0.86055	0	0	211.1971	MaxAcceleration	-26.01023	0.13803	30.70745	-14.97082	-28.13818	0.00128	1	4	0.14184	0.02002
575	0	5	431a11dff650b4115fa5bf99118b9b8a	34.14975	0.17435	3.36283	12.85028	0.12783	16.05884	0	None	None	0.14282	-0.86033	0	0	228.5086	MaxAcceleration	-25.99592	0.13803	30.77585	-14.97084	-28.13821	0.00123	1	4	0.14145	0.01979
576	0	5	431a11dff650b4115fa5bf99118b9b8a	34.21746	0.17382	3.36467	12.85025	0.12762	16.05066	0	None	None	0.15328	-0.86001	0	0	228.5086	MaxAcceleration	-25.9824	0.13803	30.84445	-14.97085	-28.13823	0.00118	1	4	0.14163	0.0199
577	0	5	431a11dff650b4115fa5bf99118b9b8a	34.28737	0.17438	3.3646	12.85022	0.12767	16.06386	0	None	None	0.15259	-0.86039	0	0	244.1366	MaxAcceleration	-25.96965	0.13803	30.91319	-14.97087	-28.13826	0.00112	1	4	0.14172	0.02003
578	0	5	431a11dff650b4115fa5bf99118b9b8a	34.35512	0.17407	3.36708	12.8502	0.12767	16.05602	0	None	None	0.13867	-0.8602	0	0	221.8657	MaxAcceleration	-25.95768	0.13803	30.98213	-14.97088	-28.13828	0.00108	1	4	0.14199	0.02048
579	0	5	431a11dff650b4115fa5bf99118b9b8a	34.42293	0.17355	3.36933	12.85018	0.12745	16.0481	0	None	None	0.15336	-0.85988	0	0	221.8657	MaxAcceleration	-25.94649	0.13803	31.05124	-14.97089	-28.1383	0.00104	1	4	0.14252	0.02111
580	0	5	431a11dff650b4115fa5bf99118b9b8a	34.49292	0.17415	3.36819	12.85015	0.12754	16.06154	0	None	None	0.14834	-0.86029	0	0	237.3409	MaxAcceleration	-25.93609	0.13803	31.12046	-14.97091	-28.13832	0.00099	1	4	0.14261	0.02141
581	0	5	431a11dff650b4115fa5bf99118b9b8a	34.56074	0.17384	3.37057	12.85013	0.12753	16.05392	0	None	None	0.13524	-0.86009	0	0	216.3815	MaxAcceleration	-25.92648	0.13803	31.18983	-14.97092	-28.13834	0.00095	1	4	0.14279	0.0219
582	0	5	431a11dff650b4115fa5bf99118b9b8a	34.62859	0.17331	3.37171	12.85011	0.12729	16.04618	0	None	None	0.15339	-0.85976	0	0	216.3815	MaxAcceleration	-25.91765	0.13803	31.25934	-14.97093	-28.13836	0.00091	1	4	0.14308	0.02234
583	0	5	431a11dff650b4115fa5bf99118b9b8a	34.6986	0.17396	3.36959	12.85009	0.12743	16.0598	0	None	None	0.1461	-0.86019	0	0	233.766	MaxAcceleration	-25.90963	0.13803	31.32889	-14.97094	-28.13838	0.00088	1	4	0.14287	0.0223
584	0	5	431a11dff650b4115fa5bf99118b9b8a	34.76645	0.17365	3.37189	12.85007	0.1274	16.05233	0	None	None	0.1335	-0.85998	0	0	213.6057	MaxAcceleration	-25.90239	0.13803	31.39857	-14.97095	-28.13839	0.00084	1	4	0.14285	0.02248
585	0	5	431a11dff650b4115fa5bf99118b9b8a	34.835	0.17337	3.37245	12.85006	0.12716	16.05131	0	None	None	0.1534	-0.85983	0	0	213.6057	MaxAcceleration	-25.89595	0.13803	31.46835	-14.97096	-28.13841	0.0008	1	4	0.14296	0.02258
586	0	5	431a11dff650b4115fa5bf99118b9b8a	34.90433	0.17381	3.36982	12.85004	0.12732	16.05851	0	None	None	0.1449	-0.8601	0	0	231.8438	MaxAcceleration	-25.89031	0.13803	31.53814	-14.97097	-28.13843	0.00077	1	4	0.14261	0.02222
587	0	5	431a11dff650b4115fa5bf99118b9b8a	34.97218	0.17347	3.37201	12.85002	0.12728	16.05106	0	None	None	0.13268	-0.85989	0	0	212.282	MaxAcceleration	-25.88547	0.13803	31.60804	-14.97098	-28.13844	0.00073	1	4	0.1426	0.02215
588	0	5	431a11dff650b4115fa5bf99118b9b8a	35.04225	0.17377	3.37231	12.85	0.12705	16.06467	0	None	None	0.1534	-0.86014	0	0	212.282	MaxAcceleration	-25.88143	0.13803	31.67799	-14.97099	-28.13846	0.0007	1	4	0.14267	0.02206
589	0	5	431a11dff650b4115fa5bf99118b9b8a	35.11005	0.17365	3.36947	12.84999	0.12721	16.05739	0	None	None	0.14422	-0.86001	0	0	230.7515	MaxAcceleration	-25.87818	0.13803	31.74792	-14.971	-28.13847	0.00068	1	4	0.1423	0.02155
590	0	5	431a11dff650b4115fa5bf99118b9b8a	35.17789	0.17329	3.37146	12.84998	0.12715	16.04976	0	None	None	0.13234	-0.85978	0	0	211.7514	MaxAcceleration	-25.87574	0.13803	31.81793	-14.971	-28.13848	0.00065	1	4	0.14243	0.0214
591	0	5	431a11dff650b4115fa5bf99118b9b8a	35.24795	0.17363	3.3717	12.84996	0.12696	16.06341	0	None	None	0.15339	-0.86005	0	0	211.7514	MaxAcceleration	-25.8741	0.13803	31.88797	-14.97101	-28.1385	0.00062	1	4	0.14251	0.02128
592	0	5	431a11dff650b4115fa5bf99118b9b8a	35.31574	0.17349	3.3688	12.84995	0.1271	16.05622	0	None	None	0.1438	-0.85991	0	0	230.0726	MaxAcceleration	-25.87326	0.13803	31.95795	-14.97102	-28.13851	0.0006	1	4	0.14211	0.02079
593	0	5	431a11dff650b4115fa5bf99118b9b8a	35.38357	0.17312	3.37079	12.84994	0.12702	16.04867	0	None	None	0.13209	-0.85968	0	0	211.3515	MaxAcceleration	-25.87322	0.13803	32.02799	-14.97103	-28.13852	0.00057	1	4	0.14224	0.02069
594	0	5	431a11dff650b4115fa5bf99118b9b8a	35.45361	0.17349	3.37094	12.84992	0.12686	16.06234	0	None	None	0.15338	-0.85997	0	0	211.3515	MaxAcceleration	-25.87398	0.13803	32.09803	-14.97103	-28.13853	0.00055	1	4	0.14232	0.02064
595	0	5	431a11dff650b4115fa5bf99118b9b8a	35.52138	0.17334	3.36798	12.84991	0.12699	16.05522	0	None	None	0.14349	-0.85982	0	0	229.5849	MaxAcceleration	-25.87553	0.13803	32.16798	-14.97104	-28.13854	0.00052	1	4	0.14192	0.02024
596	0	5	431a11dff650b4115fa5bf99118b9b8a	35.5892	0.17295	3.36997	12.8499	0.12689	16.04774	0	None	None	0.13195	-0.85958	0	0	211.119	MaxAcceleration	-25.87789	0.13803	32.23797	-14.97105	-28.13855	0.0005	1	4	0.14207	0.02022
597	0	5	431a11dff650b4115fa5bf99118b9b8a	35.65922	0.17336	3.37004	12.84989	0.12677	16.06149	0	None	None	0.15337	-0.85989	0	0	211.119	MaxAcceleration	-25.88105	0.13803	32.30792	-14.97105	-28.13857	0.00048	1	4	0.14217	0.02026
598	0	5	431a11dff650b4115fa5bf99118b9b8a	35.72698	0.1732	3.36705	12.84988	0.12689	16.05446	0	None	None	0.14326	-0.85974	0	0	229.213	MaxAcceleration	-25.885	0.13803	32.37777	-14.97106	-28.13857	0.00045	1	4	0.14178	0.01994
599	0	5	431a11dff650b4115fa5bf99118b9b8a	35.79478	0.1728	3.36904	12.84987	0.12676	16.04709	0	None	None	0.13187	-0.85949	0	0	210.9857	MaxAcceleration	-25.88975	0.13803	32.44761	-14.97106	-28.13858	0.00044	1	4	0.14196	0.02
600	0	5	431a11dff650b4115fa5bf99118b9b8a	35.86478	0.17325	3.36907	12.84986	0.12668	16.06089	0	None	None	0.15335	-0.85982	0	0	210.9857	MaxAcceleration	-25.8953	0.13803	32.51739	-14.97107	-28.13859	0.00042	1	4	0.14206	0.0201
601	0	5	431a11dff650b4115fa5bf99118b9b8a	35.93252	0.17307	3.36607	12.84985	0.12678	16.05387	0	None	None	0.14306	-0.85966	0	0	228.8987	MaxAcceleration	-25.90164	0.13803	32.58704	-14.97108	-28.1386	0.0004	1	4	0.14168	0.01983
602	0	5	431a11dff650b4115fa5bf99118b9b8a	36.00031	0.17265	3.36806	12.84984	0.12664	16.04656	0	None	None	0.13181	-0.8594	0	0	210.8945	MaxAcceleration	-25.90878	0.13803	32.65666	-14.97108	-28.13861	0.00039	1	4	0.14187	0.01994
603	0	5	431a11dff650b4115fa5bf99118b9b8a	36.07028	0.17314	3.36805	12.84983	0.1266	16.06036	0	None	None	0.15311	-0.85975	0	0	210.8945	MaxAcceleration	-25.91671	0.13803	32.72618	-14.97108	-28.13861	0.00037	1	4	0.14197	0.02007
604	0	5	431a11dff650b4115fa5bf99118b9b8a	36.138	0.17294	3.36505	12.84983	0.12667	16.05339	0	None	None	0.14288	-0.85959	0	0	228.607	MaxAcceleration	-25.92543	0.13803	32.79556	-14.97109	-28.13862	0.00036	1	4	0.14159	0.01982
605	0	5	431a11dff650b4115fa5bf99118b9b8a	36.20576	0.17251	3.36698	12.84982	0.12651	16.04605	0	None	None	0.1318	-0.85932	0	0	210.8789	MaxAcceleration	-25.93495	0.13803	32.86486	-14.97109	-28.13863	0.00034	1	4	0.14178	0.01995
606	0	5	431a11dff650b4115fa5bf99118b9b8a	36.27571	0.17303	3.36694	12.84981	0.12651	16.05991	0	None	None	0.15283	-0.85969	0	0	210.8789	MaxAcceleration	-25.94525	0.13803	32.93406	-14.9711	-28.13864	0.00032	1	4	0.14188	0.02008
607	0	5	431a11dff650b4115fa5bf99118b9b8a	36.34341	0.17283	3.36395	12.8498	0.12657	16.05302	0	None	None	0.14274	-0.85951	0	0	228.3865	MaxAcceleration	-25.95633	0.13803	33.00307	-14.9711	-28.13865	0.00031	1	4	0.14149	0.01984
608	0	5	431a11dff650b4115fa5bf99118b9b8a	36.41115	0.17237	3.36581	12.8498	0.12639	16.04572	0	None	None	0.13183	-0.85923	0	0	210.9355	MaxAcceleration	-25.96821	0.13803	33.07198	-14.9711	-28.13865	0.0003	1	4	0.14167	0.01995
609	0	5	431a11dff650b4115fa5bf99118b9b8a	36.48108	0.17294	3.36575	12.84979	0.12643	16.05962	0	None	None	0.1526	-0.85963	0	0	210.9355	MaxAcceleration	-25.98088	0.13803	33.14076	-14.97111	-28.13865	0.00029	1	4	0.14176	0.02008
610	0	5	431a11dff650b4115fa5bf99118b9b8a	36.54876	0.17272	3.36278	12.84979	0.12646	16.05278	0	None	None	0.14264	-0.85945	0	0	228.2186	MaxAcceleration	-25.9943	0.13803	33.20933	-14.97111	-28.13866	0.00027	1	4	0.14138	0.01984
611	0	5	431a11dff650b4115fa5bf99118b9b8a	36.61647	0.17224	3.36459	12.84978	0.12627	16.04554	0	None	None	0.15328	-0.85916	0	0	228.2186	MaxAcceleration	-26.00853	0.13803	33.27777	-14.97111	-28.13867	0.00026	1	4	0.14156	0.01994
612	0	5	431a11dff650b4115fa5bf99118b9b8a	36.68638	0.17285	3.36451	12.84977	0.12635	16.05941	0	None	None	0.15238	-0.85957	0	0	243.8144	MaxAcceleration	-26.02353	0.13803	33.34605	-14.97112	-28.13867	0.00025	1	4	0.14165	0.02006
613	0	5	431a11dff650b4115fa5bf99118b9b8a	36.75415	0.1726	3.36702	12.84977	0.12636	16.05249	0	None	None	0.13851	-0.85941	0	0	221.617	MaxAcceleration	-26.03932	0.13803	33.41421	-14.97112	-28.13868	0.00024	1	4	0.14193	0.02051
614	0	5	431a11dff650b4115fa5bf99118b9b8a	36.82196	0.17212	3.36926	12.84976	0.12615	16.04537	0	None	None	0.15335	-0.85912	0	0	221.617	MaxAcceleration	-26.05591	0.13803	33.48222	-14.97112	-28.13868	0.00024	1	4	0.14247	0.02115
615	0	5	431a11dff650b4115fa5bf99118b9b8a	36.89194	0.17278	3.36811	12.84976	0.12627	16.05944	0	None	None	0.14815	-0.85956	0	0	237.0475	MaxAcceleration	-26.07325	0.13803	33.55002	-14.97113	-28.13869	0.00023	1	4	0.14257	0.02145
616	0	5	431a11dff650b4115fa5bf99118b9b8a	36.95978	0.17252	3.37052	12.84975	0.12627	16.05265	0	None	None	0.1351	-0.85939	0	0	216.153	MaxAcceleration	-26.09138	0.13803	33.61766	-14.97113	-28.13869	0.00021	1	4	0.14276	0.02194
617	0	5	431a11dff650b4115fa5bf99118b9b8a	37.02764	0.17203	3.37164	12.84975	0.12605	16.04568	0	None	None	0.15339	-0.85909	0	0	216.153	MaxAcceleration	-26.11029	0.13803	33.68512	-14.97113	-28.13869	0.00021	1	4	0.14306	0.02238
618	0	5	431a11dff650b4115fa5bf99118b9b8a	37.09766	0.17274	3.3695	12.84974	0.12621	16.0599	0	None	None	0.14594	-0.85954	0	0	233.5011	MaxAcceleration	-26.12995	0.13803	33.75231	-14.97113	-28.1387	0.00019	1	4	0.14285	0.02234
619	0	5	431a11dff650b4115fa5bf99118b9b8a	37.16552	0.17247	3.37183	12.84974	0.1262	16.05318	0	None	None	0.13338	-0.85937	0	0	213.4033	MaxAcceleration	-26.15039	0.13803	33.81932	-14.97114	-28.1387	0.00019	1	4	0.14284	0.02252
620	0	5	431a11dff650b4115fa5bf99118b9b8a	37.23474	0.17248	3.37237	12.84974	0.12597	16.05915	0	None	None	0.1534	-0.85941	0	0	213.4033	MaxAcceleration	-26.17161	0.13803	33.8861	-14.97114	-28.1387	0.00018	1	4	0.14295	0.02262
621	0	5	431a11dff650b4115fa5bf99118b9b8a	37.30341	0.17272	3.36974	12.84973	0.12616	16.06055	0	None	None	0.14475	-0.85953	0	0	231.6072	MaxAcceleration	-26.19356	0.13803	33.95258	-14.97114	-28.13871	0.00018	1	4	0.1426	0.02226
622	0	5	431a11dff650b4115fa5bf99118b9b8a	37.37127	0.17242	3.37187	12.84973	0.12612	16.05364	0	None	None	0.13262	-0.85934	0	0	212.1933	MaxAcceleration	-26.21629	0.13803	34.01884	-14.97114	-28.13871	0.00016	1	4	0.14264	0.02218
623	0	5	431a11dff650b4115fa5bf99118b9b8a	37.44134	0.17276	3.3722	12.84972	0.12592	16.06768	0	None	None	0.1534	-0.85962	0	0	212.1933	MaxAcceleration	-26.23978	0.13803	34.08485	-14.97114	-28.13872	0.00016	1	4	0.14271	0.02208
624	0	5	431a11dff650b4115fa5bf99118b9b8a	37.50915	0.17268	3.36937	12.84972	0.1261	16.06103	0	None	None	0.14409	-0.85951	0	0	230.542	MaxAcceleration	-26.264	0.13803	34.15053	-14.97115	-28.13872	0.00015	1	4	0.14231	0.02158
625	0	5	431a11dff650b4115fa5bf99118b9b8a	37.57701	0.17237	3.37139	12.84972	0.12605	16.05403	0	None	None	0.13224	-0.85931	0	0	211.5913	MaxAcceleration	-26.28899	0.13803	34.21597	-14.97115	-28.13872	0.00015	1	4	0.14242	0.02143
626	0	5	431a11dff650b4115fa5bf99118b9b8a	37.64706	0.17274	3.37162	12.84971	0.12588	16.06805	0	None	None	0.15339	-0.8596	0	0	211.5913	MaxAcceleration	-26.31472	0.13803	34.28112	-14.97115	-28.13873	0.00014	1	4	0.14249	0.02131
627	0	5	431a11dff650b4115fa5bf99118b9b8a	37.71487	0.17265	3.3687	12.84971	0.12604	16.06141	0	None	None	0.14368	-0.85949	0	0	229.8809	MaxAcceleration	-26.34117	0.13803	34.34592	-14.97115	-28.13873	0.00013	1	4	0.14209	0.02082
628	0	5	431a11dff650b4115fa5bf99118b9b8a	37.78271	0.17231	3.37071	12.84971	0.12597	16.0544	0	None	None	0.13201	-0.85927	0	0	211.2125	MaxAcceleration	-26.36838	0.13803	34.41045	-14.97115	-28.13873	0.00013	1	4	0.14222	0.02072
629	0	5	431a11dff650b4115fa5bf99118b9b8a	37.85275	0.17272	3.37084	12.84971	0.12584	16.06841	0	None	None	0.15338	-0.85959	0	0	211.2125	MaxAcceleration	-26.39633	0.13803	34.47467	-14.97116	-28.13873	0.00012	1	4	0.1423	0.02067
630	0	5	431a11dff650b4115fa5bf99118b9b8a	37.92052	0.1726	3.36787	12.8497	0.12598	16.06175	0	None	None	0.14339	-0.85946	0	0	229.4214	MaxAcceleration	-26.42497	0.13803	34.53851	-14.97116	-28.13874	0.00011	1	4	0.14191	0.02026
631	0	5	431a11dff650b4115fa5bf99118b9b8a	37.98836	0.17225	3.36987	12.8497	0.12589	16.05478	0	None	None	0.13188	-0.85924	0	0	211.0092	MaxAcceleration	-26.45437	0.13803	34.60205	-14.97116	-28.13874	0.00011	1	4	0.14207	0.02025
632	0	5	431a11dff650b4115fa5bf99118b9b8a	38.05838	0.1727	3.36993	12.8497	0.1258	16.06883	0	None	None	0.15336	-0.85957	0	0	211.0092	MaxAcceleration	-26.48449	0.13803	34.66526	-14.97116	-28.13874	0.00011	1	4	0.14216	0.02028
633	0	5	431a11dff650b4115fa5bf99118b9b8a	38.12614	0.17257	3.36693	12.8497	0.12593	16.06216	0	None	None	0.14317	-0.85944	0	0	229.0776	MaxAcceleration	-26.5153	0.13803	34.72806	-14.97116	-28.13874	0.0001	1	4	0.14178	0.01996
634	0	5	431a11dff650b4115fa5bf99118b9b8a	38.19395	0.1722	3.36893	12.84969	0.12582	16.05518	0	None	None	0.13181	-0.85921	0	0	210.8991	MaxAcceleration	-26.54685	0.13803	34.79054	-14.97116	-28.13875	0.0001	1	4	0.14196	0.02002
635	0	5	431a11dff650b4115fa5bf99118b9b8a	38.26395	0.17268	3.36895	12.84969	0.12577	16.06919	0	None	None	0.15334	-0.85956	0	0	210.8991	MaxAcceleration	-26.57911	0.13803	34.85266	-14.97116	-28.13875	0.0001	1	4	0.14207	0.02011
636	0	5	431a11dff650b4115fa5bf99118b9b8a	38.3317	0.17254	3.36594	12.84969	0.12587	16.06256	0	None	None	0.14299	-0.85942	0	0	228.7879	MaxAcceleration	-26.61204	0.13803	34.91436	-14.97116	-28.13875	0.00009	1	4	0.14169	0.01984
637	0	5	431a11dff650b4115fa5bf99118b9b8a	38.39949	0.17214	3.36793	12.84969	0.12575	16.05551	0	None	None	0.13177	-0.85917	0	0	210.8265	MaxAcceleration	-26.6457	0.13803	34.9757	-14.97117	-28.13875	0.00008	1	4	0.14188	0.01995
638	0	5	431a11dff650b4115fa5bf99118b9b8a	38.46947	0.17267	3.36791	12.84969	0.12573	16.06955	0	None	None	0.15302	-0.85954	0	0	210.8265	MaxAcceleration	-26.68006	0.13803	35.03667	-14.97117	-28.13875	0.00008	1	4	0.14199	0.02008
639	0	5	431a11dff650b4115fa5bf99118b9b8a	38.53719	0.1725	3.3649	12.84968	0.12582	16.0629	0	None	None	0.14282	-0.85939	0	0	228.5195	MaxAcceleration	-26.71507	0.13803	35.09718	-14.97117	-28.13875	0.00008	1	4	0.1416	0.01983
640	0	5	431a11dff650b4115fa5bf99118b9b8a	38.60496	0.17209	3.36681	12.84968	0.12568	16.05592	0	None	None	0.13179	-0.85914	0	0	210.8632	MaxAcceleration	-26.75081	0.13803	35.15731	-14.97117	-28.13875	0.00008	1	4	0.14179	0.01995
641	0	5	431a11dff650b4115fa5bf99118b9b8a	38.67492	0.17265	3.36676	12.84968	0.1257	16.06995	0	None	None	0.15278	-0.85953	0	0	210.8632	MaxAcceleration	-26.78722	0.13803	35.21704	-14.97117	-28.13876	0.00007	1	4	0.14189	0.02008
642	0	5	431a11dff650b4115fa5bf99118b9b8a	38.74262	0.17247	3.36377	12.84968	0.12577	16.06329	0	None	None	0.14272	-0.85937	0	0	228.3502	MaxAcceleration	-26.82427	0.13803	35.2763	-14.97117	-28.13876	0.00007	1	4	0.1415	0.01984
643	0	5	431a11dff650b4115fa5bf99118b9b8a	38.81037	0.17204	3.36562	12.84968	0.12561	16.0563	0	None	None	0.13184	-0.8591	0	0	210.9511	MaxAcceleration	-26.86203	0.13803	35.33516	-14.97117	-28.13876	0.00007	1	4	0.14168	0.01995
644	0	5	431a11dff650b4115fa5bf99118b9b8a	38.88029	0.17263	3.36555	12.84967	0.12567	16.07027	0	None	None	0.15257	-0.85951	0	0	210.9511	MaxAcceleration	-26.90045	0.13803	35.39359	-14.97117	-28.13876	0.00006	1	4	0.14178	0.02007
645	0	5	431a11dff650b4115fa5bf99118b9b8a	38.94798	0.17244	3.36259	12.84967	0.12572	16.06365	0	None	None	0.14263	-0.85934	0	0	228.2045	MaxAcceleration	-26.9395	0.13803	35.45152	-14.97117	-28.13876	0.00006	1	4	0.14139	0.01983
646	0	5	431a11dff650b4115fa5bf99118b9b8a	39.0157	0.17199	3.36439	12.84967	0.12554	16.05663	0	None	None	0.15328	-0.85907	0	0	228.2045	MaxAcceleration	-26.97923	0.13803	35.50904	-14.97117	-28.13876	0.00006	1	4	0.14157	0.01994
647	0	5	431a11dff650b4115fa5bf99118b9b8a	39.0856	0.17262	3.36431	12.84967	0.12563	16.07056	0	None	None	0.15236	-0.8595	0	0	243.781	MaxAcceleration	-27.01961	0.13803	35.56609	-14.97117	-28.13877	0.00006	1	4	0.14167	0.02006
648	0	5	431a11dff650b4115fa5bf99118b9b8a	39.15337	0.17239	3.36682	12.84967	0.12566	16.06379	0	None	None	0.13852	-0.85934	0	0	221.6311	MaxAcceleration	-27.06067	0.13803	35.62273	-14.97117	-28.13877	0.00006	1	4	0.14195	0.02051
649	0	5	431a11dff650b4115fa5bf99118b9b8a	39.2212	0.17193	3.36905	12.84967	0.12546	16.05691	0	None	None	0.15335	-0.85906	0	0	221.6311	MaxAcceleration	-27.10241	0.13803	35.67893	-14.97118	-28.13877	0.00005	1	4	0.14249	0.02114
650	0	5	431a11dff650b4115fa5bf99118b9b8a	39.29118	0.17261	3.3679	12.84967	0.12561	16.07101	0	None	None	0.14815	-0.85952	0	0	237.0435	MaxAcceleration	-27.14477	0.13803	35.73463	-14.97118	-28.13877	0.00005	1	4	0.14259	0.02144
651	0	5	431a11dff650b4115fa5bf99118b9b8a	39.35902	0.17237	3.3703	12.84967	0.12562	16.06435	0	None	None	0.13512	-0.85936	0	0	216.1941	MaxAcceleration	-27.18778	0.13803	35.78989	-14.97118	-28.13877	0.00005	1	4	0.14278	0.02194
652	0	5	431a11dff650b4115fa5bf99118b9b8a	39.42689	0.17191	3.37142	12.84967	0.12541	16.05751	0	None	None	0.15339	-0.85907	0	0	216.1941	MaxAcceleration	-27.23145	0.13803	35.84467	-14.97118	-28.13877	0.00005	1	4	0.14308	0.02238
653	0	5	431a11dff650b4115fa5bf99118b9b8a	39.49689	0.17264	3.36929	12.84967	0.12559	16.07173	0	None	None	0.14628	-0.85954	0	0	234.0468	MaxAcceleration	-27.2757	0.13803	35.89891	-14.97118	-28.13877	0.00005	1	4	0.14287	0.02234
654	0	5	431a11dff650b4115fa5bf99118b9b8a	39.56477	0.17239	3.37161	12.84967	0.12559	16.06516	0	None	None	0.13391	-0.85937	0	0	214.2481	MaxAcceleration	-27.3206	0.13803	35.95267	-14.97118	-28.13877	0.00005	1	4	0.14286	0.02252
655	0	5	431a11dff650b4115fa5bf99118b9b8a	39.63448	0.17258	3.37224	12.84966	0.12538	16.0759	0	None	None	0.1534	-0.85956	0	0	214.2481	MaxAcceleration	-27.36612	0.13803	36.00594	-14.97118	-28.13877	0.00004	1	4	0.14298	0.02263
656	0	6	4ccc97c5021ae91587883344ee3ca299	39.70267	0.17266	3.36974	12.84966	0.12558	16.07265	0	None	None	0.14557	-0.85956	0	0	232.9181	MaxAcceleration	-27.41221	0.13803	36.05863	-14.97118	-28.13877	0.00004	1	4	0.14265	0.02229
657	0	6	4ccc97c5021ae91587883344ee3ca299	39.77057	0.17239	3.37182	12.84966	0.12556	16.066	0	None	None	0.13352	-0.85938	0	0	213.6332	MaxAcceleration	-27.45894	0.13803	36.11083	-14.97118	-28.13877	0.00004	1	4	0.14275	0.02222
658	0	6	4ccc97c5021ae91587883344ee3ca299	39.84063	0.17273	3.37239	12.84966	0.12536	16.08001	0	None	None	0.1534	-0.85966	0	0	213.6332	MaxAcceleration	-27.50627	0.13803	36.1625	-14.97118	-28.13877	0.00004	1	4	0.14284	0.02217
659	0	6	4ccc97c5021ae91587883344ee3ca299	39.90849	0.17268	3.36981	12.84966	0.12556	16.07358	0	None	None	0.14521	-0.85957	0	0	232.3371	MaxAcceleration	-27.55414	0.13803	36.21358	-14.97118	-28.13878	0.00003	1	4	0.14246	0.02172
660	0	6	4ccc97c5021ae91587883344ee3ca299	39.97638	0.1724	3.37184	12.84966	0.12553	16.06681	0	None	None	0.13327	-0.85939	0	0	213.2374	MaxAcceleration	-27.60263	0.13803	36.26415	-14.97118	-28.13878	0.00003	1	4	0.14258	0.0216
661	0	6	4ccc97c5021ae91587883344ee3ca299	40.04645	0.17276	3.37234	12.84966	0.12535	16.08084	0	None	None	0.1534	-0.85967	0	0	213.2374	MaxAcceleration	-27.6517	0.13803	36.31417	-14.97118	-28.13878	0.00003	1	4	0.14267	0.02153
662	0	6	4ccc97c5021ae91587883344ee3ca299	40.1143	0.17269	3.3697	12.84966	0.12554	16.0744	0	None	None	0.145	-0.85958	0	0	231.9931	MaxAcceleration	-27.70129	0.13803	36.36358	-14.97118	-28.13878	0.00003	1	4	0.1423	0.0211
663	0	6	4ccc97c5021ae91587883344ee3ca299	40.1822	0.17241	3.37172	12.84966	0.12551	16.06765	0	None	None	0.13313	-0.8594	0	0	213.0106	MaxAcceleration	-27.75149	0.13803	36.41245	-14.97118	-28.13878	0.00003	1	4	0.14244	0.02103
664	0	6	4ccc97c5021ae91587883344ee3ca299	40.25226	0.17278	3.37217	12.84966	0.12533	16.08163	0	None	None	0.1534	-0.85969	0	0	213.0106	MaxAcceleration	-27.80224	0.13803	36.46075	-14.97118	-28.13878	0.00003	1	4	0.14255	0.02102
665	0	6	4ccc97c5021ae91587883344ee3ca299	40.32011	0.17271	3.36948	12.84966	0.12552	16.07519	0	None	None	0.14487	-0.85959	0	0	231.7896	MaxAcceleration	-27.85349	0.13803	36.50843	-14.97118	-28.13878	0.00003	1	4	0.1422	0.02066
666	0	6	4ccc97c5021ae91587883344ee3ca299	40.388	0.17242	3.3715	12.84966	0.12548	16.06841	0	None	None	0.13306	-0.8594	0	0	212.8995	MaxAcceleration	-27.90533	0.13803	36.55555	-14.97118	-28.13878	0.00003	1	4	0.14237	0.02066
667	0	6	4ccc97c5021ae91587883344ee3ca299	40.45806	0.1728	3.37191	12.84966	0.12532	16.08241	0	None	None	0.15339	-0.8597	0	0	212.8995	MaxAcceleration	-27.95771	0.13803	36.60208	-14.97118	-28.13878	0.00003	1	4	0.1425	0.02072
668	0	6	4ccc97c5021ae91587883344ee3ca299	40.5259	0.17273	3.36921	12.84965	0.1255	16.07598	0	None	None	0.14479	-0.8596	0	0	231.6591	MaxAcceleration	-28.01057	0.13803	36.64797	-14.97118	-28.13878	0.00002	1	4	0.14216	0.02043
669	0	6	4ccc97c5021ae91587883344ee3ca299	40.59379	0.17243	3.37122	12.84965	0.12546	16.0692	0	None	None	0.13303	-0.85941	0	0	212.8496	MaxAcceleration	-28.06398	0.13803	36.69328	-14.97118	-28.13878	0.00002	1	4	0.14233	0.0205
670	0	6	4ccc97c5021ae91587883344ee3ca299	40.66385	0.17282	3.37161	12.84965	0.12531	16.08318	0	None	None	0.15339	-0.85971	0	0	212.8496	MaxAcceleration	-28.11792	0.13803	36.73798	-14.97118	-28.13878	0.00002	1	4	0.14247	0.02061
671	0	6	4ccc97c5021ae91587883344ee3ca299	40.73168	0.17274	3.3689	12.84965	0.12549	16.07672	0	None	None	0.14472	-0.85961	0	0	231.5598	MaxAcceleration	-28.17231	0.13803	36.78203	-14.97118	-28.13878	0.00002	1	4	0.14213	0.02036
672	0	6	4ccc97c5021ae91587883344ee3ca299	40.79956	0.17245	3.37091	12.84965	0.12544	16.06995	0	None	None	0.13302	-0.85942	0	0	212.8285	MaxAcceleration	-28.22725	0.13803	36.82548	-14.97118	-28.13878	0.00002	1	4	0.14231	0.02046
673	0	6	4ccc97c5021ae91587883344ee3ca299	40.86961	0.17284	3.37129	12.84965	0.1253	16.08388	0	None	None	0.15339	-0.85973	0	0	212.8285	MaxAcceleration	-28.28268	0.13803	36.86831	-14.97118	-28.13878	0.00002	1	4	0.14245	0.0206
674	0	6	4ccc97c5021ae91587883344ee3ca299	40.93744	0.17277	3.36858	12.84965	0.12547	16.07738	0	None	None	0.14467	-0.85962	0	0	231.4741	MaxAcceleration	-28.33855	0.13803	36.91046	-14.97118	-28.13878	0.00002	1	4	0.14211	0.02037
675	0	6	4ccc97c5021ae91587883344ee3ca299	41.00531	0.17246	3.37059	12.84965	0.12543	16.07061	0	None	None	0.13301	-0.85943	0	0	212.8165	MaxAcceleration	-28.39494	0.13803	36.952	-14.97119	-28.13878	0.00002	1	4	0.14229	0.02048
676	0	6	4ccc97c5021ae91587883344ee3ca299	41.07536	0.17286	3.37096	12.84965	0.1253	16.08453	0	None	None	0.15338	-0.85974	0	0	212.8165	MaxAcceleration	-28.4518	0.13803	36.99289	-14.97119	-28.13878	0.00002	1	4	0.14242	0.02063
677	0	6	4ccc97c5021ae91587883344ee3ca299	41.14318	0.17278	3.36824	12.84965	0.12546	16.07807	0	None	None	0.14462	-0.85963	0	0	231.3988	MaxAcceleration	-28.50907	0.13803	37.0331	-14.97119	-28.13878	0.00002	1	4	0.14209	0.02041
678	0	6	4ccc97c5021ae91587883344ee3ca299	41.21105	0.17247	3.37025	12.84965	0.12541	16.07122	0	None	None	0.13301	-0.85943	0	0	212.8088	MaxAcceleration	-28.56684	0.13803	37.07267	-14.97119	-28.13878	0.00002	1	4	0.14226	0.02052
679	0	6	4ccc97c5021ae91587883344ee3ca299	41.28108	0.17289	3.37062	12.84965	0.12529	16.08513	0	None	None	0.15338	-0.85975	0	0	212.8088	MaxAcceleration	-28.62507	0.13803	37.11159	-14.97119	-28.13878	0.00002	1	4	0.1424	0.02066
680	0	6	4ccc97c5021ae91587883344ee3ca299	41.3489	0.17279	3.3679	12.84965	0.12545	16.07861	0	None	None	0.14457	-0.85964	0	0	231.315	MaxAcceleration	-28.68368	0.13803	37.14981	-14.97119	-28.13878	0.00002	1	4	0.14206	0.02044
681	0	6	4ccc97c5021ae91587883344ee3ca299	41.41676	0.17247	3.36991	12.84965	0.12539	16.07177	0	None	None	0.133	-0.85944	0	0	212.801	MaxAcceleration	-28.74277	0.13803	37.18738	-14.97119	-28.13878	0.00002	1	4	0.14224	0.02054
682	0	6	4ccc97c5021ae91587883344ee3ca299	41.48679	0.17291	3.37026	12.84965	0.12529	16.08567	0	None	None	0.15337	-0.85976	0	0	212.801	MaxAcceleration	-28.80229	0.13803	37.22427	-14.97119	-28.13878	0.00002	1	4	0.14237	0.02068
683	0	6	4ccc97c5021ae91587883344ee3ca299	41.55459	0.17281	3.36755	12.84965	0.12544	16.07914	0	None	None	0.14452	-0.85965	0	0	231.2357	MaxAcceleration	-28.86217	0.13803	37.26046	-14.97119	-28.13878	0.00002	1	4	0.14203	0.02045
684	0	6	4ccc97c5021ae91587883344ee3ca299	41.62245	0.17249	3.36956	12.84965	0.12538	16.0723	0	None	None	0.133	-0.85944	0	0	212.7965	MaxAcceleration	-28.9225	0.13803	37.29597	-14.97119	-28.13878	0.00002	1	4	0.14221	0.02055
685	0	6	4ccc97c5021ae91587883344ee3ca299	41.69247	0.17293	3.3699	12.84965	0.12529	16.08618	0	None	None	0.15336	-0.85977	0	0	212.7965	MaxAcceleration	-28.98325	0.13803	37.3308	-14.97119	-28.13879	0.00001	1	4	0.14234	0.02068
686	0	6	4ccc97c5021ae91587883344ee3ca299	41.76027	0.17283	3.36719	12.84965	0.12543	16.07969	0	None	None	0.14448	-0.85965	0	0	231.1609	MaxAcceleration	-29.04433	0.13803	37.36491	-14.97119	-28.13879	0.00001	1	4	0.14201	0.02045
687	0	6	4ccc97c5021ae91587883344ee3ca299	41.82812	0.17249	3.3692	12.84965	0.12536	16.07275	0	None	None	0.13299	-0.85944	0	0	212.7917	MaxAcceleration	-29.10584	0.13803	37.39833	-14.97119	-28.13879	0.00001	1	4	0.14219	0.02055
688	0	6	4ccc97c5021ae91587883344ee3ca299	41.89813	0.17294	3.36953	12.84965	0.12528	16.08663	0	None	None	0.15336	-0.85978	0	0	212.7917	MaxAcceleration	-29.16773	0.13803	37.43106	-14.97119	-28.13879	0.00001	1	4	0.14232	0.02068
689	0	6	4ccc97c5021ae91587883344ee3ca299	41.96593	0.17283	3.36683	12.84965	0.12542	16.08012	0	None	None	0.14442	-0.85966	0	0	231.0776	MaxAcceleration	-29.22994	0.13803	37.46305	-14.97119	-28.13879	0.00001	1	4	0.14198	0.02044
690	0	6	4ccc97c5021ae91587883344ee3ca299	42.03377	0.1725	3.36884	12.84965	0.12535	16.0732	0	None	None	0.13299	-0.85944	0	0	212.7843	MaxAcceleration	-29.29255	0.13803	37.49434	-14.97119	-28.13879	0.00001	1	4	0.14216	0.02054
691	0	6	4ccc97c5021ae91587883344ee3ca299	42.10377	0.17296	3.36916	12.84965	0.12528	16.08706	0	None	None	0.15335	-0.85979	0	0	212.7843	MaxAcceleration	-29.35552	0.13803	37.52492	-14.97119	-28.13879	0.00001	1	4	0.14229	0.02067
692	0	6	4ccc97c5021ae91587883344ee3ca299	42.17156	0.17284	3.36646	12.84965	0.12542	16.08053	0	None	None	0.14437	-0.85966	0	0	230.9964	MaxAcceleration	-29.41879	0.13803	37.55476	-14.97119	-28.13879	0.00001	1	4	0.14194	0.02043
693	0	6	4ccc97c5021ae91587883344ee3ca299	42.2394	0.1725	3.36846	12.84965	0.12534	16.07364	0	None	None	0.13299	-0.85945	0	0	212.7826	MaxAcceleration	-29.48243	0.13803	37.58389	-14.97119	-28.13879	0.00001	1	4	0.14213	0.02053
694	0	6	4ccc97c5021ae91587883344ee3ca299	42.30939	0.17298	3.36878	12.84965	0.12528	16.08746	0	None	None	0.15335	-0.85979	0	0	212.7826	MaxAcceleration	-29.5464	0.13803	37.61229	-14.97119	-28.13879	0.00001	1	4	0.14226	0.02066
695	0	6	4ccc97c5021ae91587883344ee3ca299	42.37717	0.17285	3.36608	12.84965	0.12541	16.08085	0	None	None	0.14432	-0.85967	0	0	230.9126	MaxAcceleration	-29.61064	0.13803	37.63993	-14.97119	-28.13879	0.00001	1	4	0.14192	0.02042
696	0	6	4ccc97c5021ae91587883344ee3ca299	42.44499	0.1725	3.36808	12.84965	0.12532	16.07394	0	None	None	0.13298	-0.85944	0	0	212.7736	MaxAcceleration	-29.67523	0.13803	37.66686	-14.97119	-28.13879	0.00001	1	4	0.1421	0.02052
697	0	6	4ccc97c5021ae91587883344ee3ca299	42.51498	0.17299	3.36839	12.84965	0.12528	16.08776	0	None	None	0.15334	-0.8598	0	0	212.7736	MaxAcceleration	-29.74014	0.13803	37.69305	-14.97119	-28.13879	0.00001	1	4	0.14223	0.02065
698	0	6	4ccc97c5021ae91587883344ee3ca299	42.58275	0.17286	3.36569	12.84965	0.1254	16.08118	0	None	None	0.14427	-0.85967	0	0	230.8251	MaxAcceleration	-29.80527	0.13803	37.71848	-14.97119	-28.13879	0.00001	1	4	0.14188	0.02041
699	0	6	4ccc97c5021ae91587883344ee3ca299	42.65057	0.1725	3.3677	12.84965	0.1253	16.07422	0	None	None	0.13298	-0.85944	0	0	212.7644	MaxAcceleration	-29.87075	0.13803	37.74317	-14.97119	-28.13879	0.00001	1	4	0.14207	0.02051
700	0	6	4ccc97c5021ae91587883344ee3ca299	42.72055	0.17301	3.36799	12.84965	0.12528	16.08805	0	None	None	0.15334	-0.85981	0	0	212.7644	MaxAcceleration	-29.9365	0.13803	37.76712	-14.97119	-28.13879	0.00001	1	4	0.1422	0.02064
701	0	6	4ccc97c5021ae91587883344ee3ca299	42.78832	0.17287	3.3653	12.84965	0.12539	16.08148	0	None	None	0.14421	-0.85967	0	0	230.7396	MaxAcceleration	-30.00247	0.13803	37.7903	-14.97119	-28.13879	0.00001	1	4	0.14185	0.0204
702	0	6	4ccc97c5021ae91587883344ee3ca299	42.85612	0.1725	3.3673	12.84965	0.12529	16.07453	0	None	None	0.13297	-0.85944	0	0	212.7597	MaxAcceleration	-30.06874	0.13803	37.81274	-14.97119	-28.13879	0.00001	1	4	0.14204	0.0205
703	0	6	4ccc97c5021ae91587883344ee3ca299	42.9261	0.17302	3.36758	12.84964	0.12528	16.08832	0	None	None	0.15333	-0.85981	0	0	212.7597	MaxAcceleration	-30.13527	0.13803	37.83442	-14.97119	-28.13879	0	1	4	0.14217	0.02063
704	0	6	4ccc97c5021ae91587883344ee3ca299	42.99385	0.17287	3.36489	12.84964	0.12539	16.08173	0	None	None	0.14416	-0.85967	0	0	230.6516	MaxAcceleration	-30.20198	0.13803	37.85532	-14.97119	-28.13879	0	1	4	0.14182	0.0204
705	0	6	4ccc97c5021ae91587883344ee3ca299	43.06166	0.1725	3.36689	12.84964	0.12528	16.07479	0	None	None	0.13297	-0.85944	0	0	212.7523	MaxAcceleration	-30.26897	0.13803	37.87547	-14.97119	-28.13879	0	1	4	0.14201	0.0205
706	0	6	4ccc97c5021ae91587883344ee3ca299	43.13162	0.17304	3.36717	12.84964	0.12529	16.08857	0	None	None	0.15332	-0.85982	0	0	212.7523	MaxAcceleration	-30.3362	0.13803	37.89486	-14.97119	-28.13879	0	1	4	0.14214	0.02063
707	0	6	4ccc97c5021ae91587883344ee3ca299	43.19937	0.17289	3.36448	12.84964	0.12539	16.08194	0	None	None	0.1441	-0.85968	0	0	230.5621	MaxAcceleration	-30.40358	0.13803	37.91347	-14.97119	-28.13879	0	1	4	0.14179	0.02039
708	0	6	4ccc97c5021ae91587883344ee3ca299	43.26716	0.1725	3.36648	12.84964	0.12527	16.07501	0	None	None	0.13297	-0.85944	0	0	212.7459	MaxAcceleration	-30.47122	0.13803	37.93131	-14.97119	-28.13879	0	1	4	0.14198	0.02049
709	0	6	4ccc97c5021ae91587883344ee3ca299	43.33712	0.17305	3.36674	12.84964	0.12529	16.08875	0	None	None	0.15332	-0.85982	0	0	212.7459	MaxAcceleration	-30.53905	0.13803	37.94838	-14.97119	-28.13879	0	1	4	0.14211	0.02062
710	0	6	4ccc97c5021ae91587883344ee3ca299	43.40486	0.17289	3.36406	12.84964	0.12539	16.08214	0	None	None	0.14405	-0.85968	0	0	230.4735	MaxAcceleration	-30.60703	0.13803	37.96467	-14.97119	-28.13879	0	1	4	0.14176	0.02038
711	0	6	4ccc97c5021ae91587883344ee3ca299	43.47264	0.1725	3.36606	12.84964	0.12526	16.07512	0	None	None	0.13296	-0.85943	0	0	212.7334	MaxAcceleration	-30.67523	0.13803	37.98018	-14.97119	-28.13879	0	1	4	0.14195	0.02048
712	0	6	4ccc97c5021ae91587883344ee3ca299	43.54258	0.17305	3.36631	12.84964	0.12529	16.08886	0	None	None	0.15331	-0.85982	0	0	212.7334	MaxAcceleration	-30.7436	0.13803	37.99491	-14.97119	-28.13879	0	1	4	0.14207	0.02061
713	0	6	4ccc97c5021ae91587883344ee3ca299	43.61032	0.17289	3.36363	12.84964	0.12538	16.08223	0	None	None	0.14398	-0.85967	0	0	230.3753	MaxAcceleration	-30.81208	0.13803	38.00886	-14.97119	-28.13879	0	1	4	0.14172	0.02038
714	0	6	4ccc97c5021ae91587883344ee3ca299	43.6781	0.17249	3.36563	12.84964	0.12525	16.07528	0	None	None	0.13295	-0.85943	0	0	212.723	MaxAcceleration	-30.88076	0.13803	38.02203	-14.97119	-28.13879	0	1	4	0.14191	0.02048
715	0	6	4ccc97c5021ae91587883344ee3ca299	43.74803	0.17306	3.36588	12.84964	0.12529	16.08901	0	None	None	0.1533	-0.85982	0	0	212.723	MaxAcceleration	-30.94959	0.13803	38.03441	-14.97119	-28.13879	0	1	4	0.14204	0.02061
716	0	6	4ccc97c5021ae91587883344ee3ca299	43.81575	0.17289	3.3632	12.84964	0.12537	16.08235	0	None	None	0.14392	-0.85967	0	0	230.278	MaxAcceleration	-31.01851	0.13803	38.046	-14.97119	-28.13879	0	1	4	0.14168	0.02037
717	0	6	4ccc97c5021ae91587883344ee3ca299	43.88352	0.17248	3.3652	12.84964	0.12523	16.07535	0	None	None	0.13294	-0.85942	0	0	212.7088	MaxAcceleration	-31.08759	0.13803	38.0568	-14.97119	-28.13879	0	1	4	0.14188	0.02047
718	0	6	4ccc97c5021ae91587883344ee3ca299	43.95345	0.17307	3.36543	12.84964	0.1253	16.08909	0	None	None	0.1533	-0.85982	0	0	212.7088	MaxAcceleration	-31.15679	0.13803	38.06683	-14.97119	-28.13879	0	1	4	0.142	0.0206
719	0	6	4ccc97c5021ae91587883344ee3ca299	44.02116	0.17289	3.36276	12.84964	0.12537	16.08247	0	None	None	0.14386	-0.85967	0	0	230.1805	MaxAcceleration	-31.22605	0.13803	38.07605	-14.97119	-28.13879	0	1	4	0.14164	0.02036
720	0	6	4ccc97c5021ae91587883344ee3ca299	44.08892	0.17247	3.36475	12.84964	0.12521	16.07544	0	None	None	0.13293	-0.85941	0	0	212.6943	MaxAcceleration	-31.29546	0.13803	38.08448	-14.97119	-28.13879	0	1	4	0.14184	0.02047
721	0	6	4ccc97c5021ae91587883344ee3ca299	44.15884	0.17308	3.36497	12.84964	0.12529	16.08919	0	None	None	0.15329	-0.85982	0	0	212.6943	MaxAcceleration	-31.36496	0.13803	38.09213	-14.97119	-28.13879	0	1	4	0.14196	0.02059
722	0	6	4ccc97c5021ae91587883344ee3ca299	44.22654	0.17288	3.3623	12.84964	0.12536	16.08248	0	None	None	0.1438	-0.85966	0	0	230.0779	MaxAcceleration	-31.43448	0.13803	38.09898	-14.97119	-28.13879	0	1	4	0.14161	0.02036
723	0	6	4ccc97c5021ae91587883344ee3ca299	44.29429	0.17246	3.3643	12.84964	0.1252	16.07547	0	None	None	0.13292	-0.8594	0	0	212.6785	MaxAcceleration	-31.50412	0.13803	38.10503	-14.97119	-28.13879	0	1	4	0.14181	0.02046
724	0	6	4ccc97c5021ae91587883344ee3ca299	44.3642	0.17308	3.36451	12.84964	0.12529	16.08921	0	None	None	0.15328	-0.85982	0	0	212.6785	MaxAcceleration	-31.57383	0.13803	38.11029	-14.97119	-28.13879	0	1	4	0.14193	0.02058
725	0	6	4ccc97c5021ae91587883344ee3ca299	44.4319	0.17287	3.36184	12.84964	0.12535	16.08251	0	None	None	0.14373	-0.85965	0	0	229.9739	MaxAcceleration	-31.64354	0.13803	38.11475	-14.97119	-28.13879	0	1	4	0.14157	0.02035
726	0	6	4ccc97c5021ae91587883344ee3ca299	44.49964	0.17245	3.36384	12.84964	0.12519	16.07553	0	None	None	0.13291	-0.85939	0	0	212.6635	MaxAcceleration	-31.71334	0.13803	38.11842	-14.97119	-28.13879	0	1	4	0.14177	0.02045
727	0	6	4ccc97c5021ae91587883344ee3ca299	44.56954	0.17308	3.36404	12.84964	0.12529	16.08925	0	None	None	0.15328	-0.85982	0	0	212.6635	MaxAcceleration	-31.78318	0.13803	38.12128	-14.97119	-28.13879	0	1	4	0.14189	0.02058
728	0	6	4ccc97c5021ae91587883344ee3ca299	44.63722	0.17287	3.36137	12.84964	0.12534	16.08252	0	None	None	0.14367	-0.85965	0	0	229.8708	MaxAcceleration	-31.85299	0.13803	38.12336	-14.97119	-28.13879	0	1	4	0.14153	0.02034
729	0	6	4ccc97c5021ae91587883344ee3ca299	44.70495	0.17243	3.36337	12.84964	0.12517	16.07549	0	None	None	0.15327	-0.85937	0	0	229.8708	MaxAcceleration	-31.92286	0.13803	38.12463	-14.97119	-28.13879	0	1	4	0.14173	0.02045
730	0	6	4ccc97c5021ae91587883344ee3ca299	44.77485	0.17308	3.36356	12.84964	0.12529	16.08919	0	None	None	0.15327	-0.85982	0	0	245.224	MaxAcceleration	-31.99275	0.13803	38.12511	-14.97119	-28.13879	0	1	4	0.14185	0.02057
731	0	6	4ccc97c5021ae91587883344ee3ca299	44.84263	0.17286	3.36608	12.84964	0.12533	16.08243	0	None	None	0.13974	-0.85967	0	0	223.5894	MaxAcceleration	-32.06269	0.13803	38.1248	-14.97119	-28.13879	0	1	4	0.14212	0.02099
732	0	6	4ccc97c5021ae91587883344ee3ca299	44.91047	0.17242	3.36852	12.84964	0.12516	16.07545	0	None	None	0.15334	-0.8594	0	0	223.5894	MaxAcceleration	-32.13268	0.13803	38.12368	-14.97119	-28.13879	0	1	4	0.14267	0.02161
733	0	6	4ccc97c5021ae91587883344ee3ca299	44.98045	0.1731	3.36769	12.84964	0.12531	16.08931	0	None	None	0.14955	-0.85985	0	0	239.2812	MaxAcceleration	-32.20263	0.13803	38.12177	-14.97119	-28.13879	0	1	4	0.14279	0.0219
734	0	6	4ccc97c5021ae91587883344ee3ca299	45.04831	0.17288	3.3701	12.84964	0.12534	16.08262	0	None	None	0.15337	-0.8597	0	0	239.2812	MaxAcceleration	-32.27259	0.13803	38.11906	-14.97119	-28.13879	0	1	4	0.14298	0.02237
735	0	6	4ccc97c5021ae91587883344ee3ca299	45.11621	0.17244	3.37156	12.84964	0.12516	16.07581	0	None	None	0.15339	-0.85943	0	0	245.3876	MaxAcceleration	-32.34256	0.13803	38.11555	-14.97119	-28.13879	0	1	4	0.14329	0.0228
736	0	6	4ccc97c5021ae91587883344ee3ca299	45.18632	0.17313	3.37407	12.84964	0.12532	16.0896	0	None	None	0.15343	-0.85991	0	0	245.423	MaxAcceleration	-32.41254	0.13803	38.11123	-14.97119	-28.13879	0	1	4	0.14365	0.02333
737	0	7	46077471fe6db9c5bfc3327df0b647af	45.25544	0.17273	3.37677	13.54606	0.12503	15.71747	0	None	None	0.15307	-0.84266	0	0	244.9097	MaxAcceleration	-32.48251	0.13803	38.10612	-14.58702	-27.49594	56.44342	1	4	0.14393	0.02391
738	0	7	46077471fe6db9c5bfc3327df0b647af	45.32585	0.17105	3.37917	14.87438	0.12411	14.96315	0	None	None	0.12136	-0.80813	0	0	194.1817	MaxAcceleration	-32.55247	0.13803	38.10019	-13.86288	-26.2698	61.08746	1	4	0.14435	0.02447
739	0	7	46077471fe6db9c5bfc3327df0b647af	45.39658	0.16782	3.3893	16.3083	0.12256	14.15622	0	None	None	0.08883	-0.77045	0	0	142.1318	MaxAcceleration	-32.62253	0.13803	38.09376	-13.09321	-24.94619	65.57799	1	4	0.13939	0.02597
740	0	7	46077471fe6db9c5bfc3327df0b647af	45.46734	0.1637	3.40137	17.83719	0.12068	13.29803	0	None	None	0.03057	-0.72985	0	0	48.91086	MaxAcceleration	-32.69264	0.13803	38.08724	-12.2854	-23.5349	69.77673	1	4	0.12349	0.02835
741	0	7	46077471fe6db9c5bfc3327df0b647af	45.53835	0.15908	3.40922	19.45657	0.11857	12.3991	0	None	None	0	-0.68667	0.01767	0	0	MaxAcceleration	-32.76271	0.13803	38.08083	-11.4432	-22.04009	73.5611	1	4	0.09822	0.0307
742	0	7	46077471fe6db9c5bfc3327df0b647af	45.60916	0.15408	3.40447	21.14906	0.1163	11.47059	0	None	None	0	-0.64139	0.04219	0	0	MaxAcceleration	-32.83247	0.13803	38.07468	-10.57656	-20.47779	76.68584	1	4	0.06618	0.03137
743	0	7	46077471fe6db9c5bfc3327df0b647af	45.67916	0.14869	3.38696	22.88906	0.11391	10.52426	0	None	None	0	-0.59467	0.04859	0	0	CurrentSpeedDeceleration	-32.90165	0.13803	38.06892	-9.69881	-18.87164	79.08111	1	4	0.03055	0.02924
744	0	7	46077471fe6db9c5bfc3327df0b647af	45.74881	0.1433	3.36188	24.67779	0.1114	9.56239	0	None	None	0	-0.5466	0.04896	0	0	CurrentSpeedDeceleration	-32.97013	0.13803	38.06363	-8.80916	-17.2205	80.84692	1	4	-0.00528	0.02434
745	0	7	46077471fe6db9c5bfc3327df0b647af	45.81781	0.13822	3.33502	inf	0.10883	8.59415	0	None	None	0	-0.49769	0.04937	0	0	CurrentSpeedDeceleration	-33.03788	0.13803	38.05888	-7.91586	-15.54056	82.12244	1	4	-0.03824	0.01761
746	0	7	46077471fe6db9c5bfc3327df0b647af	45.88615	0.13292	3.30847	inf	0.10621	7.62474	0	None	None	0	-0.44825	0.04977	0	0	CurrentSpeedDeceleration	-33.10493	0.13803	38.05474	-7.02335	-13.84176	82.96986	1	4	-0.06656	0.01009
747	0	7	46077471fe6db9c5bfc3327df0b647af	45.95339	0.12728	3.28192	inf	0.10355	6.6602	0	None	None	0	-0.39871	0.05017	0	0	CurrentSpeedDeceleration	-33.1713	0.13803	38.05126	-6.14092	-12.1439	83.38268	1	4	-0.08945	0.00256
748	0	7	46077471fe6db9c5bfc3327df0b647af	46.02042	0.12157	3.25503	inf	0.10087	5.69873	0	None	None	0	-0.34891	0.05058	0	0	CurrentSpeedDeceleration	-33.237	0.13803	38.04847	-5.26006	-10.43292	83.40198	1	4	-0.1069	-0.00449
749	0	7	46077471fe6db9c5bfc3327df0b647af	46.08631	0.11568	3.2275	inf	0.09819	4.75125	0	None	None	0	-0.2996	0.051	0	0	CurrentSpeedDeceleration	-33.30203	0.13803	38.04642	-4.39594	-8.74072	83.02936	1	4	-0.11948	-0.01074
750	0	7	46077471fe6db9c5bfc3327df0b647af	46.15201	0.10977	3.19919	inf	0.09551	3.81159	0	None	None	0	-0.25042	0.05142	0	0	CurrentSpeedDeceleration	-33.36639	0.13803	38.04512	-3.5384	-7.05002	82.29572	1	4	-0.12799	-0.01611
751	0	7	46077471fe6db9c5bfc3327df0b647af	46.21658	0.10383	3.1699	inf	0.09285	2.89202	0	None	None	0	-0.20216	0.05187	0	0	CurrentSpeedDeceleration	-33.43007	0.13803	38.0446	-2.70182	-5.39168	81.22897	1	4	-0.13327	-0.0206
752	0	7	46077471fe6db9c5bfc3327df0b647af	46.28091	0.09793	3.13959	inf	0.0902	1.98485	0	None	None	0	-0.15442	0.05233	0	0	CurrentSpeedDeceleration	-33.49306	0.13803	38.04486	-1.87651	-3.749	79.85532	1	4	-0.13623	-0.02426
753	0	7	46077471fe6db9c5bfc3327df0b647af	46.34409	0.0921	3.10814	inf	0.08759	1.10227	0	None	None	0	-0.10796	0.0528	0	0	CurrentSpeedDeceleration	-33.55534	0.13803	38.04592	-1.07545	-2.15014	78.21644	1	4	-0.13751	-0.02725
754	0	7	46077471fe6db9c5bfc3327df0b647af	46.40704	0.09057	3.07558	inf	0.085	0.2352	0	None	None	0	-0.06231	0.0533	0	0	CurrentSpeedDeceleration	-33.6169	0.13803	38.04778	-0.28831	-0.5766	76.33768	1	4	-0.13776	-0.02972
755	0	7	46077471fe6db9c5bfc3327df0b647af	46.46879	0.09117	3.04186	inf	0.08244	-0.60429	0	None	None	0	-0.01818	0.05381	0	0	CurrentSpeedDeceleration	-33.67771	0.13803	38.05042	0.47197	0.94388	74.26426	1	4	-0.13727	-0.0318
756	0	7	46077471fe6db9c5bfc3327df0b647af	46.52983	0.09179	3.00704	inf	0.07994	-1.4202	0	None	None	0	0.0246	0.05434	0	0	CurrentSpeedDeceleration	-33.73776	0.13803	38.05384	1.21075	2.42043	72.03082	1	4	-0.13638	-0.03363
757	0	7	46077471fe6db9c5bfc3327df0b647af	46.59058	0.09247	2.97112	inf	0.07746	-2.21806	0	None	None	0	0.0663	0.03826	0	0	CurrentSpeedDeceleration	-33.79703	0.13803	38.05804	1.93227	3.86015	69.65306	1	4	-0.13516	-0.03534
758	0	7	46077471fe6db9c5bfc3327df0b647af	46.65011	0.09308	2.93418	inf	0.07501	-2.98553	0	None	None	0	0.10624	0.01232	0	0	CurrentSpeedDeceleration	-33.8555	0.13803	38.06298	2.62543	5.23988	67.18651	1	4	-0.13367	-0.03699
759	0	7	46077471fe6db9c5bfc3327df0b647af	46.70898	0.0937	2.90201	inf	0.07261	-3.72887	0	None	None	0.00608	0.14482	0	0	0	CurrentSpeedDeceleration	-33.91325	0.13803	38.06867	3.29637	6.57106	64.77725	1	4	-0.13211	-0.03796
760	0	7	46077471fe6db9c5bfc3327df0b647af	46.76785	0.0944	2.87841	inf	0.07024	-4.45702	0	None	None	0.02248	0.18252	0	0	9.7315	CurrentSpeedDeceleration	-33.97049	0.13803	38.07511	3.95225	7.86725	62.50101	1	4	-0.13046	-0.03732
761	0	7	46077471fe6db9c5bfc3327df0b647af	46.82593	0.09498	2.86056	inf	0.06785	-5.15931	0	None	None	0.03598	0.21883	0	0	35.96753	CurrentSpeedDeceleration	-34.02731	0.13803	38.0823	4.58401	9.11007	60.31922	1	4	-0.12897	-0.03485
762	0	7	46077471fe6db9c5bfc3327df0b647af	46.88375	0.09557	2.84682	inf	0.06549	-5.84209	0	None	None	0.0482	0.254	0	0	57.56895	CurrentSpeedDeceleration	-34.0838	0.13803	38.09025	5.19749	10.31082	58.19203	1	4	-0.12787	-0.03067
763	0	7	46077471fe6db9c5bfc3327df0b647af	46.94139	0.09613	2.83632	inf	0.06314	-6.50618	0	None	None	0.05646	0.28808	0	0	77.11547	MaxAcceleration	-34.14001	0.13803	38.09896	5.79311	11.47013	56.10617	1	4	-0.12723	-0.02509
764	0	7	46077471fe6db9c5bfc3327df0b647af	46.99892	0.09668	2.82866	inf	0.06081	-7.15199	0	None	None	0.06282	0.32108	0	0	90.32877	MaxAcceleration	-34.19599	0.13803	38.10844	6.37135	12.58891	54.05637	1	4	-0.12704	-0.01849
765	0	7	46077471fe6db9c5bfc3327df0b647af	47.05672	0.09732	2.82269	inf	0.05846	-7.78494	0	None	None	0.06811	0.35323	0	0	100.5051	MaxAcceleration	-34.25177	0.13803	38.1187	6.93568	13.67385	52.01166	1	4	-0.12735	-0.01132
766	0	7	46077471fe6db9c5bfc3327df0b647af	47.11408	0.09782	2.81782	inf	0.05611	-8.39455	0	None	None	0.0704	0.38408	0	0	108.9714	MaxAcceleration	-34.30735	0.13803	38.12973	7.47891	14.71131	49.99144	1	4	-0.12805	-0.00403
767	0	7	46077471fe6db9c5bfc3327df0b647af	47.17138	0.09832	2.81368	inf	0.05377	-8.98581	0	None	None	0.07405	0.41382	0	0	112.6383	MaxAcceleration	-34.36275	0.13803	38.14155	8.0044	15.70802	47.98499	1	4	-0.12912	0.00301
768	0	7	46077471fe6db9c5bfc3327df0b647af	47.22863	0.09882	2.8095	25.28008	0.05144	-9.55885	0	None	None	0.0779	0.44246	0	0	118.4761	MaxAcceleration	-34.41796	0.13803	38.15414	8.51227	16.66454	45.98395	1	4	-0.13031	0.00941
769	0	7	46077471fe6db9c5bfc3327df0b647af	47.28585	0.09929	2.80559	24.28687	0.04911	-10.11355	0	None	None	0.08173	0.47002	0	0	124.6451	MaxAcceleration	-34.47296	0.13803	38.16752	9.00256	17.58135	43.99819	1	4	-0.1315	0.015
770	0	7	46077471fe6db9c5bfc3327df0b647af	47.34332	0.09984	2.80203	23.33196	0.04677	-10.65389	0	None	None	0.08608	0.49667	0	0	130.7758	MaxAcceleration	-34.52776	0.13803	38.18168	9.47738	18.46281	42.02214	1	4	-0.13263	0.01968
771	0	7	46077471fe6db9c5bfc3327df0b647af	47.40047	0.10025	2.79881	22.42439	0.04443	-11.17159	0	None	None	0.08702	0.5221	0	0	137.7279	MaxAcceleration	-34.58236	0.13803	38.19661	9.93197	19.30056	40.07929	1	4	-0.13367	0.02344
772	0	7	46077471fe6db9c5bfc3327df0b647af	47.45759	0.10064	2.79605	21.55884	0.0421	-11.67058	0	None	None	0.09274	0.54647	0	0	139.2359	MaxAcceleration	-34.63676	0.13803	38.21232	10.36868	20.09953	38.16497	1	4	-0.13464	0.02634
773	0	7	46077471fe6db9c5bfc3327df0b647af	47.51469	0.101	2.79291	20.73486	0.03978	-12.15079	0	None	None	0.10016	0.56978	0	0	148.3846	MaxAcceleration	-34.69093	0.13803	38.22881	10.78743	20.86013	36.27013	1	4	-0.13544	0.02836
774	0	7	46077471fe6db9c5bfc3327df0b647af	47.57179	0.10136	2.79061	19.95181	0.03747	-12.61247	0	None	None	0.10842	0.59207	0	0	160.2492	MaxAcceleration	-34.74489	0.13803	38.24606	11.18823	21.58294	34.41222	1	4	-0.13608	0.02969
775	0	7	46077471fe6db9c5bfc3327df0b647af	47.62914	0.10175	2.78969	19.20617	0.03514	-13.05857	0	None	None	0.1173	0.61351	0	0	173.4709	MaxAcceleration	-34.79866	0.13803	38.2641	11.57257	22.27122	32.58792	1	4	-0.13666	0.03059
776	0	7	46077471fe6db9c5bfc3327df0b647af	47.68633	0.10202	2.79041	18.50248	0.03281	-13.48315	0	None	None	0.11788	0.63387	0	0	187.6792	MaxAcceleration	-34.85225	0.13803	38.28291	11.93779	22.92078	30.81247	1	4	-0.13727	0.03129
777	0	7	46077471fe6db9c5bfc3327df0b647af	47.7436	0.10228	2.7929	17.83703	0.0305	-13.88933	0	None	None	0.12602	0.6533	0	0	188.603	MaxAcceleration	-34.9057	0.13803	38.30252	12.28549	23.53505	29.07771	1	4	-0.13803	0.032
778	0	7	46077471fe6db9c5bfc3327df0b647af	47.80098	0.10252	2.79503	17.20921	0.02821	-14.27735	0	None	None	0.13617	0.67177	0	0	201.637	MaxAcceleration	-34.95898	0.13803	38.32293	12.61566	24.11458	27.3592	1	4	-0.13873	0.03259
779	0	7	46077471fe6db9c5bfc3327df0b647af	47.85864	0.10279	2.79865	16.61703	0.02591	-14.64891	0	None	None	0.14422	0.6894	0	0	217.8786	MaxAcceleration	-35.01212	0.13803	38.34412	12.92905	24.6612	25.66974	1	4	-0.1395	0.03322
780	0	7	46077471fe6db9c5bfc3327df0b647af	47.91631	0.10292	2.80443	16.06294	0.0236	-14.99975	0	None	None	0.14433	0.70608	0	0	230.7477	MaxAcceleration	-35.06515	0.13803	38.36613	13.22406	25.17267	24.01903	1	4	-0.14035	0.03409
781	0	7	46077471fe6db9c5bfc3327df0b647af	47.97417	0.10302	2.81184	15.54477	0.02129	-15.3321	0	None	None	0.14446	0.72188	0	0	230.9218	MaxAcceleration	-35.11808	0.13803	38.38895	13.50153	25.65098	22.39541	1	4	-0.14139	0.03525
782	0	7	46077471fe6db9c5bfc3327df0b647af	48.03222	0.10311	2.81879	15.0625	0.01901	-15.64587	0	None	None	0.14457	0.73675	0	0	231.1321	MaxAcceleration	-35.17089	0.13803	38.41259	13.76121	26.09615	20.78098	1	4	-0.14236	0.03647
783	0	7	46077471fe6db9c5bfc3327df0b647af	48.09055	0.10321	2.82515	14.61535	0.01674	-15.94196	0	None	None	0.14468	0.75073	0	0	231.3171	MaxAcceleration	-35.22356	0.13803	38.43702	14.00323	26.50891	19.17258	1	4	-0.14313	0.03756
784	0	7	46077471fe6db9c5bfc3327df0b647af	48.14893	0.10317	2.83096	14.20457	0.01446	-16.21697	0	None	None	0.14478	0.76375	0	0	231.4862	MaxAcceleration	-35.27607	0.13803	38.46225	14.22665	26.88809	17.57568	1	4	-0.14359	0.0384
785	0	7	46077471fe6db9c5bfc3327df0b647af	48.20747	0.1031	2.83629	13.82907	0.0122	-16.47256	0	None	None	0.14486	0.77584	0	0	231.6409	MaxAcceleration	-35.32839	0.13803	38.48825	14.4318	27.23471	15.99037	1	4	-0.14374	0.0389
786	0	7	46077471fe6db9c5bfc3327df0b647af	48.26615	0.10301	2.84119	13.48868	0.00997	-16.70849	0	None	None	0.14495	0.787	0	0	231.7823	MaxAcceleration	-35.38051	0.13803	38.51502	14.61855	27.54891	14.41774	1	4	-0.14355	0.03905
787	0	7	46077471fe6db9c5bfc3327df0b647af	48.325	0.10286	2.84573	13.183	0.00774	-16.92471	0	None	None	0.14502	0.79725	0	0	231.9124	MaxAcceleration	-35.43242	0.13804	38.54254	14.7869	27.83108	12.85556	1	4	-0.14307	0.03885
788	0	7	46077471fe6db9c5bfc3327df0b647af	48.38393	0.10264	2.84994	12.91222	0.00554	-17.12009	0	None	None	0.14509	0.80657	0	0	232.0327	MaxAcceleration	-35.48409	0.13804	38.57081	14.93654	28.08103	11.30766	1	4	-0.14224	0.03834
789	0	7	46077471fe6db9c5bfc3327df0b647af	48.44298	0.10244	2.85389	12.67586	0.00338	-17.29534	0	None	None	0.14516	0.81496	0	0	232.1444	MaxAcceleration	-35.53551	0.13804	38.5998	15.06756	28.29921	9.77422	1	4	-0.1412	0.03758
790	0	7	46077471fe6db9c5bfc3327df0b647af	48.50214	0.10258	2.85763	12.47361	0.00125	-17.45021	0	None	None	0.14522	0.82245	0	0	232.249	MaxAcceleration	-35.58668	0.13804	38.62951	15.17997	28.4859	8.25425	1	4	-0.13995	0.03662
791	0	7	46077471fe6db9c5bfc3327df0b647af	48.56139	0.10266	2.86124	12.30525	-0.00088	-17.58411	0	None	None	0.14528	0.82902	0	0	232.3481	MaxAcceleration	-35.63758	0.13804	38.6599	15.27375	28.64131	6.74791	1	4	-0.13852	0.03553
792	0	7	46077471fe6db9c5bfc3327df0b647af	48.62075	0.10431	2.86477	12.17047	-0.00294	-17.69779	0	None	None	0.14534	0.83468	0	0	232.4436	MaxAcceleration	-35.68821	0.13804	38.69099	15.34897	28.76572	5.25662	1	4	-0.1369	0.03438
793	0	7	46077471fe6db9c5bfc3327df0b647af	48.68017	0.10789	2.86829	12.06903	-0.00497	-17.79066	0	None	None	0.14539	0.83944	0	0	232.5371	MaxAcceleration	-35.73856	0.13804	38.72273	15.40566	28.85936	3.78042	1	4	-0.13516	0.03323
794	0	7	46077471fe6db9c5bfc3327df0b647af	48.73971	0.11134	2.87185	12.00054	-0.00698	-17.86273	0	None	None	0.14545	0.8433	0	0	232.63	MaxAcceleration	-35.78862	0.13804	38.75512	15.44398	28.92258	2.31741	1	4	-0.1333	0.03213
795	0	7	46077471fe6db9c5bfc3327df0b647af	48.79934	0.11465	2.87551	11.96475	-0.00893	-17.91466	0	None	None	0.14551	0.84626	0	0	232.7241	MaxAcceleration	-35.83839	0.13804	38.78815	15.46402	28.95562	0.86968	1	4	-0.13135	0.03113
796	0	7	46077471fe6db9c5bfc3327df0b647af	48.85902	0.11781	2.87935	11.96133	-0.01084	-17.94574	0	None	None	0.14558	0.84834	0	0	232.821	MaxAcceleration	-35.88788	0.13804	38.82179	15.46593	28.95877	0.56263	1	4	-0.1293	0.03027
797	0	7	46077471fe6db9c5bfc3327df0b647af	48.91883	0.12082	2.88341	11.98997	-0.01272	-17.95653	0	None	None	0.14564	0.84954	0	0	232.9222	MaxAcceleration	-35.93708	0.13804	38.85604	15.4499	28.93233	1.98178	1	4	-0.12717	0.02959
798	0	7	46077471fe6db9c5bfc3327df0b647af	48.97874	0.12369	2.88775	12.05037	-0.01452	-17.94753	0	None	None	0.14572	0.84986	0	0	233.0293	MaxAcceleration	-35.986	0.13804	38.89087	15.4161	28.87658	3.38546	1	4	-0.12497	0.0291
799	0	7	46077471fe6db9c5bfc3327df0b647af	49.0387	0.12638	2.89244	12.14208	-0.01629	-17.91776	0	None	None	0.14579	0.84931	0	0	233.144	MaxAcceleration	-36.03464	0.13804	38.92627	15.36483	28.79193	4.77329	1	4	-0.12271	0.02881
800	0	7	46077471fe6db9c5bfc3327df0b647af	49.09881	0.12891	2.89753	12.26494	-0.01801	-17.8686	0	None	None	0.14588	0.8479	0	0	233.2676	MaxAcceleration	-36.08301	0.13804	38.96223	15.29623	28.67851	6.14747	1	4	-0.12036	0.02874
801	0	7	46077471fe6db9c5bfc3327df0b647af	49.15904	0.13131	2.90307	12.41858	-0.01967	-17.80039	0	None	None	0.14597	0.84564	0	0	233.4015	MaxAcceleration	-36.13111	0.13804	38.99873	15.2106	28.5367	7.50598	1	4	-0.11798	0.0289
802	0	7	46077471fe6db9c5bfc3327df0b647af	49.21931	0.13349	2.9091	12.60233	-0.02128	-17.71165	0	None	None	0.14607	0.84252	0	0	233.5473	MaxAcceleration	-36.17897	0.13804	39.03576	15.10839	28.36708	8.84752	1	4	-0.11554	0.02926
803	0	7	46077471fe6db9c5bfc3327df0b647af	49.27977	0.13554	2.91567	12.81628	-0.02284	-17.60472	0	None	None	0.14617	0.83857	0	0	233.7058	MaxAcceleration	-36.22657	0.13804	39.07331	14.98968	28.16959	10.17413	1	4	-0.11307	0.02984
804	0	7	46077471fe6db9c5bfc3327df0b647af	49.34029	0.13739	2.92286	13.05949	-0.02433	-17.47884	0	None	None	0.14629	0.83378	0	0	233.8787	MaxAcceleration	-36.27395	0.13803	39.11135	14.85509	27.94509	11.4821	1	4	-0.1105	0.03063
805	0	7	46077471fe6db9c5bfc3327df0b647af	49.40102	0.13909	2.93067	13.33219	-0.02578	-17.33461	0	None	None	0.14642	0.82819	0	0	234.0672	MaxAcceleration	-36.32111	0.13803	39.14989	14.70466	27.69336	12.77423	1	4	-0.10794	0.03161
806	0	7	46077471fe6db9c5bfc3327df0b647af	49.4619	0.14063	2.93916	13.6336	-0.02716	-17.1729	0	None	None	0.14656	0.82178	0	0	234.2721	MaxAcceleration	-36.36807	0.13803	39.18891	14.53895	27.41513	14.04712	1	4	-0.10532	0.03278
807	0	7	46077471fe6db9c5bfc3327df0b647af	49.52287	0.14195	2.94835	13.96282	-0.0285	-16.99277	0	None	None	0.14671	0.81457	0	0	234.4944	MaxAcceleration	-36.41484	0.13803	39.2284	14.35862	27.11124	15.29869	1	4	-0.10263	0.03412
808	0	7	46077471fe6db9c5bfc3327df0b647af	49.58408	0.14314	2.95828	14.32018	-0.02978	-16.79619	0	None	None	0.14687	0.80658	0	0	234.7349	MaxAcceleration	-36.46145	0.13803	39.26834	14.16366	26.78137	16.53051	1	4	-0.09995	0.03563
809	0	7	46077471fe6db9c5bfc3327df0b647af	49.6454	0.14414	2.96898	14.70429	-0.031	-16.58284	0	None	None	0.14705	0.79781	0	0	234.9943	MaxAcceleration	-36.5079	0.13803	39.30873	13.95499	26.42681	17.73845	1	4	-0.0972	0.03728
810	0	7	46077471fe6db9c5bfc3327df0b647af	49.707	0.14497	2.98046	15.11548	-0.03217	-16.35329	0	None	None	0.14723	0.78828	0	0	235.2733	MaxAcceleration	-36.55422	0.13803	39.34957	13.73262	26.04725	18.92254	1	4	-0.09445	0.03907
811	0	7	46077471fe6db9c5bfc3327df0b647af	49.7688	0.14565	2.99275	15.55265	-0.03327	-16.10879	0	None	None	0.14743	0.77801	0	0	235.5723	MaxAcceleration	-36.60043	0.13803	39.39083	13.49731	25.64371	20.08032	1	4	-0.09164	0.04098
812	0	7	46077471fe6db9c5bfc3327df0b647af	49.83076	0.14612	3.00586	16.01463	-0.03433	-15.84826	0	None	None	0.14764	0.76701	0	0	235.8916	MaxAcceleration	-36.64656	0.13803	39.43252	13.24986	25.21727	21.20706	1	4	-0.08884	0.04301
813	0	7	46077471fe6db9c5bfc3327df0b647af	49.89301	0.14645	3.01979	16.50176	-0.03532	-15.57414	0	None	None	0.14787	0.7553	0	0	236.2317	MaxAcceleration	-36.6926	0.13803	39.47463	12.99028	24.7676	22.303	1	4	-0.08597	0.04514
814	0	7	46077471fe6db9c5bfc3327df0b647af	49.95546	0.1466	3.03456	17.01217	-0.03627	-15.28564	0	None	None	0.14811	0.7429	0	0	236.5923	MaxAcceleration	-36.73861	0.13803	39.51714	12.71972	24.29646	23.36258	1	4	-0.0831	0.04736
815	0	7	46077471fe6db9c5bfc3327df0b647af	50.01824	0.1466	3.05016	17.54601	-0.03716	-14.98459	0	None	None	0.14836	0.72983	0	0	236.9739	MaxAcceleration	-36.78459	0.13803	39.56007	12.43828	23.80369	24.38555	1	4	-0.08017	0.04965
816	0	7	46077471fe6db9c5bfc3327df0b647af	50.08125	0.14643	3.0666	18.10126	-0.03799	-14.67075	0	None	None	0.14862	0.71612	0	0	237.376	MaxAcceleration	-36.83057	0.13803	39.60339	12.14715	23.29114	25.36519	1	4	-0.07724	0.05202
817	0	7	46077471fe6db9c5bfc3327df0b647af	50.14459	0.1461	3.08386	18.67776	-0.03878	-14.34552	0	None	None	0.1489	0.70179	0	0	237.7985	MaxAcceleration	-36.87656	0.13803	39.6471	11.84659	22.75899	26.29986	1	4	-0.07425	0.05444
818	0	7	46077471fe6db9c5bfc3327df0b647af	50.2082	0.14562	3.10193	19.27364	-0.03951	-14.00923	0	None	None	0.14919	0.68687	0	0	238.241	MaxAcceleration	-36.9226	0.13803	39.6912	11.53769	22.20895	27.18359	1	4	-0.07126	0.0569
819	0	7	46077471fe6db9c5bfc3327df0b647af	50.27219	0.14499	3.1208	19.88858	-0.04019	-13.66303	0	None	None	0.14949	0.6714	0	0	238.703	MaxAcceleration	-36.9687	0.13803	39.73568	11.22072	21.64131	28.01311	1	4	-0.06821	0.0594
820	0	7	46077471fe6db9c5bfc3327df0b647af	50.33646	0.14422	3.14044	20.52039	-0.04082	-13.30741	0	None	None	0.1498	0.65539	0	0	239.1838	MaxAcceleration	-37.01489	0.13803	39.78054	10.89692	21.0581	28.78163	1	4	-0.06516	0.06192
821	0	7	46077471fe6db9c5bfc3327df0b647af	50.40112	0.1433	3.16083	21.16824	-0.04141	-12.94372	0	None	None	0.15012	0.63891	0	0	239.6827	MaxAcceleration	-37.0612	0.13803	39.82578	10.56681	20.46008	29.48587	1	4	-0.06204	0.06445
822	0	7	46077471fe6db9c5bfc3327df0b647af	50.46612	0.14224	3.18194	21.83008	-0.04194	-12.57234	0	None	None	0.15046	0.62197	0	0	240.1989	MaxAcceleration	-37.10763	0.13803	39.87138	10.23149	19.84916	30.11808	1	4	-0.05893	0.06698
823	0	7	46077471fe6db9c5bfc3327df0b647af	50.53152	0.14107	3.20374	22.50467	-0.04244	-12.195	0	None	None	0.1508	0.60464	0	0	240.7315	MaxAcceleration	-37.15422	0.13803	39.91735	9.89163	19.22646	30.67556	1	4	-0.05579	0.06951
824	0	7	46077471fe6db9c5bfc3327df0b647af	50.59731	0.13974	3.2262	23.19008	-0.04288	-11.81179	0	None	None	0.15115	0.58693	0	0	241.2795	MaxAcceleration	-37.20099	0.13803	39.96369	9.54823	18.59377	31.1473	1	4	-0.05264	0.07201
825	0	7	46077471fe6db9c5bfc3327df0b647af	50.66348	0.13832	3.24927	23.88418	-0.04328	-11.42465	0	None	None	0.15151	0.56893	0	0	241.8416	MaxAcceleration	-37.24796	0.13803	40.01038	9.20237	17.95307	31.53215	1	4	-0.0495	0.07448
826	0	7	46077471fe6db9c5bfc3327df0b647af	50.73009	0.13678	3.27292	24.58527	-0.04364	-11.03412	0	None	None	0.15188	0.55066	0	0	242.4167	MaxAcceleration	-37.29514	0.13803	40.05743	8.85488	17.30591	31.81962	1	4	-0.04636	0.07691
827	0	7	46077471fe6db9c5bfc3327df0b647af	50.79711	0.13513	3.2971	25.29074	-0.04397	-10.64168	0	None	None	0.15225	0.53221	0	0	243.0036	MaxAcceleration	-37.34256	0.13803	40.10482	8.50703	16.6547	32.00506	1	4	-0.04321	0.07928
828	0	7	46077471fe6db9c5bfc3327df0b647af	50.86459	0.13339	3.32176	25.99875	-0.04425	-10.24871	0	None	None	0.15263	0.51362	0	0	243.601	MaxAcceleration	-37.39024	0.13803	40.15257	8.15966	16.00115	32.08337	1	4	-0.0401	0.0816
829	0	7	46077471fe6db9c5bfc3327df0b647af	50.93248	0.13155	3.34687	inf	-0.04449	-9.8559	0	None	None	0.15301	0.49496	0	0	244.2076	MaxAcceleration	-37.4382	0.13803	40.20065	7.81422	15.34809	32.04162	1	4	-0.03705	0.08384
830	0	7	46077471fe6db9c5bfc3327df0b647af	51.00085	0.12963	3.37236	inf	-0.0447	-9.46516	0	None	None	0.1534	0.47631	0	0	244.8219	MaxAcceleration	-37.48644	0.13803	40.24908	7.47168	14.69755	31.8789	1	4	-0.03403	0.086
831	0	7	46077471fe6db9c5bfc3327df0b647af	51.06966	0.12768	3.3982	inf	-0.04488	-9.07775	0	None	None	0.15379	0.45773	0	0	245.4426	MaxAcceleration	-37.53499	0.13803	40.29784	7.13332	14.05211	31.58794	1	4	-0.0311	0.08807
832	0	7	46077471fe6db9c5bfc3327df0b647af	51.13895	0.1257	3.42433	inf	-0.04503	-8.69488	0	None	None	0.15419	0.43931	0	0	246.0683	MaxAcceleration	-37.58386	0.13803	40.34694	6.80064	13.41489	31.15673	1	4	-0.02826	0.09005
833	0	7	46077471fe6db9c5bfc3327df0b647af	51.20871	0.12367	3.45071	inf	-0.04516	-8.31834	0	None	None	0.15458	0.42113	0	0	246.6979	MaxAcceleration	-37.63306	0.13803	40.39637	6.47463	12.78799	30.58264	1	4	-0.02554	0.09193
834	0	7	46077471fe6db9c5bfc3327df0b647af	51.27896	0.12158	3.4773	inf	-0.04525	-7.94963	0	None	None	0.15498	0.40327	0	0	247.3297	MaxAcceleration	-37.68261	0.13803	40.44613	6.15702	12.17504	29.86038	1	4	-0.02298	0.0937
835	0	7	46077471fe6db9c5bfc3327df0b647af	51.34969	0.11947	3.50403	inf	-0.04533	-7.59035	0	None	None	0.15537	0.38582	0	0	247.9628	MaxAcceleration	-37.73252	0.13803	40.49621	5.84895	11.57848	28.97984	1	4	-0.02057	0.09535
836	0	7	46077471fe6db9c5bfc3327df0b647af	51.42091	0.11733	3.53088	inf	-0.04539	-7.24224	0	None	None	0.15577	0.36889	0	0	248.5957	MaxAcceleration	-37.78278	0.13803	40.54662	5.55232	11.00227	27.93396	1	4	-0.01837	0.0969
837	0	7	46077471fe6db9c5bfc3327df0b647af	51.49262	0.11518	3.5578	inf	-0.04544	-6.90704	0	None	None	0.15616	0.35256	0	0	249.2274	MaxAcceleration	-37.83342	0.13803	40.59736	5.2683	10.449	26.71821	1	4	-0.01642	0.09832
838	0	7	46077471fe6db9c5bfc3327df0b647af	51.56482	0.11302	3.58474	inf	-0.04547	-6.58661	0	None	None	0.15655	0.33694	0	0	249.8569	MaxAcceleration	-37.88442	0.13803	40.64843	4.99878	9.92259	25.32687	1	4	-0.01474	0.09963
839	0	7	46077471fe6db9c5bfc3327df0b647af	51.63752	0.11088	3.61169	inf	-0.04551	-6.28279	0	None	None	0.15694	0.32215	0	0	250.4829	MaxAcceleration	-37.9358	0.13803	40.69983	4.74543	9.42663	23.75329	1	4	-0.01334	0.10081
840	0	7	46077471fe6db9c5bfc3327df0b647af	51.71071	0.10878	3.63859	inf	-0.04554	-5.99764	0	None	None	0.15733	0.30828	0	0	251.1049	MaxAcceleration	-37.98755	0.13803	40.75157	4.50979	8.96438	21.98887	1	4	-0.0123	0.10188
841	0	7	46077471fe6db9c5bfc3327df0b647af	51.78439	0.10671	3.66542	inf	-0.04558	-5.73332	0	None	None	0.15771	0.29547	0	0	251.7217	MaxAcceleration	-38.03967	0.13803	40.80365	4.29404	8.54037	20.0258	1	4	-0.01163	0.10283
842	0	8	4097b38e7bf2ad82edd9087f6d56ae8b	51.85857	0.1047	3.69215	inf	-0.04562	-5.48536	0	None	None	0.15809	0.28348	0	0	252.3327	MaxAcceleration	-38.09216	0.13803	40.85607	4.09347	8.14557	19.19162	1	4	-0.01138	0.10367
843	0	8	4097b38e7bf2ad82edd9087f6d56ae8b	51.93326	0.10271	3.71875	inf	-0.04567	-5.24648	0	None	None	0.15846	0.27192	0	0	252.9372	MaxAcceleration	-38.145	0.13803	40.90885	3.90103	7.76623	18.44807	1	4	-0.01163	0.1044
844	0	8	4097b38e7bf2ad82edd9087f6d56ae8b	52.00846	0.10073	3.74525	inf	-0.0457	-5.01601	0	None	None	0.15883	0.26076	0	0	253.5345	MaxAcceleration	-38.1982	0.13803	40.96199	3.71638	7.40175	17.72376	1	4	-0.01227	0.10503
845	0	8	4097b38e7bf2ad82edd9087f6d56ae8b	52.08416	0.09876	3.7717	inf	-0.04572	-4.79366	0	None	None	0.15919	0.25	0	0	254.1253	MaxAcceleration	-38.25174	0.13803	41.01551	3.53938	7.05196	17.01964	1	4	-0.01306	0.10558
846	0	8	4097b38e7bf2ad82edd9087f6d56ae8b	52.16037	0.0968	3.79811	inf	-0.04573	-4.57918	0	None	None	0.15956	0.23962	0	0	254.7108	MaxAcceleration	-38.30563	0.13803	41.06939	3.3697	6.71625	16.33541	1	4	-0.01382	0.10606
847	0	8	4097b38e7bf2ad82edd9087f6d56ae8b	52.23708	0.09487	3.8245	inf	-0.04572	-4.37235	0	None	None	0.15992	0.22961	0	0	255.2911	MaxAcceleration	-38.35987	0.13803	41.12364	3.20707	6.39417	15.67098	1	4	-0.0144	0.1065
848	0	8	4097b38e7bf2ad82edd9087f6d56ae8b	52.3143	0.09295	3.85084	inf	-0.0457	-4.17296	0	None	None	0.16027	0.21996	0	0	255.8663	MaxAcceleration	-38.41447	0.13803	41.17826	3.05128	6.08534	15.02643	1	4	-0.01474	0.1069
849	0	8	4097b38e7bf2ad82edd9087f6d56ae8b	52.39204	0.09105	3.87716	inf	-0.04567	-3.98079	0	None	None	0.16063	0.21067	0	0	256.4363	MaxAcceleration	-38.46941	0.13803	41.23325	2.90207	5.78932	14.40151	1	4	-0.01483	0.10727
850	0	8	4097b38e7bf2ad82edd9087f6d56ae8b	52.47029	0.08917	3.90343	inf	-0.04562	-3.79562	0	None	None	0.16098	0.20171	0	0	257.001	MaxAcceleration	-38.5247	0.13803	41.28862	2.75925	5.50576	13.79624	1	4	-0.01474	0.10763
851	0	8	4097b38e7bf2ad82edd9087f6d56ae8b	52.54905	0.0873	3.92967	inf	-0.04555	-3.61726	0	None	None	0.16132	0.19308	0	0	257.5604	MaxAcceleration	-38.58034	0.13803	41.34436	2.6226	5.23425	13.2104	1	4	-0.01443	0.10798
852	0	8	4097b38e7bf2ad82edd9087f6d56ae8b	52.62831	0.08546	3.95587	inf	-0.04547	-3.44552	0	None	None	0.16166	0.18478	0	0	258.1144	MaxAcceleration	-38.63634	0.13803	41.40046	2.49188	4.97438	12.64376	1	4	-0.01401	0.10833
853	0	8	4097b38e7bf2ad82edd9087f6d56ae8b	52.70809	0.08364	3.98202	inf	-0.04537	-3.28019	0	None	None	0.162	0.17679	0	0	258.6629	MaxAcceleration	-38.69268	0.13803	41.45694	2.36691	4.72577	12.09611	1	4	-0.01352	0.10868
854	0	8	4097b38e7bf2ad82edd9087f6d56ae8b	52.78838	0.08183	4.00814	inf	-0.04525	-3.12107	0	None	None	0.16234	0.1691	0	0	259.2058	MaxAcceleration	-38.74937	0.13803	41.5138	2.24746	4.48802	11.56706	1	4	-0.01297	0.10902
855	0	8	4097b38e7bf2ad82edd9087f6d56ae8b	52.86918	0.08004	4.0342	inf	-0.04512	-2.968	0	None	None	0.16267	0.1617	0	0	259.7431	MaxAcceleration	-38.80642	0.13803	41.57103	2.13333	4.26077	11.05641	1	4	-0.01242	0.10936
856	0	8	4097b38e7bf2ad82edd9087f6d56ae8b	52.95049	0.07827	4.06023	inf	-0.04498	-2.82077	0	None	None	0.163	0.15458	0	0	260.2747	MaxAcceleration	-38.86381	0.13803	41.62862	2.02434	4.04363	10.56378	1	4	-0.0119	0.10971
857	0	8	4097b38e7bf2ad82edd9087f6d56ae8b	53.03231	0.07651	4.0862	inf	-0.04482	-2.67921	0	None	None	0.16333	0.14774	0	0	260.8005	MaxAcceleration	-38.92155	0.13803	41.6866	1.92028	3.83625	10.08884	1	4	-0.01138	0.11006
858	0	8	4097b38e7bf2ad82edd9087f6d56ae8b	53.11465	0.07478	4.11213	inf	-0.04464	-2.54312	0	None	None	0.16365	0.14117	0	0	261.3206	MaxAcceleration	-38.97964	0.13803	41.74494	1.82096	3.63824	9.63117	1	4	-0.01089	0.1104
859	0	8	4097b38e7bf2ad82edd9087f6d56ae8b	53.19749	0.07306	4.138	inf	-0.04445	-2.41236	0	None	None	0.16396	0.13485	0	0	261.8347	MaxAcceleration	-39.03809	0.13803	41.80365	1.7262	3.44927	9.19043	1	4	-0.01044	0.11074
860	0	8	4097b38e7bf2ad82edd9087f6d56ae8b	53.28085	0.07136	4.16383	inf	-0.04424	-2.28674	0	None	None	0.16428	0.12878	0	0	262.3429	MaxAcceleration	-39.09688	0.13803	41.86274	1.63582	3.26899	8.76618	1	4	-0.01001	0.11108
861	0	8	4097b38e7bf2ad82edd9087f6d56ae8b	53.36471	0.06968	4.1896	inf	-0.04402	-2.16611	0	None	None	0.16459	0.12295	0	0	262.845	MaxAcceleration	-39.15602	0.13803	41.9222	1.54966	3.09706	8.35806	1	4	-0.00961	0.11141
862	0	8	4097b38e7bf2ad82edd9087f6d56ae8b	53.44908	0.06801	4.21533	inf	-0.04378	-2.05029	0	None	None	0.16489	0.11735	0	0	263.3411	MaxAcceleration	-39.21552	0.13803	41.98203	1.46759	2.93325	7.96588	1	4	-0.00925	0.11174
863	0	8	4097b38e7bf2ad82edd9087f6d56ae8b	53.53396	0.06637	4.24099	inf	-0.04353	-1.93912	0	None	None	0.1652	0.11198	0	0	263.8312	MaxAcceleration	-39.27536	0.13803	42.04222	1.3894	2.77717	7.58905	1	4	-0.00891	0.11207
864	0	8	4097b38e7bf2ad82edd9087f6d56ae8b	53.61935	0.06476	4.26661	inf	-0.04327	-1.83246	0	None	None	0.1655	0.10682	0	0	264.3151	MaxAcceleration	-39.33555	0.13803	42.10278	1.31493	2.62848	7.22708	1	4	-0.00854	0.11238
865	0	8	4097b38e7bf2ad82edd9087f6d56ae8b	53.70523	0.06316	4.29217	inf	-0.04299	-1.73016	0	None	None	0.16579	0.10187	0	0	264.7928	MaxAcceleration	-39.39608	0.13803	42.16372	1.24404	2.4869	6.8796	1	4	-0.00824	0.11269
866	0	8	4097b38e7bf2ad82edd9087f6d56ae8b	53.79164	0.06158	4.31767	inf	-0.0427	-1.63206	0	None	None	0.16608	0.09712	0	0	265.2643	MaxAcceleration	-39.45697	0.13803	42.22501	1.17661	2.35224	6.54643	1	4	-0.0079	0.11299
867	0	8	4097b38e7bf2ad82edd9087f6d56ae8b	53.87854	0.06002	4.34312	inf	-0.04239	-1.53805	0	None	None	0.16637	0.09257	0	0	265.7295	MaxAcceleration	-39.51821	0.13803	42.28668	1.11246	2.22408	6.22686	1	4	-0.0076	0.11328
868	0	8	4097b38e7bf2ad82edd9087f6d56ae8b	53.96595	0.05849	4.36851	inf	-0.04208	-1.44794	0	None	None	0.16665	0.0882	0	0	266.1883	MaxAcceleration	-39.57979	0.13803	42.34871	1.05146	2.1022	5.92055	1	4	-0.00729	0.11356
869	0	8	4097b38e7bf2ad82edd9087f6d56ae8b	54.05386	0.05697	4.39385	inf	-0.04174	-1.36164	0	None	None	0.16693	0.08401	0	0	266.6409	MaxAcceleration	-39.64172	0.13803	42.41111	0.9935	1.9864	5.62728	1	4	-0.00699	0.11384
870	0	8	4097b38e7bf2ad82edd9087f6d56ae8b	54.14228	0.05548	4.41912	inf	-0.04141	-1.27898	0	None	None	0.1672	0.08	0	0	267.087	MaxAcceleration	-39.704	0.13803	42.47387	0.9384	1.87629	5.34632	1	4	-0.00671	0.11411
871	0	8	4097b38e7bf2ad82edd9087f6d56ae8b	54.23119	0.05401	4.44434	inf	-0.04105	-1.19987	0	None	None	0.16747	0.07615	0	0	267.5266	MaxAcceleration	-39.76662	0.13803	42.53699	0.8861	1.77177	5.07763	1	4	-0.00641	0.11437
872	0	8	4097b38e7bf2ad82edd9087f6d56ae8b	54.32061	0.05257	4.46949	inf	-0.04069	-1.12416	0	None	None	0.16774	0.07246	0	0	267.9599	MaxAcceleration	-39.82959	0.13803	42.60048	0.83642	1.67248	4.82048	1	4	-0.00613	0.11462
873	0	8	4097b38e7bf2ad82edd9087f6d56ae8b	54.41052	0.05114	4.49459	inf	-0.04031	-1.05175	0	None	None	0.168	0.06893	0	0	268.3866	MaxAcceleration	-39.8929	0.13803	42.66432	0.78929	1.57828	4.57474	1	4	-0.00586	0.11487
874	0	8	4097b38e7bf2ad82edd9087f6d56ae8b	54.50093	0.04974	4.51962	inf	-0.03992	-0.98249	0	None	None	0.16826	0.06554	0	0	268.8067	MaxAcceleration	-39.95656	0.13803	42.72853	0.74456	1.48886	4.3398	1	4	-0.00558	0.11511
875	0	8	4097b38e7bf2ad82edd9087f6d56ae8b	54.59185	0.04836	4.54459	inf	-0.03952	-0.9163	0	None	None	0.16852	0.06231	0	0	269.2203	MaxAcceleration	-40.02057	0.13803	42.79309	0.70215	1.40409	4.11548	1	4	-0.00534	0.11535
876	0	8	4097b38e7bf2ad82edd9087f6d56ae8b	54.68325	0.047	4.5695	inf	-0.03912	-0.85307	0	None	None	0.16877	0.0592	0	0	269.6273	MaxAcceleration	-40.08491	0.13803	42.85802	0.66193	1.32369	3.90122	1	4	-0.00507	0.11558
877	0	8	4097b38e7bf2ad82edd9087f6d56ae8b	54.77516	0.04566	4.59435	inf	-0.0387	-0.79266	0	None	None	0.16901	0.05623	0	0	270.0276	MaxAcceleration	-40.1496	0.13803	42.9233	0.62383	1.24752	3.69684	1	4	-0.00482	0.11581
878	0	8	4097b38e7bf2ad82edd9087f6d56ae8b	54.86756	0.04435	4.61913	inf	-0.03828	-0.735	0	None	None	0.16926	0.05339	0	0	270.4213	MaxAcceleration	-40.21464	0.13803	42.98893	0.58773	1.17534	3.50184	1	4	-0.00458	0.11603
879	0	8	4097b38e7bf2ad82edd9087f6d56ae8b	54.96045	0.04306	4.64384	inf	-0.03784	-0.67996	0	None	None	0.16949	0.05067	0	0	270.8083	MaxAcceleration	-40.28001	0.13803	43.05492	0.55354	1.10698	3.31589	1	4	-0.00436	0.11625
880	0	8	4097b38e7bf2ad82edd9087f6d56ae8b	55.05383	0.0418	4.66849	inf	-0.0374	-0.62747	0	None	None	0.16973	0.04807	0	0	271.1885	MaxAcceleration	-40.34573	0.13803	43.12127	0.52118	1.04228	3.13873	1	4	-0.00412	0.11646
881	0	8	4097b38e7bf2ad82edd9087f6d56ae8b	55.1477	0.04055	4.69307	inf	-0.03695	-0.57742	0	None	None	0.16996	0.04558	0	0	271.562	MaxAcceleration	-40.41179	0.13803	43.18797	0.49056	0.98104	2.96993	1	4	-0.00391	0.11667
882	0	8	4097b38e7bf2ad82edd9087f6d56ae8b	55.24206	0.03933	4.71758	inf	-0.03649	-0.52972	0	None	None	0.17018	0.04319	0	0	271.9286	MaxAcceleration	-40.47819	0.13803	43.25501	0.46158	0.92309	2.80915	1	4	-0.00369	0.11687
883	0	8	4097b38e7bf2ad82edd9087f6d56ae8b	55.33691	0.03813	4.74203	inf	-0.03602	-0.48429	0	None	None	0.1704	0.04092	0	0	272.2885	MaxAcceleration	-40.54493	0.13803	43.32241	0.43418	0.86831	2.65618	1	4	-0.00348	0.11707
884	0	8	4097b38e7bf2ad82edd9087f6d56ae8b	55.43225	0.03695	4.76641	inf	-0.03555	-0.44104	0	None	None	0.17062	0.03874	0	0	272.6416	MaxAcceleration	-40.61201	0.13803	43.39016	0.40828	0.81652	2.51064	1	4	-0.0033	0.11727
885	0	8	4097b38e7bf2ad82edd9087f6d56ae8b	55.52807	0.03579	4.79071	inf	-0.03507	-0.39987	0	None	None	0.17083	0.03666	0	0	272.9878	MaxAcceleration	-40.67942	0.13803	43.45825	0.38381	0.76758	2.37221	1	4	-0.00308	0.11746
886	0	8	4097b38e7bf2ad82edd9087f6d56ae8b	55.62437	0.03466	4.81495	inf	-0.03459	-0.36073	0	None	None	0.17104	0.03467	0	0	273.3271	MaxAcceleration	-40.74718	0.13803	43.52669	0.36068	0.72134	2.24061	1	4	-0.0029	0.11765
887	0	8	4097b38e7bf2ad82edd9087f6d56ae8b	55.72116	0.0348	4.83912	inf	-0.0341	-0.32353	0	None	None	0.17124	0.03276	0	0	273.6595	MaxAcceleration	-40.81527	0.13803	43.59548	0.33885	0.67767	2.11555	1	4	-0.00272	0.11784
888	0	8	4097b38e7bf2ad82edd9087f6d56ae8b	55.81843	0.03491	4.86321	inf	-0.0336	-0.28817	0	None	None	0.17144	0.03095	0	0	273.985	MaxAcceleration	-40.8837	0.13803	43.66461	0.31824	0.63645	1.99679	1	4	-0.00253	0.11802
889	0	8	4097b38e7bf2ad82edd9087f6d56ae8b	55.91618	0.035	4.88723	inf	-0.0331	-0.25463	0	None	None	0.17163	0.02921	0	0	274.3036	MaxAcceleration	-40.95247	0.13803	43.73408	0.29879	0.59756	1.88405	1	4	-0.00238	0.1182
890	0	8	4097b38e7bf2ad82edd9087f6d56ae8b	56.01441	0.03505	4.91117	inf	-0.0326	-0.22279	0	None	None	0.17182	0.02755	0	0	274.6152	MaxAcceleration	-41.02157	0.13803	43.80389	0.28044	0.56087	1.77705	1	4	-0.0022	0.11838
891	0	8	4097b38e7bf2ad82edd9087f6d56ae8b	56.11311	0.03508	4.93505	inf	-0.03209	-0.19261	0	None	None	0.17201	0.02597	0	0	274.9199	MaxAcceleration	-41.091	0.13803	43.87405	0.26314	0.52627	1.67553	1	4	-0.00204	0.11855
892	0	8	4097b38e7bf2ad82edd9087f6d56ae8b	56.21229	0.03508	4.95884	inf	-0.03158	-0.16403	0	None	None	0.17219	0.02446	0	0	275.2176	MaxAcceleration	-41.16077	0.13803	43.94454	0.24683	0.49365	1.57927	1	4	-0.00189	0.11872
893	0	8	4097b38e7bf2ad82edd9087f6d56ae8b	56.31195	0.03506	4.98256	inf	-0.03107	-0.13697	0	None	None	0.17237	0.02301	0	0	275.5083	MaxAcceleration	-41.23088	0.13803	44.01537	0.23146	0.46291	1.48802	1	4	-0.00174	0.11889
894	0	8	4097b38e7bf2ad82edd9087f6d56ae8b	56.41208	0.03501	5.0062	inf	-0.03055	-0.11138	0	None	None	0.17254	0.02164	0	0	275.792	MaxAcceleration	-41.30131	0.13803	44.08654	0.21698	0.43396	1.40156	1	4	-0.00159	0.11905
895	0	8	4097b38e7bf2ad82edd9087f6d56ae8b	56.51268	0.03494	5.02977	inf	-0.03003	-0.08718	0	None	None	0.17271	0.02032	0	0	276.0687	MaxAcceleration	-41.37208	0.13803	44.15804	0.20335	0.40669	1.31967	1	4	-0.00143	0.11921
896	0	8	4097b38e7bf2ad82edd9087f6d56ae8b	56.61374	0.03484	5.05325	inf	-0.02951	-0.06434	0	None	None	0.17288	0.01907	0	0	276.3383	MaxAcceleration	-41.44318	0.13803	44.22987	0.19051	0.38101	1.24215	1	4	-0.00131	0.11936
897	0	8	4097b38e7bf2ad82edd9087f6d56ae8b	56.71528	0.03472	5.07666	inf	-0.02898	-0.04278	0	None	None	0.17304	0.01787	0	0	276.601	MaxAcceleration	-41.5146	0.13803	44.30204	0.17843	0.35685	1.16877	1	4	-0.00116	0.11952
898	0	8	4097b38e7bf2ad82edd9087f6d56ae8b	56.81728	0.03457	5.09998	inf	-0.02846	-0.02249	0	None	None	0.17319	0.01673	0	0	276.8567	MaxAcceleration	-41.58636	0.13803	44.37453	0.16706	0.33412	1.09936	1	4	-0.00104	0.11967
899	0	8	4097b38e7bf2ad82edd9087f6d56ae8b	56.91975	0.03441	5.12323	inf	-0.02794	-0.00337	0	None	None	0.17334	0.01565	0	0	277.1053	MaxAcceleration	-41.65844	0.13803	44.44736	0.15638	0.31275	1.03373	1	4	-0.00092	0.11981
900	0	8	4097b38e7bf2ad82edd9087f6d56ae8b	57.02268	0.03423	5.14639	inf	-0.02741	0.0146	0	None	None	0.17349	0.01461	0	0	277.3469	MaxAcceleration	-41.73085	0.13803	44.52052	0.14633	0.29266	0.97169	1	4	-0.00079	0.11995
901	0	8	4097b38e7bf2ad82edd9087f6d56ae8b	57.12607	0.03402	5.16947	inf	-0.02688	0.03147	0	None	None	0.17363	0.01362	0	0	277.5815	MaxAcceleration	-41.80359	0.13803	44.59399	0.13689	0.27378	0.91308	1	4	-0.00067	0.12009
902	0	8	4097b38e7bf2ad82edd9087f6d56ae8b	57.22991	0.03379	5.19247	inf	-0.02636	0.0473	0	None	None	0.17377	0.01268	0	0	277.809	MaxAcceleration	-41.87665	0.13803	44.6678	0.12802	0.25604	0.85771	1	4	-0.00055	0.12023
903	0	8	4097b38e7bf2ad82edd9087f6d56ae8b	57.33422	0.03356	5.21538	inf	-0.02584	0.06212	0	None	None	0.1739	0.01179	0	0	278.0296	MaxAcceleration	-41.95004	0.13803	44.74192	0.11969	0.23937	0.80542	1	4	-0.00046	0.12036
904	0	8	4097b38e7bf2ad82edd9087f6d56ae8b	57.43899	0.0333	5.23821	inf	-0.02531	0.07599	0	None	None	0.17403	0.01094	0	0	278.2431	MaxAcceleration	-42.02374	0.13803	44.81638	0.11186	0.22373	0.75607	1	4	-0.00034	0.12049
905	0	8	4097b38e7bf2ad82edd9087f6d56ae8b	57.5442	0.03302	5.26095	inf	-0.02479	0.08893	0	None	None	0.17416	0.01012	0	0	278.4496	MaxAcceleration	-42.09777	0.13803	44.89115	0.10452	0.20905	0.70952	1	4	-0.00024	0.12062
906	0	8	4097b38e7bf2ad82edd9087f6d56ae8b	57.64988	0.03273	5.2836	inf	-0.02427	0.10099	0	None	None	0.17428	0.00935	0	0	278.6491	MaxAcceleration	-42.17213	0.13803	44.96624	0.09763	0.19527	0.66562	1	4	-0.00015	0.12074
907	0	8	4097b38e7bf2ad82edd9087f6d56ae8b	57.756	0.03243	5.30617	inf	-0.02375	0.11221	0	None	None	0.17439	0.00862	0	0	278.8416	MaxAcceleration	-42.2468	0.13803	45.04165	0.09117	0.18234	0.62421	1	4	-0.00003	0.12086
908	0	8	4097b38e7bf2ad82edd9087f6d56ae8b	57.86258	0.0321	5.32864	inf	-0.02323	0.12261	0	None	None	0.1745	0.00792	0	0	279.0271	MaxAcceleration	-42.3218	0.13803	45.11737	0.08512	0.17023	0.58521	1	4	0.00004	0.12098
909	0	8	4097b38e7bf2ad82edd9087f6d56ae8b	57.9696	0.03177	5.35103	inf	-0.02271	0.13225	0	None	None	0.17461	0.00726	0	0	279.2057	MaxAcceleration	-42.39711	0.13803	45.19341	0.07944	0.15887	0.54846	1	4	0.00013	0.1211
910	0	8	4097b38e7bf2ad82edd9087f6d56ae8b	58.07706	0.03142	5.37333	inf	-0.0222	0.14115	0	None	None	0.17471	0.00663	0	0	279.3773	MaxAcceleration	-42.47273	0.13803	45.26976	0.07411	0.14823	0.51385	1	4	0.00021	0.12121
911	0	8	4097b38e7bf2ad82edd9087f6d56ae8b	58.18497	0.03106	5.39554	inf	-0.02169	0.14934	0	None	None	0.17481	0.00603	0	0	279.542	MaxAcceleration	-42.54868	0.13803	45.34642	0.06913	0.13826	0.48128	1	4	0.00029	0.12132
912	0	8	4097b38e7bf2ad82edd9087f6d56ae8b	58.29333	0.0307	5.41766	inf	-0.02119	0.15687	0	None	None	0.17491	0.00547	0	0	279.6997	MaxAcceleration	-42.62494	0.13803	45.4234	0.06446	0.12893	0.45062	1	4	0.00037	0.12142
913	0	8	4097b38e7bf2ad82edd9087f6d56ae8b	58.40212	0.03032	5.43968	inf	-0.02069	0.16375	0	None	None	0.175	0.00493	0	0	279.8506	MaxAcceleration	-42.70151	0.13803	45.50068	0.06009	0.12019	0.42179	1	4	0.00044	0.12153
914	0	8	4097b38e7bf2ad82edd9087f6d56ae8b	58.51135	0.02993	5.46161	inf	-0.02019	0.17002	0	None	None	0.17508	0.00442	0	0	279.9946	MaxAcceleration	-42.7784	0.13803	45.57827	0.05601	0.11201	0.39467	1	4	0.00051	0.12162
915	0	8	4097b38e7bf2ad82edd9087f6d56ae8b	58.62102	0.02953	5.48345	inf	-0.01969	0.1757	0	None	None	0.17516	0.00394	0	0	280.1318	MaxAcceleration	-42.85559	0.13803	45.65617	0.05218	0.10436	0.36918	1	4	0.00057	0.12172
916	0	8	4097b38e7bf2ad82edd9087f6d56ae8b	58.73112	0.02912	5.50519	inf	-0.0192	0.18083	0	None	None	0.17524	0.00348	0	0	280.2621	MaxAcceleration	-42.9331	0.13803	45.73437	0.0486	0.0972	0.34522	1	4	0.00064	0.12181
917	0	8	4097b38e7bf2ad82edd9087f6d56ae8b	58.84166	0.0287	5.52684	inf	-0.01871	0.18543	0	None	None	0.17531	0.00304	0	0	280.3856	MaxAcceleration	-43.01092	0.13803	45.81288	0.04526	0.09051	0.32273	1	4	0.0007	0.1219
918	0	8	4097b38e7bf2ad82edd9087f6d56ae8b	58.95263	0.02828	5.5484	inf	-0.01823	0.18953	0	None	None	0.17538	0.00264	0	0	280.5024	MaxAcceleration	-43.08905	0.13803	45.89169	0.04213	0.08426	0.3016	1	4	0.00076	0.12199
919	0	8	4097b38e7bf2ad82edd9087f6d56ae8b	59.06402	0.02785	5.56985	inf	-0.01776	0.19314	0	None	None	0.17545	0.00225	0	0	280.6124	MaxAcceleration	-43.16748	0.13803	45.97079	0.03921	0.07842	0.28177	1	4	0.00081	0.12207
920	0	8	4097b38e7bf2ad82edd9087f6d56ae8b	59.17585	0.02741	5.59121	inf	-0.01728	0.19629	0	None	None	0.17551	0.00188	0	0	280.7157	MaxAcceleration	-43.24621	0.13803	46.0502	0.03648	0.07296	0.26316	1	4	0.00086	0.12216
921	0	8	4097b38e7bf2ad82edd9087f6d56ae8b	59.28809	0.02697	5.61247	inf	-0.01682	0.19901	0	None	None	0.17556	0.00154	0	0	280.8123	MaxAcceleration	-43.32525	0.13803	46.1299	0.03393	0.06786	0.24571	1	4	0.00091	0.12223
922	0	8	4097b38e7bf2ad82edd9087f6d56ae8b	59.40077	0.02652	5.63363	inf	-0.01635	0.20131	0	None	None	0.17562	0.00121	0	0	280.9023	MaxAcceleration	-43.4046	0.13803	46.2099	0.03155	0.06311	0.22934	1	4	0.00096	0.12231
923	0	8	4097b38e7bf2ad82edd9087f6d56ae8b	59.51386	0.02608	5.65469	inf	-0.0159	0.20323	0	None	None	0.17566	0.0009	0	0	280.9857	MaxAcceleration	-43.48425	0.13803	46.29019	0.02933	0.05867	0.214	1	4	0.001	0.12238
924	0	8	4097b38e7bf2ad82edd9087f6d56ae8b	59.62738	0.02562	5.67566	inf	-0.01545	0.20477	0	None	None	0.17571	0.00061	0	0	281.0625	MaxAcceleration	-43.56419	0.13803	46.37077	0.02726	0.05452	0.19962	1	4	0.00104	0.12245
925	0	8	4097b38e7bf2ad82edd9087f6d56ae8b	59.74131	0.02517	5.69652	inf	-0.015	0.20596	0	None	None	0.17575	0.00034	0	0	281.1328	MaxAcceleration	-43.64444	0.13803	46.45165	0.02533	0.05066	0.18616	1	4	0.00108	0.12252
926	0	8	4097b38e7bf2ad82edd9087f6d56ae8b	59.85565	0.02471	5.71728	inf	-0.01457	0.20682	0	None	None	0.17578	0.00009	0	0	281.1965	MaxAcceleration	-43.72499	0.13803	46.53281	0.02353	0.04706	0.17355	1	4	0.00112	0.12258
927	0	8	4097b38e7bf2ad82edd9087f6d56ae8b	59.97041	0.02425	5.73794	inf	-0.01413	0.20736	0	None	None	0.17582	-0.00015	0	0	281.2539	MaxAcceleration	-43.80583	0.13803	46.61427	0.02185	0.0437	0.16174	1	4	0.00115	0.12264
928	0	8	4097b38e7bf2ad82edd9087f6d56ae8b	60.08558	0.02378	5.75849	inf	-0.01371	0.20753	0	None	None	0.17584	-0.00037	0	0	281.3048	MaxAcceleration	-43.88696	0.13803	46.696	0.02029	0.04057	0.1507	1	4	0.00122	0.1227
929	0	8	4097b38e7bf2ad82edd9087f6d56ae8b	60.20116	0.02332	5.77894	inf	-0.01329	0.20748	0	None	None	0.17587	-0.00058	0	0	281.3494	MaxAcceleration	-43.96839	0.13803	46.77803	0.01883	0.03766	0.14036	1	4	0.00124	0.12276
930	0	8	4097b38e7bf2ad82edd9087f6d56ae8b	60.31714	0.02286	5.79929	inf	-0.01287	0.20717	0	None	None	0.17589	-0.00078	0	0	281.3877	MaxAcceleration	-44.05011	0.13803	46.86033	0.01747	0.03494	0.1307	1	4	0.00125	0.12281
931	0	8	4097b38e7bf2ad82edd9087f6d56ae8b	60.43353	0.02239	5.81954	inf	-0.01247	0.20662	0	None	None	0.1759	-0.00096	0	0	281.4197	MaxAcceleration	-44.13213	0.13803	46.94292	0.01621	0.03242	0.12167	1	4	0.00126	0.12286
932	0	8	4097b38e7bf2ad82edd9087f6d56ae8b	60.55032	0.02193	5.83968	inf	-0.01207	0.20583	0	None	None	0.17592	-0.00113	0	0	281.4455	MaxAcceleration	-44.21443	0.13803	47.02579	0.01503	0.03006	0.11322	1	4	0.00127	0.12291
933	0	8	4097b38e7bf2ad82edd9087f6d56ae8b	60.66752	0.02147	5.85971	inf	-0.01167	0.20482	0	None	None	0.17592	-0.00129	0	0	281.4651	MaxAcceleration	-44.29702	0.13803	47.10893	0.01394	0.02788	0.10534	1	4	0.00128	0.12295
934	0	8	4097b38e7bf2ad82edd9087f6d56ae8b	60.78511	0.02101	5.87964	inf	-0.01129	0.20362	0	None	None	0.17593	-0.00144	0	0	281.4787	MaxAcceleration	-44.37989	0.13803	47.19236	0.01292	0.02584	0.09797	1	4	0.0013	0.12299
935	0	8	4097b38e7bf2ad82edd9087f6d56ae8b	60.9031	0.02055	5.89946	inf	-0.01091	0.20221	0	None	None	0.17593	-0.00157	0	0	281.4862	MaxAcceleration	-44.46305	0.13803	47.27605	0.01197	0.02395	0.0911	1	4	0.00131	0.12303
936	0	8	4097b38e7bf2ad82edd9087f6d56ae8b	61.02148	0.02009	5.91917	inf	-0.01054	0.20062	0	None	None	0.17593	-0.0017	0	0	281.4832	MaxAcceleration	-44.5465	0.13803	47.36003	0.01109	0.02219	0.08468	1	4	0.00133	0.12307
937	0	8	4097b38e7bf2ad82edd9087f6d56ae8b	61.14026	0.01964	5.93878	inf	-0.01017	0.19886	0	None	None	0.1109	-0.00181	0	0	177.4464	MaxAcceleration	-44.63023	0.13803	47.44427	0.01028	0.02055	0.07869	1	4	0.00134	0.1231
938	0	8	4097b38e7bf2ad82edd9087f6d56ae8b	61.25942	0.01919	5.95827	inf	-0.00981	0.19695	0	None	None	0.11127	-0.00192	0	0	177.4464	MaxAcceleration	-44.71424	0.13803	47.52879	0.00952	0.01903	0.07311	1	4	0.00136	0.12313
939	0	8	4097b38e7bf2ad82edd9087f6d56ae8b	61.28859	0.09834	5.96084	inf	nan	nan	1	ExitPortalReached	None	0	-0.00192	0.198	0	0	MaxAcceleration	-44.79828	0.13803	47.61333	0.00934	0.01868	0.07177	1	4	0.00137	0.12103
